[{"songs": ["Fine China", "Leave Me Alone", "Mo Bamba", "Ned Flanders (feat. A$AP Ferg)", "Hard (feat. Tay-K and BlocBoy JB)"], "artists": ["Future", "Flipp Dinero", "Sheck Wes", "MADEINTYO", "No Jumper"], "centerDistance": 0.7149768, "angle": 1.1367660205107422, "color": [0, 0]}, {"songs": ["Overdue (with Travis Scott)", "wokeuplikethis*", "Legacy (feat. Travis Scott & 21 Savage)"], "artists": ["Metro Boomin", "Playboi Carti", "Offset"], "centerDistance": 0.5530956666666667, "angle": 2.299510794212048, "color": [1, 0]}, {"songs": ["Topanga", "Yacht Club (feat. Juice WRLD)"], "artists": ["Trippie Redd", "Lil Yachty"], "centerDistance": 0.77168, "angle": 3.545962295047002, "color": [2, 0]}, {"songs": ["Nuketown (feat. Juice WRLD)", "Calling My Spirit", "MoshPit (feat. Juice WRLD)", "Faucet Failure"], "artists": ["SKI MASK THE SLUMP GOD", "Kodak Black", "Kodak Black", "SKI MASK THE SLUMP GOD"], "centerDistance": 0.73325375, "angle": 4.818971127095714, "color": [3, 0]}, {"songs": ["Don't Come Out The House (with 21 Savage)", "out for the night - part 2", "Ric Flair Drip (& Metro Boomin)", "Ghostface Killers", "No Stylist", "Pick Up The Phone", "Hard Work Pays Off", "Armed And Dangerous", "Splashin", "Sin (feat. Jaden Smith)", "KIKA (feat. Tory Lanez)", "Life Goes On", "Long Time - Intro", "Saint", "Dubai Shit", "Yes Indeed", "Westbrook (with A$AP Ferg)", "Look Back At It", "4 AM", "Nephew (feat. Lil Pump)"], "artists": ["Metro Boomin", "21 Savage", "Offset", "21 Savage", "French Montana", "Young Thug", "Future", "Juice WRLD", "Rich The Kid", "Young Thug", "6ix9ine", "Lil Baby", "Playboi Carti", "Huncho Jack", "Huncho Jack", "Lil Baby", "Jid", "A Boogie Wit da Hoodie", "2 Chainz", "smokepurpp"], "centerDistance": 0.6573230499999999, "angle": 6.176603160468561, "color": [4, 0]}]