[{"songs": ["Yacht Club (feat. Juice WRLD)"], "artists": ["Lil Yachty"], "centerDistance": 0.865573, "angle": 4.739515017149694, "color": [0, 0]}, {"songs": ["Baby Birkin", "Derek Fisher (feat. Lil Baby)", "Unicorn Purp (feat. Young Thug & Gunna)", "F&N", "can't leave without it", "asmr", "Ready (feat. Gunna)", "Rolling Loud", "Nameless", "NCAA", "Statute Of Limitations", "Section 8 (feat. Young Thug)", "Identity Theft", "No Time (feat. Gunna)", "Bad Girls (feat. Gucci Mane)", "Slime Belief", "Chanel (Go Get It) [feat. Gunna & Lil Baby]", "Half & Half", "With That (feat. Duke)", "Ethereal Dreams"], "artists": ["Gunna", "Gunna", "Future", "Future", "21 Savage", "21 Savage", "Lil Baby", "YNW Melly", "Lil Keed", "2 Chainz", "2 Chainz", "Lil Baby", "Kodak Black", "Playboi Carti", "lil skies", "YoungBoy Never Broke Again", "Young Thug", "Playboi Carti", "Young Thug", "UnoTheActivist"], "centerDistance": 0.66716555, "angle": 6.256059270414582, "color": [1, 0]}, {"songs": ["Space Cadet (feat. Gunna)"], "artists": ["Metro Boomin"], "centerDistance": 0.80891, "angle": 1.0763882632168684, "color": [2, 0]}, {"songs": ["Legacy (feat. Travis Scott & 21 Savage)", "Murder On My Mind", "Calling My Spirit"], "artists": ["Offset", "YNW Melly", "Kodak Black"], "centerDistance": 0.6957506666666667, "angle": 2.179902563198741, "color": [3, 0]}, {"songs": ["i"], "artists": ["lil skies"], "centerDistance": 0.840388, "angle": 3.6360007171678213, "color": [4, 0]}]