[{"songs": ["Talk", "i'm so tired...", "Hurts Like Hell (feat. Offset)", "Without Me", "BIG PLANS", "What A Time (feat. Niall Horan)", "Conversations with my Wife", "Be Alright", "Thank U, Next", "Break Up with Your Girlfriend, I'm Bored", "Give Yourself A Try", "Beautiful (feat. Camila Cabello)", "Bad At Love", "Boy in the Bubble", "Blu", "Sue Me", "EX", "Dusk Till Dawn", "2002", "BOOM"], "artists": ["Khalid", "Lauv", "Madison Beer", "Halsey", "why don't we", "Julia Michaels", "Jon Bellion", "Dean Lewis", "Ariana Grande", "Ariana Grande", "The 1975", "bazzi", "Halsey", "Alec Benjamin", "Jon Bellion", "Sabrina Carpenter", "Kiana Led\u00e9", "Zayn", "Anne-Marie", "X Ambassadors"], "centerDistance": 0.4467213, "angle": 4.857240829836806, "color": [0, 0]}, {"songs": ["Chasing Parties", "Faking It"], "artists": ["Sasha Sloan", "Sasha Sloan"], "centerDistance": 0.633766, "angle": 6.13833345772747, "color": [1, 0]}, {"songs": ["Better", "Talia"], "artists": ["Khalid", "King Princess"], "centerDistance": 0.3434395, "angle": 1.0859959112040851, "color": [2, 0]}, {"songs": ["Anxiety (feat. Selena Gomez)", "I Can't Get Enough"], "artists": ["Julia Michaels", "benny blanco, Tainy, Selena Gomez & J Balvin"], "centerDistance": 0.6069525, "angle": 2.316843671860287, "color": [3, 0]}, {"songs": ["More Than That", "Expectations"], "artists": ["Lauren Jauregui", "Lauren Jauregui"], "centerDistance": 0.744076, "angle": 3.547691432516487, "color": [4, 0]}]