[{"songs": ["Drive By"], "artists": ["Train"], "centerDistance": 0.009330999999999978, "angle": 4.772934545517818, "color": [0, 0]}, {"songs": ["Mermaid", "Love Somebody", "It's Time", "Unwell", "She's So Mean", "Animals", "How to Save a Life", "Everybody Talks", "Love Don't Die", "Some Nights", "You and Me", "Wherever You Will Go", "All Star", "Bonfire Heart", "Hanging by a Moment", "Absolutely (Story Of A Girl)", "100 Years", "What Are You Waiting For?", "Everything You Want", "Give the Love Around"], "artists": ["Train", "Maroon 5", "Imagine Dragons", "Matchbox Twenty", "Matchbox Twenty", "Maroon 5", "The Fray", "Neon Trees", "The Fray", "fun.", "Lifehouse", "The Calling", "Smash Mouth", "James Blunt", "Lifehouse", "Nine Days", "Five for Fighting", "Nickelback", "Vertical Horizon", "The Script"], "centerDistance": 0.78222225, "angle": 6.222639742046458, "color": [1, 0]}, {"songs": ["Breakeven", "Demons", "Gives You Hell", "Dirty Little Secret", "The Reason", "Mr. Jones"], "artists": ["The Script", "Imagine Dragons", "The All-American Rejects", "The All-American Rejects", "Hoobastank", "Counting Crows"], "centerDistance": 0.8167241666666668, "angle": 1.0860072038289577, "color": [2, 0]}, {"songs": ["Good Life", "Secrets", "Chasing Cars"], "artists": ["OneRepublic", "OneRepublic", "Snow Patrol"], "centerDistance": 0.8003946666666666, "angle": 2.198307788584094, "color": [3, 0]}, {"songs": ["Kryptonite", "Love Drunk", "Here Without You"], "artists": ["3 Doors Down", "Boys Like Girls", "3 Doors Down"], "centerDistance": 0.864315, "angle": 3.3067842839288417, "color": [4, 0]}]