[{"songs": ["Blow It Up", "Under Your Thumb", "Rearrange", "Luv, Hold Me Down", "Always Where I Need to Be", "Goodbye Kiss", "Best Of Friends", "Next Year", "Shake Me Down", "I Can Talk", "I Would Do Anything for You", "Chelsea Dagger", "Take It or Leave It", "Money", "The Suburbs", "Keep the Car Running", "Days", "Black Gold", "This Modern Love", "Sorrow"], "artists": ["The Vaccines", "The Vaccines", "Miles Kane", "Drowners", "The Kooks", "Kasabian", "Palma Violets", "Two Door Cinema Club", "Cage the Elephant", "Two Door Cinema Club", "Foster the People", "The Fratellis", "Cage the Elephant", "The Drums", "Arcade Fire", "Arcade Fire", "The Drums", "Foals", "Bloc Party", "The National"], "centerDistance": 0.7985377299999998, "angle": 4.859168608868422, "color": [0, 0]}, {"songs": ["Cornerstone", "Crying Lightning", "Can't Stand Me Now", "Calm Like You", "Standing Next to Me", "Time for Heroes", "Mr. Brightside", "Empire", "Always Like This", "Ulysses", "Take Me Out", "Banquet", "Come Closer"], "artists": ["Arctic Monkeys", "Arctic Monkeys", "The Libertines", "The Last Shadow Puppets", "The Last Shadow Puppets", "The Libertines", "The Killers", "Kasabian", "Bombay Bicycle Club", "Franz Ferdinand", "Franz Ferdinand", "Bloc Party", "Miles Kane"], "centerDistance": 0.8757191076923078, "angle": 6.136405678695855, "color": [1, 0]}, {"songs": ["Let's Dance to Joy Division", "Moving To New York"], "artists": ["The Wombats", "The Wombats"], "centerDistance": 0.887486, "angle": 1.1291929279420492, "color": [2, 0]}, {"songs": ["Someday", "Reptilia", "Cousins", "Evil", "NARC", "A Dustland Fairytale"], "artists": ["The Strokes", "The Strokes", "Vampire Weekend", "Interpol", "Interpol", "The Killers"], "centerDistance": 0.8716511666666666, "angle": 2.3725181549175076, "color": [3, 0]}, {"songs": ["Diane Young", "Whistle for the Choir", "She Moves in Her Own Way", "Shuffle", "My Number", "Don't Stop (Color on the Walls)", "Death", "Crystalised"], "artists": ["Vampire Weekend", "The Fratellis", "The Kooks", "Bombay Bicycle Club", "Foals", "Foster the People", "White Lies", "The xx"], "centerDistance": 0.884924775, "angle": 3.615843381892965, "color": [4, 0]}]