[{"songs": ["One Mo' Gen", "Thank U, Next", "Imagine", "KELLY", "Always Remember Us This Way", "Look What I Found", "Velvet Rope", "Unless It's With You", "Dose", "Long As I Live", "The Cure", "I Like That", "Head Above Water", "Notice", "Made for Now", "Love on Top", "Want To", "Screwed (feat. Zo\u00eb Kravitz)", "No Drama (feat. Offset)", "Say My Name"], "artists": ["Mariah Carey", "Ariana Grande", "Ariana Grande", "Kelly Rowland", "Lady Gaga", "Lady Gaga", "Rita Ora", "Christina Aguilera", "Ciara", "Toni Braxton", "Little Mix", "Janelle Mon\u00e1e", "Avril Lavigne", "Little Mix", "Janet Jackson", "Beyonc\u00e9", "Dua Lipa", "Janelle Mon\u00e1e", "Tinashe", "Destiny's Child"], "centerDistance": 0.8066967, "angle": 2.2245231874488653, "color": [0, 0]}, {"songs": ["Nights Like This (feat. Ty Dolla $ign)", "Throw a Fit", "Greatest Love"], "artists": ["Kehlani", "Tinashe", "Ciara"], "centerDistance": 0.898288, "angle": 3.369660816492818, "color": [1, 0]}, {"songs": ["Caution"], "artists": ["Mariah Carey"], "centerDistance": 0.0, "angle": 4.778141051023729, "color": [2, 0]}, {"songs": ["Like I Do (feat. GoldLink)", "Stay Flo"], "artists": ["Christina Aguilera", "Solange"], "centerDistance": 0.8885771499999999, "angle": 6.217433236540547, "color": [3, 0]}, {"songs": ["Sorry", "Needed Me"], "artists": ["Beyonc\u00e9", "Rihanna"], "centerDistance": 0.890343, "angle": 1.0793855584049137, "color": [4, 0]}]