[{"songs": ["sauce", "Don't Watch Me Cry"], "artists": ["Dawn Richard", "Jorja Smith"], "centerDistance": 0.25697000000000003, "angle": 2.508031298263596, "color": [0, 0]}, {"songs": ["Fire On Fire"], "artists": ["Sam Smith"], "centerDistance": 0.32535000000000003, "angle": 3.6757193140693296, "color": [1, 0]}, {"songs": ["Stay Flo"], "artists": ["Solange"], "centerDistance": 0.02834099999999995, "angle": 4.843407329875063, "color": [2, 0]}, {"songs": ["Time (Is)", "Champagne Kisses", "Thinking About You", "we, diamonds", "Butterfly", "Dancing With a Stranger", "Don't Miss It", "Only Want You (feat. 6LACK)", "My Love Goes On (feat. Joss Stone)", "Love Language", "The One", "I'M DOWN", "FOOLISH", "Work", "One Mo' Gen", "Another Lifetime", "Orbit", "8th Grade", "My Kind of Love", "BIRDSONG"], "artists": ["Solange", "Jessie Ware", "Jessie Ware", "Dawn Richard", "Kehlani", "Sam Smith", "James Blake", "Rita Ora", "James Morrison", "Kehlani", "Jorja Smith", "Meghan Trainor", "Meghan Trainor", "Charlotte Day Wilson", "Mariah Carey", "Nao", "Nao", "Mariah Carey", "Emeli Sand\u00e9", "Rosie Lowe"], "centerDistance": 0.3433696, "angle": 6.152166957689213, "color": [3, 0]}, {"songs": ["Crown", "Back to Black", "Understand"], "artists": ["Kelly Rowland", "Amy Winehouse", "Christina Aguilera"], "centerDistance": 0.474531, "angle": 1.03666966631536, "color": [4, 0]}]