[{"songs": ["In One Ear", "Back Against the Wall", "Are You Gonna Be My Girl", "Float On", "Snap Out of It", "Believe", "Hang Me Up to Dry", "Dashboard", "Tongue Tied", "Flathead", "Loser", "Ruby", "My Body", "The Distance", "Cough Syrup", "Hate To Say I Told You So", "Bohemian Like You", "A-Punk", "Banquet", "I Would Do Anything for You"], "artists": ["Cage the Elephant", "Cage the Elephant", "Jet", "Modest Mouse", "Arctic Monkeys", "The Bravery", "Cold War Kids", "Modest Mouse", "Grouplove", "The Fratellis", "Beck", "Kaiser Chiefs", "Young the Giant", "Cake", "Young the Giant", "The Hives", "The Dandy Warhols", "Vampire Weekend", "Bloc Party", "Foster the People"], "centerDistance": 0.7215024000000001, "angle": 3.4803406493225757, "color": [0, 0]}, {"songs": ["Seven Nation Army", "Steady, as She Goes", "Someday", "Last Nite", "Here It Goes Again", "Fell in Love With a Girl", "No You Girls", "Use Somebody", "Say It Ain't So"], "artists": ["The White Stripes", "The Raconteurs", "The Strokes", "The Strokes", "OK Go", "The White Stripes", "Franz Ferdinand", "Kings of Leon", "Weezer"], "centerDistance": 0.762686, "angle": 4.816105427850186, "color": [1, 0]}, {"songs": ["Take Me Out", "Chelsea Dagger", "Mr. Brightside", "Fluorescent Adolescent", "When You Were Young", "Where Is My Mind?", "Island in the Sun", "Sex on Fire", "Club Foot", "Underdog", "Ooh La"], "artists": ["Franz Ferdinand", "The Fratellis", "The Killers", "Arctic Monkeys", "The Killers", "Pixies", "Weezer", "Kings of Leon", "Kasabian", "Kasabian", "The Kooks"], "centerDistance": 0.7666986363636364, "angle": 6.17946885971409, "color": [2, 0]}, {"songs": ["Don't Stop (Color on the Walls)", "She Moves in Her Own Way", "Diane Young", "Ready to Start", "Let's Dance to Joy Division"], "artists": ["Foster the People", "The Kooks", "Vampire Weekend", "Arcade Fire", "The Wombats"], "centerDistance": 0.8211407999999999, "angle": 1.0797815832132898, "color": [3, 0]}, {"songs": ["Radioactive", "Demons"], "artists": ["Imagine Dragons", "Imagine Dragons"], "centerDistance": 0.7787565, "angle": 2.2632796138920757, "color": [4, 0]}]