[{"songs": ["FRIENDS"], "artists": ["Marshmello"], "centerDistance": 0.600265, "angle": 4.66012637893052, "color": [0, 0]}, {"songs": ["Just Hold On", "One Kiss (with Dua Lipa)", "Paris", "No Promises (feat. Demi Lovato)", "Only You (with Little Mix)", "Rockabye (feat. Sean Paul & Anne-Marie)", "Say My Name", "The Middle", "Blame It On Love (feat. Madison Beer)", "I Want You to Know", "Hoovela", "Outside", "Play", "Keep Talking (feat. Julia Michaels)", "Hey Brother", "Pray (feat. Conor Maynard)", "Radioactive", "Sexy and I Know It", "Quit You", "Bludfire"], "artists": ["Steve Aoki", "Calvin Harris", "The Chainsmokers", "Cheat Codes", "Cheat Codes", "Clean Bandit", "David Guetta", "Zedd", "David Guetta", "Zedd", "Steve Aoki", "Calvin Harris", "Jax Jones", "Rita Ora", "Avicii", "Alok", "Rita Ora", "LMFAO", "Lost Kings", "Eva Simons"], "centerDistance": 0.6387875499999999, "angle": 0.052262601454168944, "color": [1, 0]}, {"songs": ["Bones (feat. OneRepublic)"], "artists": ["Galantis"], "centerDistance": 0.764229, "angle": 1.4582101604631026, "color": [2, 0]}, {"songs": ["Hope"], "artists": ["The Chainsmokers"], "centerDistance": 0.585485, "angle": 2.0701769544729203, "color": [2, 1]}, {"songs": ["Mama (feat. Ellie Goulding)"], "artists": ["Clean Bandit"], "centerDistance": 0.665467, "angle": 3.254178819921586, "color": [3, 0]}]