[{"songs": ["Space Cadet (feat. Gunna)", "10 Freaky Girls (with 21 Savage)", "KIKA (feat. Tory Lanez)", "151 Rum", "KOD"], "artists": ["Metro Boomin", "Metro Boomin", "6ix9ine", "Jid", "J. Cole"], "centerDistance": 0.7255335999999999, "angle": 2.518751607572952, "color": [0, 0]}, {"songs": ["can't leave without it", "asmr", "Swervin (feat. 6ix9ine)", "MIDDLE CHILD", "Look Back At It", "Splashin", "Pay You Back (feat. 21 Savage)", "Leave Me Alone", "Money in the Way", "Unbothered", "Mo Bamba", "Statute Of Limitations", "TIC TOC (feat. Lil Baby)", "Speed It Up", "Skrawberries (feat. BJ The Chicago Kid)", "Lean Wit Me", "Tic Tac Toe (feat. Kodak Black)", "Just Like It (feat. 21 Savage)", "Cold Shoulder (feat. YoungBoy Never Broke Again)", "No Stylist"], "artists": ["21 Savage", "21 Savage", "A Boogie Wit da Hoodie", "J. Cole", "A Boogie Wit da Hoodie", "Rich The Kid", "Meek Mill", "Flipp Dinero", "2 Chainz", "SKI MASK THE SLUMP GOD", "Sheck Wes", "2 Chainz", "6ix9ine", "Gunna", "Jid", "Juice WRLD", "Meek Mill", "Gucci Mane", "Gucci Mane", "French Montana"], "centerDistance": 0.67405225, "angle": 3.6643343224748346, "color": [1, 0]}, {"songs": ["Legacy (feat. Travis Scott & 21 Savage)", "One Call", "Sin (feat. Jaden Smith)", "i"], "artists": ["Offset", "Gunna", "Young Thug", "lil skies"], "centerDistance": 0.7501195, "angle": 4.820641890235518, "color": [2, 0]}, {"songs": ["Calling My Spirit", "MoshPit (feat. Juice WRLD)"], "artists": ["Kodak Black", "Kodak Black"], "centerDistance": 0.66357, "angle": 6.174932397328757, "color": [3, 0]}, {"songs": ["Crushed Up", "Jumpin on a Jet"], "artists": ["Future", "Future"], "centerDistance": 0.6010044999999999, "angle": 1.1692571333978572, "color": [4, 0]}]