[{"songs": ["Time (Is)", "Needy", "Only Child", "Make Up", "Footsteps (feat. Musiq Soulchild)", "CLONES", "nights", "Tia Tamera (feat. Rico Nasty)", "Cuz I Love You", "The Weekend", "Supermodel", "Charcoal Baby", "Saint", "Self", "Gonna Love Me", "Frontline", "Your Teeth in My Neck", "Adore You", "Blaxploitation", "Handmade Heaven"], "artists": ["Solange", "Ariana Grande", "Tierra Whack", "Ariana Grande", "Kehlani", "Tierra Whack", "Frank Ocean", "Doja Cat", "Lizzo", "SZA", "SZA", "Blood Orange", "Blood Orange", "NoName", "Teyana Taylor", "Kelela", "Kali Uchis", "Jessie Ware", "NoName", "Marina"], "centerDistance": 0.8558047600000002, "angle": 1.1090295674104667, "color": [0, 0]}, {"songs": ["sauce", "dreams and converse"], "artists": ["Dawn Richard", "Dawn Richard"], "centerDistance": 0.9161486, "angle": 2.3404075924356116, "color": [1, 0]}, {"songs": ["Make Me Feel", "Girls Need Love"], "artists": ["Janelle Mon\u00e1e", "Summer Walker"], "centerDistance": 0.9255793, "angle": 3.603359412974222, "color": [2, 0]}, {"songs": ["My Skin My Logo", "Feels", "Pink + White"], "artists": ["Solange", "Kehlani", "Frank Ocean"], "centerDistance": 0.59441, "angle": 4.866311233512833, "color": [3, 0]}, {"songs": ["Juice"], "artists": ["Lizzo"], "centerDistance": 0.897186, "angle": 6.129263054051443, "color": [4, 0]}]