[{"songs": ["Bandana (feat. Assassin)", "Whip (feat. Travis Scott)", "Flat Tummy Tea", "How Did I Get Here (feat. J. Cole)", "Have Mercy", "VENGEANCE l VENGEANCE (feat. JPEGMAFIA & ZillaKami)", "SWITCH IT UP l ZWITCH 1T UP", "Wild Wild West (feat. Gunna)", "Out My Way", "Kno Ya Wrong (feat. Lance Skiiiwalker)", "Jukebox Joints (feat. Joe Fox x Kanye West)", "Trigger Happy", "MIDDLE CHILD", "She's the One", "THat Part (feat. Kanye West)", "Puff Daddy", "Westbrook", "One Punch Man (feat. Ski Mask The Slump God & Denzel Curry)", "1Train (feat. Kendrick Lamar, Joey Bada$$, Yelawolf, Danny Brown, Action Bronson & Big K.R.I.T.)", "Raf (feat. A$AP Rocky, Playboi Carti, Quavo, Lil Uzi Vert & Frank Ocean)"], "artists": ["Freddie Gibbs & Madlib", "2 Chainz", "Freddie Gibbs & Madlib", "Offset", "YBN Cordae", "Denzel Curry", "Denzel Curry", "Offset", "Juice WRLD", "ScHoolboy Q", "A$AP Rocky", "IDK", "J. Cole", "Juice WRLD", "ScHoolboy Q", "JPEGMAFIA & Kenny Beats", "Jid & A$AP Ferg", "Higher Brothers", "A$AP Rocky", "A$AP Mob"], "centerDistance": 0.3874261, "angle": 4.8148994196937, "color": [0, 0]}, {"songs": ["Proud of U (feat. Young Thug)"], "artists": ["EarthGang"], "centerDistance": 0.291106, "angle": 6.180674867870576, "color": [1, 0]}, {"songs": ["Off Deez"], "artists": ["JID & J. Cole"], "centerDistance": 0.318121, "angle": 1.069718181811556, "color": [2, 0]}, {"songs": ["Momma I Hit a Lick (feat. Kendrick Lamar)"], "artists": ["2 Chainz"], "centerDistance": 0.22647399999999995, "angle": 2.241946802932123, "color": [3, 0]}, {"songs": ["Soho (feat. JID)"], "artists": ["Boogie"], "centerDistance": 0.23524999999999996, "angle": 3.41417542405269, "color": [4, 0]}]