[{"songs": ["Queendom", "It Happened Quiet", "Handmade Heaven", "Wish You Were Gay", "I'm a Ruin", "Never Let Me Go", "Love", "Black Beauty", "Last Piece", "Valentino", "Million Dollar Bills", "Carousel", "Team", "Better Than That", "Money", "Weeds", "Birds", "Waste", "I Always Wanna Die (Sometimes)", "Call It What You Want"], "artists": ["Aurora", "Aurora", "Marina", "Billie Eilish", "Marina", "Florence + the Machine", "Lana Del Rey", "Lana Del Rey", "Lykke Li", "Years & Years", "Lorde", "Melanie Martinez", "Lorde", "Marina & the Diamonds", "Poppy", "Marina & the Diamonds", "Imagine Dragons", "Foster the People", "The 1975", "Foster the People"], "centerDistance": 0.6942687999999999, "angle": 1.1521799910493433, "color": [0, 0]}, {"songs": ["Haunted House", "Sincerity Is Scary", "Way Down", "Compass"], "artists": ["Florence + the Machine", "The 1975", "M\u00d8", "The Neighbourhood"], "centerDistance": 0.7661260000000001, "angle": 2.387099991789407, "color": [1, 0]}, {"songs": ["Birdie", "I Fell In Love With the Devil"], "artists": ["Avril Lavigne", "Avril Lavigne"], "centerDistance": 0.6504085000000001, "angle": 3.5907507115753674, "color": [2, 0]}, {"songs": ["bury a friend", "better alone", "What a Heavenly Way to Die", "Play Date", "Crush"], "artists": ["Billie Eilish", "Lykke Li", "Troye Sivan", "Melanie Martinez", "Tessa Violet"], "centerDistance": 0.7669048, "angle": 4.794401431361328, "color": [3, 0]}, {"songs": ["Thunder", "Leave the City"], "artists": ["Imagine Dragons", "Twenty One Pilots"], "centerDistance": 0.8438955, "angle": 6.201172856202947, "color": [4, 0]}]