[{"songs": ["Oceans", "True Love", "The Troubles", "It's Time", "Hear Me", "Chasing Cars", "Snap Out of It", "Hunger of the Pine", "Intro", "Madness", "High and Dry", "Feel Again", "(Mortis)", "I Wanna Be Yours", "Black Beauty", "Intro", "Centuries", "Believe", "Youth", "Run"], "artists": ["Coldplay", "Coldplay", "U2", "Imagine Dragons", "Imagine Dragons", "Snow Patrol", "Arctic Monkeys", "alt-J", "alt-J", "Muse", "Radiohead", "OneRepublic", "Kasabian", "Arctic Monkeys", "Lana Del Rey", "The xx", "Fall Out Boy", "Mumford & Sons", "Daughter", "Snow Patrol"], "centerDistance": 0.8395377749999999, "angle": 1.0995574287564276, "color": [0, 0]}, {"songs": ["Fake Plastic Trees", "Starlight", "Mr. Brightside", "Closer"], "artists": ["Radiohead", "Muse", "The Killers", "Kings of Leon"], "centerDistance": 0.9434632000000001, "angle": 2.356194490192345, "color": [1, 0]}, {"songs": ["Female Robbery"], "artists": ["The Neighbourhood"], "centerDistance": 0.9381541, "angle": 3.612831551628262, "color": [2, 0]}, {"songs": ["Crystalised"], "artists": ["The xx"], "centerDistance": 0.9374212, "angle": 4.869468613064179, "color": [3, 0]}, {"songs": ["Bad Blood"], "artists": ["Bastille"], "centerDistance": 0.9159249, "angle": 6.126105674500097, "color": [4, 0]}]