[{"songs": ["Perfect", "Something's Gotta Give", "All Too Well", "hate u love u", "Consequences", "Secret Love Song", "The Moment I Knew", "Grace", "100 Letters", "Why", "Leave Me Lonely (feat. Macy Gray)", "The One That Got Away - Acoustic", "Shining Star", "Pablow The Blowfish", "Sleepover", "Nobody Like You", "Sozinha", "Jar of Hearts", "Life Is Worth Living", "puRPOse"], "artists": ["Selena Gomez", "Camila Cabello", "Taylor Swift", "olivia o'brien", "Camila Cabello", "Little Mix", "Taylor Swift", "Bebe Rexha", "Halsey", "Sabrina Carpenter", "Ariana Grande", "Katy Perry", "Bebe Rexha", "Miley Cyrus", "Hayley Kiyoko", "Little Mix", "Manu Gavassi", "Christina Perri", "Justin Bieber", "Justin Bieber"], "centerDistance": 0.49128685, "angle": 3.5385275932979847, "color": [0, 0]}, {"songs": ["I'll Never Love Again - Extended Version", "Stone Cold", "Sober", "Seventeen", "Back To You - From 13 Reasons Why \u2013 Season 2 Soundtrack"], "artists": ["Lady Gaga", "Demi Lovato", "Demi Lovato", "Troye Sivan", "Selena Gomez"], "centerDistance": 0.34614626, "angle": 4.791667354830765, "color": [1, 0]}, {"songs": ["Older", "The Only"], "artists": ["Sasha Sloan", "Sasha Sloan"], "centerDistance": 0.4562715, "angle": 6.20390693273351, "color": [2, 0]}, {"songs": ["when the party's over", "I Can\u2019t Get Enough (benny blanco, Selena Gomez, J Balvin, Tainy)", "Swan Song (From The Motion Picture \"Alita: Battle Angel\")"], "artists": ["Billie Eilish", "Benny Blanco", "Dua Lipa"], "centerDistance": 0.6500068666666666, "angle": 1.1183981963436702, "color": [3, 0]}, {"songs": ["Terremoto", "bury a friend", "Sue Me"], "artists": ["Anitta", "Billie Eilish", "Sabrina Carpenter"], "centerDistance": 0.9429360666666667, "angle": 2.3160747671334168, "color": [4, 0]}]