[{"songs": ["Seven Nation Army", "Fell in Love With a Girl", "Banquet", "Helicopter", "Salute Your Solution", "My Favourite Game"], "artists": ["The White Stripes", "The White Stripes", "Bloc Party", "Bloc Party", "The Raconteurs", "The Cardigans"], "centerDistance": 0.6431103333333333, "angle": 2.584725080315884, "color": [0, 0]}, {"songs": ["Cold Hard Bitch", "Get What You Need", "Bohemian Like You", "Jerk It Out", "The Middle", "I Bet You Look Good on the Dancefloor", "Dani California", "Can't Stop", "Get Free", "Let's Dance to Joy Division", "Flathead", "Ride", "Joker and the Thief", "Like a Stone", "Maybe Tomorrow", "Be Yourself", "How to Save a Life"], "artists": ["Jet", "Jet", "The Dandy Warhols", "Caesars", "Jimmy Eat World", "Arctic Monkeys", "Red Hot Chili Peppers", "Red Hot Chili Peppers", "The Vines", "The Wombats", "The Fratellis", "The Vines", "Wolfmother", "Audioslave", "Stereophonics", "Audioslave", "The Fray"], "centerDistance": 0.6111281764705881, "angle": 3.6807584060444345, "color": [1, 0]}, {"songs": ["Take Me Out", "Chelsea Dagger", "Steady, as She Goes", "Mr. Brightside", "Somebody Told Me", "Fluorescent Adolescent", "Ruby", "Do You Want To", "Fire", "Drive"], "artists": ["Franz Ferdinand", "The Fratellis", "The Raconteurs", "The Killers", "The Killers", "Arctic Monkeys", "Kaiser Chiefs", "Franz Ferdinand", "Kasabian", "Incubus"], "centerDistance": 0.5736855999999999, "angle": 4.782926013766481, "color": [2, 0]}, {"songs": ["Last Nite", "Island in the Sun", "Reptilia", "Use Somebody", "Here It Goes Again", "The Pretender", "All My Life", "Say It Ain't So", "Chasing Cars"], "artists": ["The Strokes", "Weezer", "The Strokes", "Kings of Leon", "OK Go", "Foo Fighters", "Foo Fighters", "Weezer", "Snow Patrol"], "centerDistance": 0.6200178888888889, "angle": 6.212648273797795, "color": [3, 0]}, {"songs": ["Ain't No Rest for the Wicked", "Sex on Fire", "Hate To Say I Told You So", "Come a Little Closer", "Rock & Roll Queen", "Tick Tick Boom", "Club Foot", "I Predict a Riot"], "artists": ["Cage the Elephant", "Kings of Leon", "The Hives", "Cage the Elephant", "The Subways", "The Hives", "Kasabian", "Kaiser Chiefs"], "centerDistance": 0.631724625, "angle": 1.3047578817716534, "color": [4, 0]}]