[{"songs": ["Girls", "Just Desserts", "Gods & Monsters", "You (Ha Ha Ha)", "Never Let Me Go", "Buzzcut Season", "Only If for a Night", "Boys Don't Cry", "No Rest for the Wicked", "I Follow Rivers", "Never Wanna Know", "If I Could Change Your Mind", "One More (feat. M\u00d8)", "Echo", "Outta Time", "Don't Save Me", "Crave", "Beauty Queen", "22", "The Silence"], "artists": ["Marina & the Diamonds", "Marina And The Diamonds & Charli XCX", "Lana Del Rey", "Charli XCX", "Florence + the Machine", "Lorde", "Florence + the Machine", "Natalia Kills", "Lykke Li", "Lykke Li", "M\u00d8", "HAIM", "Elliphant", "Foxes", "Natalia Kills", "HAIM", "Tove Lo", "Foxes", "Lily Allen", "Bastille"], "centerDistance": 0.8391501100000001, "angle": 2.356194490192345, "color": [0, 0]}, {"songs": ["National Anthem"], "artists": ["Lana Del Rey"], "centerDistance": 0.823997, "angle": 3.4502626507667227, "color": [1, 0]}, {"songs": ["Shampain"], "artists": ["Marina & the Diamonds"], "centerDistance": 0.0, "angle": 4.5443308113411005, "color": [2, 0]}, {"songs": ["Team"], "artists": ["Lorde"], "centerDistance": 0.866229, "angle": 0.16805816904358917, "color": [3, 0]}, {"songs": ["Ain\u2019t Your Right"], "artists": ["Sky Ferreira"], "centerDistance": 0.897258, "angle": 1.262126329617967, "color": [4, 0]}]