[{"songs": ["KOD", "Nonstop", "God's Plan", "Wanted You (feat. Lil Uzi Vert)", "Murder On My Mind"], "artists": ["J. Cole", "Drake", "Drake", "NAV", "YNW Melly"], "centerDistance": 0.7601186, "angle": 2.368035687145718, "color": [0, 0]}, {"songs": ["Wasted Times", "Try Me"], "artists": ["The Weeknd", "The Weeknd"], "centerDistance": 0.791139, "angle": 3.5856724581197845, "color": [1, 0]}, {"songs": ["KIKA (feat. Tory Lanez)", "Nowadays (feat. Landon Cube)"], "artists": ["6ix9ine", "lil skies"], "centerDistance": 0.7443715, "angle": 4.80330922909385, "color": [2, 0]}, {"songs": ["Switch", "Fine China", "Icon"], "artists": ["6LACK", "Future", "Jaden Smith"], "centerDistance": 0.7476546666666666, "angle": 6.192265058470426, "color": [3, 0]}, {"songs": ["Shooters", "Keep In Touch (Feat. Bryson Tiller)", "Self-Made", "Clout (feat. 21 Savage)", "Run Me Dry", "Hopeless Romantic (feat. Swae Lee)", "Life Goes On", "Plug Walk", "Sold Out Dates (feat. Lil Baby)", "Break from Toronto", "Bounce Out With That", "TIC TOC (feat. Lil Baby)", "Champion (feat. Travis Scott)", "Yes Indeed", "31 DAYS", "Spoil My Night (feat. Swae Lee)", "Taste (feat. Offset)", "Splashin", "Fr Fr (feat. Lil Skies)", "Millidelphia (feat. Swizz Beatz)"], "artists": ["Tory Lanez", "Tory Lanez", "Bryson Tiller", "Ty Dolla $ign", "Bryson Tiller", "Wiz Khalifa", "Lil Baby", "Rich The Kid", "Gunna", "PARTYNEXTDOOR", "YBN Nahmir", "6ix9ine", "NAV", "Lil Baby", "Future", "Post Malone", "Tyga", "Rich The Kid", "Wiz Khalifa", "Meek Mill"], "centerDistance": 0.6364049500000001, "angle": 1.137660560386636, "color": [4, 0]}]