[{"songs": ["Woman Like Me (feat. Nicki Minaj)", "IDGAF", "There's Nothing Holdin' Me Back", "Sweet but Psycho", "The Cure", "Ciao Adios"], "artists": ["Little Mix", "Dua Lipa", "Shawn Mendes", "Ava Max", "Lady Gaga", "Anne-Marie"], "centerDistance": 0.8118215000000001, "angle": 4.829337311770158, "color": [0, 0]}, {"songs": ["Bad Liar", "Girls (feat. Cardi B, Bebe Rexha & Charli XCX)", "Wolves", "Friends", "2002", "Say You Won't Let Go", "Too Good at Goodbyes", "Find You", "Sucker"], "artists": ["Selena Gomez", "Rita Ora", "Selena Gomez & Marshmello", "Marshmello & Anne-Marie", "Anne-Marie", "James Arthur", "Sam Smith", "Nick Jonas", "Jonas Brothers"], "centerDistance": 0.8178678888888888, "angle": 6.166236975794118, "color": [1, 0]}, {"songs": ["Over Again", "Night Changes", "I Got You", "Home With You", "Let Me", "cRYINg In THE clUB", "Shout Out To My Ex", "New Rules", "No Tears Left To Cry", "Strip That Down", "She Loves Control", "In My Blood", "Thank U, Next", "Tell Me You Love Me", "Girls Like You (feat. Cardi B)", "Attention", "Symphony (feat. Zara Larsson)", "That's My Girl", "Bad At Love", "Roulette"], "artists": ["One Direction", "One Direction", "Bebe Rexha", "Liam Payne", "Zayn", "Camila Cabello", "Little Mix", "Dua Lipa", "Ariana Grande", "Liam Payne", "Camila Cabello", "Shawn Mendes", "Ariana Grande", "Demi Lovato", "Maroon 5", "Charlie Puth", "Clean Bandit", "Fifth Harmony", "Halsey", "Katy Perry"], "centerDistance": 0.7672251500000001, "angle": 0.9723397495205379, "color": [2, 0]}, {"songs": ["Dusk Till Dawn - Radio Edit", "Sorry Not Sorry", "My My My!"], "artists": ["Zayn", "Demi Lovato", "Troye Sivan"], "centerDistance": 0.758184, "angle": 2.041090858736549, "color": [3, 0]}, {"songs": ["Just Like You"], "artists": ["Louis Tomlinson"], "centerDistance": 0.0, "angle": 3.219655398233243, "color": [4, 0]}]