[{"songs": ["Accordion", "Meat Grinder"], "artists": ["Madvillain", "Madvillain"], "centerDistance": 0.854833, "angle": 3.4813209234514813, "color": [0, 0]}, {"songs": ["Man of the Year"], "artists": ["ScHoolboy Q"], "centerDistance": 0.7522340000000001, "angle": 4.606447356710618, "color": [1, 0]}, {"songs": ["3005"], "artists": ["Childish Gambino"], "centerDistance": 0.841946, "angle": 0.105941623674072, "color": [2, 0]}, {"songs": ["The Art of Peer Pressure", "Bitch, Don\u2019t Kill My Vibe", "Black Skinhead", "Blood on the Leaves", "6 God", "Energy", "Long Live A$AP", "Break the Bank", "All My Life", "Jeopardy", "N.Y. State of Mind", "Chum", "Niggas in Paris", "Bonfire", "Dark Sky (Skyscrapers)", "Halftime", "All Your Fault (feat. Kanye West)", "Ms. Jackson", "Deeper", "C.R.E.A.M."], "artists": ["Kendrick Lamar", "Kendrick Lamar", "Kanye West", "Kanye West", "Drake", "Drake", "A$AP Rocky", "ScHoolboy Q", "Run the Jewels", "Run the Jewels", "Nas", "Earl Sweatshirt", "Jay-Z & Kanye West", "Childish Gambino", "Big Sean", "Nas", "Big Sean", "OutKast", "Freddie Gibbs & Madlib", "Wu-Tang Clan"], "centerDistance": 0.7429864500000002, "angle": 1.2310680569332089, "color": [3, 0]}, {"songs": ["No Role Modelz", "Apparently"], "artists": ["J. Cole", "J. Cole"], "centerDistance": 0.819746, "angle": 2.356194490192344, "color": [4, 0]}]