[{"songs": ["It Was London", "Down", "What You Know", "Chelsea Dagger", "Snap Out of It", "Knee Socks", "Heart Out", "Bumblebeee", "I Bet My Life", "Kathleen", "Luv, Hold Me Down", "Undercover Martyn", "I Would Do Anything for You", "You Only Live Once", "The City", "Take Me Out", "Tongue Tied", "Mr. Brightside", "Reptilia", "Anna Sun"], "artists": ["The Kooks", "The Kooks", "Two Door Cinema Club", "The Fratellis", "Arctic Monkeys", "Arctic Monkeys", "The 1975", "Kasabian", "Imagine Dragons", "Catfish and The Bottlemen", "Drowners", "Two Door Cinema Club", "Foster the People", "The Strokes", "The 1975", "Franz Ferdinand", "Grouplove", "The Killers", "The Strokes", "Walk the Moon"], "centerDistance": 0.76372725, "angle": 1.0124419721826623, "color": [0, 0]}, {"songs": ["Coming of Age", "Let's Dance to Joy Division", "Fitzpleasure", "If You Wanna", "Diane Young"], "artists": ["Foster the People", "The Wombats", "alt-J", "The Vaccines", "Vampire Weekend"], "centerDistance": 0.8558996000000001, "angle": 2.119116412088707, "color": [1, 0]}, {"songs": ["Afraid", "Female Robbery"], "artists": ["The Neighbourhood", "The Neighbourhood"], "centerDistance": 0.8706775, "angle": 3.4752852039003024, "color": [2, 0]}, {"songs": ["Come a Little Closer", "Eez-Eh", "My Number", "Sex on Fire", "Ain't No Rest for the Wicked", "Crystalised", "What Kind of Man"], "artists": ["Cage the Elephant", "Kasabian", "Foals", "Kings of Leon", "Cage the Elephant", "The xx", "Florence + the Machine"], "centerDistance": 0.8689947142857142, "angle": 4.806621448108071, "color": [3, 0]}, {"songs": ["Bad Blood", "Things We Lost in the Fire"], "artists": ["Bastille", "Bastille"], "centerDistance": 0.8731955, "angle": 6.188952839456205, "color": [4, 0]}]