[{"songs": ["Feelings", "There's No Way (feat. Julia Michaels)", "Colder", "Upper West Side", "come out and play", "Back In My Body", "WHEN I WAS OLDER (Music Inspired by the Film \"ROMA\")", "Plum", "Blur", "Beautiful Wreck", "Water Fountain", "Everything Goes (Wow)", "What I Need (feat. Kehlani)", "My My My!", "The Moments I'm Missing", "Gotta Be A Reason", "The Love Club", "American", "National Anthem", "xx"], "artists": ["Lennon Stella", "Lauv", "Nina Nesbitt", "King Princess", "Billie Eilish", "Maggie Rogers", "Billie Eilish", "Troye Sivan", "M\u00d8", "M\u00d8", "Alec Benjamin", "BROODS", "Hayley Kiyoko", "Troye Sivan", "Nina Nesbitt", "Alec Benjamin", "Lorde", "Lana Del Rey", "Lana Del Rey", "Hayley Kiyoko"], "centerDistance": 0.8345584, "angle": 3.6041515177954437, "color": [0, 0]}, {"songs": ["La Di Da"], "artists": ["Lennon Stella"], "centerDistance": 0.0, "angle": 4.667138984083858, "color": [1, 0]}, {"songs": ["Burning", "Crush"], "artists": ["Maggie Rogers", "Tessa Violet"], "centerDistance": 0.8865512499999999, "angle": 0.04524999630083126, "color": [2, 0]}, {"songs": ["1950", "Crush Culture"], "artists": ["King Princess", "Conan Gray"], "centerDistance": 0.8605704999999999, "angle": 1.42002945230307, "color": [3, 0]}, {"songs": ["Dazed & Confused", "Younger"], "artists": ["Ruel", "Ruel"], "centerDistance": 0.839175, "angle": 2.6114586644740836, "color": [4, 0]}]