[{"songs": ["Dark Horse", "Burn"], "artists": ["Katy Perry", "Ellie Goulding"], "centerDistance": 0.5664629999999999, "angle": 4.846424850035566, "color": [0, 0]}, {"songs": ["Where Have You Been", "Only Girl (In the World)"], "artists": ["Rihanna", "Rihanna"], "centerDistance": 0.7761085, "angle": 6.149149437528709, "color": [1, 0]}, {"songs": ["Problem", "Break Free", "Burnin' Up", "Outside", "Can't Remember to Forget You", "Worth It", "Drunk in Love", "Stay with Me", "Sing", "Do What U Want", "I Will Never Let You Down", "This Is How We Do", "Under Control", "Hideaway", "Starships", "Neon Lights", "Titanium (feat. Sia)", "Applause", "Move", "Pound the Alarm"], "artists": ["Ariana Grande", "Ariana Grande", "Jessie J", "Calvin Harris", "Shakira", "Fifth Harmony", "Beyonc\u00e9", "Sam Smith", "Ed Sheeran", "Lady Gaga", "Rita Ora", "Katy Perry", "Calvin Harris", "Kiesza", "Nicki Minaj", "Demi Lovato", "David Guetta", "Lady Gaga", "Little Mix", "Nicki Minaj"], "centerDistance": 0.58656775, "angle": 1.06733228966148, "color": [2, 0]}, {"songs": ["Masterpiece", "Your Love"], "artists": ["Jessie J", "Nicole Scherzinger"], "centerDistance": 0.716353, "angle": 2.2687004489738385, "color": [3, 0]}, {"songs": ["Work B**ch", "We Can't Stop", "Die Young"], "artists": ["Britney Spears", "Miley Cyrus", "Ke$ha"], "centerDistance": 0.7780113333333333, "angle": 3.4700686082861942, "color": [4, 0]}]