[{"songs": ["Disconnect", "Nights Like This (feat. Ty Dolla $ign)", "RPG (feat. 6LACK)", "Sundress", "monster", "Karma", "asmr", "Could've Been (feat. Bryson Tiller)", "Deep", "Skeezers", "SOHO", "Come Closer (feat. Queen Naija)", "Come and See Me (feat. Drake)", "Motion", "Name in the Sand", "Distant", "Crushed Up", "Champion (feat. Travis Scott)", "Doing It Wrong", "Honesty"], "artists": ["6LACK", "Kehlani", "Kehlani", "A$AP Rocky", "21 Savage", "Summer Walker", "21 Savage", "H.E.R.", "Summer Walker", "A Boogie Wit da Hoodie", "Jaden Smith", "A Boogie Wit da Hoodie", "PARTYNEXTDOOR", "Khalid", "lil skies", "Jaden Smith", "Future", "NAV", "Drake", "Pink Sweat$"], "centerDistance": 0.7723212499999998, "angle": 3.605736910404055, "color": [0, 0]}, {"songs": ["Unfair"], "artists": ["6LACK"], "centerDistance": 0.0, "angle": 4.742253463134447, "color": [1, 0]}, {"songs": ["Call Out My Name", "Wasted Times"], "artists": ["The Weeknd", "The Weeknd"], "centerDistance": 0.830981, "angle": 6.25332082442983, "color": [2, 0]}, {"songs": ["Scared Of Love", "Right My Wrongs", "Rambo"], "artists": ["Juice WRLD", "Bryson Tiller", "Bryson Tiller"], "centerDistance": 0.8068036666666667, "angle": 1.367120982075953, "color": [3, 0]}, {"songs": ["Shot Clock", "Hard Place"], "artists": ["Ella Mai", "H.E.R."], "centerDistance": 0.8318625, "angle": 2.4724764585685417, "color": [4, 0]}]