[{"songs": ["Out of Love", "You"], "artists": ["Alessia Cara", "Jacquees"], "centerDistance": 0.8759725, "angle": 3.4595000446378057, "color": [0, 0]}, {"songs": ["Nights Like This (feat. Ty Dolla $ign)", "Talk", "Honesty"], "artists": ["Kehlani", "Khalid", "Pink Sweat$"], "centerDistance": 0.7945993333333333, "angle": 4.776074949106251, "color": [1, 0]}, {"songs": ["Switch", "Unfair"], "artists": ["6LACK", "6LACK"], "centerDistance": 0.870045, "angle": 6.219499338458025, "color": [2, 0]}, {"songs": ["Shot Clock", "Stay Flo"], "artists": ["Ella Mai", "Solange"], "centerDistance": 0.8070360000000001, "angle": 1.2410178374562557, "color": [3, 0]}, {"songs": ["Free", "Every Kind of Way", "Gut Feeling (feat. H.E.R.)", "Best Part (feat. H.E.R.)", "Wavy (Interlude) [feat. James Fauntleroy]", "Blessed", "RPG (feat. 6LACK)", "Confidently Lost", "Needy", "Break Up with Your Girlfriend, I'm Bored", "CPR", "Wicked Games", "Come Over", "Deep", "The Kids Are Alright", "Don't Let Me Down (feat. Khalid)", "I Like That", "Dreams", "This Way", "Down"], "artists": ["H.E.R.", "H.E.R.", "Ella Mai", "Daniel Caesar", "SZA", "Daniel Caesar", "Kehlani", "Sabrina Claudio", "Ariana Grande", "Ariana Grande", "Summer Walker", "Kiana Led\u00e9", "The Internet", "Summer Walker", "Chloe x Halle", "Sabrina Claudio", "Janelle Mon\u00e1e", "Solange", "Khalid", "Chloe x Halle"], "centerDistance": 0.7235604, "angle": 2.3502589410470307, "color": [4, 0]}]