[{"songs": ["Save That Shit", "Jocelyn Flores", "SAD!", "Awful Things", "All Girls Are The Same", "Kill Yourself (Part III)", "Legends", "Plug Walk", "P.S Fuck You Cunt (feat. Lil Peep)", "$outh $ide $uicide", "KEKE", "Gucci Gang", "Roll in Peace (feat. XXXTENTACION)", "White Iverson", "Red Bottom Sky", "KOODA", "Mercury: Retrograde", "Praise The Lord (Da Shine)", "Drowning (feat. Kodak Black)", "Broken"], "artists": ["LIL PEEP", "xxxtentacion", "xxxtentacion", "LIL PEEP", "Juice WRLD", "$uicideboy$", "Juice WRLD", "Rich The Kid", "Fat Nick", "$uicideboy$", "6ix9ine", "LIL PUMP", "Kodak Black", "Post Malone", "Yung Lean", "6ix9ine", "GhosteMane", "A$AP Rocky", "A Boogie Wit da Hoodie", "lund"], "centerDistance": 0.3681987000000001, "angle": 1.1020363832526714, "color": [0, 0]}, {"songs": ["1400 / 999 Freestyle", "Transportin'"], "artists": ["Trippie Redd", "Kodak Black"], "centerDistance": 0.6428235, "angle": 2.2874583879603705, "color": [1, 0]}, {"songs": ["Walk It Talk It", "Yes Indeed", "Narcos"], "artists": ["Migos", "Lil Baby", "Migos"], "centerDistance": 0.622819, "angle": 3.6103525971320165, "color": [2, 0]}, {"songs": ["I Fall Apart", "Icon"], "artists": ["Post Malone", "Jaden Smith"], "centerDistance": 0.5714465, "angle": 4.795774601839716, "color": [3, 0]}, {"songs": ["Red Roses (feat. Landon Cube)", "Nowadays (feat. Landon Cube)"], "artists": ["lil skies", "lil skies"], "centerDistance": 0.05827950000000004, "angle": 6.199799685724559, "color": [4, 0]}]