[{"songs": ["Love Me Insane", "gOddeSS", "Handmade Heaven", "Sucker", "Party for One", "Save as Draft", "Wish You Were Gay", "Barbies", "Colder", "Sacred", "Voices in My Head", "Colors", "Teddy Bear", "Wanna Be Missed", "Off to the Races", "State of Grace", "Summertime Sadness", "Ferrari", "Girls Like You (feat. Cardi B)", "GOOD MORNIN' (feat. GARY TRAINOR)"], "artists": ["Avril Lavigne", "Avril Lavigne", "Marina", "Jonas Brothers", "Carly Rae Jepsen", "Katy Perry", "Billie Eilish", "P!nk", "Nina Nesbitt", "Nina Nesbitt", "Ashley Tisdale", "Halsey", "Melanie Martinez", "Hayley Kiyoko", "Lana Del Rey", "Taylor Swift", "Lana Del Rey", "Bebe Rexha", "Maroon 5", "Meghan Trainor"], "centerDistance": 0.8364310999999999, "angle": 1.0901467775784495, "color": [0, 0]}, {"songs": ["Younger Now", "Confident"], "artists": ["Miley Cyrus", "Demi Lovato"], "centerDistance": 0.9343440000000001, "angle": 2.2256614372940273, "color": [1, 0]}, {"songs": ["Plum", "Heaven in Hiding", "Lucky Strike"], "artists": ["Troye Sivan", "Halsey", "Troye Sivan"], "centerDistance": 0.9328106666666667, "angle": 3.6399058654103147, "color": [2, 0]}, {"songs": ["Last Hurrah", "No Drug Like Me", "Bigger Than Me", "What I Need (feat. Kehlani)", "Growing Pains", "John Wayne"], "artists": ["Bebe Rexha", "Carly Rae Jepsen", "Katy Perry", "Hayley Kiyoko", "Alessia Cara", "Lady Gaga"], "centerDistance": 0.91718135, "angle": 4.782534419942931, "color": [3, 0]}, {"songs": ["you should see me in a crown", "Green Light", "Cake", "Trigger Bang (feat. Giggs)"], "artists": ["Billie Eilish", "Lorde", "Melanie Martinez", "Lily Allen"], "centerDistance": 0.9397875499999999, "angle": 6.213039867621344, "color": [4, 0]}]