[{"songs": ["Save as Draft", "Roulette", "Dancing with Our Hands Tied", "Applause", "No Tears Left To Cry", "365", "The Cure", "I Got You", "Girls (feat. Cardi B, Bebe Rexha & Charli XCX)", "IDGAF", "We Can't Stop", "Bloodline", "She Loves Control", "Va Va Voom", "I Wanna Go", "Your Song", "Till the World Ends", "True Disaster", "Strangers (feat. Lauren Jauregui)", "Bloom"], "artists": ["Katy Perry", "Katy Perry", "Taylor Swift", "Lady Gaga", "Ariana Grande", "Zedd & Katy Perry", "Lady Gaga", "Bebe Rexha", "Rita Ora", "Dua Lipa", "Miley Cyrus", "Ariana Grande", "Camila Cabello", "Nicki Minaj", "Britney Spears", "Rita Ora", "Britney Spears", "Tove Lo", "Halsey", "Troye Sivan"], "centerDistance": 0.7242384000000001, "angle": 1.2294108849136736, "color": [0, 0]}, {"songs": ["Look What You Made Me Do", "Younger Now", "Last Dance", "Sad", "Bad Liar", "Green Light", "My Way"], "artists": ["Taylor Swift", "Miley Cyrus", "Dua Lipa", "Bebe Rexha", "Selena Gomez", "Lorde", "Ava Max"], "centerDistance": 0.8080361428571428, "angle": 2.4853112214825015, "color": [1, 0]}, {"songs": ["Woman Like Me (feat. Nicki Minaj)", "Think About Us"], "artists": ["Little Mix", "Little Mix"], "centerDistance": 0.836943, "angle": 3.3042552282073965, "color": [2, 0]}, {"songs": ["Sweet but Psycho", "1999", "Party for One"], "artists": ["Ava Max", "Charli XCX", "Carly Rae Jepsen"], "centerDistance": 0.8342076666666666, "angle": 4.720074712461065, "color": [3, 0]}, {"songs": ["Milk and Cookies", "Eyes Closed"], "artists": ["Melanie Martinez", "Halsey"], "centerDistance": 0.846781, "angle": 6.275499575103211, "color": [4, 0]}]