[{"songs": ["Strangers", "Holy Ghost", "An End Has A Start", "Post Break-Up Sex", "Re-Wired", "My Desire", "Inhaler", "Chelsea Dagger", "Rearrange", "Ruby", "Sleep Alone", "Graceless", "The Funeral", "Bloodbuzz Ohio", "Things We Lost in the Fire", "Always Like This", "Say You Don't Want It"], "artists": ["White Lies", "White Lies", "Editors", "The Vaccines", "Kasabian", "Interpol", "Foals", "The Fratellis", "Miles Kane", "Kaiser Chiefs", "Two Door Cinema Club", "The National", "Band of Horses", "The National", "Bastille", "Bombay Bicycle Club", "One Night Only"], "centerDistance": 0.759134588235294, "angle": 2.3146094249140208, "color": [0, 0]}, {"songs": ["Banquet", "Helicopter"], "artists": ["Bloc Party", "Bloc Party"], "centerDistance": 0.850579, "angle": 3.589873080076475, "color": [1, 0]}, {"songs": ["Let's Dance to Joy Division", "Moving To New York"], "artists": ["The Wombats", "The Wombats"], "centerDistance": 0.8448115, "angle": 4.748683450381449, "color": [2, 0]}, {"songs": ["Munich", "Fire", "505", "Crying Lightning", "Pioneer to the Falls", "Ooh La", "When You Were Young", "What You Know", "For Reasons Unknown", "Ulysses", "Standing Next to Me", "No You Girls", "Closer", "No Kind Words", "Reptilia", "Golden Skans"], "artists": ["Editors", "Kasabian", "Arctic Monkeys", "Arctic Monkeys", "Interpol", "The Kooks", "The Killers", "Two Door Cinema Club", "The Killers", "Franz Ferdinand", "The Last Shadow Puppets", "Franz Ferdinand", "Kings of Leon", "The Maccabees", "The Strokes", "Klaxons"], "centerDistance": 0.8539241249999999, "angle": 6.246890837182827, "color": [3, 0]}, {"songs": ["If You Wanna", "Late Night", "My Mistakes Were Made for You", "She Moves in Her Own Way", "Crystalised", "Shuffle", "Come Closer", "Reflektor", "Crossfire", "Sex on Fire", "Breezeblocks", "I Predict a Riot", "Ready to Start"], "artists": ["The Vaccines", "Foals", "The Last Shadow Puppets", "The Kooks", "The xx", "Bombay Bicycle Club", "Miles Kane", "Arcade Fire", "Brandon Flowers", "Kings of Leon", "alt-J", "Kaiser Chiefs", "Arcade Fire"], "centerDistance": 0.8660031538461538, "angle": 1.1225159003082137, "color": [4, 0]}]