[{"songs": ["It Was In Me", "Wish You Were Gay", "High Hopes", "Born to Die", "Off to the Races", "Birds", "come out and play", "I'm a Ruin", "Burn Out", "Royals", "Good Mourning", "Play Date", "Sky Full of Song", "Never Let Me Go", "Milk and Cookies", "The Love Club", "I'm a Ruin", "Miss Jackson (feat. LOLO)", "Bloodline", "Bad Idea"], "artists": ["Avril Lavigne", "Billie Eilish", "Panic! at the Disco", "Lana Del Rey", "Lana Del Rey", "Imagine Dragons", "Billie Eilish", "Marina", "Imagine Dragons", "Lorde", "Halsey", "Melanie Martinez", "Florence + the Machine", "Florence + the Machine", "Melanie Martinez", "Lorde", "Marina & the Diamonds", "Panic! at the Disco", "Ariana Grande", "Ariana Grande"], "centerDistance": 0.8981794940000001, "angle": 1.2725637765851499, "color": [0, 0]}, {"songs": ["Walk Me Home"], "artists": ["P!nk"], "centerDistance": 0.99294421, "angle": 2.3639562936942595, "color": [1, 0]}, {"songs": ["Eyes Closed", "sex money feelings die", "better alone"], "artists": ["Halsey", "Lykke Li", "Lykke Li"], "centerDistance": 0.9485113, "angle": 3.455348810803369, "color": [2, 0]}, {"songs": ["I Fell In Love With the Devil"], "artists": ["Avril Lavigne"], "centerDistance": 0.0, "angle": 4.546741327912478, "color": [3, 0]}, {"songs": ["Handmade Heaven", "Flux", "Swan Song (From The Motion Picture \"Alita: Battle Angel\")", "Now That I Found You"], "artists": ["Marina", "Ellie Goulding", "Dua Lipa", "Carly Rae Jepsen"], "centerDistance": 0.9517231275, "angle": 0.16564765247221125, "color": [4, 0]}]