[{"songs": ["Roll Up", "The Show Goes On", "All of the Lights", "Love The Way You Lie", "My Last", "Who Dat", "Look At Me Now", "Hard In Da Paint", "Down On Me", "Find Your Love", "No Love", "Miss Me", "All I Do is Win", "You Be Killin Em", "Aston Martin Music", "Buy U a Drank (Shawty Snappin')", "Bring Em Out", "My Chick Bad", "Monster", "I Just Wanna Love U (Give It 2 Me)"], "artists": ["Wiz Khalifa", "Lupe Fiasco", "Kanye West", "Eminem", "Big Sean", "J. Cole", "Chris Brown", "Waka Flocka Flame", "Jeremih", "Drake", "Eminem", "Drake", "DJ Khaled", "Fabolous", "Rick Ross", "T-Pain", "T.I.", "Ludacris", "Kanye West", "Jay-Z"], "centerDistance": 0.8037598500000002, "angle": 1.0995574287564276, "color": [0, 0]}, {"songs": ["I Get Money"], "artists": ["50 Cent"], "centerDistance": 0.9255821, "angle": 2.356194490192345, "color": [1, 0]}, {"songs": ["Man of the Year"], "artists": ["ScHoolboy Q"], "centerDistance": 0.99302896, "angle": 3.612831551628262, "color": [2, 0]}, {"songs": ["How Low", "Bitch, Don\u2019t Kill My Vibe"], "artists": ["Ludacris", "Kendrick Lamar"], "centerDistance": 0.955517365, "angle": 4.869468613064179, "color": [3, 0]}, {"songs": ["Rack City"], "artists": ["Tyga"], "centerDistance": 0.99070081, "angle": 6.126105674500097, "color": [4, 0]}]