[{"songs": ["everytime", "God is a Woman", "Without Me", "My My My!", "Joan of Arc", "Why did you do that?", "Head Above Water", "Want To", "Call It What You Want", "Style", "Always Remember Us This Way", "Animal", "Beautiful (feat. Camila Cabello)", "Something's Gotta Give", "IDGAF", "In the Dark", "Tell Me You Love Me", "Daddy Issues", "Lindo Demais", "Kiss It Better"], "artists": ["Ariana Grande", "Ariana Grande", "Halsey", "Troye Sivan", "Little Mix", "Lady Gaga", "Avril Lavigne", "Dua Lipa", "Taylor Swift", "Taylor Swift", "Lady Gaga", "Troye Sivan", "bazzi", "Camila Cabello", "Dua Lipa", "Camila Cabello", "Demi Lovato", "Demi Lovato", "J\u00e3o", "Rihanna"], "centerDistance": 0.5965608, "angle": 4.873893203685847, "color": [0, 0]}, {"songs": ["Expectations", "More Than That"], "artists": ["Lauren Jauregui", "Lauren Jauregui"], "centerDistance": 0.6945, "angle": 6.121681083878428, "color": [1, 0]}, {"songs": ["There You Are"], "artists": ["Zayn"], "centerDistance": 0.856378, "angle": 1.07688133835312, "color": [2, 0]}, {"songs": ["A No No", "Paris", "Caution"], "artists": ["Mariah Carey", "Sabrina Carpenter", "Mariah Carey"], "centerDistance": 0.7563456666666667, "angle": 2.3152669000073978, "color": [3, 0]}, {"songs": ["Sue Me"], "artists": ["Sabrina Carpenter"], "centerDistance": 0.764661, "angle": 3.5536524616616756, "color": [4, 0]}]