[{"songs": ["Diane Young", "Ooh La", "Seaside", "Shuffle", "On Melancholy Hill"], "artists": ["Vampire Weekend", "The Kooks", "The Kooks", "Bombay Bicycle Club", "Gorillaz"], "centerDistance": 0.87873868, "angle": 1.1966925667876636, "color": [0, 0]}, {"songs": ["Crystalised", "Fire", "Someday", "Underdog"], "artists": ["The xx", "Kasabian", "The Strokes", "Kasabian"], "centerDistance": 0.8662545500000001, "angle": 2.391679236454455, "color": [1, 0]}, {"songs": ["My Number", "Pompeii", "Radioactive"], "artists": ["Foals", "Bastille", "Imagine Dragons"], "centerDistance": 0.8664073333333334, "angle": 3.5866659061212465, "color": [2, 0]}, {"songs": ["Afraid", "Female Robbery", "Dog Days Are Over"], "artists": ["The Neighbourhood", "The Neighbourhood", "Florence + the Machine"], "centerDistance": 0.884262, "angle": 4.793890801730496, "color": [3, 0]}, {"songs": ["Tessellate", "Something Good", "Talk Is Cheap", "Intro", "Stolen Dance", "1998", "Inhaler", "What You Know", "Why'd You Only Call Me When You're High?", "I Wanna Be Yours", "The Look", "Gooey", "Afterlife", "Undercover Martyn", "Little Talks", "I Love You", "Flashed Junk Mind", "Black Mambo", "The Suburbs", "Step"], "artists": ["alt-J", "alt-J", "Chet Faker", "The xx", "Milky Chance", "Chet Faker", "Foals", "Two Door Cinema Club", "Arctic Monkeys", "Arctic Monkeys", "Metronomy", "Glass Animals", "Arcade Fire", "Two Door Cinema Club", "Of Monsters and Men", "Woodkid", "Milky Chance", "Glass Animals", "Arcade Fire", "Vampire Weekend"], "centerDistance": 0.76414065, "angle": 6.2016834858337795, "color": [4, 0]}]