[{"songs": ["S\u00f3 Depois do Carnaval"], "artists": ["Lexa"], "centerDistance": 0.48745799999999995, "angle": 0.28626154303917506, "color": [0, 0]}, {"songs": ["Rebola (Participa\u00e7\u00e3o Especial de Carlinhos Brown e Gloria Groove)", "Indecente", "Quebradinha", "Hoje Eu Vou Parar Na Gaiola", "Caliente (feat. Pabllo Vittar)", "Agora \u00e9 Tudo Meu", "Ta Tum Tum", "Cai de Boca", "O Beb\u00ea", "S\u00f3 Voc\u00ea", "That's What I Like", "Cake By The Ocean", "Na Batida", "24K Magic", "Uptown Funk"], "artists": ["IZA", "Anitta", "Kaya Conky", "MC Livinho", "Lali", "Dennis Dj", "Mc Kevinho", "MC REBECCA", "Mc Kevinho", "Dennis Dj", "Bruno Mars", "DNCE", "Mia Badgyal", "Bruno Mars", "Mark Ronson"], "centerDistance": 0.7284146800000001, "angle": 1.3760904975610484, "color": [1, 0]}, {"songs": ["N\u00e3o Perco Meu Tempo"], "artists": ["Anitta"], "centerDistance": 0.494734, "angle": 2.939981832418157, "color": [2, 0]}, {"songs": ["Arrasta", "Seu Crime", "Catuaba", "Jogando Sujo", "Tipo de Garota", "Q.M.T.", "Vai Embora (feat. Ludmilla)", "E A\u00ed Beb\u00ea", "Din Din Din (Participa\u00e7\u00e3o especial de MC Pupio e MC Doguinha)", "Sapequinha", "Ao Som do 150", "Me Solta", "Berro", "El Anillo", "Beijo na Boca (feat. Vit\u00e3o)", "Mete Com For\u00e7a", "Gozada Fraca", "Catarro de Porra", "Voc\u00ea Partiu Meu Cora\u00e7\u00e3o", "Muito Muito"], "artists": ["Gloria Groove", "Pabllo Vittar", "Aretuza Lovi", "Ludmilla", "Lia Clark", "Lia Clark", "Pabllo Vittar", "Kaya Conky", "Ludmilla", "Lexa & MC Lan", "MC REBECCA", "Nego do Borel", "Heavy Baile", "Jennifer Lopez", "Rouge", "MC Nick", "Valesca Popozuda", "Valesca Popozuda", "Nego do Borel", "Manu Gavassi"], "centerDistance": 0.645062785, "angle": 4.503873167275266, "color": [3, 0]}, {"songs": ["Coisa Boa", "Provocar"], "artists": ["Gloria Groove", "Lexa"], "centerDistance": 0.1943535, "angle": 0.20851581310942446, "color": [4, 0]}]