[{"songs": ["Look What You Made Me Do", "Sweet but Psycho", "Woman Like Me (feat. Nicki Minaj)", "More Than That", "Expectations"], "artists": ["Taylor Swift", "Ava Max", "Little Mix", "Lauren Jauregui", "Lauren Jauregui"], "centerDistance": 0.8693121999999999, "angle": 3.6591034984723243, "color": [0, 0]}, {"songs": ["My My My!", "What I Need (feat. Kehlani)", "Like That", "Me Beija Com Raiva"], "artists": ["Troye Sivan", "Hayley Kiyoko", "Bea Miller", "J\u00e3o"], "centerDistance": 0.88005625, "angle": 4.7911814364729395, "color": [1, 0]}, {"songs": ["Teddy Bear", "Bellyache", "my boy", "New Americana", "Lolita", "Born to Die", "I Did Something Bad", "Dangerous Woman", "Castle", "No Tears Left To Cry", "In the Dark", "Primadonna", "Green Light", "Froot", "Hey Hey Hey", "Sober", "Royals", "Blow Your Mind (Mwah)", "Bad Liar", "E.T."], "artists": ["Melanie Martinez", "Billie Eilish", "Billie Eilish", "Halsey", "Lana Del Rey", "Lana Del Rey", "Taylor Swift", "Ariana Grande", "Halsey", "Ariana Grande", "Camila Cabello", "Marina & the Diamonds", "Lorde", "Marina & the Diamonds", "Katy Perry", "Selena Gomez", "Lorde", "Dua Lipa", "Selena Gomez", "Katy Perry"], "centerDistance": 0.7920921500000001, "angle": 6.204392851091336, "color": [2, 0]}, {"songs": ["Play Date"], "artists": ["Melanie Martinez"], "centerDistance": 0.057713000000000014, "angle": 1.082247318592442, "color": [3, 0]}, {"songs": ["Sad", "Mine"], "artists": ["Bebe Rexha", "Bebe Rexha"], "centerDistance": 0.8786704999999999, "angle": 2.2143252565930567, "color": [4, 0]}]