[{"songs": ["Thrift Shop (feat. Wanz)", "Same Love (feat. Mary Lambert)", "The Monster", "Rap God", "Work", "Change Your Life", "Black Skinhead", "Power", "Bed of Lies (feat. Skylar Grey)", "In Da Club", "Remember the Name (feat. Styles of Beyond)", "Win Again", "Work Hard, Play Hard", "Bonfire", "No Mediocre (feat. Iggy Azalea)", "Sloppy Seconds", "No Church in the Wild (feat. Frank Ocean)", "Niggas in Paris", "Airplanes (feat. Hayley Williams)", "Swimming Pools (Drank)"], "artists": ["Macklemore & Ryan Lewis", "Macklemore & Ryan Lewis", "Eminem", "Eminem", "Iggy Azalea", "Iggy Azalea", "Kanye West", "Kanye West", "Nicki Minaj", "50 Cent", "Fort Minor", "Nicki Minaj", "Wiz Khalifa", "Childish Gambino", "T.I.", "Watsky", "Jay-Z & Kanye West", "Jay-Z & Kanye West", "B.o.B", "Kendrick Lamar"], "centerDistance": 0.801267365, "angle": 1.0995574287564276, "color": [0, 0]}, {"songs": ["Radioactive", "Demons"], "artists": ["Imagine Dragons", "Imagine Dragons"], "centerDistance": 0.99078459, "angle": 2.356194490192345, "color": [1, 0]}, {"songs": ["No Role Modelz"], "artists": ["J. Cole"], "centerDistance": 0.9154287, "angle": 3.612831551628262, "color": [2, 0]}, {"songs": ["3005"], "artists": ["Childish Gambino"], "centerDistance": 0.9132054000000001, "angle": 4.869468613064179, "color": [3, 0]}, {"songs": ["Safe and Sound"], "artists": ["Capital Cities"], "centerDistance": 0.99120766, "angle": 6.126105674500097, "color": [4, 0]}]