[{"songs": ["Female Robbery"], "artists": ["The Neighbourhood"], "centerDistance": 0.852863, "angle": 1.2782001242168377, "color": [0, 0]}, {"songs": ["Bad Blood"], "artists": ["Bastille"], "centerDistance": 0.876448, "angle": 2.429840542824532, "color": [1, 0]}, {"songs": ["Girl That You Love", "Far Too Young to Die", "My Songs Know What You Did in the Dark (Light Em Up)", "Let It Go", "Fast in My Car", "No Shows", "Bulletproof Heart", "Last Hope", "The Run and Go", "It's Time", "Hear Me", "I Wanna Be Yours", "Snap Out of It", "This Is War", "Pompeii", "Vampire Money", "Give Me Hope", "Undercover Martyn", "Beacon", "Love Is A Drug"], "artists": ["Panic! at the Disco", "Panic! at the Disco", "Fall Out Boy", "The Neighbourhood", "Paramore", "Gerard Way", "My Chemical Romance", "Paramore", "Twenty One Pilots", "Imagine Dragons", "Imagine Dragons", "Arctic Monkeys", "Arctic Monkeys", "30 Seconds to Mars", "Bastille", "My Chemical Romance", "New Politics", "Two Door Cinema Club", "Two Door Cinema Club", "New Politics"], "centerDistance": 0.808254425, "angle": 3.632382142252827, "color": [2, 0]}, {"songs": ["Mr. Brightside", "Somebody Told Me"], "artists": ["The Killers", "The Killers"], "centerDistance": 0.9040034, "angle": 4.834923741681122, "color": [3, 0]}, {"songs": ["Time Is Running Out", "Don't Stop (Color on the Walls)", "Come a Little Closer", "Apologize"], "artists": ["Muse", "Foster the People", "Cage the Elephant", "OneRepublic"], "centerDistance": 0.9357382000000001, "angle": 6.160650545883153, "color": [4, 0]}]