[{"songs": ["8th Grade", "One Mo' Gen", "Thank U, Next", "Imagine", "KELLY", "Is That Alright?", "Notice", "Before I Cry", "Unless It's With You", "Like I Do", "I Like That", "Love on Top", "That's the Way Love Goes", "He Wasn't Man Enough", "Me, Myself and I", "Screwed (feat. Zo\u00eb Kravitz)", "Say My Name", "Things I Imagined", "Desperado", "Company"], "artists": ["Mariah Carey", "Mariah Carey", "Ariana Grande", "Ariana Grande", "Kelly Rowland", "Lady Gaga", "Little Mix", "Lady Gaga", "Christina Aguilera", "Christina Aguilera", "Janelle Mon\u00e1e", "Beyonc\u00e9", "Janet Jackson", "Toni Braxton", "Beyonc\u00e9", "Janelle Mon\u00e1e", "Destiny's Child", "Solange", "Rihanna", "Tinashe"], "centerDistance": 0.79070482, "angle": 3.621938705427334, "color": [0, 0]}, {"songs": ["Stay Flo"], "artists": ["Solange"], "centerDistance": 0.915048, "angle": 4.736678159104298, "color": [1, 0]}, {"songs": ["Nights Like This (feat. Ty Dolla $ign)", "sauce"], "artists": ["Kehlani", "Dawn Richard"], "centerDistance": 0.9251244000000001, "angle": 6.258896128459979, "color": [2, 0]}, {"songs": ["If I Ain't Got You", "No One", "My Love Is Your Love"], "artists": ["Alicia Keys", "Alicia Keys", "Whitney Houston"], "centerDistance": 0.9462220333333334, "angle": 1.392459798073407, "color": [3, 0]}, {"songs": ["Crown"], "artists": ["Kelly Rowland"], "centerDistance": 0.9556627, "angle": 2.50719925175037, "color": [4, 0]}]