[{"songs": ["Alarm", "Then", "Rockabye (feat. Sean Paul & Anne-Marie)", "New Rules", "Symphony (feat. Zara Larsson)", "Your Song", "I Got You", "No Tears Left To Cry", "Touch", "She Loves Control", "No Promises (feat. Demi Lovato)", "Shout Out To My Ex", "Most Girls", "cRYINg In THE clUB", "Don't Be So Hard on Yourself", "Paris", "chAiNEd tO the RhyTHM", "Only Girl (In the World)", "Domino", "How Long"], "artists": ["Anne-Marie", "Anne-Marie", "Clean Bandit", "Dua Lipa", "Clean Bandit", "Rita Ora", "Bebe Rexha", "Ariana Grande", "Little Mix", "Camila Cabello", "Cheat Codes", "Little Mix", "Hailee Steinfeld", "Camila Cabello", "Jess Glynne", "The Chainsmokers", "Katy Perry", "Rihanna", "Jessie J", "Charlie Puth"], "centerDistance": 0.6918245, "angle": 1.085161449338342, "color": [0, 0]}, {"songs": ["Dance to This (feat. Ariana Grande)", "My My My!", "Eastside"], "artists": ["Troye Sivan", "Troye Sivan", "Benny Blanco"], "centerDistance": 0.8367896666666667, "angle": 2.286944543549008, "color": [1, 0]}, {"songs": ["Friends", "Let You Love Me", "1999", "Wolves"], "artists": ["Marshmello & Anne-Marie", "Rita Ora", "Charli XCX", "Selena Gomez & Marshmello"], "centerDistance": 0.7822065, "angle": 3.6091076464433858, "color": [2, 0]}, {"songs": ["IDGAF", "Sweet but Psycho", "Sad", "The Cure"], "artists": ["Dua Lipa", "Ava Max", "Bebe Rexha", "Lady Gaga"], "centerDistance": 0.780496, "angle": 4.8290106252570135, "color": [3, 0]}, {"songs": ["There's Nothing Holdin' Me Back", "Strangers"], "artists": ["Shawn Mendes", "Sigrid"], "centerDistance": 0.804335, "angle": 6.166563662307262, "color": [4, 0]}]