[{"songs": ["Into You", "Anxiety (feat. Selena Gomez)"], "artists": ["Julia Michaels", "Julia Michaels"], "centerDistance": 0.787681, "angle": 4.683187085697298, "color": [0, 0]}, {"songs": ["Terrified", "Pretty"], "artists": ["Terror Jr", "Terror Jr"], "centerDistance": 0.787018, "angle": 0.029201894687391317, "color": [1, 0]}, {"songs": ["Sucker Punch", "Sweet but Psycho", "Only Want You", "Last Hurrah", "Think About Us", "When I Die", "Girl of the Year", "My Way", "Woman Like Me (feat. Nicki Minaj)", "No Drug Like Me"], "artists": ["Sigrid", "Ava Max", "Rita Ora", "Bebe Rexha", "Little Mix", "Alma", "Allie X", "Ava Max", "Little Mix", "Carly Rae Jepsen"], "centerDistance": 0.7631224, "angle": 1.1247939165895993, "color": [2, 0]}, {"songs": ["Someone New", "Don\u2019t Feel Like Crying"], "artists": ["Astrid S", "Sigrid"], "centerDistance": 0.2922255, "angle": 2.2745988993931903, "color": [3, 0]}, {"songs": ["Breathe", "Hurts Like Hell (feat. Offset)", "Mona Lisa", "Hurts Like Hell", "prfct", "Party for One", "Keep Talking (feat. Julia Michaels)", "Love Myself", "Vibe", "I Don't Wanna Be Friends", "STFU", "I Don't Exist", "Thank U, Next", "Homework (feat. lil Aaron)", "Bones (feat. OneRepublic)", "Running", "Safe", "1999", "Voices in My Head", "Bloodline"], "artists": ["Astrid S", "Madison Beer", "Sabrina Carpenter", "Madison Beer", "Sabrina Carpenter", "Carly Rae Jepsen", "Rita Ora", "olivia o'brien", "Tove Styrke", "Kiiara", "Julie Bergan", "olivia o'brien", "Ariana Grande", "Kim Petras", "Galantis", "Dua Lipa", "Daya", "Charli XCX", "Ashley Tisdale", "Ariana Grande"], "centerDistance": 0.74627775, "angle": 3.3751740024886168, "color": [4, 0]}]