[{"songs": ["Reason Is Treason", "Take Me Out", "Old Yellow Bricks", "Ruby", "Ulysses", "Ooh La", "Somebody Told Me", "Mr. Brightside", "Chelsea Dagger", "Can't Stand Me Now", "My Number", "Standing Next to Me", "Reptilia", "Seven Nation Army", "The Age of the Understatement", "Evil", "Someday", "Slow Hands", "Closer", "Munich"], "artists": ["Kasabian", "Franz Ferdinand", "Arctic Monkeys", "Kaiser Chiefs", "Franz Ferdinand", "The Kooks", "The Killers", "The Killers", "The Fratellis", "The Libertines", "Foals", "The Last Shadow Puppets", "The Strokes", "The White Stripes", "The Last Shadow Puppets", "Interpol", "The Strokes", "Interpol", "Kings of Leon", "Editors"], "centerDistance": 0.7613199, "angle": 1.125700509213189, "color": [0, 0]}, {"songs": ["Processed Beats", "I Bet You Look Good on the Dancefloor", "Rearrange", "Inhaler", "I Can Talk", "What You Know", "Intro", "Afraid", "Are You Gonna Be My Girl"], "artists": ["Kasabian", "Arctic Monkeys", "Miles Kane", "Foals", "Two Door Cinema Club", "Two Door Cinema Club", "alt-J", "The Neighbourhood", "Jet"], "centerDistance": 0.7333923333333332, "angle": 2.369474252080154, "color": [1, 0]}, {"songs": ["I Predict a Riot", "Come Closer", "Sex on Fire", "She Moves in Her Own Way", "Crystalised", "If You Wanna", "Reflektor", "Let's Dance to Joy Division", "Fitzpleasure", "Ready to Start", "Come a Little Closer", "Don't Stop (Color on the Walls)"], "artists": ["Kaiser Chiefs", "Miles Kane", "Kings of Leon", "The Kooks", "The xx", "The Vaccines", "Arcade Fire", "The Wombats", "alt-J", "Arcade Fire", "Cage the Elephant", "Foster the People"], "centerDistance": 0.8251008333333334, "angle": 3.613247994947119, "color": [2, 0]}, {"songs": ["Radioactive", "Demons"], "artists": ["Imagine Dragons", "Imagine Dragons"], "centerDistance": 0.8421995, "angle": 4.857021737814083, "color": [3, 0]}, {"songs": ["Helicopter", "Banquet", "Fell in Love With a Girl"], "artists": ["Bloc Party", "Bloc Party", "The White Stripes"], "centerDistance": 0.8070593333333335, "angle": 6.138552549750193, "color": [4, 0]}]