[{"songs": ["Heaven", "Void", "Polarize", "National Anthem", "Stressed Out", "Summertime Sadness", "Nicotine", "hostage", "I Found", "Houdini", "High", "Rollercoaster", "What You Know", "Taro", "Undercover Martyn", "Free Animal", "&Run", "Carousel", "Valley of the Dolls", "Mr. Brightside"], "artists": ["The Neighbourhood", "The Neighbourhood", "Twenty One Pilots", "Lana Del Rey", "Twenty One Pilots", "Lana Del Rey", "Panic! at the Disco", "Billie Eilish", "Amber Run", "Foster the People", "Sir Sly", "Bleachers", "Two Door Cinema Club", "alt-J", "Two Door Cinema Club", "Foreign Air", "Sir Sly", "Melanie Martinez", "Marina & the Diamonds", "The Killers"], "centerDistance": 0.8265853700000001, "angle": 3.5955649260012432, "color": [0, 0]}, {"songs": ["Birds", "Crystalised", "Thunder", "Hunger", "Dog Days Are Over", "sex money feelings die", "I Want It All"], "artists": ["Imagine Dragons", "The xx", "Imagine Dragons", "Florence + the Machine", "Florence + the Machine", "Lykke Li", "Coin"], "centerDistance": 0.9240034857142857, "angle": 4.8349353618101425, "color": [1, 0]}, {"songs": ["Breezeblocks", "High Hopes", "Pumped Up Kicks", "Lasso"], "artists": ["alt-J", "Panic! at the Disco", "Foster the People", "Phoenix"], "centerDistance": 0.9134688, "angle": 6.160638925754133, "color": [2, 0]}, {"songs": ["idontwannabeyouanymore", "Play Date"], "artists": ["Billie Eilish", "Melanie Martinez"], "centerDistance": 0.9150623, "angle": 1.1168240543834465, "color": [3, 0]}, {"songs": ["Love It If We Made It", "Sincerity Is Scary"], "artists": ["The 1975", "The 1975"], "centerDistance": 0.875105, "angle": 2.356194490192344, "color": [4, 0]}]