[{"songs": ["Stone Cold", "Sue Me", "Liability", "My My My!", "Confident", "Seventeen", "idontwannabeyouanymore", "Green Light", "Eyes Closed"], "artists": ["Demi Lovato", "Sabrina Carpenter", "Lorde", "Troye Sivan", "Demi Lovato", "Troye Sivan", "Billie Eilish", "Lorde", "Halsey"], "centerDistance": 0.821674888888889, "angle": 4.775715108373843, "color": [0, 0]}, {"songs": ["Look What You Made Me Do", "Bad Liar", "when the party's over", "Wolves", "2002"], "artists": ["Taylor Swift", "Selena Gomez", "Billie Eilish", "Selena Gomez & Marshmello", "Anne-Marie"], "centerDistance": 0.7943486, "angle": 6.219859179190432, "color": [1, 0]}, {"songs": ["Growing Pains", "Not Today"], "artists": ["Alessia Cara", "Alessia Cara"], "centerDistance": 0.8542919999999999, "angle": 1.2293870998300793, "color": [2, 0]}, {"songs": ["Woman Like Me (feat. Nicki Minaj)", "N\u00e3o Perco Meu Tempo", "Let You Love Me", "Sweet but Psycho", "Girls (feat. Cardi B, Bebe Rexha & Charli XCX)", "Voices in My Head", "Hurts Like Hell (feat. Offset)", "Party for One"], "artists": ["Little Mix", "Anitta", "Rita Ora", "Ava Max", "Rita Ora", "Ashley Tisdale", "Madison Beer", "Carly Rae Jepsen"], "centerDistance": 0.80736425, "angle": 2.5043193542836732, "color": [3, 0]}, {"songs": ["Something's Gotta Give", "All These Years", "God is a Woman", "No Tears Left To Cry", "Call It What You Want", "Told You So", "BED (feat. Ariana Grande)", "IDGAF", "Lost In Japan", "The Heart Wants What It Wants", "Nervous", "Squeeze", "The Life", "Homesick", "The One That Got Away", "Almost Love", "Ferrari", "I Got You", "Curious", "Ganja Burns"], "artists": ["Camila Cabello", "Camila Cabello", "Ariana Grande", "Ariana Grande", "Taylor Swift", "Little Mix", "Nicki Minaj", "Dua Lipa", "Shawn Mendes", "Selena Gomez", "Shawn Mendes", "Fifth Harmony", "Fifth Harmony", "Dua Lipa", "Katy Perry", "Sabrina Carpenter", "Bebe Rexha", "Bebe Rexha", "Hayley Kiyoko", "Nicki Minaj"], "centerDistance": 0.7015327499999999, "angle": 3.6449213786830175, "color": [4, 0]}]