[{"songs": ["KELLY", "Butterfly", "we, diamonds", "Things I Imagined", "Exit Scott (interlude)", "FOOLISH", "Dose", "8th Grade", "Te Ligo Depois", "One Mo' Gen", "I'M DOWN", "Chi Chi (feat. Chris Brown)", "Bills, Bills, Bills", "Soul Survivor", "Sorry", "Bootylicious", "Velvet Rope", "Love on Top", "He Don't Want It", "Like This (Album Version)"], "artists": ["Kelly Rowland", "Kehlani", "Dawn Richard", "Solange", "Solange", "Meghan Trainor", "Ciara", "Mariah Carey", "Rouge", "Mariah Carey", "Meghan Trainor", "Trey Songz", "Destiny's Child", "Rita Ora", "Beyonc\u00e9", "Destiny's Child", "Rita Ora", "Beyonc\u00e9", "Tinashe", "Kelly Rowland"], "centerDistance": 0.5440273499999999, "angle": 4.677067383730641, "color": [0, 0]}, {"songs": ["Adore You"], "artists": ["Jessie Ware"], "centerDistance": 0.48560099999999995, "angle": 0.03532159665404855, "color": [1, 0]}, {"songs": ["Nights Like This (feat. Ty Dolla $ign)"], "artists": ["Kehlani"], "centerDistance": 0.336047, "angle": 1.582570192346246, "color": [2, 0]}, {"songs": ["Undecided"], "artists": ["Chris Brown"], "centerDistance": 0.667673, "angle": 1.582570192346246, "color": [2, 1]}, {"songs": ["sauce"], "artists": ["Dawn Richard"], "centerDistance": 0.35762799999999995, "angle": 3.1298187880384436, "color": [3, 0]}]