[{"songs": ["My My My!", "Plum", "Feelings", "What I Need (feat. Kehlani)"], "artists": ["Troye Sivan", "Troye Sivan", "Hayley Kiyoko", "Hayley Kiyoko"], "centerDistance": 0.8791209999999999, "angle": 4.791397660767171, "color": [0, 0]}, {"songs": ["Haze", "still feel.", "Bellyache", "you should see me in a crown", "TOOTIMETOOTIMETOOTIME", "\u041e\u0441\u0442\u0440\u043e\u0432", "Car Radio", "Legend", "Colors", "Television Romance", "i wanna be your girlfriend", "Why So Serious", "2", "Team", "Upper West Side", "Handmade Heaven", "Free Animal", "Buzzcut Season", "Carousel", "Shut Up and Dance"], "artists": ["Tessa Violet", "half\u2022alive", "Billie Eilish", "Billie Eilish", "The 1975", "\u041c\u044b", "Twenty One Pilots", "Twenty One Pilots", "Halsey", "Pale Waves", "Girl In Red", "Alice Merton", "\u041c\u044b", "Lorde", "King Princess", "Marina", "Foreign Air", "Lorde", "Melanie Martinez", "Walk the Moon"], "centerDistance": 0.831165955, "angle": 6.204176626797106, "color": [1, 0]}, {"songs": ["Give Yourself A Try", "Alphabet Boy"], "artists": ["The 1975", "Melanie Martinez"], "centerDistance": 0.9003826500000001, "angle": 1.2039937849482198, "color": [2, 0]}, {"songs": ["Bad Ideas", "Crush Culture"], "artists": ["Tessa Violet", "Conan Gray"], "centerDistance": 0.427332, "angle": 2.403850217438345, "color": [3, 0]}, {"songs": ["Holy"], "artists": ["King Princess"], "centerDistance": 0.881837, "angle": 3.6269917694104343, "color": [4, 0]}]