[{"songs": ["Roar", "Timber", "This Is How We Do", "Can't Remember to Forget You", "Do What U Want", "Applause", "Sugar", "Elastic Heart", "Lights", "Stay", "Just Give Me a Reason", "Heart Attack", "Neon Lights", "Slow Down", "Come & Get It", "Price Tag", "I Will Never Let You Down", "Call Me Maybe", "Toxic", "Pray To God"], "artists": ["Katy Perry", "Pitbull", "Katy Perry", "Shakira", "Lady Gaga", "Lady Gaga", "Maroon 5", "Sia", "Ellie Goulding", "Rihanna", "P!nk", "Demi Lovato", "Demi Lovato", "Selena Gomez", "Selena Gomez", "Jessie J", "Rita Ora", "Carly Rae Jepsen", "Britney Spears", "Calvin Harris"], "centerDistance": 0.5875984, "angle": 2.371312344518315, "color": [0, 0]}, {"songs": ["Royals", "Team"], "artists": ["Lorde", "Lorde"], "centerDistance": 0.6314894999999999, "angle": 3.5798544264025125, "color": [1, 0]}, {"songs": ["Bang Bang"], "artists": ["Jessie J"], "centerDistance": 0.28686599999999995, "angle": 4.788396508286711, "color": [2, 0]}, {"songs": ["Burn", "Stronger (What Doesn't Kill You)"], "artists": ["Ellie Goulding", "Kelly Clarkson"], "centerDistance": 0.6203555000000001, "angle": 6.207177779277566, "color": [3, 0]}, {"songs": ["Work B**ch", "Die Young", "Beauty and a Beat"], "artists": ["Britney Spears", "Ke$ha", "Justin Bieber"], "centerDistance": 0.7273873333333333, "angle": 1.1627702626341163, "color": [4, 0]}]