[{"songs": ["Younger"], "artists": ["Ruel"], "centerDistance": 0.0, "angle": 1.4131367215516866, "color": [0, 0]}, {"songs": ["Chasing Parties", "Faking It"], "artists": ["Sasha Sloan", "Sasha Sloan"], "centerDistance": 0.873695, "angle": 2.5882758386463314, "color": [1, 0]}, {"songs": ["What a Heavenly Way to Die", "Talia"], "artists": ["Troye Sivan", "King Princess"], "centerDistance": 0.9024581, "angle": 3.5949522041904727, "color": [2, 0]}, {"songs": ["Don't Tell Me", "There's No Way (feat. Julia Michaels)", "Water Fountain", "Swim", "come out and play", "The Story Never Ends", "The Village", "My My My!", "What I Need (feat. Kehlani)", "Over My Head", "Me Beija Com Raiva", "Infinity", "Groceries", "I Said Hi", "7 minutes", "Waves", "Crush Culture", "Mess Her Up", "Upper West Side", "Expectations (Overture)"], "artists": ["Ruel", "Lauv", "Alec Benjamin", "Alec Benjamin", "Billie Eilish", "Lauv", "Wrabel", "Troye Sivan", "Hayley Kiyoko", "Echosmith", "J\u00e3o", "Jaymes Young", "Mallrat", "Amy Shark", "Dean Lewis", "Dean Lewis", "Conan Gray", "Amy Shark", "King Princess", "Hayley Kiyoko"], "centerDistance": 0.8488110149999999, "angle": 4.645791346886431, "color": [3, 0]}, {"songs": ["idontwannabeyouanymore"], "artists": ["Billie Eilish"], "centerDistance": 0.85989, "angle": 0.06659763349825809, "color": [4, 0]}]