[{"songs": ["It's Time", "Little Talks", "Mr. Brightside", "Chasing Cars", "Somebody Told Me", "Some Nights", "Sex on Fire", "Use Somebody", "Laura Palmer", "Carry On", "Undercover Martyn", "Tongue Tied", "Ruby", "Run", "Crystalised", "Cough Syrup", "Call It What You Want", "Gold", "Anna Sun", "Breezeblocks"], "artists": ["Imagine Dragons", "Of Monsters and Men", "The Killers", "Snow Patrol", "The Killers", "fun.", "Kings of Leon", "Kings of Leon", "Bastille", "fun.", "Two Door Cinema Club", "Grouplove", "Kaiser Chiefs", "Snow Patrol", "The xx", "Young the Giant", "Foster the People", "Sir Sly", "Walk the Moon", "alt-J"], "centerDistance": 0.78143925, "angle": 2.1957322279877673, "color": [0, 0]}, {"songs": ["Afraid", "Female Robbery"], "artists": ["The Neighbourhood", "The Neighbourhood"], "centerDistance": 0.8447335, "angle": 3.353029567981463, "color": [1, 0]}, {"songs": ["Radioactive"], "artists": ["Imagine Dragons"], "centerDistance": 0.0, "angle": 4.713644008903783, "color": [2, 0]}, {"songs": ["Bad Blood", "Mountain Sound", "Coming of Age", "Crossfire"], "artists": ["Bastille", "Of Monsters and Men", "Foster the People", "Brandon Flowers"], "centerDistance": 0.8366317000000001, "angle": 6.281930278660493, "color": [3, 0]}, {"songs": ["Do I Wanna Know?", "R U Mine?"], "artists": ["Arctic Monkeys", "Arctic Monkeys"], "centerDistance": 0.77764, "angle": 1.1381365293741172, "color": [4, 0]}]