[{"songs": ["Blame Game (feat. John Legend)", "Runaway (feat. Pusha T)", "Company (feat. Travi$ Scott)", "Otis (feat. Otis Redding)", "Used To (feat. Lil Wayne)", "New Day", "Wesley's Theory (feat. George Clinton & Thundercat)", "One Man Can Change the World (feat. Kanye West & John Legend)", "Blockbuster Night Part 1", "Fire Squad", "Chain Smoker", "The Palisades (feat. Christian Rich)", "Cocoa Butter Kisses (ft. Vic Mensa & Twista)", "Basement Freestyle", "Don't Play (Feat. Big Sean & The 1975)", "Body of Work", "Fire Fly", "No Church in the Wild (feat. Frank Ocean)", "Cowboy", "Shot You Down (feat. Jay Rock & Schoolboy Q)"], "artists": ["Kanye West", "Kanye West", "Drake", "Jay-Z & Kanye West", "Drake", "Jay-Z & Kanye West", "Kendrick Lamar", "Big Sean", "Run the Jewels", "J. Cole", "Chance the Rapper", "Childish Gambino", "Chance the Rapper", "Travi$ Scott", "Travi$ Scott", "Lupe Fiasco", "Childish Gambino", "The Throne", "Tyler, the Creator", "Isaiah Rashad"], "centerDistance": 0.7769762499999999, "angle": 1.0995574287564276, "color": [0, 0]}, {"songs": ["Awkward"], "artists": ["Tyler, the Creator"], "centerDistance": 0.891211, "angle": 2.356194490192345, "color": [1, 0]}, {"songs": ["All Your Fault (feat. Kanye West)", "i", "Oh My Darling Don't Cry", "Phoenix", "The World Is Yours", "Like Me (feat. BJ the Chicago Kid)", "Gremlins"], "artists": ["Big Sean", "Kendrick Lamar", "Run the Jewels", "A$AP Rocky", "Nas", "Joey Bada$$", "Danny Brown"], "centerDistance": 0.8674384285714287, "angle": 3.612831551628262, "color": [2, 0]}, {"songs": ["Who Gon Stop Me", "No Scratches (feat. Nikki Jean)", "The Return (feat. Freddie Gibbs)", "The Rising (feat. Big Body Bes)"], "artists": ["The Throne", "Lupe Fiasco", "Danny Brown", "Action Bronson"], "centerDistance": 0.892877, "angle": 4.869468613064179, "color": [3, 0]}, {"songs": ["Long Live A$AP"], "artists": ["A$AP Rocky"], "centerDistance": 0.890861, "angle": 6.126105674500097, "color": [4, 0]}]