[{"songs": ["Needed Me", "Tell Me It's Over"], "artists": ["Rihanna", "Avril Lavigne"], "centerDistance": 0.6616165, "angle": 4.855888017862524, "color": [0, 0]}, {"songs": ["Saudade Daquilo"], "artists": ["IZA"], "centerDistance": 0.0, "angle": 6.139686269701752, "color": [1, 0]}, {"songs": ["Expectations", "Without Me"], "artists": ["Lauren Jauregui", "Halsey"], "centerDistance": 0.48672550000000003, "angle": 1.0108114100842576, "color": [2, 0]}, {"songs": ["Engano Seu", "Thank U, Next", "Pouca Pausa", "Seu Direito", "Imagine", "Tenho Voc\u00ea", "N\u00e3o Esque\u00e7o", "Formation", "Te Ligo Depois", "More Than That", "Monster In Me", "With You", "Pretty Hurts", "Notice", "Like I Do", "GTFO", "Say My Name", "Desperado", "Games", "Only Forever"], "artists": ["IZA", "Ariana Grande", "Clau", "Davi", "Ariana Grande", "Davi", "Niara", "Beyonc\u00e9", "Rouge", "Lauren Jauregui", "Little Mix", "Mariah Carey", "Beyonc\u00e9", "Little Mix", "Christina Aguilera", "Mariah Carey", "Destiny's Child", "Rihanna", "Demi Lovato", "Demi Lovato"], "centerDistance": 0.5866495500000001, "angle": 2.107222324247502, "color": [3, 0]}, {"songs": ["Nights Like This (feat. Ty Dolla $ign)", "Better"], "artists": ["Kehlani", "Khalid"], "centerDistance": 0.752562, "angle": 3.2348790269224867, "color": [4, 0]}]