[{"songs": ["What the Hell", "Here's to Never Growing Up", "Swish Swish (Feat. Nicki Minaj)", "Swish Swish", "So What", "Diamond Heart", "Youngblood", "Fake Happy", "Want You Back", "You Already Know (feat. Nicki Minaj)", "Dark Side", "Counting Stars", "Mr. Know It All", "Sucker", "Bloodline", "Break Up with Your Girlfriend, I'm Bored", "Last Hurrah", "Love Me & Let Me Go", "Sucker", "Superstar"], "artists": ["Avril Lavigne", "Avril Lavigne", "Katy Perry", "Katy Perry", "P!nk", "Lady Gaga", "5 Seconds of Summer", "Paramore", "5 Seconds of Summer", "Fergie", "Kelly Clarkson", "OneRepublic", "Kelly Clarkson", "Charli XCX", "Ariana Grande", "Ariana Grande", "Bebe Rexha", "Ashley Tisdale", "Jonas Brothers", "Marina"], "centerDistance": 0.7713544950000001, "angle": 3.4997658360591934, "color": [0, 0]}, {"songs": ["Walk Me Home"], "artists": ["P!nk"], "centerDistance": 0.0, "angle": 4.529312842633736, "color": [1, 0]}, {"songs": ["hope is a dangerous thing for a woman like me to have - but i have it", "LBD"], "artists": ["Lana Del Rey", "Becky G"], "centerDistance": 0.976394, "angle": 0.18307613775095355, "color": [2, 0]}, {"songs": ["Handmade Heaven", "Flux", "Now That I Found You", "No Drug Like Me"], "artists": ["Marina", "Ellie Goulding", "Carly Rae Jepsen", "Carly Rae Jepsen"], "centerDistance": 0.9660092, "angle": 1.5275893295232166, "color": [3, 0]}, {"songs": ["Swan Song (From The Motion Picture \"Alita: Battle Angel\")"], "artists": ["Dua Lipa"], "centerDistance": 0.9649074, "angle": 2.513677582791205, "color": [4, 0]}]