[{"songs": ["No Candle No Light", "Dancing With a Stranger", "New Rules", "Love Lies", "Attention", "How Long", "Familiar", "Youth", "Back to You", "La La La", "Strip That Down", "Let Me", "Rewrite The Stars", "In My Blood", "Hurts Like Hell", "Dark Horse", "Side To Side", "No Tears Left To Cry", "Burn", "Blurred Lines"], "artists": ["Zayn", "Sam Smith", "Dua Lipa", "Khalid", "Charlie Puth", "Charlie Puth", "Liam Payne", "Shawn Mendes", "Louis Tomlinson", "Naughty Boy", "Liam Payne", "Zayn", "James Arthur", "Shawn Mendes", "Madison Beer", "Katy Perry", "Ariana Grande", "Ariana Grande", "Ellie Goulding", "Robin Thicke"], "centerDistance": 0.42962585, "angle": 1.084715159158872, "color": [0, 0]}, {"songs": ["Just Like You"], "artists": ["Louis Tomlinson"], "centerDistance": 0.684202, "angle": 2.21726169264299, "color": [1, 0]}, {"songs": ["Shallow", "Say You Won't Let Go", "2002", "Ciao Adios", "Growing Pains"], "artists": ["Lady Gaga", "James Arthur", "Anne-Marie", "Anne-Marie", "Alessia Cara"], "centerDistance": 0.5626078, "angle": 3.353196036714867, "color": [2, 0]}, {"songs": ["Too Good at Goodbyes", "Think About Us", "My My My!"], "artists": ["Sam Smith", "Little Mix", "Troye Sivan"], "centerDistance": 0.60888, "angle": 4.769330623878348, "color": [3, 0]}, {"songs": ["Say Something", "Can't Stop The Feeling! (Original Song From Dreamworks Animation's \"Trolls\")", "IDGAF", "Better"], "artists": ["Justin Timberlake", "Justin Timberlake", "Dua Lipa", "Khalid"], "centerDistance": 0.44496099999999994, "angle": 6.226243663685928, "color": [4, 0]}]