[{"songs": ["Girls Like You (feat. Cardi B)", "Say You Won't Let Go", "2002", "Find You", "Ciao Adios", "Sucker"], "artists": ["Maroon 5", "James Arthur", "Anne-Marie", "Nick Jonas", "Anne-Marie", "Jonas Brothers"], "centerDistance": 0.709691, "angle": 1.1161013912723954, "color": [0, 0]}, {"songs": ["Too Much (feat. Timbaland)", "I Don\u2019t Wanna Live Forever (Fifty Shades Darker) - From \"Fifty Shades Darker (Original Motion Picture Soundtrack)\"", "Side To Side", "Familiar", "Expectations", "Beautiful (feat. Camila Cabello)", "In My Blood", "God is a Woman", "IDGAF", "Fire On Fire - From \"Watership Down\"", "Attention", "New Rules", "Night Changes", "OMG", "chAiNEd tO the RhyTHM", "In the Dark", "You & I", "How Long", "BED (feat. Ariana Grande)", "Bad At Love"], "artists": ["Zayn", "Zayn", "Ariana Grande", "Liam Payne", "Lauren Jauregui", "bazzi", "Shawn Mendes", "Ariana Grande", "Dua Lipa", "Sam Smith", "Charlie Puth", "Dua Lipa", "One Direction", "Camila Cabello", "Katy Perry", "Camila Cabello", "One Direction", "Charlie Puth", "Nicki Minaj", "Halsey"], "centerDistance": 0.5808799, "angle": 2.279677051914145, "color": [1, 0]}, {"songs": ["Strip That Down", "Dancing With a Stranger (with Normani)", "Bad Liar", "I'll Never Love Again - Film Version", "Say Something", "All Night"], "artists": ["Liam Payne", "Sam Smith", "Selena Gomez", "Lady Gaga", "Justin Timberlake", "The Vamps"], "centerDistance": 0.6301141666666666, "angle": 3.4431324852721517, "color": [2, 0]}, {"songs": ["Back to You (feat. Bebe Rexha & Digital Farm Animals)", "Just Like You"], "artists": ["Louis Tomlinson", "Louis Tomlinson"], "centerDistance": 0.5564245, "angle": 4.762384686793757, "color": [3, 0]}, {"songs": ["Woman Like Me (feat. Nicki Minaj)", "Think About Us"], "artists": ["Little Mix", "Little Mix"], "centerDistance": 0.6525025, "angle": 6.23318960077052, "color": [4, 0]}]