[{"songs": ["Better", "Youth (feat. Khalid)", "Sick Boy", "Everybody Hates Me", "Honest", "Movimento (feat. IZA)", "3:15", "Seasons (Feat. Khalid)", "No Excuses", "Talk To Me", "Natural", "Keep Talking (feat. Julia Michaels)", "Perfect", "All We Know", "Baby, You Make Me Crazy", "Song About You", "The Reason", "Mama Look At Me Now", "Only Want You (feat. 6LACK)", "Promises (with Sam Smith)"], "artists": ["Khalid", "Shawn Mendes", "The Chainsmokers", "The Chainsmokers", "bazzi", "Aretuza Lovi", "bazzi", "6LACK", "Meghan Trainor", "Zayn", "Zayn", "Rita Ora", "Topic", "Alessia Cara", "Sam Smith", "Mike Posner", "Chelsea Cutler", "Galantis", "Rita Ora", "Calvin Harris"], "centerDistance": 0.7591173799999998, "angle": 2.417448598445367, "color": [0, 0]}, {"songs": ["Saved", "Out of Love", "Let Me Go (with Alesso, Florida Georgia Line & watt)", "Solo (feat. Demi Lovato)"], "artists": ["Khalid", "Alessia Cara", "Hailee Steinfeld", "Clean Bandit"], "centerDistance": 0.858073475, "angle": 3.6099581744956746, "color": [1, 0]}, {"songs": ["I'm a Mess"], "artists": ["Bebe Rexha"], "centerDistance": 0.9697197, "angle": 4.7844922118250786, "color": [2, 0]}, {"songs": ["Back To You - From 13 Reasons Why \u2013 Season 2 Soundtrack", "Consequences - orchestra"], "artists": ["Selena Gomez", "Camila Cabello"], "centerDistance": 0.9665187, "angle": 6.211082075739197, "color": [3, 0]}, {"songs": ["lovely (with Khalid)", "I Can\u2019t Get Enough (benny blanco, Selena Gomez, J Balvin, Tainy)"], "artists": ["Billie Eilish", "Benny Blanco"], "centerDistance": 0.4983262, "angle": 1.2429145611159633, "color": [4, 0]}]