[{"songs": ["High", "Confidently Lost", "Orion's Belt", "everytime", "EX", "Blazed (feat. Pharrell Williams)", "Me & You", "Heartless", "you should see me in a crown", "The Love Club", "Whisky", "In The Next Life", "Too Much", "Candid", "Wine Pon You (feat. Konshens)", "Sanctify", "Dopemang (feat. Ashley All Day)", "Natural", "No Other Way", "Professional"], "artists": ["Alina Baraz", "Sabrina Claudio", "Sabrina Claudio", "Ariana Grande", "Kiana Led\u00e9", "Ariana Grande", "Njomza", "Madison Beer", "Billie Eilish", "Lorde", "Marian Hill", "Kim Petras", "Kehlani", "Kllo", "Doja Cat", "Years & Years", "Kiiara", "Zayn", "Sinead Harnett", "The Weeknd"], "centerDistance": 0.8518672800000001, "angle": 1.0769781610260374, "color": [0, 0]}, {"songs": ["Floating (feat. Khalid)"], "artists": ["Alina Baraz"], "centerDistance": 0.0, "angle": 2.1586777650474422, "color": [1, 0]}, {"songs": ["Fools"], "artists": ["Madison Beer"], "centerDistance": 0.9293074, "angle": 3.2403773690688475, "color": [2, 0]}, {"songs": ["Eyes Closed", "Heaven in Hiding"], "artists": ["Halsey", "Halsey"], "centerDistance": 0.92397725, "angle": 4.717110423380058, "color": [3, 0]}, {"songs": ["I Can Only. (feat. Alessia Cara)"], "artists": ["JoJo"], "centerDistance": 0.9494203, "angle": 6.278463864184219, "color": [4, 0]}]