[{"songs": ["Safe Inside", "Take Your Love", "Hold My Girl", "None of my Business", "All I Am", "Love Made Me Do It", "Fingers", "Let Me", "Mark On My Heart", "I'll Be There", "Shotgun", "Us", "Dancing On My Own", "Guiding Light", "Close To Me", "On the Loose", "TOOTIMETOOTIMETOOTIME", "Favourite Thing", "Happyland", "Where Were You in the Morning?"], "artists": ["James Arthur", "Olly Murs", "George Ezra", "Cher Lloyd", "Jess Glynne", "Cheryl", "Zayn", "Zayn", "Olly Murs", "Jess Glynne", "George Ezra", "James Bay", "Calum Scott", "Mumford & Sons", "Ellie Goulding", "Niall Horan", "The 1975", "Fleur East", "M\u00e5ns Zelmerl\u00f6w", "Shawn Mendes"], "centerDistance": 0.6017863499999999, "angle": 4.816114497847739, "color": [0, 0]}, {"songs": ["Perfect To Me", "Let You Love Me"], "artists": ["Anne-Marie", "Rita Ora"], "centerDistance": 0.198121, "angle": 6.179459789716537, "color": [1, 0]}, {"songs": ["Naked"], "artists": ["James Arthur"], "centerDistance": 0.0, "angle": 1.1262344863646483, "color": [2, 0]}, {"songs": ["Sincerity Is Scary"], "artists": ["The 1975"], "centerDistance": 0.791002, "angle": 2.3561944901923457, "color": [3, 0]}, {"songs": ["Fire On Fire"], "artists": ["Sam Smith"], "centerDistance": 0.485356, "angle": 3.586154494020043, "color": [4, 0]}]