[{"songs": ["Everything Has Changed", "BED (feat. Ariana Grande)", "End Game (feat. Ed Sheeran & Future)", "Galway Girl", "Happier", "Don't Let Me Be Yours", "18", "Loveeeeeee Song", "Thursday", "No Tears Left To Cry", "Side To Side", "Never Be The Same", "Wolves", "1999", "Good for You", "She Loves Control", "Kiss and Make Up", "IDGAF", "Medicina", "Without Me"], "artists": ["Taylor Swift", "Nicki Minaj", "Taylor Swift", "Ed Sheeran", "Ed Sheeran", "Zara Larsson", "One Direction", "Rihanna", "Jess Glynne", "Ariana Grande", "Ariana Grande", "Camila Cabello", "Selena Gomez", "Charli XCX", "Selena Gomez", "Camila Cabello", "Dua Lipa", "Dua Lipa", "Anitta", "Halsey"], "centerDistance": 0.841893945, "angle": 2.3580981601174047, "color": [0, 0]}, {"songs": ["Shallow", "Sorry Not Sorry", "Woman Like Me (feat. Nicki Minaj)", "Dance to This (feat. Ariana Grande)", "Think About Us", "My My My!", "Ruin My Life"], "artists": ["Lady Gaga", "Demi Lovato", "Little Mix", "Troye Sivan", "Little Mix", "Troye Sivan", "Zara Larsson"], "centerDistance": 0.9774922857142857, "angle": 3.5829732390157436, "color": [1, 0]}, {"songs": ["Head Above Water"], "artists": ["Avril Lavigne"], "centerDistance": 0.9787650999999999, "angle": 4.805612640259614, "color": [2, 0]}, {"songs": ["I'm a Mess"], "artists": ["Bebe Rexha"], "centerDistance": 0.978898, "angle": 6.189961647304661, "color": [3, 0]}, {"songs": ["Veneno", "Green Light", "Majesty (with Labrinth & feat. Eminem)"], "artists": ["Anitta", "Lorde", "Nicki Minaj"], "centerDistance": 0.9779711666666667, "angle": 1.1294157413689456, "color": [4, 0]}]