[{"songs": ["Wasted Times", "Going Bad (feat. Drake)"], "artists": ["The Weeknd", "Meek Mill"], "centerDistance": 0.9479441, "angle": 3.600772166451047, "color": [0, 0]}, {"songs": ["Pretty Little Fears (feat. J. Cole)", "The Weekend"], "artists": ["6LACK", "SZA"], "centerDistance": 0.94663795, "angle": 4.845349842709748, "color": [1, 0]}, {"songs": ["Shoota (feat. Lil Uzi Vert)"], "artists": ["Playboi Carti"], "centerDistance": 0.9562573, "angle": 6.150224444854528, "color": [2, 0]}, {"songs": ["Antidote", "F*ck Up Some Commas", "Too Young", "Best Friend", "2 Phones", "Random", "Permission", "Back To Sleep", "Only One", "Liquor", "Don't", "Coffee", "For However Long", "Come and See Me (feat. Drake)", "Jungle", "Teenage Fever", "Break from Toronto", "PRBLMS", "Deja Vu", "Crew (feat. Brent Faiyaz & Shy Glizzy)"], "artists": ["Travi$ Scott", "Future", "Post Malone", "Young Thug", "Kevin Gates", "G-Eazy", "Ro James", "Chris Brown", "Kanye West", "Chris Brown", "Bryson Tiller", "Miguel", "Bryson Tiller", "PARTYNEXTDOOR", "Drake", "Drake", "PARTYNEXTDOOR", "6LACK", "J. Cole", "GoldLink"], "centerDistance": 0.591409365, "angle": 1.1116168139336429, "color": [3, 0]}, {"songs": ["Wanted You (feat. Lil Uzi Vert)"], "artists": ["NAV"], "centerDistance": 0.9592879, "angle": 2.356194490192344, "color": [4, 0]}]