[{"songs": ["Four Out of Five", "The Less I Know the Better", "Put Your Money on Me"], "artists": ["Arctic Monkeys", "Tame Impala", "Arcade Fire"], "centerDistance": 0.8674203333333335, "angle": 4.854153383501547, "color": [0, 0]}, {"songs": ["On The Luna", "White Onions", "Tokyo", "HARMONY HALL", "WRONG VIBRATION", "Fine Mess", "Never Alone", "Fever", "Landslide", "WHEN I DIE", "Fluctuate", "Land Of The Free", "2021", "Mexican Dress", "Evil", "The Suburbs", "When You Die", "What You Know", "Sun", "The Look"], "artists": ["Foals", "Foals", "White Lies", "Vampire Weekend", "Balthazar", "Interpol", "White Lies", "Balthazar", "Beirut", "Beirut", "Catfish and The Bottlemen", "The Killers", "Vampire Weekend", "Blood Red Shoes", "Interpol", "Arcade Fire", "MGMT", "Two Door Cinema Club", "Two Door Cinema Club", "Metronomy"], "centerDistance": 0.7398762500000001, "angle": 6.14142090406273, "color": [1, 0]}, {"songs": ["Banquet", "Helicopter"], "artists": ["Bloc Party", "Bloc Party"], "centerDistance": 0.8676349999999999, "angle": 1.1068958838309157, "color": [2, 0]}, {"songs": ["The System Only Dreams in Total Darkness", "Day I Die"], "artists": ["The National", "The National"], "centerDistance": 0.8751800000000001, "angle": 2.380761780574936, "color": [3, 0]}, {"songs": ["Take Me Out", "Breezeblocks", "R U Mine?", "Club Foot", "Love It If We Made It", "Reptilia", "Mr. Brightside", "Future Starts Slow", "Sex on Fire", "The Funeral", "Last Nite"], "artists": ["Franz Ferdinand", "alt-J", "Arctic Monkeys", "Kasabian", "The 1975", "The Strokes", "The Killers", "The Kills", "Kings of Leon", "Band of Horses", "The Strokes"], "centerDistance": 0.8901778999999999, "angle": 3.6174575820382415, "color": [4, 0]}]