[{"songs": ["Thank U, Next", "She Loves Control", "Notice", "Beautiful (feat. Camila Cabello)", "In the Dark", "Waves (feat. 6LACK)", "Tell Me You Love Me", "Want To", "Games", "With You", "Work from Home (feat. Ty Dolla $ign)", "Love On The Brain", "BO$$", "The Distance (feat. Ty Dolla $ign)", "Is That Alright?", "Rainberry", "Velvet Rope", "Dead", "Seu Direito", "Entertainer"], "artists": ["Ariana Grande", "Camila Cabello", "Little Mix", "bazzi", "Camila Cabello", "Normani", "Demi Lovato", "Dua Lipa", "Demi Lovato", "Mariah Carey", "Fifth Harmony", "Rihanna", "Fifth Harmony", "Mariah Carey", "Lady Gaga", "Zayn", "Rita Ora", "Madison Beer", "Davi", "Zayn"], "centerDistance": 0.57488915, "angle": 3.5605152660687835, "color": [0, 0]}, {"songs": ["Without Me", "breathin"], "artists": ["Halsey", "Ariana Grande"], "centerDistance": 0.259218, "angle": 4.796939607866348, "color": [1, 0]}, {"songs": ["Think About Us", "Dona de Mim", "Tell Me It's Over", "Girls (feat. Cardi B, Bebe Rexha & Charli XCX)", "Better", "Needed Me"], "artists": ["Little Mix", "IZA", "Avril Lavigne", "Rita Ora", "Khalid", "Rihanna"], "centerDistance": 0.5988093333333333, "angle": 6.1986346796979275, "color": [2, 0]}, {"songs": ["Growing Pains", "My My My!", "Heaven in Hiding", "What I Need (feat. Kehlani)"], "artists": ["Alessia Cara", "Troye Sivan", "Halsey", "Hayley Kiyoko"], "centerDistance": 0.7376425, "angle": 1.0956072319542223, "color": [3, 0]}, {"songs": ["More Than That", "Nights Like This (feat. Ty Dolla $ign)"], "artists": ["Lauren Jauregui", "Kehlani"], "centerDistance": 0.3373265, "angle": 2.3446507153882443, "color": [4, 0]}]