[{"songs": ["Sunflower - Spider-Man: Into the Spider-Verse", "No FRauDS", "Rake It Up", "Twerk (feat. Cardi B)", "Fancy", "Work", "Bartier Cardi (feat. 21 Savage)", "Make Up", "Apeshit", "I'm Upset", "Backin' It Up (feat. Cardi B)", "Otherside", "Senile", "Girls Have Fun (feat. G-Eazy & Rich The Kid)", "Airplanes (feat. Hayley Williams)", "Opulence", "Fab. (feat. Remy Ma)", "Ginga (Participa\u00e7\u00e3o especial de Rincon Sapi\u00eancia)", "Quiz", "Beast Mode"], "artists": ["Post Malone", "Nicki Minaj", "Yo Gotti", "City Girls", "Iggy Azalea", "Iggy Azalea", "Cardi B", "Ariana Grande", "The Carters", "Drake", "Pardison Fontaine", "Post Malone", "Young Money", "Tyga", "B.o.B", "Brooke Candy", "JoJo", "IZA", "CupcakKe", "B.o.B"], "centerDistance": 0.7552074500000001, "angle": 4.863837650195529, "color": [0, 0]}, {"songs": ["679 (Feat. Remy Boyz)", "Black Beatles", "Rack City"], "artists": ["Fetty Wap", "Rae Sremmurd", "Tyga"], "centerDistance": 0.8733183333333333, "angle": 6.131736637368746, "color": [1, 0]}, {"songs": ["Majesty (with Labrinth & feat. Eminem)", "I Do (feat. SZA)"], "artists": ["Nicki Minaj", "Cardi B"], "centerDistance": 0.6485835, "angle": 1.102372910190753, "color": [2, 0]}, {"songs": ["Nonstop"], "artists": ["Drake"], "centerDistance": 0.8167949999999999, "angle": 2.356194490192344, "color": [3, 0]}, {"songs": ["Act Up"], "artists": ["City Girls"], "centerDistance": 0.89218, "angle": 3.610016070193936, "color": [4, 0]}]