[{"songs": ["Ghost Town (feat. PARTYNEXTDOOR)", "Waves", "Freeee (Ghost Town, Pt. 2) [feat. Ty Dolla $ign]", "Otis (feat. Otis Redding)", "Ni**as in Paris", "Jukebox Joints (feat. Joe Fox x Kanye West)", "Overdue (feat. Travis Scott)", "Purity (feat. Frank Ocean)", "The Library (Intro)", "untitled 02 l 06.23.2014.", "Only 1 (Interlude) [feat. Travis Scott]", "GHOST!", "I Love It", "Solo Dolo (Nightmare)", "untitled 03 l 05.28.2013.", "4:44", "From Time (feat. Jhene Aiko)", "The Man Who Has Everything", "6 God", "What's Free (feat. Rick Ross & JAY-Z)"], "artists": ["Kanye West", "Kanye West", "Kids See Ghosts", "Jay-Z & Kanye West", "Jay-Z & Kanye West", "A$AP Rocky", "Metro Boomin", "A$AP Rocky", "Childish Gambino", "Kendrick Lamar", "Metro Boomin", "Kid Cudi", "Kanye West & Lil Pump", "Kid Cudi", "Kendrick Lamar", "Jay-Z", "Drake", "Chance the Rapper", "Drake", "Meek Mill"], "centerDistance": 0.5456583500000001, "angle": 3.504054072527598, "color": [0, 0]}, {"songs": ["Plastic"], "artists": ["Jaden Smith"], "centerDistance": 0.812626, "angle": 4.667189869747743, "color": [1, 0]}, {"songs": ["OKRA", "Crushed Up", "robbery"], "artists": ["Tyler, the Creator", "Future", "Juice WRLD"], "centerDistance": 0.7671356666666665, "angle": 0.045199110636946926, "color": [2, 0]}, {"songs": ["Kids See Ghosts (feat. Yasiin Bey)", "Life"], "artists": ["Kids See Ghosts", "Saba"], "centerDistance": 0.518105, "angle": 1.1937305647306538, "color": [3, 0]}, {"songs": ["What Would Meek Do? (feat. Kanye West)", "Hard Piano (feat. Rick Ross)"], "artists": ["Pusha T", "Pusha T"], "centerDistance": 0.490131, "angle": 2.3422620188243606, "color": [4, 0]}]