[{"songs": ["Connection", "Start Again (feat. Logic)"], "artists": ["OneRepublic", "OneRepublic"], "centerDistance": 0.672477, "angle": 4.810601246221862, "color": [0, 0]}, {"songs": ["Beautiful Trauma", "Girls Like You (feat. Cardi B)", "John Wayne", "This Love", "Boyfriend"], "artists": ["P!nk", "Maroon 5", "Lady Gaga", "Maroon 5", "Ashlee Simpson"], "centerDistance": 0.738109, "angle": 6.184973041342414, "color": [1, 0]}, {"songs": ["Bigger Wow", "Want You Back"], "artists": ["Avril Lavigne", "5 Seconds of Summer"], "centerDistance": 0.5904475, "angle": 1.0910608958181474, "color": [2, 0]}, {"songs": ["Whataya Want from Me", "Never Close Our Eyes", "One Less Day (Dying Young)", "Chances", "I Just Want People To Like Me", "Gold", "Dumb Blonde", "GOOD MORNIN' (feat. GARY TRAINOR)", "In My Blood", "Diamond Heart", "Leave Me Alone (I'm Lonely)", "Mr. Know It All", "Voices in My Head", "You Give Love A Bad Name", "Drinking Alone", "Dark Side", "Pieces", "Battlefield", "End Up With You", "Ferrari"], "artists": ["Adam Lambert", "Adam Lambert", "Rob Thomas", "Backstreet Boys", "Robbie Williams", "Robbie Williams", "Avril Lavigne", "Meghan Trainor", "Shawn Mendes", "Lady Gaga", "P!nk", "Kelly Clarkson", "Ashley Tisdale", "Blake Lewis", "Carrie Underwood", "Kelly Clarkson", "Rob Thomas", "Jordin Sparks", "Carrie Underwood", "Bebe Rexha"], "centerDistance": 0.57214025, "angle": 2.2500903592130364, "color": [3, 0]}, {"songs": ["Sucker", "Find You"], "artists": ["Jonas Brothers", "Nick Jonas"], "centerDistance": 0.39446600000000004, "angle": 3.4320114650647504, "color": [4, 0]}]