[{"songs": ["Crystalised", "Breezeblocks", "Crossfire"], "artists": ["The xx", "alt-J", "Brandon Flowers"], "centerDistance": 0.8740139666666668, "angle": 4.783613775975928, "color": [0, 0]}, {"songs": ["Coming of Age", "Don't Stop (Color on the Walls)"], "artists": ["Foster the People", "Foster the People"], "centerDistance": 0.8975595000000001, "angle": 6.211960511588348, "color": [1, 0]}, {"songs": ["Bad Blood", "Radioactive"], "artists": ["Bastille", "Imagine Dragons"], "centerDistance": 0.8583385, "angle": 1.0728107919482248, "color": [2, 0]}, {"songs": ["Let It Go", "Staying Up", "I Wanna Be Yours", "505", "Battle Cry", "Nicotine", "Vegas Lights", "Gold", "Intro", "Night Time", "Fallingforyou", "Undercover Martyn", "Bones", "Carousel", "Ooh La", "Run Boy Run", "Black Beauty", "Loud Like Love", "Little Talks", "Fire"], "artists": ["The Neighbourhood", "The Neighbourhood", "Arctic Monkeys", "Arctic Monkeys", "Imagine Dragons", "Panic! at the Disco", "Panic! at the Disco", "Sir Sly", "alt-J", "The xx", "The 1975", "Two Door Cinema Club", "MS MR", "Melanie Martinez", "The Kooks", "Woodkid", "Lana Del Rey", "Placebo", "Of Monsters and Men", "Kasabian"], "centerDistance": 0.787783575, "angle": 2.216846379487688, "color": [3, 0]}, {"songs": ["Pompeii", "Club Foot", "My Mistakes Were Made for You"], "artists": ["Bastille", "Kasabian", "The Last Shadow Puppets"], "centerDistance": 0.8978678333333333, "angle": 3.502340823390819, "color": [4, 0]}]