[{"songs": ["Ned Flanders (feat. A$AP Ferg)", "Outstanding"], "artists": ["MADEINTYO", "MADEINTYO"], "centerDistance": 0.7365075000000001, "angle": 4.772016571774107, "color": [0, 0]}, {"songs": ["Overdue (with Travis Scott)", "Yacht Club (feat. Juice WRLD)", "wokeuplikethis*"], "artists": ["Metro Boomin", "Lil Yachty", "Playboi Carti"], "centerDistance": 0.659768, "angle": 6.223557715790169, "color": [1, 0]}, {"songs": ["Astronauts", "Hard Work Pays Off", "1400 / 999 Freestyle", "No Stylist", "All Girls Are The Same", "ZEZE (feat. Travis Scott  Offset)", "Splashin", "Wasted (feat. Lil Uzi Vert)", "Chanel (Go Get It) [feat. Gunna & Lil Baby]", "Look Back At It", "Praise The Lord (Da Shine)", "Demons and Angels (feat. Juice WRLD)", "Sold Out Dates (feat. Lil Baby)", "Nephew (feat. Lil Pump)", "Negative Energy", "I Love It (& Lil Pump)", "Hopeless Romantic (feat. Swae Lee)", "Fr Fr (feat. Lil Skies)", "Look Alive (feat. Drake)", "Plug Walk"], "artists": ["Future", "Future", "Trippie Redd", "French Montana", "Juice WRLD", "Kodak Black", "Rich The Kid", "Juice WRLD", "Young Thug", "A Boogie Wit da Hoodie", "A$AP Rocky", "A Boogie Wit da Hoodie", "Gunna", "smokepurpp", "Trippie Redd", "Kanye West", "Wiz Khalifa", "Wiz Khalifa", "BlocBoy JB", "Rich The Kid"], "centerDistance": 0.59378185, "angle": 1.3298501755076506, "color": [2, 0]}, {"songs": ["Yes Indeed", "Walk It Talk It", "Japan", "Pick It Up (Feat. A$AP Rocky)"], "artists": ["Lil Baby", "Migos", "Famous Dex", "Famous Dex"], "centerDistance": 0.729678, "angle": 2.517868528055523, "color": [3, 0]}, {"songs": ["Space Cadet (feat. Gunna)", "KIKA (feat. Tory Lanez)", "MoshPit (feat. Juice WRLD)", "a lot", "all my friends", "Murder On My Mind"], "artists": ["Metro Boomin", "6ix9ine", "Kodak Black", "21 Savage", "21 Savage", "YNW Melly"], "centerDistance": 0.6735576666666666, "angle": 3.64831882516466, "color": [4, 0]}]