[{"songs": ["Hold Up", "Apeshit", "Nice", "Needed Me", "Barbie Dreams", "Dangerous Woman", "Desperado", "Lose My Breath", "Say My Name", "Perfect Illusion", "M.I.L.F. $", "Shout Out To My Ex", "Why did you do that?", "Dark Horse", "Power", "Tokyo Snow Trip", "LUsT FoR lifE (feAt. ThE weeKnD)", "The Cure", "The Distance (feat. Ty Dolla $ign)", "With You"], "artists": ["Beyonc\u00e9", "The Carters", "The Carters", "Rihanna", "Nicki Minaj", "Ariana Grande", "Rihanna", "Destiny's Child", "Destiny's Child", "Lady Gaga", "Fergie", "Little Mix", "Lady Gaga", "Katy Perry", "Katy Perry", "Iggy Azalea", "Lana Del Rey", "Little Mix", "Mariah Carey", "Mariah Carey"], "centerDistance": 0.7563987, "angle": 3.569287474534827, "color": [0, 0]}, {"songs": ["Like I Do (feat. GoldLink)", "Accelerate (feat. Ty Dolla $ign & 2 Chainz)"], "artists": ["Christina Aguilera", "Christina Aguilera"], "centerDistance": 0.8765780000000001, "angle": 4.7537024389923435, "color": [1, 0]}, {"songs": ["Sober II (Melodrama)", "Throw a Fit", "Nights Like This (feat. Ty Dolla $ign)", "Stay Flo", "Wasted Times"], "artists": ["Lorde", "Tinashe", "Kehlani", "Solange", "The Weeknd"], "centerDistance": 0.88815236, "angle": 6.2418718485719324, "color": [2, 0]}, {"songs": ["Sorry", "Good Form", "7 rings", "Angel"], "artists": ["Beyonc\u00e9", "Nicki Minaj", "Ariana Grande", "Fifth Harmony"], "centerDistance": 0.56554425, "angle": 1.120037015748128, "color": [3, 0]}, {"songs": ["Sorry Not Sorry", "Don't Say You Love Me", "Sorry"], "artists": ["Demi Lovato", "Fifth Harmony", "Halsey"], "centerDistance": 0.8747283333333332, "angle": 2.28138749010391, "color": [4, 0]}]