[{"songs": ["lEvEL uP", "Dose", "Ganja Burns", "BED (feat. Ariana Grande)", "God is a Woman", "everytime", "Pipe (feat. XNDA)", "Dona da Minha Vida", "Ooh La La", "Me So Bad (feat. Ty Dolla $ign & French Montana)", "Play", "If", "Nasty", "Forget You Not", "Petty", "Falling to Pieces", "I Don't Need a Man", "If You Had My Love", "Bootylicious", "Lose My Breath"], "artists": ["Ciara", "Ciara", "Nicki Minaj", "Nicki Minaj", "Ariana Grande", "Ariana Grande", "Christina Aguilera", "Rouge", "Tinashe", "Tinashe", "Jessie J", "Janet Jackson", "Janet Jackson", "Little Mix", "Jessie J", "Rita Ora", "The Pussycat Dolls", "Jennifer Lopez", "Destiny's Child", "Destiny's Child"], "centerDistance": 0.7031648999999999, "angle": 1.0995574287564276, "color": [0, 0]}, {"songs": ["Like I Do (feat. GoldLink)"], "artists": ["Christina Aguilera"], "centerDistance": 0.731242, "angle": 2.356194490192345, "color": [1, 0]}, {"songs": ["Woman Like Me (feat. Nicki Minaj)", "Girls (feat. Cardi B, Bebe Rexha & Charli XCX)", "All The Ways"], "artists": ["Little Mix", "Rita Ora", "Meghan Trainor"], "centerDistance": 0.7950149999999999, "angle": 3.612831551628262, "color": [2, 0]}, {"songs": ["Missing U", "M.I.L.F. $"], "artists": ["Robyn", "Fergie"], "centerDistance": 0.8303695, "angle": 4.869468613064179, "color": [3, 0]}, {"songs": ["Mine", "Sad"], "artists": ["Bebe Rexha", "Bebe Rexha"], "centerDistance": 0.8102864999999999, "angle": 6.126105674500097, "color": [4, 0]}]