[{"songs": ["Legends", "can't leave without it", "Speed It Up", "Paranoid", "RACKS BLUE", "Keep In Touch (Feat. Bryson Tiller)", "FeRRis WhEEL (feat. Trippie Redd)", "Missing My Idols", "Fire & Desire", "Marvins Room", "Otherside", "SAD!", "Splashin", "Moonlight", "Narcos", "Fine China", "Take One", "robbery", "Beasty", "asmr"], "artists": ["Juice WRLD", "21 Savage", "Gunna", "Post Malone", "Future", "Tory Lanez", "Tory Lanez", "Trippie Redd", "Drake", "Drake", "Post Malone", "xxxtentacion", "Rich The Kid", "xxxtentacion", "Migos", "Future", "Kodak Black", "Juice WRLD", "A Boogie Wit da Hoodie", "21 Savage"], "centerDistance": 0.7495917999999999, "angle": 1.2382203961710667, "color": [0, 0]}, {"songs": ["Space Cadet (feat. Gunna)", "10 Freaky Girls (feat. 21 Savage)", "KIKA (feat. Tory Lanez)", "Betrayed"], "artists": ["Metro Boomin", "Metro Boomin", "6ix9ine", "Lil Xan"], "centerDistance": 0.75627975, "angle": 2.4152805065153222, "color": [1, 0]}, {"songs": ["Yikes", "KOD"], "artists": ["Kanye West", "J. Cole"], "centerDistance": 0.804809, "angle": 3.5763578454530087, "color": [2, 0]}, {"songs": ["Shake It Up", "One Call", "MoshPit (feat. Juice WRLD)"], "artists": ["Trippie Redd", "Gunna", "Kodak Black"], "centerDistance": 0.7449603333333332, "angle": 4.669369057280816, "color": [3, 0]}, {"songs": ["Wanted You (feat. Lil Uzi Vert)", "Know Me"], "artists": ["NAV", "NAV"], "centerDistance": 0.21474100000000002, "angle": 0.04301992310387259, "color": [4, 0]}]