[{"songs": ["Rules", "A HYMN", "Dove", "HAPPY MAN", "On the Level", "Chamber of Reflection", "LOADING ZONES", "Nana", "FLUFFY KOSMISCH", "Them Changes", "BASSACKWARDS", "CASIO", "Let It Happen", "TURNMILLS", "DISCO KID", "Trafalgar Square", "SMALL VICTORIES", "ANIMAL WISDOM", "Skiptracing", "Mr. Tillman"], "artists": ["Khruangbin", "Khruangbin", "Cymande", "Jungle", "Mac DeMarco", "Mac DeMarco", "Kurt Vile", "Kikagaku Moyo", "Kikagaku Moyo", "Thundercat", "Kurt Vile", "Jungle", "Tame Impala", "Maribou State", "Chaz Bundick Meets The Mattson 2", "Jonathan Wilson", "The Lemon Twigs", "The Brian Jonestown Massacre", "Mild High Club", "Father John Misty"], "centerDistance": 0.8331731149999999, "angle": 1.7915984459803127, "color": [0, 0]}, {"songs": ["I Was a Fool"], "artists": ["Sunflower Bean"], "centerDistance": 0.946819, "angle": 3.2374084720031098, "color": [1, 0]}, {"songs": ["Fever", "Another Weekend"], "artists": ["Balthazar", "Ariel Pink"], "centerDistance": 0.92915105, "angle": 4.683218498025907, "color": [2, 0]}, {"songs": ["Hunnybee"], "artists": ["Unknown Mortal Orchestra"], "centerDistance": 0.8445050000000001, "angle": 0.029170482358782834, "color": [3, 0]}, {"songs": ["The Less I Know the Better"], "artists": ["Tame Impala"], "centerDistance": 0.9025594, "angle": 0.34578841995751564, "color": [3, 1]}]