[{"songs": ["2 Kids", "Old Dog", "Why Do You Believe Me?", "Stay Around", "You And I", "Haunted House", "Sacred", "Timebomb", "BOOM", "Colder", "Wish You Were Gay", "Hell After This", "Warrior", "Still on My Mind", "Handmade Heaven", "Better In The Dark", "Baby", "Calm Me Down", "Blur (feat. Foster The People)", "lovely"], "artists": ["Alice Merton", "BROODS", "BROODS", "American Authors", "L\u00e9on", "Florence + the Machine", "Nina Nesbitt", "Walk the Moon", "X Ambassadors", "Nina Nesbitt", "Billie Eilish", "Dido", "Avril Lavigne", "Dido", "Marina", "L\u00e9on", "Bishop Briggs", "American Authors", "M\u00d8", "Billie Eilish"], "centerDistance": 0.8620207150000001, "angle": 3.5371055688722643, "color": [0, 0]}, {"songs": ["Speak Your Mind", "Sight Of You", "Basic"], "artists": ["Alice Merton", "Sigrid", "Sigrid"], "centerDistance": 0.604714, "angle": 4.725265974566706, "color": [1, 0]}, {"songs": ["Blur", "Birds"], "artists": ["M\u00d8", "Imagine Dragons"], "centerDistance": 0.94216755, "angle": 6.27030831299757, "color": [2, 0]}, {"songs": ["monster", "She"], "artists": ["dodie", "dodie"], "centerDistance": 0.945577, "angle": 1.1667800893571503, "color": [3, 0]}, {"songs": ["The Knife", "Burning", "Birdie"], "artists": ["Maggie Rogers", "Maggie Rogers", "Avril Lavigne"], "centerDistance": 0.8932505666666667, "angle": 2.346437172896316, "color": [4, 0]}]