[{"songs": ["doses & mimosas", "i get around", "dusk till dawn", "one life stand", "love like waves", "it's automatic", "strangers in the wind", "devotion", "sometimes", "don't be on with her", "time stands still", "kiss of life"], "artists": ["cherub", "dragonette", "ladyhawke", "hot chip", "friendly fires", "zoot woman", "cut copy", "hot chip", "miami horror", "miami horror", "cut copy", "friendly fires"], "centerDistance": 0.6684998333333333, "angle": 3.5078029774637387, "color": [0, 0]}, {"songs": ["peach", "sway"], "artists": ["broods", "tove styrke"], "centerDistance": 0.6426965, "angle": 4.29864439431638, "color": [1, 0]}, {"songs": ["animal", "my trigger", "it\u2019s all good", "everybody wants to be famous", "samurai boy", "moth's wings (stripped down version)", "he said she said", "late for school", "kangaroo court (radio edit)", "andromeda (feat. dram)", "liar", "starry eyed", "humility (feat. george benson)", "missing u", "who said", "hellbent (feat. snowblood)", "summer in new york", "beings", "jilted lovers", "do i wanna know? (triple j like a version)"], "artists": ["miike snow", "miike snow", "superorganism", "superorganism", "tove styrke", "passion pit", "chvrches", "capital cities", "capital cities", "gorillaz", "dragonette", "ellie goulding", "gorillaz", "robyn", "m\u00f8", "mystery skulls", "sofi tukker", "madeon", "the naked and famous", "chvrches"], "centerDistance": 0.64511965, "angle": 5.095718572387881, "color": [2, 0]}, {"songs": ["tangerine", "hot sugar"], "artists": ["glass animals", "glass animals"], "centerDistance": 0.639884, "angle": 5.901098472291105, "color": [3, 0]}, {"songs": ["dancing on my own", "many lives", "bulletproof", "enjoy your life", "that's not my name", "in for the kill", "magic", "hearts like ours (sombear remix)"], "artists": ["robyn", "purity ring", "la roux", "romy", "the ting tings", "la roux", "ladyhawke", "the naked and famous"], "centerDistance": 0.685939375, "angle": 0.3827082134458366, "color": [4, 0]}, {"songs": ["1901", "oh devil", "young folks"], "artists": ["phoenix", "electric guest", "peter bjorn and john"], "centerDistance": 0.6881200000000001, "angle": 1.18808811334906, "color": [5, 0]}, {"songs": ["jenny (i wanna ruin our friendship)", "eros and apollo", "freaking out"], "artists": ["studio killers", "studio killers", "mystery skulls"], "centerDistance": 0.6712723333333334, "angle": 1.941289429429807, "color": [6, 0]}, {"songs": ["gold", "kamikaze", "on my mind"], "artists": ["kiiara", "m\u00f8", "ellie goulding"], "centerDistance": 0.712066, "angle": 2.7151608541990666, "color": [7, 0]}]