[{"songs": ["Your Song", "Keep Talking (feat. Julia Michaels)", "No Tears Left To Cry", "God is a Woman", "BED (feat. Ariana Grande)", "I Got You", "Ruin My Life", "Sweet but Psycho", "2 Souls on Fire (feat. Quavo)", "...Ready For It?", "1999", "Party for One", "New Rules", "Symphony (feat. Zara Larsson)", "Roulette", "Hey Hey Hey", "Rockabye (feat. Sean Paul & Anne-Marie)", "Tell Me You Love Me", "Sorry Not Sorry", "Ganja Burns"], "artists": ["Rita Ora", "Rita Ora", "Ariana Grande", "Ariana Grande", "Nicki Minaj", "Bebe Rexha", "Zara Larsson", "Ava Max", "Bebe Rexha", "Taylor Swift", "Charli XCX", "Carly Rae Jepsen", "Dua Lipa", "Clean Bandit", "Katy Perry", "Katy Perry", "Clean Bandit", "Demi Lovato", "Demi Lovato", "Nicki Minaj"], "centerDistance": 0.55394425, "angle": 3.6684876385238976, "color": [0, 0]}, {"songs": ["Woman Like Me (feat. Nicki Minaj)", "My My My!", "Think About Us", "All The Ways"], "artists": ["Little Mix", "Troye Sivan", "Little Mix", "Meghan Trainor"], "centerDistance": 0.60847825, "angle": 4.740457363515379, "color": [1, 0]}, {"songs": ["Medicina", "What I Need (feat. Kehlani)", "N\u00e3o Perco Meu Tempo", "Ciao Adios"], "artists": ["Anitta", "Hayley Kiyoko", "Anitta", "Anne-Marie"], "centerDistance": 0.6900675000000001, "angle": 6.255116924048896, "color": [2, 0]}, {"songs": ["IDGAF", "Bad Liar", "Fetish (feat. Gucci Mane)"], "artists": ["Dua Lipa", "Selena Gomez", "Selena Gomez"], "centerDistance": 0.6427423333333334, "angle": 1.4640093741400069, "color": [3, 0]}, {"songs": ["Look What You Made Me Do", "Hair Body Face", "The Cure"], "artists": ["Taylor Swift", "Lady Gaga", "Lady Gaga"], "centerDistance": 0.6622373333333333, "angle": 2.59966176581689, "color": [4, 0]}]