[{"songs": ["One", "Purification (Interlude)", "Take you home", "Hell After This", "Haunted House", "Wish You Were Gay", "You And I", "Lost Time", "Devil in Paradise", "Sou Mais Eu", "AFTER YOU", "FOOLISH", "Good Vibes", "COPYCAT", "Z\u00e9 do Caro\u00e7o", "Wonderland", "Superstar", "Bad Idea", "Love Me & Let Me Go", "Last Hurrah"], "artists": ["Kerli", "Kerli", "Dido", "Dido", "Florence + the Machine", "Billie Eilish", "L\u00e9on", "L\u00e9on", "Cruel Youth", "Rouge", "Meghan Trainor", "Meghan Trainor", "Rouge", "Billie Eilish", "Anitta", "Natalia Kills", "Marina", "Ariana Grande", "Ashley Tisdale", "Bebe Rexha"], "centerDistance": 0.8666016974999999, "angle": 3.5054081924429026, "color": [0, 0]}, {"songs": ["Handmade Heaven", "hope is a dangerous thing for a woman like me to have - but i have it"], "artists": ["Marina", "Lana Del Rey"], "centerDistance": 0.99688607, "angle": 4.592848727793681, "color": [1, 0]}, {"songs": ["Dumb Blonde (feat. Nicki Minaj)", "Walk Me Home"], "artists": ["Avril Lavigne", "P!nk"], "centerDistance": 0.9972834349999999, "angle": 0.11954025259100742, "color": [2, 0]}, {"songs": ["Birdie", "Is It Really Me You're Missing"], "artists": ["Avril Lavigne", "Nina Nesbitt"], "centerDistance": 0.9966951749999999, "angle": 1.0870660486694295, "color": [3, 0]}, {"songs": ["Flux", "Now That I Found You", "Swan Song (From The Motion Picture \"Alita: Battle Angel\")"], "artists": ["Ellie Goulding", "Carly Rae Jepsen", "Dua Lipa"], "centerDistance": 0.9977289666666667, "angle": 2.4016147378252413, "color": [4, 0]}]