[{"songs": ["The Ringer", "Kamikaze"], "artists": ["Eminem", "Eminem"], "centerDistance": 0.778554, "angle": 4.694425668782968, "color": [0, 0]}, {"songs": ["Psycho (feat. Ty Dolla $ign)", "Yikes", "KOD", "Switch"], "artists": ["Post Malone", "Kanye West", "J. Cole", "6LACK"], "centerDistance": 0.66440075, "angle": 0.017963311601721266, "color": [1, 0]}, {"songs": ["In My Feelings", "Nice For What", "SAD!", "This Is America", "Moonlight", "Apeshit", "Walk It Talk It", "All Mine", "Plug Walk", "Yes Indeed", "DNA.", "Stir Fry", "Praise The Lord (Da Shine)", "Candy Paint", "Chun-Li", "All Girls Are The Same", "can't leave without it", "Friends", "Praise The Lord (Da Shine) [feat. Skepta]", "Motiv8"], "artists": ["Drake", "Drake", "xxxtentacion", "Childish Gambino", "xxxtentacion", "The Carters", "Migos", "Kanye West", "Rich The Kid", "Lil Baby", "Kendrick Lamar", "Migos", "A$AP Rocky", "Post Malone", "Nicki Minaj", "Juice WRLD", "21 Savage", "The Carters", "A$AP Rocky", "J. Cole"], "centerDistance": 0.61697965, "angle": 1.1168351600461124, "color": [2, 0]}, {"songs": ["Crushed Up", "Jumpin on a Jet"], "artists": ["Future", "Future"], "centerDistance": 0.8092435, "angle": 2.1865539359478827, "color": [3, 0]}, {"songs": ["HUMBLE.", "monster", "Lean Wit Me", "Icon", "KIKA (feat. Tory Lanez)", "Space Cadet (feat. Gunna)", "Calling My Spirit", "44 More", "10 Freaky Girls (feat. 21 Savage)"], "artists": ["Kendrick Lamar", "21 Savage", "Juice WRLD", "Jaden Smith", "6ix9ine", "Metro Boomin", "Kodak Black", "Logic", "Metro Boomin"], "centerDistance": 0.794964, "angle": 3.5439799711695628, "color": [4, 0]}]