[{"songs": ["Without Me", "Girls (feat. Cardi B, Bebe Rexha & Charli XCX)", "Woman Like Me (feat. Nicki Minaj)", "IDGAF", "Sue Me", "Better", "Look What You Made Me Do", "Want To"], "artists": ["Halsey", "Rita Ora", "Little Mix", "Dua Lipa", "Sabrina Carpenter", "Khalid", "Taylor Swift", "Dua Lipa"], "centerDistance": 0.759093875, "angle": 3.5127958009680325, "color": [0, 0]}, {"songs": ["Not Today", "Dance to This (feat. Ariana Grande)", "My My My!", "Tell Me It's Over"], "artists": ["Alessia Cara", "Troye Sivan", "Troye Sivan", "Avril Lavigne"], "centerDistance": 0.54114225, "angle": 4.81998375824365, "color": [1, 0]}, {"songs": ["Sad", "All The Ways", "you should see me in a crown"], "artists": ["Bebe Rexha", "Meghan Trainor", "Billie Eilish"], "centerDistance": 0.7859653333333334, "angle": 6.175590529320626, "color": [2, 0]}, {"songs": ["I Don't Want To", "God is a Woman", "No Tears Left To Cry", "2002", "Almost Love", "BED (feat. Ariana Grande)", "I'll Be There", "In My Blood", "Nervous", "What I Need (feat. Kehlani)", "Eastside", "Told You So", "Ferrari", "Tell Me You Love Me", "Call It What You Want", "The Way I Am", "Let Me", "No Excuses", "Pynk (feat. Grimes)", "Ganja Burns"], "artists": ["Alessia Cara", "Ariana Grande", "Ariana Grande", "Anne-Marie", "Sabrina Carpenter", "Nicki Minaj", "Jess Glynne", "Shawn Mendes", "Shawn Mendes", "Hayley Kiyoko", "Benny Blanco", "Little Mix", "Bebe Rexha", "Demi Lovato", "Taylor Swift", "Charlie Puth", "Zayn", "Meghan Trainor", "Janelle Mon\u00e1e", "Nicki Minaj"], "centerDistance": 0.7070587500000002, "angle": 0.9891355695039383, "color": [3, 0]}, {"songs": ["Party for One", "Voices in My Head", "1999"], "artists": ["Carly Rae Jepsen", "Ashley Tisdale", "Charli XCX"], "centerDistance": 0.8000346666666666, "angle": 2.0736104520356697, "color": [4, 0]}]