[{"songs": ["Hung Up", "Beautiful Goodbye", "Lucid Dream", "Let Me Love the Lonely", "Still Hurts", "American Oxygen", "Metropolis", "Words"], "artists": ["Hot Chelle Rae", "Maroon 5", "Owl City", "James Arthur", "Lawson", "X Ambassadors", "Owl City", "Daya"], "centerDistance": 0.9402256499999999, "angle": 1.0995574287564276, "color": [0, 0]}, {"songs": ["The Other Side", "One Less Day (Dying Young)", "Open Up", "Back to Me", "If I Had My Way", "Just Imagine It", "Monaco", "Halfway There", "mmmbop - Single version", "A.I.", "Waiting for This", "What She Wants", "Summer Rain", "Her Diamonds", "Repercussions", "Drive", "Forgetting All About You feat. Blackbear", "Unsteady - Erich Lee Gravity Remix", "Echo Park", "Honestly"], "artists": ["Parachute", "Rob Thomas", "Matt Simons", "Daya", "Madilyn Bailey", "MKTO", "MKTO", "Rozes", "Hanson", "OneRepublic", "Hanson", "A R I Z O N A", "Jonas Brothers", "Rob Thomas", "Bea Miller", "Jonas Brothers", "Phoebe Ryan", "X Ambassadors", "Ryan Cabrera", "Hot Chelle Rae"], "centerDistance": 0.89520067, "angle": 2.356194490192345, "color": [1, 0]}, {"songs": ["Start Again (feat. Logic)"], "artists": ["OneRepublic"], "centerDistance": 0.9304867, "angle": 3.612831551628262, "color": [2, 0]}, {"songs": ["Young", "Find Someone", "Fine By Me", "Back to Back", "Middle Finger", "This City", "Summer Is Over (feat. Sara Bareilles)", "Killer", "Runaway", "Prince", "Sooner Or Later", "Part Of Me"], "artists": ["Parachute", "A R I Z O N A", "Andy Grammer", "The Ready Set", "Phoebe Ryan", "Patrick Stump", "Jon McLaughlin", "The Ready Set", "Maroon 5", "Vanessa Carlton", "Mat Kearney", "Madilyn Bailey"], "centerDistance": 0.8459353916666666, "angle": 4.869468613064179, "color": [3, 0]}, {"songs": ["Amy"], "artists": ["Allstar Weekend"], "centerDistance": 0.9493161, "angle": 6.126105674500097, "color": [4, 0]}]