[{"songs": ["Look What You Made Me Do", "My My My!", "Green Light", "Bad Liar"], "artists": ["Taylor Swift", "Troye Sivan", "Lorde", "Selena Gomez"], "centerDistance": 0.848741425, "angle": 4.753053139222022, "color": [0, 0]}, {"songs": ["Why did you do that?", "Music to My Eyes", "Shallow", "Thank U, Next", "everytime", "Sweet but Psycho", "I Did Something Bad", "Turn Off The Light (feat. Elvira, Mistress of the Dark)", "Wasabi", "Anywhere", "Dancing queen", "Roulette", "Unlock It (feat. Kim Petras and Jay Park)", "Swish Swish (Feat. Nicki Minaj)", "Gimme More", "New Rules", "Mamma Mia", "Shedontknowbutsheknows", "Womanizer", "365"], "artists": ["Lady Gaga", "Lady Gaga", "Lady Gaga & Bradley Cooper", "Ariana Grande", "Ariana Grande", "Ava Max", "Taylor Swift", "Kim Petras", "Little Mix", "Rita Ora", "Cher", "Katy Perry", "Charli XCX", "Katy Perry", "Britney Spears", "Dua Lipa", "Cher", "Tove Lo", "Britney Spears", "Zedd & Katy Perry"], "centerDistance": 0.7662427999999999, "angle": 6.242521148342253, "color": [1, 0]}, {"songs": ["Missing U", "Baby Forgive Me"], "artists": ["Robyn", "Robyn"], "centerDistance": 0.86409, "angle": 1.3857275423791533, "color": [2, 0]}, {"songs": ["Close Your Eyes", "Woman Like Me (feat. Nicki Minaj)", "Girl of the Year", "Girls (feat. Cardi B, Bebe Rexha & Charli XCX)", "N\u00e3o Perco Meu Tempo", "IDGAF", "Mama (feat. Ellie Goulding)"], "artists": ["Kim Petras", "Little Mix", "Allie X", "Rita Ora", "Anitta", "Dua Lipa", "Clean Bandit"], "centerDistance": 0.8378888, "angle": 2.574530174967933, "color": [3, 0]}, {"songs": ["Party for One", "Ruin My Life", "1999", "Voices in My Head"], "artists": ["Carly Rae Jepsen", "Zara Larsson", "Charli XCX", "Ashley Tisdale"], "centerDistance": 0.8174392500000001, "angle": 3.7527989849479457, "color": [4, 0]}]