[{"songs": ["Sugarboy", "Slow Disco", "Sober", "The Louvre", "Come into the Water", "Hard Rain", "Slip Away", "The Good War", "5 Years", "Happy", "Falling Into Me", "Wreath", "Doesn\u2019t matter", "Visions of Gideon", "All Neon Like", "God Bless America - And All The Beautiful Women In It", "White Mustang", "Orlando", "Past Love", "I Never Learn"], "artists": ["St. Vincent", "St. Vincent", "Lorde", "Lorde", "Mitski", "Lykke Li", "Perfume Genius", "Kimbra", "Bj\u00f6rk", "Marina & the Diamonds", "Let's Eat Grandma", "Perfume Genius", "Christine and the Queens", "Sufjan Stevens", "Bj\u00f6rk", "Lana Del Rey", "Lana Del Rey", "Blood Orange", "Kimbra", "Lykke Li"], "centerDistance": 0.8318460999999999, "angle": 1.0995574287564276, "color": [0, 0]}, {"songs": ["Sky Full of Song", "Hunger"], "artists": ["Florence + the Machine", "Florence + the Machine"], "centerDistance": 0.9057657, "angle": 2.356194490192345, "color": [1, 0]}, {"songs": ["Me and My Husband"], "artists": ["Mitski"], "centerDistance": 0.873764, "angle": 3.612831551628262, "color": [2, 0]}, {"songs": ["when the party's over", "Family Man", "Flux"], "artists": ["Billie Eilish", "Lily Allen", "Ellie Goulding"], "centerDistance": 0.9489568, "angle": 4.869468613064179, "color": [3, 0]}, {"songs": ["Primadonna"], "artists": ["Marina"], "centerDistance": 0.9657818, "angle": 6.126105674500097, "color": [4, 0]}]