[{"songs": ["Bed of Lies (feat. Skylar Grey)"], "artists": ["Nicki Minaj"], "centerDistance": 0.872025, "angle": 2.221959468618227, "color": [0, 0]}, {"songs": ["Baby Don't Lie"], "artists": ["Gwen Stefani"], "centerDistance": 0.871171, "angle": 2.885770430702408, "color": [0, 1]}, {"songs": ["The Heart Wants What It Wants"], "artists": ["Selena Gomez"], "centerDistance": 0.856518, "angle": 4.627114906088895, "color": [1, 0]}, {"songs": ["Immortal", "I'm a Ruin", "Doing It", "Famous", "Living for Love", "Devil Pray", "Brooklyn Baby", "Old Money", "Love Me Like You Do", "New Romantics", "All You Had to Do Was Stay", "The Night Is Still Young", "Talking Body", "Heavy Crown (feat. Ellie Goulding)", "Ship to Wreck", "My Gun", "Never Gonna Love Again", "Heartstrings", "Good for One Thing", "Sledgehammer"], "artists": ["Marina & the Diamonds", "Marina & the Diamonds", "Charli XCX", "Charli XCX", "Madonna", "Madonna", "Lana Del Rey", "Lana Del Rey", "Ellie Goulding", "Taylor Swift", "Taylor Swift", "Nicki Minaj", "Tove Lo", "Iggy Azalea", "Florence + the Machine", "Tove Lo", "Lykke Li", "Leighton Meester", "Leighton Meester", "Fifth Harmony"], "centerDistance": 0.7755840500000001, "angle": 0.08527407429579537, "color": [2, 0]}, {"songs": ["One Last Time"], "artists": ["Ariana Grande"], "centerDistance": 0.898123, "angle": 1.8266185496822818, "color": [3, 0]}]