[{"songs": ["Almost (Sweet Music)", "Wish You Were Gay", "Crystalised"], "artists": ["Hozier", "Billie Eilish", "The xx"], "centerDistance": 0.5568116666666666, "angle": 1.1748775008235288, "color": [0, 0]}, {"songs": ["Third Eye", "Sky Full of Song", "Falling Apart", "Hospitalized", "2021", "Chances", "Hell After This", "As It Was", "Crush", "Everybody Bleeds the Same", "Tuleloits", "I'm a Ruin", "Honeymoon", "Happy", "Black Beauty", "Last Piece", "come out and play", "Million Dollar Bills", "What You Know", "Royals"], "artists": ["Florence + the Machine", "Florence + the Machine", "BROODS", "BROODS", "Vampire Weekend", "Dido", "Dido", "Hozier", "Avril Lavigne", "Kerli", "Kerli", "Marina", "Lana Del Rey", "Marina", "Lana Del Rey", "Lykke Li", "Billie Eilish", "Lorde", "Two Door Cinema Club", "Lorde"], "centerDistance": 0.52437125, "angle": 2.409994541668846, "color": [1, 0]}, {"songs": ["Colder"], "artists": ["Nina Nesbitt"], "centerDistance": 0.785684, "angle": 3.6451115825141627, "color": [2, 0]}, {"songs": ["Love It If We Made It", "Sincerity Is Scary"], "artists": ["The 1975", "The 1975"], "centerDistance": 0.7560595, "angle": 4.880228623359479, "color": [3, 0]}, {"songs": ["I Fell In Love With the Devil"], "artists": ["Avril Lavigne"], "centerDistance": 0.542081, "angle": 6.1153456642047965, "color": [4, 0]}]