[{"songs": ["All The Shine", "Fire Fly", "Black Skinhead", "Fire Squad", "Power", "A.D.H.D", "Love Yourz", "Juice", "Blockbuster Night Part 1", "Roses", "Hands On The Wheel (feat. A$ap Rocky)", "Ms. Jackson", "Work Hard, Play Hard", "Stayin Out All Night", "Blue Slide Park", "1 Train (feat. Kendrick Lamar, Joey Bada$$, Yelawolf, Danny Brown, Action Bronson & Big K.R.I.T.)", "Wild for the Night", "Cowboy", "Immortal", "No Scratches (feat. Nikki Jean)"], "artists": ["Childish Gambino", "Childish Gambino", "Kanye West", "J. Cole", "Kanye West", "Kendrick Lamar", "J. Cole", "Chance the Rapper", "Run the Jewels", "OutKast", "ScHoolboy Q", "OutKast", "Wiz Khalifa", "Wiz Khalifa", "Mac Miller", "A$AP Rocky", "A$AP Rocky", "Tyler, the Creator", "Kid Cudi", "Lupe Fiasco"], "centerDistance": 0.7835489649999999, "angle": 1.0995574287564276, "color": [0, 0]}, {"songs": ["Swimming Pools (Drank) (extended version)", "From Time (feat. Jhene Aiko)", "Under Pressure", "Smoke Again (Ft. Ab-Soul)", "25 Bucks (feat. Purity Ring)", "Jeopardy", "People Keep Talking", "Act My Age", "Dark Sky (Skyscrapers)", "Blessed (feat. Kendrick Lamar)", "Nikes on My Feet", "Ray Charles", "Solo Dolo (Nightmare)", "Hunnid Stax (Feat. ScHoolboy Q)", "Whoa (feat. Tyler, the Creator)", "Only In America (feat. Party Supplies)"], "artists": ["Kendrick Lamar", "Drake", "Logic", "Chance the Rapper", "Danny Brown", "Run the Jewels", "Hoodie Allen", "Hoodie Allen", "Big Sean", "ScHoolboy Q", "Mac Miller", "Chiddy Bang", "Kid Cudi", "Ab-Soul", "Earl Sweatshirt", "Action Bronson"], "centerDistance": 0.8939351499999999, "angle": 2.356194490192345, "color": [1, 0]}, {"songs": ["Body of Work"], "artists": ["Lupe Fiasco"], "centerDistance": 0.9031096, "angle": 3.612831551628262, "color": [2, 0]}, {"songs": ["Practice"], "artists": ["Drake"], "centerDistance": 0.849672, "angle": 4.869468613064179, "color": [3, 0]}, {"songs": ["Garbage"], "artists": ["Tyler, the Creator"], "centerDistance": 0.899133, "angle": 6.126105674500097, "color": [4, 0]}]