[{"songs": ["Save The Day (feat. Coi Leray & LouGotCash)", "IV. Sweatpants", "Let's Go (The Royal We)", "KOD", "Party People", "V. 3005", "Oh Mama", "NEVER", "The Games We Play", "Shattered Dreams", "December 24", "Self Destruction", "Backward Books", "Understood", "WAV Files", "Conversation, Pt. 1", "Brad Jordan (feat. Michael Da Vinci)", "Drogas", "Silkk da Shocka (feat. Syd)", "Doors"], "artists": ["SKI MASK THE SLUMP GOD", "Childish Gambino", "Run the Jewels", "J. Cole", "Vince Staples", "Childish Gambino", "Run the Jewels", "Jid", "Pusha T", "Earl Sweatshirt", "Earl Sweatshirt", "Boogie", "Azizi Gibson", "Mick Jenkins", "Lupe Fiasco", "Mac Miller", "Isaiah Rashad", "Lupe Fiasco", "Isaiah Rashad", "Mac Miller"], "centerDistance": 0.8165657, "angle": 1.0290694762857013, "color": [0, 0]}, {"songs": ["BagBak", "Soho (feat. JID)"], "artists": ["Vince Staples", "Boogie"], "centerDistance": 0.813161, "angle": 2.140668995901609, "color": [1, 0]}, {"songs": ["HUMBLE.", "OKRA", "Who Dat Boy"], "artists": ["Kendrick Lamar", "Tyler, the Creator", "Tyler, the Creator"], "centerDistance": 0.8433320000000001, "angle": 3.4352709361211557, "color": [2, 0]}, {"songs": ["Dark Things", "Reverse (feat. G-Eazy)"], "artists": ["Vic Mensa", "Vic Mensa"], "centerDistance": 0.863595, "angle": 4.7945108506627205, "color": [3, 0]}, {"songs": ["Praise The Lord (Da Shine) (feat. Skepta)", "Yikes", "The Man Who Has Everything", "Sundress", "What Would Meek Do? (feat. Kanye West)"], "artists": ["A$AP Rocky", "Kanye West", "Chance the Rapper", "A$AP Rocky", "Pusha T"], "centerDistance": 0.8537668, "angle": 6.201063436901555, "color": [4, 0]}]