[{"songs": ["Fools", "Into You"], "artists": ["Madison Beer", "Julia Michaels"], "centerDistance": 0.44573050000000003, "angle": 1.4826971033734413, "color": [0, 0]}, {"songs": ["Mona Lisa"], "artists": ["Sabrina Carpenter"], "centerDistance": 0.771109, "angle": 2.507400376303623, "color": [1, 0]}, {"songs": ["Teenager in Love", "Like That", "Jump (with Trippie Redd)", "Most Girls", "prfct", "you should see me in a crown", "Safe", "Blazed (feat. Pharrell Williams)", "Sugarcoat", "Burn Slow", "Ferrari", "my boy", "Call It What You Want", "Can't Do Better", "Wanna Be Missed", "Colors", "Feeling Myself", "Donatella", "MANiCURE", "Legendary Lovers"], "artists": ["Madison Beer", "Bea Miller", "Julia Michaels", "Hailee Steinfeld", "Sabrina Carpenter", "Billie Eilish", "Daya", "Ariana Grande", "Jaira burns", "Jaira burns", "Bebe Rexha", "Billie Eilish", "Taylor Swift", "Kim Petras", "Hayley Kiyoko", "Halsey", "Nicki Minaj", "Lady Gaga", "Lady Gaga", "Katy Perry"], "centerDistance": 0.7995039, "angle": 3.516021915080192, "color": [2, 0]}, {"songs": ["What I Need (feat. Kehlani)", "Sad", "High Five"], "artists": ["Hayley Kiyoko", "Bebe Rexha", "Sigrid"], "centerDistance": 0.8482214666666668, "angle": 4.795367909066599, "color": [3, 0]}, {"songs": ["Heaven in Hiding", "New Friends"], "artists": ["Halsey", "Maty Noyes"], "centerDistance": 0.9038705499999999, "angle": 6.200206378497677, "color": [4, 0]}]