[{"songs": ["13 Beaches", "Pink in the Night", "Blue Light", "Pitch Black", "Here", "Performance", "Venice Bitch", "Handmade Heaven", "Imagine", "bury a friend", "Superstar", "Moderation", "Without Me", "Always Remember Us This Way", "Haunted House", "Baby (feat. Marina & Luis Fonsi)", "Shallow", "Liability", "Green Light", "Flux"], "artists": ["Lana Del Rey", "Mitski", "Mitski", "Tove Lo", "Years & Years", "The xx", "Lana Del Rey", "Marina", "Ariana Grande", "Billie Eilish", "Marina", "Florence + the Machine", "Halsey", "Lady Gaga", "Florence + the Machine", "Clean Bandit", "Lady Gaga", "Lorde", "Lorde", "Ellie Goulding"], "centerDistance": 0.886154065, "angle": 3.515918466129201, "color": [0, 0]}, {"songs": ["7 rings", "Tell Me It's Over"], "artists": ["Ariana Grande", "Avril Lavigne"], "centerDistance": 0.97052425, "angle": 4.592097170257319, "color": [1, 0]}, {"songs": ["Dumb Blonde (feat. Nicki Minaj)", "Walk Me Home"], "artists": ["Avril Lavigne", "P!nk"], "centerDistance": 0.9819877, "angle": 0.12029181012737045, "color": [2, 0]}, {"songs": ["when the party's over", "Delicate", "Baby (feat. Marina and The Diamonds & Luis Fonsi)"], "artists": ["Billie Eilish", "Taylor Swift", "Clean Bandit"], "centerDistance": 0.9777902666666667, "angle": 1.336809097476504, "color": [3, 0]}, {"songs": ["Swan Song (From The Motion Picture \"Alita: Battle Angel\")", "Now That I Found You"], "artists": ["Dua Lipa", "Carly Rae Jepsen"], "centerDistance": 0.9812655, "angle": 2.3833053482221587, "color": [4, 0]}]