[{"songs": ["DNA.", "Bitch, Don\u2019t Kill My Vibe", "This Is America", "All Mine", "No Role Modelz", "White Iverson", "Rap God", "Praise The Lord (Da Shine)", "Tony Tone", "Bounce Back", "I Ain't Got Time!", "Icon", "BOOGIE", "V. 3005", "The Games We Play", "King's Dead", "The Story of O.J.", "BagBak", "break da law", "Legend Has It"], "artists": ["Kendrick Lamar", "Kendrick Lamar", "Childish Gambino", "Kanye West", "J. Cole", "Post Malone", "Eminem", "A$AP Rocky", "A$AP Rocky", "Big Sean", "Tyler, the Creator", "Jaden Smith", "BROCKHAMPTON", "Childish Gambino", "Pusha T", "Jay Rock", "Jay-Z", "Vince Staples", "21 Savage", "Run the Jewels"], "centerDistance": 0.75253665, "angle": 3.5462508591744615, "color": [0, 0]}, {"songs": ["God's Plan", "Yikes", "KOD", "Nonstop", "I Fall Apart", "SUMO | ZUMO", "44 More", "RENTAL"], "artists": ["Drake", "Kanye West", "J. Cole", "Drake", "Post Malone", "Denzel Curry", "Logic", "BROCKHAMPTON"], "centerDistance": 0.7805592499999998, "angle": 4.719383341545851, "color": [1, 0]}, {"songs": ["Walk It Talk It", "Narcos"], "artists": ["Migos", "Migos"], "centerDistance": 0.808182, "angle": 6.276190946018424, "color": [2, 0]}, {"songs": ["Crushed Up", "Jumpin on a Jet"], "artists": ["Future", "Future"], "centerDistance": 0.8743704999999999, "angle": 1.2164247643926878, "color": [3, 0]}, {"songs": ["The Ringer", "Who Dat Boy", "monster", "Big Poppa", "Juicy", "Spice Girl"], "artists": ["Eminem", "Tyler, the Creator", "21 Savage", "The Notorious B.I.G.", "The Notorious B.I.G.", "Amin\u00e9"], "centerDistance": 0.8400168333333333, "angle": 2.3685346261104474, "color": [4, 0]}]