[{"songs": ["High Hopes", "bury a friend"], "artists": ["Panic! at the Disco", "Billie Eilish"], "centerDistance": 0.8952302999999999, "angle": 2.448806070694939, "color": [0, 0]}, {"songs": ["Sky Full of Song", "Patricia", "Last Piece", "Black Beauty", "TOOTIMETOOTIMETOOTIME", "Hey Look Ma, I Made It", "Nico And The Niners", "Honeymoon", "COPYCAT", "Million Dollar Bills", "Natural", "Breezeblocks", "Want YOu BACK", "Biting Down", "Nights With You", "Youth", "Intro", "Crystalised", "Stressed Out", "Dark Saturday"], "artists": ["Florence + the Machine", "Florence + the Machine", "Lykke Li", "Lana Del Rey", "The 1975", "Panic! at the Disco", "Twenty One Pilots", "Lana Del Rey", "Billie Eilish", "Lorde", "Imagine Dragons", "alt-J", "HAIM", "Lorde", "M\u00d8", "Daughter", "The xx", "The xx", "Twenty One Pilots", "Metric"], "centerDistance": 0.814518935, "angle": 3.6683984999298183, "color": [1, 0]}, {"songs": ["Love It If We Made It"], "artists": ["The 1975"], "centerDistance": 0.9026138, "angle": 4.8879909291646975, "color": [2, 0]}, {"songs": ["better alone", "What a Heavenly Way to Die"], "artists": ["Lykke Li", "Troye Sivan"], "centerDistance": 0.83189, "angle": 6.1075833583995776, "color": [3, 0]}, {"songs": ["I Fell In Love With the Devil"], "artists": ["Avril Lavigne"], "centerDistance": 0.9524039, "angle": 1.0439904804548705, "color": [4, 0]}]