[{"songs": ["Get Together", "Gimme More", "Toxic", "Bad Romance", "Applause", "Not Myself Tonight", "Walking on Air", "Birthday", "Break Free (feat. Zedd)", "What You Waiting For?", "Hollaback Girl", "Sissy That Walk", "Bionic", "She Wolf", "Maneater", "We R Who We R", "TiK ToK", "Hideaway", "Pound the Alarm", "We Can't Stop"], "artists": ["Madonna", "Britney Spears", "Britney Spears", "Lady Gaga", "Lady Gaga", "Christina Aguilera", "Katy Perry", "Katy Perry", "Ariana Grande", "Gwen Stefani", "Gwen Stefani", "RuPaul", "Christina Aguilera", "Shakira", "Nelly Furtado", "Ke$ha", "Ke$ha", "Kiesza", "Nicki Minaj", "Miley Cyrus"], "centerDistance": 0.7775684500000002, "angle": 3.570802356796942, "color": [0, 0]}, {"songs": ["Can't Get You Out of My Head"], "artists": ["Kylie Minogue"], "centerDistance": 0.708442, "angle": 4.632242042699898, "color": [1, 0]}, {"songs": ["Only Girl (In the World)", "Where Have You Been"], "artists": ["Rihanna", "Rihanna"], "centerDistance": 0.8167504999999999, "angle": 0.08014693768479209, "color": [2, 0]}, {"songs": ["Get Outta My Way", "Believe", "Murder on the Dancefloor"], "artists": ["Kylie Minogue", "Cher", "Sophie Ellis-Bextor"], "centerDistance": 0.810839, "angle": 1.1291603602551206, "color": [3, 0]}, {"songs": ["Sorry"], "artists": ["Madonna"], "centerDistance": 0.0, "angle": 2.5006803714336243, "color": [4, 0]}]