[{"songs": ["Love Lies", "Safe", "Anxiety", "Sweet but Psycho (Acoustic)", "Thank U, Next", "Alien", "Hold Tight", "come out and play", "Better", "Think About Us", "Heartless", "BIG PLANS", "lovely", "Let Me Go", "What A Time", "Pretty Girl", "Stand By You", "Dusk Till Dawn", "Bad Idea", "Sapequinha"], "artists": ["Khalid", "Daya", "Julia Michaels", "Ava Max", "Ariana Grande", "Sabrina Carpenter", "Sabrina Carpenter", "Billie Eilish", "Khalid", "Little Mix", "Madison Beer", "why don't we", "Billie Eilish", "Hailee Steinfeld", "Julia Michaels", "Maggie Lindemann", "Rachel Platten", "Zayn", "Ariana Grande", "Lexa"], "centerDistance": 0.3852225, "angle": 3.6406220063078427, "color": [0, 0]}, {"songs": ["1999", "Without Me", "Party for One"], "artists": ["Charli XCX", "Halsey", "Carly Rae Jepsen"], "centerDistance": 0.21830766666666668, "angle": 4.858903565770776, "color": [1, 0]}, {"songs": ["Faking It", "Chasing Parties"], "artists": ["Sasha Sloan", "Sasha Sloan"], "centerDistance": 0.282539, "angle": 6.1366707217935, "color": [2, 0]}, {"songs": ["Home with You", "Closer", "Don\u2019t Feel Like Crying", "Mine", "Plum"], "artists": ["Madison Beer", "Astrid S", "Sigrid", "Bebe Rexha", "Troye Sivan"], "centerDistance": 0.531907, "angle": 0.9890397207875115, "color": [3, 0]}, {"songs": ["i'm so tired...", "Sweet but Psycho", "Only Want You (feat. 6LACK)", "Last Hurrah"], "artists": ["Lauv", "Ava Max", "Rita Ora", "Bebe Rexha"], "centerDistance": 0.27233125, "angle": 2.188042242926393, "color": [4, 0]}]