[{"songs": ["7 rings", "Sally Walker", "Nothing Breaks Like a Heart (feat. Miley Cyrus)"], "artists": ["Ariana Grande", "Iggy Azalea", "Mark Ronson"], "centerDistance": 0.9492178666666667, "angle": 2.6919205909187225, "color": [0, 0]}, {"songs": ["Good for You", "Low Key (feat. Tyga)", "Veneno", "Downtown", "Baby (feat. Marina & Luis Fonsi)", "Hit the Lights", "Sin Pijama", "Say My Name", "Mayores", "Havana", "Pretend", "Inside Out", "Caliente (feat. Pabllo Vittar)", "Witness", "Imposible", "Se Vuelve Loca", "Calypso", "Dinero", "Te Guste", "Epa Wei"], "artists": ["Selena Gomez", "Ally Brooke", "Anitta", "Anitta", "Clean Bandit", "Selena Gomez & the Scene", "Becky G", "David Guetta", "Becky G", "Camila Cabello", "CNCO", "Camila Cabello", "Lali", "Katy Perry", "Luis Fonsi", "CNCO", "Luis Fonsi", "Jennifer Lopez", "Jennifer Lopez", "Danny Ocean"], "centerDistance": 0.586714, "angle": 3.8028561335407334, "color": [1, 0]}, {"songs": ["Anxiety (with Selena Gomez)", "Swan Song (From The Motion Picture \"Alita: Battle Angel\")"], "artists": ["Julia Michaels", "Dua Lipa"], "centerDistance": 0.9146581, "angle": 4.897182203002409, "color": [2, 0]}, {"songs": ["Baby (feat. Marina and The Diamonds & Luis Fonsi)", "Eastside (with Halsey & Khalid)", "Shallow"], "artists": ["Clean Bandit", "Benny Blanco", "Lady Gaga"], "centerDistance": 0.8902161000000001, "angle": 6.098392084561867, "color": [3, 0]}, {"songs": ["S\u00f3 Depois do Carnaval", "bury a friend"], "artists": ["Lexa", "Billie Eilish"], "centerDistance": 0.9643029999999999, "angle": 0.9095328468439563, "color": [4, 0]}]