[{"songs": ["Nowadays (feat. Landon Cube)", "Red Roses (feat. Landon Cube)"], "artists": ["lil skies", "lil skies"], "centerDistance": 0.800162, "angle": 3.6182443599066367, "color": [0, 0]}, {"songs": ["Lean Wit Me", "KIKA (feat. Tory Lanez)", "monster", "Icon", "Fine China", "Calling My Spirit", "I'm Sorry", "Space Cadet (feat. Gunna)", "I Love", "Crushed Up"], "artists": ["Juice WRLD", "6ix9ine", "21 Savage", "Jaden Smith", "Future", "Kodak Black", "JOYNER LUCAS", "Metro Boomin", "JOYNER LUCAS", "Future"], "centerDistance": 0.8188906999999999, "angle": 4.80052917963459, "color": [1, 0]}, {"songs": ["White Iverson", "Candy Paint", "SAD!", "Jocelyn Flores", "All Girls Are The Same", "Let You Down", "Nice For What", "Save That Shit", "DNA.", "Betrayed", "Bounce Back", "Plug Walk", "Benz Truck (\u0433\u0435\u043b\u0438\u043a)", "Bank Account", "I Love It (& Lil Pump)", "V. 3005", "Roll in Peace (feat. XXXTENTACION)", "Praise The Lord (Da Shine) (feat. Skepta)", "This Is America", "Drowning (feat. Kodak Black)"], "artists": ["Post Malone", "Post Malone", "xxxtentacion", "xxxtentacion", "Juice WRLD", "NF", "Drake", "LIL PEEP", "Kendrick Lamar", "Lil Xan", "Big Sean", "Rich The Kid", "LIL PEEP", "21 Savage", "Kanye West", "Childish Gambino", "Kodak Black", "A$AP Rocky", "Childish Gambino", "A Boogie Wit da Hoodie"], "centerDistance": 0.6925187500000001, "angle": 6.195045107929686, "color": [2, 0]}, {"songs": ["The Ringer", "Kamikaze"], "artists": ["Eminem", "Eminem"], "centerDistance": 0.818708, "angle": 1.1127455761193517, "color": [3, 0]}, {"songs": ["God's Plan", "HUMBLE.", "Stir Fry", "KOD", "Yikes", "Narcos", "I Like It"], "artists": ["Drake", "Kendrick Lamar", "Migos", "J. Cole", "Kanye West", "Migos", "Cardi B"], "centerDistance": 0.7786091428571428, "angle": 2.3026398680733884, "color": [4, 0]}]