[{"songs": ["Legacy (feat. Travis Scott & 21 Savage)", "Calling My Spirit", "Lean Wit Me", "MoshPit (feat. Juice WRLD)", "Shake It Up"], "artists": ["Offset", "Kodak Black", "Juice WRLD", "Kodak Black", "Trippie Redd"], "centerDistance": 0.8063514000000002, "angle": 3.6449224090291157, "color": [0, 0]}, {"songs": ["Crushed Up", "Jumpin on a Jet"], "artists": ["Future", "Future"], "centerDistance": 0.8515055, "angle": 4.849520890157443, "color": [1, 0]}, {"songs": ["all my friends", "monster"], "artists": ["21 Savage", "21 Savage"], "centerDistance": 0.8073779999999999, "angle": 6.146053397406833, "color": [2, 0]}, {"songs": ["Breathe", "Flooded", "Noticed", "Swervin (feat. 6ix9ine)", "Speed It Up", "Slime Belief", "End Of The Road", "Soho (feat. JID)", "whoa (mind in awe)", "Leave Me Alone", "Silent Ride", "BAD KID", "Space Cadet (feat. Gunna)", "Carry On", "20 Min", "Missing My Idols", "wokeuplikethis* (feat. lil uzi vert)", "Yacht Club (feat. Juice WRLD)", "No Role Modelz", "Sugar Wraith"], "artists": ["lil skies", "lil skies", "lil Mosey", "A Boogie Wit da Hoodie", "Gunna", "YoungBoy Never Broke Again", "Juice WRLD", "Boogie", "xxxtentacion", "Flipp Dinero", "Boogie", "Night Lovell", "Metro Boomin", "xxxtentacion", "LIL UZI VERT", "Trippie Redd", "Playboi Carti", "Lil Yachty", "J. Cole", "Post Malone"], "centerDistance": 0.7722509, "angle": 0.9883814248776384, "color": [3, 0]}, {"songs": ["KIKA (feat. Tory Lanez)", "KOD", "Sin (feat. Jaden Smith)", "Nonstop"], "artists": ["6ix9ine", "J. Cole", "Young Thug", "Drake"], "centerDistance": 0.896506675, "angle": 2.1201543555163163, "color": [4, 0]}]