[{"songs": ["Nothing Breaks Like a Heart (feat. Miley Cyrus)"], "artists": ["Mark Ronson"], "centerDistance": 0.9704538, "angle": 1.0995574287564276, "color": [0, 0]}, {"songs": ["MotorSport", "Eastside", "Say My Name", "1999", "Kiss and Make Up", "Dancing With A Stranger", "Mi Gente (feat. Beyonc\u00e9)", "Lost In Japan (Remix)", "Mi Gente", "Starships", "Scared to Be Lonely", "Va Va Voom", "Polaroid", "All I Am", "Almost Love", "Happy Now", "I Found You", "Your Song", "Let You Be Right", "Can't Dance"], "artists": ["Migos, Nicki Minaj & Cardi B", "benny blanco, Halsey & Khalid", "David Guetta, Bebe Rexha & J Balvin", "Charli XCX & Troye Sivan", "Dua Lipa & BLACKPINK", "Sam smith & Normani", "J Balvin & Willy William", "Shawn Mendes & Zedd", "J Balvin & Willy William", "Nicki Minaj", "Martin Garrix & Dua Lipa", "Nicki Minaj", "Jonas Blue, Liam Payne & Lennon Stella", "Jess Glynne", "Sabrina Carpenter", "Zedd & Elley Duh\u00e9", "benny blanco & Calvin Harris", "Rita Ora", "Meghan Trainor", "Meghan Trainor"], "centerDistance": 0.46205905, "angle": 2.356194490192345, "color": [1, 0]}, {"songs": ["Kream (feat. Tyga)", "Accelerate (feat. Ty Dolla $ign & 2 Chainz)"], "artists": ["Iggy Azalea", "Christina Aguilera"], "centerDistance": 0.9647321, "angle": 3.612831551628262, "color": [2, 0]}, {"songs": ["Wolves", "Friends"], "artists": ["Selena Gomez & Marshmello", "Marshmello & Anne-Marie"], "centerDistance": 0.96567245, "angle": 4.869468613064179, "color": [3, 0]}, {"songs": ["I'm a Mess"], "artists": ["Bebe Rexha"], "centerDistance": 0.969305, "angle": 6.126105674500097, "color": [4, 0]}]