[{"songs": ["Winter Blues", "Contra", "Take One", "No Role Modelz", "Programs", "Splashin", "Kung Fu", "Drowning (feat. Kodak Black)", "Praise The Lord (Da Shine)", "Look Back At It", "Back To Back", "Overdue (with Travis Scott)", "Low-Key", "Self Destruction", "DNA.", "Sundress", "Walk It Talk It", "Candy Paint", "Pay You Back (feat. 21 Savage)", "Plug Walk"], "artists": ["JOYNER LUCAS", "Logic", "Kodak Black", "J. Cole", "Mac Miller", "Rich The Kid", "YBN Cordae", "A Boogie Wit da Hoodie", "A$AP Rocky", "A Boogie Wit da Hoodie", "Drake", "Metro Boomin", "Hopsin", "Boogie", "Kendrick Lamar", "A$AP Rocky", "Migos", "Post Malone", "Meek Mill", "Rich The Kid"], "centerDistance": 0.6460661500000001, "angle": 1.0737196261793178, "color": [0, 0]}, {"songs": ["44 More", "KOD", "HUMBLE.", "Outstanding", "Home", "Way Up"], "artists": ["Logic", "J. Cole", "Kendrick Lamar", "MADEINTYO", "Vince Staples", "Jaden Smith"], "centerDistance": 0.6650208333333333, "angle": 2.2010417544943643, "color": [1, 0]}, {"songs": ["I'm Sorry", "KIKA (feat. Tory Lanez)", "Space Cadet (feat. Gunna)", "Calling My Spirit", "What I Know Now (feat. Wiz Khalifa)", "Reverse (feat. G-Eazy)"], "artists": ["JOYNER LUCAS", "6ix9ine", "Metro Boomin", "Kodak Black", "They.", "Vic Mensa"], "centerDistance": 0.6207651666666667, "angle": 3.5186130226861394, "color": [2, 0]}, {"songs": ["Plastic", "I Fall Apart", "God's Plan"], "artists": ["Jaden Smith", "Post Malone", "Drake"], "centerDistance": 0.6948213333333334, "angle": 4.7545326483947905, "color": [3, 0]}, {"songs": ["The Ringer", "Kamikaze", "Lean Wit Me"], "artists": ["Eminem", "Eminem", "Juice WRLD"], "centerDistance": 0.594271, "angle": 6.241041639169485, "color": [4, 0]}]