[{"songs": ["Let's Dance to Joy Division", "Moving To New York"], "artists": ["The Wombats", "The Wombats"], "centerDistance": 0.8042005000000001, "angle": 2.4378225689743154, "color": [0, 0]}, {"songs": ["I Bet You Look Good on the Dancefloor", "Reptilia", "Can't Stand Me Now", "Always Where I Need to Be", "Song 2", "Dakota", "Don't Look Back into the Sun", "Rearrange", "A-Punk", "Something Good Can Work", "Monster", "Hard to Beat", "Are You Gonna Be My Girl", "Evil", "Bohemian Like You", "What You Know", "Wonderwall", "In the Morning", "Shake Me Down", "Here It Goes Again"], "artists": ["Arctic Monkeys", "The Strokes", "The Libertines", "The Kooks", "Blur", "Stereophonics", "The Libertines", "Miles Kane", "Vampire Weekend", "Two Door Cinema Club", "The Automatic", "Hard-Fi", "Jet", "Interpol", "The Dandy Warhols", "Two Door Cinema Club", "Oasis", "Razorlight", "Cage the Elephant", "OK Go"], "centerDistance": 0.8281382, "angle": 3.5823827897959974, "color": [1, 0]}, {"songs": ["Club Foot", "She Moves in Her Own Way", "Sex on Fire", "If You Wanna", "Come Closer", "Ready to Start", "Reflektor", "Diane Young"], "artists": ["Kasabian", "The Kooks", "Kings of Leon", "The Vaccines", "Miles Kane", "Arcade Fire", "Arcade Fire", "Vampire Weekend"], "centerDistance": 0.813486625, "angle": 4.707937473557302, "color": [2, 0]}, {"songs": ["Oh My God", "Everyday I Love You Less and Less", "Take Me Out", "Chelsea Dagger", "Fire", "No You Girls", "Mr. Brightside", "Somebody Told Me", "Fluorescent Adolescent", "Last Nite", "Henrietta", "Munich", "Use Somebody", "The Age of the Understatement", "Steady, as She Goes", "Standing Next to Me", "Parklife"], "artists": ["Kaiser Chiefs", "Kaiser Chiefs", "Franz Ferdinand", "The Fratellis", "Kasabian", "Franz Ferdinand", "The Killers", "The Killers", "Arctic Monkeys", "The Strokes", "The Fratellis", "Editors", "Kings of Leon", "The Last Shadow Puppets", "The Raconteurs", "The Last Shadow Puppets", "Blur"], "centerDistance": 0.6969153529411765, "angle": 0.004451506827388485, "color": [3, 0]}, {"songs": ["Banquet", "Helicopter"], "artists": ["Bloc Party", "Bloc Party"], "centerDistance": 0.7967295, "angle": 1.3122678852130107, "color": [4, 0]}]