[{"songs": ["Simple Romance", "Timebomb", "Run", "Are You Bored Yet? (feat. Clairo)", "SCREWS", "Movies", "Tongue Tied", "High", "Deadmen", "Bee-Sting", "Hold Your Fire", "Quarter Past Midnight", "Pictures of Girls", "One Magic Moment", "Less Than I Do", "Jenny", "San Francisco", "What You Know", "Undercover Martyn", "A-Punk"], "artists": ["Coin", "Walk the Moon", "Coin", "Wallows", "Dreamers", "Circa Waves", "Grouplove", "Sir Sly", "Saint PHNX", "The Wombats", "Bad Suns", "Bastille", "Wallows", "Bad Suns", "The Band CAMINO", "Walk the Moon", "The Mowgli's", "Two Door Cinema Club", "Two Door Cinema Club", "Vampire Weekend"], "centerDistance": 0.71462665, "angle": 1.0995574287564276, "color": [0, 0]}, {"songs": ["Love It If We Made It", "Sincerity Is Scary"], "artists": ["The 1975", "The 1975"], "centerDistance": 0.7891435, "angle": 2.356194490192345, "color": [1, 0]}, {"songs": ["Afraid"], "artists": ["The Neighbourhood"], "centerDistance": 0.843008, "angle": 3.612831551628262, "color": [2, 0]}, {"songs": ["BOOM"], "artists": ["X Ambassadors"], "centerDistance": 0.696411, "angle": 4.869468613064179, "color": [3, 0]}, {"songs": ["Don't Stop (Color on the Walls)"], "artists": ["Foster the People"], "centerDistance": 0.8464119999999999, "angle": 6.126105674500097, "color": [4, 0]}]