[{"songs": ["when the party's over", "Consequences", "The Moment I Knew", "Ultraviolence", "Flux", "Sleepover"], "artists": ["Billie Eilish", "Camila Cabello", "Taylor Swift", "Lana Del Rey", "Ellie Goulding", "Hayley Kiyoko"], "centerDistance": 0.8197951, "angle": 4.902635809508611, "color": [0, 0]}, {"songs": ["Is That Alright?", "Heal Me", "Anxiety (with Selena Gomez)", "No Tears Left To Cry", "Ruin My Life", "Touch It", "Told You So", "All Too Well", "The Heart Wants What It Wants", "Something's Gotta Give", "Heaven", "Secret Love Song", "Unconditionally", "Alive", "Forward (feat. James Blake)", "Drive", "Wrecking Ball", "Grace", "Homesick", "100 Letters"], "artists": ["Lady Gaga", "Lady Gaga", "Julia Michaels", "Ariana Grande", "Zara Larsson", "Ariana Grande", "Little Mix", "Taylor Swift", "Selena Gomez", "Camila Cabello", "Beyonc\u00e9", "Little Mix", "Katy Perry", "Sia", "Beyonc\u00e9", "Miley Cyrus", "Miley Cyrus", "Bebe Rexha", "Dua Lipa", "Halsey"], "centerDistance": 0.7286175500000001, "angle": 6.0929384780556655, "color": [1, 0]}, {"songs": ["Sober", "Stone Cold"], "artists": ["Demi Lovato", "Demi Lovato"], "centerDistance": 0.674317, "angle": 0.9854173757874065, "color": [2, 0]}, {"songs": ["Seventeen"], "artists": ["Troye Sivan"], "centerDistance": 0.7381139999999999, "angle": 2.170495133283012, "color": [3, 0]}, {"songs": ["Perfect"], "artists": ["Selena Gomez"], "centerDistance": 0.811034, "angle": 3.3555728907786175, "color": [4, 0]}]