[{"songs": ["Tied Down", "Blackbird", "Sugar Burn", "Wait", "Overgrown", "I Found", "Run in the Rain", "Lighting Matches", "Single", "Free Animal", "Bored", "&Run", "Bury Me Face Down", "Open Wound", "Fake Love", "Riptide", "Distant", "these are my friends", "Friend", "Game of Survival"], "artists": ["Jaymes Young", "Shake Shake Go", "Jaymes Young", "NoMBe", "machineheart", "Amber Run", "Tom Grennan", "Tom Grennan", "The Neighbourhood", "Foreign Air", "Billie Eilish", "Sir Sly", "Grandson", "Ki:Theory", "Shake Shake Go", "Vance Joy", "Ocean Jet", "lovelytheband", "The Elephants", "Ruelle"], "centerDistance": 0.32807224999999995, "angle": 1.0995574287564276, "color": [0, 0]}, {"songs": ["Scary Love"], "artists": ["The Neighbourhood"], "centerDistance": 0.28680799999999995, "angle": 2.356194490192345, "color": [1, 0]}, {"songs": ["Madness"], "artists": ["Ruelle"], "centerDistance": 0.6145499999999999, "angle": 3.612831551628262, "color": [2, 0]}, {"songs": ["Lust for Life (with The Weeknd)"], "artists": ["Lana Del Rey"], "centerDistance": 0.6402829999999999, "angle": 4.869468613064179, "color": [3, 0]}, {"songs": ["Six Feet Under"], "artists": ["Billie Eilish"], "centerDistance": 0.422798, "angle": 6.126105674500097, "color": [4, 0]}]