[{"songs": ["Happy", "Deep", "Bad Idea", "Nasa", "MARRY ME", "AFTER YOU", "My Way", "Love Myself", "Sacred", "Homework (feat. lil Aaron)", "Call It What You Want", "The Moments I'm Missing", "Tell Me It's Over", "BIG PLANS", "Keep Talking (feat. Julia Michaels)", "Dancing With a Stranger (with Normani)", "prfct", "Without Me", "Talk", "Body Heat"], "artists": ["Julia Michaels", "Julia Michaels", "Ariana Grande", "Ariana Grande", "Meghan Trainor", "Meghan Trainor", "Ava Max", "olivia o'brien", "Nina Nesbitt", "Kim Petras", "Taylor Swift", "Nina Nesbitt", "Avril Lavigne", "why don't we", "Rita Ora", "Sam Smith", "Sabrina Carpenter", "Halsey", "Khalid", "Selena Gomez"], "centerDistance": 0.784564935, "angle": 2.352745663181837, "color": [0, 0]}, {"songs": ["Pretty", "Terrified"], "artists": ["Terror Jr", "Terror Jr"], "centerDistance": 0.9144531, "angle": 3.5289316053623474, "color": [1, 0]}, {"songs": ["Last Hurrah", "Sweet but Psycho", "Think About Us (feat. Ty Dolla $ign)", "Only Want You (feat. 6LACK)", "i'm so tired...", "Think About Us", "Favourite Thing"], "artists": ["Bebe Rexha", "Ava Max", "Little Mix", "Rita Ora", "Lauv", "Little Mix", "Fleur East"], "centerDistance": 0.8775845857142858, "angle": 4.7824420962523115, "color": [2, 0]}, {"songs": ["I Can't Get Enough", "Don\u2019t Feel Like Crying", "No Drug Like Me"], "artists": ["benny blanco, Tainy, Selena Gomez & J Balvin", "Sigrid", "Carly Rae Jepsen"], "centerDistance": 0.8570763333333332, "angle": 6.213132191311965, "color": [3, 0]}, {"songs": ["Sue Me", "Bigger Wow", "Hurts Like Hell (feat. Offset)", "Sad", "Overnight", "you should see me in a crown"], "artists": ["Sabrina Carpenter", "Avril Lavigne", "Madison Beer", "Bebe Rexha", "Maggie Rogers", "Billie Eilish"], "centerDistance": 0.9022604333333333, "angle": 1.1495993786558234, "color": [4, 0]}]