[{"songs": ["Memories", "MIDDLE CHILD", "This Is America", "IV. Sweatpants", "Black Panther", "Skrawberries (feat. BJ The Chicago Kid)", "Mo Bamba", "All Mine", "Calligraphy", "Swervin (feat. 6ix9ine)", "SAN MARCOS", "Apeshit", "BOOGIE", "The Man Who Has Everything", "GOKU", "The Games We Play", "Off Da Zoinkys", "Sundress", "Tony Tone", "I'm Upset"], "artists": ["Thutmose", "J. Cole", "Childish Gambino", "Childish Gambino", "Kendrick Lamar", "Jid", "Sheck Wes", "Kanye West", "Saba", "A Boogie Wit da Hoodie", "BROCKHAMPTON", "The Carters", "BROCKHAMPTON", "Chance the Rapper", "Jaden Smith", "Pusha T", "Jid", "A$AP Rocky", "A$AP Rocky", "Drake"], "centerDistance": 0.87230756, "angle": 1.020820444199484, "color": [0, 0]}, {"songs": ["Spice Girl", "DR. WHOEVER"], "artists": ["Amin\u00e9", "Amin\u00e9"], "centerDistance": 0.8515595, "angle": 2.071259391971106, "color": [1, 0]}, {"songs": ["HUMBLE.", "KOD", "Yikes", "L.M.F.", "I Fall Apart", "SUMO | ZUMO", "God's Plan"], "artists": ["Kendrick Lamar", "J. Cole", "Kanye West", "Smino", "Post Malone", "Denzel Curry", "Drake"], "centerDistance": 0.9200080428571429, "angle": 3.341223875725431, "color": [2, 0]}, {"songs": ["Home", "Life", "MoshPit (feat. Juice WRLD)", "KIKA (feat. Tory Lanez)", "Calling My Spirit", "BagBak", "Sin (feat. Jaden Smith)"], "artists": ["Vince Staples", "Saba", "Kodak Black", "6ix9ine", "Kodak Black", "Vince Staples", "Young Thug"], "centerDistance": 0.8264991285714285, "angle": 4.750513211332865, "color": [3, 0]}, {"songs": ["Way Up", "monster", "all my friends", "Lean Wit Me"], "artists": ["Jaden Smith", "21 Savage", "21 Savage", "Juice WRLD"], "centerDistance": 0.6645511500000001, "angle": 6.24506107623141, "color": [4, 0]}]