[{"songs": ["Pillow", "Mine"], "artists": ["Bebe Rexha", "Bebe Rexha"], "centerDistance": 0.9545686, "angle": 1.0995574287564276, "color": [0, 0]}, {"songs": ["Empire", "Sacred", "Peer Pressure (feat. Julia Michaels)", "Fire", "Learn To Live", "come out and play", "Stay Young", "Peer Pressure", "Ocean Eyes", "Like I Remember You", "What I Need (feat. Kehlani)", "Close To Me", "The Good Side", "Architecture", "Wanna Be Missed", "Royals", "Oh No!", "Guns and Horses", "Safe", "If Looks Could Kill"], "artists": ["Nina Nesbitt", "Nina Nesbitt", "James Bay", "Sara Bareilles", "Alice Merton", "Billie Eilish", "Maisie Peters", "James Bay", "Billie Eilish", "Vera Blue", "Hayley Kiyoko", "Ellie Goulding", "Troye Sivan", "Maisie Peters", "Hayley Kiyoko", "Lorde", "Marina & the Diamonds", "Ellie Goulding", "Daya", "Lauren Aquilina"], "centerDistance": 0.8427517700000001, "angle": 2.356194490192345, "color": [1, 0]}, {"songs": ["The Knife", "Overnight"], "artists": ["Maggie Rogers", "Maggie Rogers"], "centerDistance": 0.859763, "angle": 3.612831551628262, "color": [2, 0]}, {"songs": ["Bigger Wow", "New Friends", "Play Date", "Milk and Cookies"], "artists": ["Avril Lavigne", "Maty Noyes", "Melanie Martinez", "Melanie Martinez"], "centerDistance": 0.948397825, "angle": 4.869468613064179, "color": [3, 0]}, {"songs": ["monster", "She"], "artists": ["dodie", "dodie"], "centerDistance": 0.90349385, "angle": 6.126105674500097, "color": [4, 0]}]