[{"songs": ["Thunder", "Strip", "Break Free (feat. Zedd)", "Birthday", "Applause", "Roar", "Neon Lights", "I Will Never Let You Down", "Made in the USA", "Wrecking Ball", "On My Way", "MANiCURE", "Little Me", "Slow Down", "Move", "Lips Are Movin", "How Long Will I Love You", "I Wish (feat. T.I.)", "Come & Get It", "Sledgehammer"], "artists": ["Jessie J", "Jessie J", "Ariana Grande", "Katy Perry", "Lady Gaga", "Katy Perry", "Demi Lovato", "Rita Ora", "Demi Lovato", "Miley Cyrus", "Lea Michele", "Lady Gaga", "Little Mix", "Selena Gomez", "Little Mix", "Meghan Trainor", "Ellie Goulding", "Cher Lloyd", "Selena Gomez", "Fifth Harmony"], "centerDistance": 0.7594862499999999, "angle": 2.1534942206893533, "color": [0, 0]}, {"songs": ["Ready or Not"], "artists": ["Bridgit Mendler"], "centerDistance": 0.853576, "angle": 3.491211389926467, "color": [1, 0]}, {"songs": ["Your Love"], "artists": ["Nicole Scherzinger"], "centerDistance": 0.839276, "angle": 4.828928559163581, "color": [2, 0]}, {"songs": ["Burn"], "artists": ["Ellie Goulding"], "centerDistance": 0.79002, "angle": 6.166645728400695, "color": [3, 0]}, {"songs": ["Royals"], "artists": ["Lorde"], "centerDistance": 0.873173, "angle": 0.8157770514522387, "color": [4, 0]}]