[{"songs": ["Sexxx Dreams", "MANiCURE", "I Can't Give You Anything But Love", "Anything Goes", "Break Free (feat. Zedd)", "Living for Love", "Welcome to New York", "Bad Blood", "Caught in the Middle", "Baby Don't Lie", "Someone Else", "Hands in the Air (feat. Ludacris)", "International Smile", "It Should Be Easy (feat. will.i.am)", "Va Va Voom", "Rebel Heart", "Birthday", "Supernatural", "Radar", "We Found Love (feat. Calvin Harris)"], "artists": ["Lady Gaga", "Lady Gaga", "Tony Bennett & Lady Gaga", "Tony Bennett & Lady Gaga", "Ariana Grande", "Madonna", "Taylor Swift", "Taylor Swift", "Charli XCX", "Gwen Stefani", "Miley Cyrus", "Miley Cyrus", "Katy Perry", "Britney Spears", "Nicki Minaj", "Madonna", "Katy Perry", "Ke$ha", "Britney Spears", "Rihanna"], "centerDistance": 0.7055036499999999, "angle": 1.0995574287564276, "color": [0, 0]}, {"songs": ["Where Have You Been"], "artists": ["Rihanna"], "centerDistance": 0.866026, "angle": 2.356194490192345, "color": [1, 0]}, {"songs": ["Masterpiece"], "artists": ["Jessie J"], "centerDistance": 0.886089, "angle": 3.612831551628262, "color": [2, 0]}, {"songs": ["Get Outta My Way"], "artists": ["Kylie Minogue"], "centerDistance": 0.865144, "angle": 4.869468613064179, "color": [3, 0]}, {"songs": ["Your Love"], "artists": ["Nicole Scherzinger"], "centerDistance": 0.8967080000000001, "angle": 6.126105674500097, "color": [4, 0]}]