[{"songs": ["I Hate Everything About You", "Come a Little Closer", "Apologize", "Say It"], "artists": ["Three Days Grace", "Cage the Elephant", "OneRepublic", "Blue October"], "centerDistance": 0.7034772499999999, "angle": 4.819085512145627, "color": [0, 0]}, {"songs": ["The Bitter End", "Female Robbery", "Gives You Hell"], "artists": ["Placebo", "The Neighbourhood", "The All-American Rejects"], "centerDistance": 0.721979, "angle": 6.176488775418648, "color": [1, 0]}, {"songs": ["Believer", "Thought Contagion", "The Dark Side", "This Is Gospel", "Forever & Ever More", "trip switch", "Creep", "Mr. Brightside", "The Ballad of Mona Lisa", "Famous Last Words", "Meds", "Cigarette Daydreams", "Renegades", "Karma Police", "The Sharpest Lives", "Blame", "Paradise", "Roll Call", "Now", "Half"], "artists": ["Imagine Dragons", "Muse", "Muse", "Panic! at the Disco", "Nothing But Thieves", "Nothing But Thieves", "Radiohead", "The Killers", "Panic! at the Disco", "My Chemical Romance", "Placebo", "Cage the Elephant", "X Ambassadors", "Radiohead", "My Chemical Romance", "Bastille", "Coldplay", "The Neighbourhood", "Paramore", "PVRIS"], "centerDistance": 0.5649449499999999, "angle": 1.0898267044973533, "color": [2, 0]}, {"songs": ["Natural"], "artists": ["Imagine Dragons"], "centerDistance": 0.0, "angle": 2.249946644405288, "color": [3, 0]}, {"songs": ["Island in the Sun", "Secrets", "In My Place"], "artists": ["Weezer", "OneRepublic", "Coldplay"], "centerDistance": 0.747359, "angle": 3.382449851847916, "color": [4, 0]}]