[{"songs": ["Back to You (feat. Bebe Rexha & Digital Farm Animals)", "Talia"], "artists": ["Louis Tomlinson", "King Princess"], "centerDistance": 0.446469, "angle": 1.0443338598890461, "color": [0, 0]}, {"songs": ["IDGAF", "Fools", "Girls Like You (feat. Cardi B)", "Wolves"], "artists": ["Dua Lipa", "Madison Beer", "Maroon 5", "Selena Gomez"], "centerDistance": 0.86794325, "angle": 2.176906306903332, "color": [1, 0]}, {"songs": ["Home With You", "Over Again", "Slow Hands", "History", "Let Me", "Back to You", "Talk To Me", "Strip That Down", "cRYINg In THE clUB", "Joan of Arc", "Life of the Party", "Crazy", "Youth", "I Have Questions", "That's My Girl", "Most Girls", "Hair Too Long", "BIG PLANS", "Younger", "New Rules"], "artists": ["Liam Payne", "One Direction", "Niall Horan", "One Direction", "Zayn", "Louis Tomlinson", "Zayn", "Liam Payne", "Camila Cabello", "Little Mix", "Shawn Mendes", "Shawn Mendes", "Troye Sivan", "Camila Cabello", "Fifth Harmony", "Hailee Steinfeld", "The Vamps", "why don't we", "Ruel", "Dua Lipa"], "centerDistance": 0.7606565999999999, "angle": 3.559785213779282, "color": [2, 0]}, {"songs": ["Say You Won't Let Go", "My My My!", "Too Good at Goodbyes", "Bad Liar", "Find You", "Girls (feat. Cardi B, Bebe Rexha & Charli XCX)"], "artists": ["James Arthur", "Troye Sivan", "Sam Smith", "Selena Gomez", "Nick Jonas", "Rita Ora"], "centerDistance": 0.8564268333333334, "angle": 4.788920624348001, "color": [3, 0]}, {"songs": ["Woman Like Me (feat. Nicki Minaj)", "All Night", "Let You Love Me"], "artists": ["Little Mix", "The Vamps", "Rita Ora"], "centerDistance": 0.8585596666666667, "angle": 6.206653663216275, "color": [4, 0]}]