[{"songs": ["Feel The Love (feat. Pusha T)", "4th Dimension (feat. Louis Prima)", "Ghost Town (feat. PARTYNEXTDOOR)", "Wouldn't Leave (feat. PARTYNEXTDOOR)", "CLOUT COBAIN l CLOUT CO13A1N", "Foreword (feat. Rex Orange County)", "Ontheway! (feat. Standing On The Corner)", "Otis (feat. Otis Redding)", "Solo Dolo (Nightmare)", "Erase Me (feat. Kanye West)", "December 24", "Goldust", "Overdue (feat. Travis Scott)", "Don't Come Out the House (feat. 21 Savage)", "Ni**as in Paris", "I Love It", "White Label", "Distorted Records", "1539 N. Calvert", "WEIGHT"], "artists": ["Kids See Ghosts", "Kids See Ghosts", "Kanye West", "Kanye West", "Denzel Curry", "Tyler, the Creator", "Earl Sweatshirt", "Jay-Z & Kanye West", "Kid Cudi", "Kid Cudi", "Earl Sweatshirt", "Danny Brown", "Metro Boomin", "Metro Boomin", "Jay-Z & Kanye West", "Kanye West & Lil Pump", "Nas", "A$AP Rocky", "JPEGMAFIA", "BROCKHAMPTON"], "centerDistance": 0.7058511000000001, "angle": 1.0995574287564276, "color": [0, 0]}, {"songs": ["KOD", "Nonstop"], "artists": ["J. Cole", "Drake"], "centerDistance": 0.886762, "angle": 2.356194490192345, "color": [1, 0]}, {"songs": ["What Would Meek Do? (feat. Kanye West)", "Hard Piano (feat. Rick Ross)"], "artists": ["Pusha T", "Pusha T"], "centerDistance": 0.6030409999999999, "angle": 3.612831551628262, "color": [2, 0]}, {"songs": ["Life", "Crew (feat. Brent Faiyaz & Shy Glizzy)"], "artists": ["Saba", "GoldLink"], "centerDistance": 0.8847255, "angle": 4.869468613064179, "color": [3, 0]}, {"songs": ["See You Again (feat. Kali Uchis)", "New Orleans", "BagBak"], "artists": ["Tyler, the Creator", "BROCKHAMPTON", "Vince Staples"], "centerDistance": 0.8291559999999999, "angle": 6.126105674500097, "color": [4, 0]}]