[{"songs": ["Close to Me (with Diplo) (feat. Swae Lee)", "Baby (feat. Marina and The Diamonds & Luis Fonsi)", "Solo (feat. Demi Lovato)", "End Game", "I'm a Mess", "Back To You - From 13 Reasons Why \u2013 Season 2 Soundtrack"], "artists": ["Ellie Goulding", "Clean Bandit", "Clean Bandit", "Taylor Swift", "Bebe Rexha", "Selena Gomez"], "centerDistance": 0.4976863333333333, "angle": 1.1460269518652995, "color": [0, 0]}, {"songs": ["Veneno", "Provocar", "Coisa Boa"], "artists": ["Anitta", "Lexa", "Gloria Groove"], "centerDistance": 0.3612573333333334, "angle": 2.385184632668409, "color": [1, 0]}, {"songs": ["Consequences - orchestra"], "artists": ["Camila Cabello"], "centerDistance": 0.602884, "angle": 3.6243423134715185, "color": [2, 0]}, {"songs": ["1999", "Thank U, Next", "Without Me", "Want To", "Sweet but Psycho", "Woman Like Me (feat. Nicki Minaj)", "Let You Love Me", "Ruin My Life", "breathin", "Shallow", "Running", "N\u00e3o Perco Meu Tempo", "Joan of Arc", "Expectations", "Sapequinha", "Dancing With a Stranger (with Normani)", "Boa Menina", "Dona de Mim", "Nothing Breaks Like a Heart (feat. Miley Cyrus)", "Right Now"], "artists": ["Charli XCX", "Ariana Grande", "Halsey", "Dua Lipa", "Ava Max", "Little Mix", "Rita Ora", "Zara Larsson", "Ariana Grande", "Lady Gaga", "Dua Lipa", "Anitta", "Little Mix", "Lauren Jauregui", "Lexa", "Sam Smith", "Lu\u00edsa Sonza", "IZA", "Mark Ronson", "Nick Jonas"], "centerDistance": 0.30272239999999995, "angle": 4.863499994274628, "color": [3, 0]}, {"songs": ["Eastside (with Halsey & Khalid)", "when the party's over"], "artists": ["Benny Blanco", "Billie Eilish"], "centerDistance": 0.59076, "angle": 6.132074293289647, "color": [4, 0]}]