[{"songs": ["Yikes", "HUMBLE.", "44 More", "SUMO | ZUMO"], "artists": ["Kanye West", "Kendrick Lamar", "Logic", "Denzel Curry"], "centerDistance": 0.7463885000000001, "angle": 1.2768860221214746, "color": [0, 0]}, {"songs": ["God's Plan", "Narcos", "Life", "Stir Fry", "Soho (feat. JID)"], "artists": ["Drake", "Migos", "Saba", "Migos", "Boogie"], "centerDistance": 0.7812322, "angle": 2.642416321832786, "color": [1, 0]}, {"songs": ["ATM", "Photograph", "DNA.", "All Mine", "The Games We Play", "Off Deez (with J. Cole)", "Nice For What", "Boblo Boat (feat. J. Cole)", "Plug Walk", "Tony Tone", "This Is America", "NEVER", "Roll in Peace (feat. XXXTENTACION)", "Praise The Lord (Da Shine) [feat. Skepta]", "Plain Jane", "Psycho (feat. Ty Dolla $ign)", "Icon", "CLOUT COBAIN l CLOUT CO13A1N", "IV. Sweatpants", "Legendary (feat. J. Cole)"], "artists": ["J. Cole", "J. Cole", "Kendrick Lamar", "Kanye West", "Pusha T", "Jid", "Drake", "Royce da 5'9\"", "Rich The Kid", "A$AP Rocky", "Childish Gambino", "Jid", "Kodak Black", "A$AP Rocky", "A$AP Ferg", "Post Malone", "Jaden Smith", "Denzel Curry", "Childish Gambino", "Joey Bada$$"], "centerDistance": 0.6920575, "angle": 3.680727886556336, "color": [2, 0]}, {"songs": ["monster", "The Ringer", "DR. WHOEVER", "Purge"], "artists": ["21 Savage", "Eminem", "Amin\u00e9", "Bas"], "centerDistance": 0.8023645000000001, "angle": 4.742694824618384, "color": [3, 0]}, {"songs": ["a lot", "OKRA", "I Love", "Space Cadet (feat. Gunna)", "Who Dat Boy", "Calling My Spirit", "Crushed Up"], "artists": ["21 Savage", "Tyler, the Creator", "JOYNER LUCAS", "Metro Boomin", "Tyler, the Creator", "Kodak Black", "Future"], "centerDistance": 0.788306857142857, "angle": 6.252879462945891, "color": [4, 0]}]