[{"songs": ["Feelings", "There's No Way", "There's No Way (feat. Julia Michaels)", "Let Me Down Slowly", "Water Fountain", "come out and play", "Peer Pressure", "Burning", "Wish You Were Gay", "Back In My Body", "Crush Culture", "Pretty Girl", "Sun In Our Eyes", "My Mistake", "Version Of Me", "My Obsession", "Blur", "Over My Head", "National Anthem", "Peer Pressure (feat. Julia Michaels)"], "artists": ["Lennon Stella", "Lauv", "Lauv", "Alec Benjamin", "Alec Benjamin", "Billie Eilish", "James Bay", "Maggie Rogers", "Billie Eilish", "Maggie Rogers", "Conan Gray", "Maggie Lindemann", "M\u00d8", "Gabrielle Aplin", "Sasha Sloan", "Pale Waves", "M\u00d8", "Echosmith", "Lana Del Rey", "James Bay"], "centerDistance": 0.8199166999999999, "angle": 1.1459076736737979, "color": [0, 0]}, {"songs": ["Plum", "What a Heavenly Way to Die"], "artists": ["Troye Sivan", "Troye Sivan"], "centerDistance": 0.89405145, "angle": 2.4598013581606235, "color": [1, 0]}, {"songs": ["Colder", "Is It Really Me You're Missing"], "artists": ["Nina Nesbitt", "Nina Nesbitt"], "centerDistance": 0.74627, "angle": 3.6464826481577797, "color": [2, 0]}, {"songs": ["Bad", "Younger", "Dazed & Confused"], "artists": ["Lennon Stella", "Ruel", "Ruel"], "centerDistance": 0.5673786666666666, "angle": 4.833163938154936, "color": [3, 0]}, {"songs": ["1950", "Holy"], "artists": ["King Princess", "King Princess"], "centerDistance": 0.852596, "angle": 6.162410349409341, "color": [4, 0]}]