[{"songs": ["Look What You Made Me Do", "Green Light", "Ciao Adios", "On My Mind", "Hair Body Face", "There's Nothing Holdin' Me Back", "you should see me in a crown", "Sad", "Strangers"], "artists": ["Taylor Swift", "Lorde", "Anne-Marie", "Ellie Goulding", "Lady Gaga", "Shawn Mendes", "Billie Eilish", "Bebe Rexha", "Sigrid"], "centerDistance": 0.8297655555555555, "angle": 4.7441378129930865, "color": [0, 0]}, {"songs": ["Nostalgia", "Way Down"], "artists": ["M\u00d8", "M\u00d8"], "centerDistance": 0.847084, "angle": 6.25143647457119, "color": [1, 0]}, {"songs": ["Woman Like Me (feat. Nicki Minaj)", "Let You Love Me", "1999", "Sweet but Psycho", "Think About Us", "Party for One"], "artists": ["Little Mix", "Rita Ora", "Charli XCX", "Ava Max", "Little Mix", "Carly Rae Jepsen"], "centerDistance": 0.7996396666666667, "angle": 1.0994877748810348, "color": [2, 0]}, {"songs": ["Heaven in Hiding", "Eyes Closed"], "artists": ["Halsey", "Halsey"], "centerDistance": 0.812318, "angle": 2.4493833267448846, "color": [3, 0]}, {"songs": ["Bad Together", "Dreams", "No Tears Left To Cry", "Dance to This (feat. Ariana Grande)", "She Loves Control", "cRYINg In THE clUB", "I Did Something Bad", "My My My!", "Your Song", "I Got You", "I Would Like", "Shedontknowbutsheknows", "Ain't My Fault", "Roulette", "Lady Wood", "Hey Hey Hey", "Homemade Dynamite", "Break Free (feat. Zedd)", "Symphony (feat. Zara Larsson)", "Baby (feat. Marina & Luis Fonsi)"], "artists": ["Dua Lipa", "Dua Lipa", "Ariana Grande", "Troye Sivan", "Camila Cabello", "Camila Cabello", "Taylor Swift", "Troye Sivan", "Rita Ora", "Bebe Rexha", "Zara Larsson", "Tove Lo", "Zara Larsson", "Katy Perry", "Tove Lo", "Katy Perry", "Lorde", "Ariana Grande", "Clean Bandit", "Clean Bandit"], "centerDistance": 0.7205622999999999, "angle": 3.5775066267371827, "color": [4, 0]}]