[{"songs": ["Close To Me (feat. Reo Cragun)", "WDYW (feat. Lil Uzi Vert, A$AP Ferg & Rich The Kid)", "Raf", "LA LA", "Audi.", "Sin (feat. Jaden Smith)", "Plug Walk", "Fingers Blue (Feat. Travis Scott)", "Look Alive (feat. Drake)", "Digits", "Money Longer", "Get Dripped (feat. Playboi Carti)", "New Patek", "No Wave (feat. Denzel Curry)", "New Freezer (feat. Kendrick Lamar)", "ONCE UPON A TIME (FREESTYLE)", "Plain Jane", "T-Shirt", "Telephone Calls", "Narcos"], "artists": ["Carnage", "Carnage", "A$AP Mob", "SKI MASK THE SLUMP GOD", "smokepurpp", "Young Thug", "Rich The Kid", "smokepurpp", "BlocBoy JB", "Young Thug", "LIL UZI VERT", "Lil Yachty", "LIL UZI VERT", "IDK", "Rich The Kid", "IDK", "A$AP Ferg", "Migos", "A$AP Mob", "Migos"], "centerDistance": 0.8787589950000001, "angle": 3.5842732990991437, "color": [0, 0]}, {"songs": ["Nuketown (feat. Juice WRLD)"], "artists": ["SKI MASK THE SLUMP GOD"], "centerDistance": 0.9150062999999999, "angle": 4.809222027144886, "color": [1, 0]}, {"songs": ["Yacht Club (feat. Juice WRLD)", "Wanted You (feat. Lil Uzi Vert)"], "artists": ["Lil Yachty", "NAV"], "centerDistance": 0.96716935, "angle": 6.18635226041939, "color": [2, 0]}, {"songs": ["Ned Flanders (feat. A$AP Ferg)", "Outstanding"], "artists": ["MADEINTYO", "MADEINTYO"], "centerDistance": 0.9478950500000001, "angle": 1.1361127590565925, "color": [3, 0]}, {"songs": ["Pick It Up (Feat. A$AP Rocky)", "Japan"], "artists": ["Famous Dex", "Famous Dex"], "centerDistance": 0.94916795, "angle": 2.3610614871023348, "color": [4, 0]}]