[{"songs": ["Armed And Dangerous", "Noticed", "Mo Bamba", "No Stylist", "Splashin", "Look Back At It", "Yes Indeed", "Swervin (feat. 6ix9ine)", "Lucid Dreams", "Look Alive (feat. Drake)", "Taking A Walk", "Ned Flanders (feat. A$AP Ferg)", "Kung Fu", "Outside Today", "Plug Walk", "Die Young", "No Rest", "Taste (feat. Offset)", "Get Dripped (feat. Playboi Carti)", "Nephew (feat. Lil Pump)"], "artists": ["Juice WRLD", "lil Mosey", "Sheck Wes", "French Montana", "Rich The Kid", "A Boogie Wit da Hoodie", "Lil Baby", "A Boogie Wit da Hoodie", "Juice WRLD", "BlocBoy JB", "Trippie Redd", "MADEINTYO", "YBN Cordae", "YoungBoy Never Broke Again", "Rich The Kid", "Roddy Ricch", "lil skies", "Tyga", "Lil Yachty", "smokepurpp"], "centerDistance": 0.28827119999999995, "angle": 3.6235599819606055, "color": [0, 0]}, {"songs": ["Japan", "Pick It Up (Feat. A$AP Rocky)"], "artists": ["Famous Dex", "Famous Dex"], "centerDistance": 0.46247550000000004, "angle": 4.801273700481598, "color": [1, 0]}, {"songs": ["KIKA (feat. Tory Lanez)", "Fine China", "monster", "Topanga", "Sin (feat. Jaden Smith)", "Walk", "I Love", "Red Roses (feat. Landon Cube)", "Yacht Club (feat. Juice WRLD)", "wokeuplikethis*"], "artists": ["6ix9ine", "Future", "21 Savage", "Trippie Redd", "Young Thug", "Comethazine", "JOYNER LUCAS", "lil skies", "Lil Yachty", "Playboi Carti"], "centerDistance": 0.3876881, "angle": 6.194300587082678, "color": [2, 0]}, {"songs": ["a lot", "Calling My Spirit", "MoshPit (feat. Juice WRLD)", "Crushed Up"], "artists": ["21 Savage", "Kodak Black", "Kodak Black", "Future"], "centerDistance": 0.28570450000000003, "angle": 1.206555257173064, "color": [3, 0]}, {"songs": ["Space Cadet (feat. Gunna)", "10 Freaky Girls (with 21 Savage)", "Nuketown (feat. Juice WRLD)", "Faucet Failure"], "artists": ["Metro Boomin", "Metro Boomin", "SKI MASK THE SLUMP GOD", "SKI MASK THE SLUMP GOD"], "centerDistance": 0.331707, "angle": 2.462597497011899, "color": [4, 0]}]