[{"songs": ["Back To You - From 13 Reasons Why \u2013 Season 2 Soundtrack", "Eastside (with Halsey & Khalid)"], "artists": ["Selena Gomez", "Benny Blanco"], "centerDistance": 0.9571449999999999, "angle": 2.351754194354253, "color": [0, 0]}, {"songs": ["Capital Letters", "Most Girls", "Only You (with Little Mix)", "Write On Me", "We Don't Talk Anymore (feat. Selena Gomez)", "I Took A Pill In Ibiza - SeeB Remix", "I Got You", "Lost In Japan", "Voices in My Head", "Falling to Pieces", "Let Me Hold You (Turn Me On)", "Te pegar", "Double Rainbow", "Squeeze", "Overprotected - Radio Edit", "Don't Wanna Know (feat. Kendrick Lamar)", "You Gotta Not", "This Kiss", "All For Love", "New Friends"], "artists": ["Hailee Steinfeld", "Hailee Steinfeld", "Cheat Codes", "Fifth Harmony", "Charlie Puth", "Mike Posner", "Bebe Rexha", "Shawn Mendes", "Ashley Tisdale", "Rita Ora", "Cheat Codes", "IZA", "Katy Perry", "Fifth Harmony", "Britney Spears", "Maroon 5", "Little Mix", "Carly Rae Jepsen", "Madison Beer", "Maty Noyes"], "centerDistance": 0.7229651400000001, "angle": 3.5654700016668244, "color": [1, 0]}, {"songs": ["Rewrite The Stars (with James Arthur & Anne-Marie)"], "artists": ["James Arthur"], "centerDistance": 0.9779356, "angle": 4.788066400655579, "color": [2, 0]}, {"songs": ["I'll Never Love Again - Film Version", "The Cure", "Wolves", "Close to Me (with Diplo) (feat. Swae Lee)", "2002", "Real Friends", "IDGAF", "Girls Like You (feat. Cardi B)"], "artists": ["Lady Gaga", "Lady Gaga", "Selena Gomez", "Ellie Goulding", "Anne-Marie", "Camila Cabello", "Dua Lipa", "Maroon 5"], "centerDistance": 0.9248082125, "angle": 6.207507886908697, "color": [3, 0]}, {"songs": ["Strip That Down", "Dusk Till Dawn - Radio Edit"], "artists": ["Liam Payne", "Zayn"], "centerDistance": 0.9745207499999999, "angle": 1.1380383870416821, "color": [4, 0]}]