[{"songs": ["Eventually", "Multi-Love", "Apocalypse Dreams", "Can't Keep Checking My Phone", "Don't Wanna Fight", "Carrie & Lowell", "What You Want", "Boys Latin", "Spell It Out", "Quo Vadis", "Dead Fox", "Crocodile Tears", "Your Heart Still Beating", "Can We Still Be Friends", "Colours to Life", "Big Decisions", "Sun Structures", "Shake And Tremble", "Passing Out Pieces", "Go Easy"], "artists": ["Tame Impala", "Unknown Mortal Orchestra", "Tame Impala", "Unknown Mortal Orchestra", "Alabama Shakes", "Sufjan Stevens", "Toro y Moi", "Panda Bear", "Toro y Moi", "Lower Dens", "Courtney Barnett", "Tobias Jesso Jr.", "Lower Dens", "Tobias Jesso Jr.", "Temples", "My Morning Jacket", "Temples", "Django Django", "Mac DeMarco", "Mac DeMarco"], "centerDistance": 0.6267438999999999, "angle": 1.5707963267948966, "color": [0, 0]}, {"songs": ["Shirim"], "artists": ["Melody's Echo Chamber"], "centerDistance": 0.872179, "angle": 3.141592653589793, "color": [1, 0]}, {"songs": ["Holding Out For You"], "artists": ["Pond"], "centerDistance": 0.5818920000000001, "angle": 4.71238898038469, "color": [2, 0]}, {"songs": ["Zond"], "artists": ["Pond"], "centerDistance": 0.511844, "angle": 4.71238898038469, "color": [2, 1]}, {"songs": ["Melody Day"], "artists": ["Caribou"], "centerDistance": 0.88242, "angle": 0.0, "color": [3, 0]}]