[{"songs": ["Dynamite", "SexyBack", "Rock Your Body", "Survivor"], "artists": ["Taio Cruz", "Justin Timberlake", "Justin Timberlake", "Destiny's Child"], "centerDistance": 0.62064175, "angle": 4.867605522789647, "color": [0, 0]}, {"songs": ["Don't Hold Your Breath"], "artists": ["Nicole Scherzinger"], "centerDistance": 0.647424, "angle": 6.127968764774629, "color": [1, 0]}, {"songs": ["Beautiful Monster", "Forever Now", "Don't Wake Me Up", "Scream", "DJ Got Us Fallin' in Love", "Wild Ones (feat. Sia)", "Yeah 3X", "Locked Out of Heaven", "Give Me Everything", "I Cry", "Without You (feat. Usher)", "Titanium (feat. Sia)", "Blurred Lines", "Radioactive", "All of Me", "Starships", "Pound the Alarm", "Timber", "Just the Way You Are", "Domino"], "artists": ["Ne-Yo", "Ne-Yo", "Chris Brown", "Usher", "Usher", "Flo Rida", "Chris Brown", "Bruno Mars", "Pitbull", "Flo Rida", "David Guetta", "David Guetta", "Robin Thicke", "Rita Ora", "John Legend", "Nicki Minaj", "Nicki Minaj", "Pitbull", "Bruno Mars", "Jessie J"], "centerDistance": 0.49319159999999995, "angle": 1.100488973893694, "color": [2, 0]}, {"songs": ["Only Girl (In the World)", "Where Have You Been"], "artists": ["Rihanna", "Rihanna"], "centerDistance": 0.5960305, "angle": 2.356194490192344, "color": [3, 0]}, {"songs": ["Bang Bang", "XO"], "artists": ["Jessie J", "Beyonc\u00e9"], "centerDistance": 0.6759925, "angle": 3.6119000064909947, "color": [4, 0]}]