[{"songs": ["If We Have Each Other", "Outrunning Karma", "8 Letters", "Safe", "Talk", "What A Time (feat. Niall Horan)", "Colors", "Pretty Girl", "My My My!", "Hide Away", "Myself", "Plum", "Most Girls", "Good as Gold", "shut up", "Let Me Go", "Why", "Back from the Edge", "Clearly", "BOY"], "artists": ["Alec Benjamin", "Alec Benjamin", "why don't we", "Daya", "why don't we", "Julia Michaels", "Halsey", "Maggie Lindemann", "Troye Sivan", "Daya", "bazzi", "Troye Sivan", "Hailee Steinfeld", "Greyson Chance", "Greyson Chance", "Hailee Steinfeld", "Sabrina Carpenter", "James Arthur", "Grace VanderWaal", "Charlie Puth"], "centerDistance": 0.78106337, "angle": 2.4841558305527003, "color": [0, 0]}, {"songs": ["Younger"], "artists": ["Ruel"], "centerDistance": 0.775289, "angle": 3.624971259515793, "color": [1, 0]}, {"songs": ["Into You"], "artists": ["Julia Michaels"], "centerDistance": 0.917932, "angle": 4.765786688478885, "color": [2, 0]}, {"songs": ["you should see me in a crown", "New Friends", "Burning"], "artists": ["Billie Eilish", "Maty Noyes", "Maggie Rogers"], "centerDistance": 0.9204237333333333, "angle": 6.229787599085391, "color": [3, 0]}, {"songs": ["Sad", "Mine"], "artists": ["Bebe Rexha", "Bebe Rexha"], "centerDistance": 0.92657435, "angle": 1.3187748236723458, "color": [4, 0]}]