[{"songs": ["Fluorescent Adolescent", "Seaside", "Mardy Bum", "Can't Stand Me Now", "Someday", "Standing Next to Me", "Reptilia", "My Mistakes Were Made for You", "Here It Goes Again", "Golden Skans", "Munich"], "artists": ["Arctic Monkeys", "The Kooks", "Arctic Monkeys", "The Libertines", "The Strokes", "The Last Shadow Puppets", "The Strokes", "The Last Shadow Puppets", "OK Go", "Klaxons", "Editors"], "centerDistance": 0.7753023636363636, "angle": 4.840519241971643, "color": [0, 0]}, {"songs": ["Kill The Director", "Chelsea Dagger", "What You Know", "Henrietta", "A-Punk", "Tongue Tied", "Undercover Martyn", "Anna Sun", "Ruby", "Take Me Out", "Teenage Icon", "Always Like This", "Mr. Brightside", "Fire", "No You Girls", "Miracle Mile", "Colours", "San Francisco", "Luv, Hold Me Down", "Shake Me Down"], "artists": ["The Wombats", "The Fratellis", "Two Door Cinema Club", "The Fratellis", "Vampire Weekend", "Grouplove", "Two Door Cinema Club", "Walk the Moon", "Kaiser Chiefs", "Franz Ferdinand", "The Vaccines", "Bombay Bicycle Club", "The Killers", "Kasabian", "Franz Ferdinand", "Cold War Kids", "Grouplove", "The Mowgli's", "Drowners", "Cage the Elephant"], "centerDistance": 0.7111943499999999, "angle": 6.155055045592632, "color": [1, 0]}, {"songs": ["I Predict a Riot", "Shuffle", "Club Foot", "My Number", "Death", "Breezeblocks"], "artists": ["Kaiser Chiefs", "Bombay Bicycle Club", "Kasabian", "Foals", "White Lies", "alt-J"], "centerDistance": 0.7954629999999999, "angle": 0.9904867118211449, "color": [2, 0]}, {"songs": ["Banquet", "Helicopter"], "artists": ["Bloc Party", "Bloc Party"], "centerDistance": 0.7622815000000001, "angle": 2.109103685229245, "color": [3, 0]}, {"songs": ["Moving To New York", "She Moves in Her Own Way", "If You Wanna", "Diane Young"], "artists": ["The Wombats", "The Kooks", "The Vaccines", "Vampire Weekend"], "centerDistance": 0.5405305, "angle": 3.2277206586373453, "color": [4, 0]}]