[{"songs": ["Faded Love (feat. Future)", "Tokyo Snow Trip", "Sweetener", "Thought I Knew You (feat. The Weeknd)", "Saudade Daquilo", "Fake Love", "close to you", "LBD", "Hungry (Feat. Rick Ross)", "Girl (feat. Kaytranada)", "Sky Walker (feat. Travis Scott)", "Slide on Me", "Clout (feat. 21 Savage)", "Break from Toronto", "Famous", "lEvEL uP", "Freak Me (feat. Tekno)", "GTFO", "Growing Pains", "Boo'd Up"], "artists": ["Tinashe", "Iggy Azalea", "Ariana Grande", "Nicki Minaj", "IZA", "Drake", "Frank Ocean", "Becky G", "Fergie", "The Internet", "Miguel", "Frank Ocean", "Ty Dolla $ign", "PARTYNEXTDOOR", "AlunaGeorge", "Ciara", "Ciara", "Mariah Carey", "Alessia Cara", "Ella Mai"], "centerDistance": 0.8918382975, "angle": 1.1577811821109831, "color": [0, 0]}, {"songs": ["Wasted Times", "Privilege"], "artists": ["The Weeknd", "The Weeknd"], "centerDistance": 0.9192357499999999, "angle": 2.2934338770034666, "color": [1, 0]}, {"songs": ["Like I Do (feat. GoldLink)", "Accelerate (feat. Ty Dolla $ign & 2 Chainz)"], "artists": ["Christina Aguilera", "Christina Aguilera"], "centerDistance": 0.7433465, "angle": 3.4290865718959496, "color": [2, 0]}, {"songs": ["Throw a Fit", "Hard White", "7 rings", "Angel", "Mooo!", "Motivate", "Kream (feat. Tyga)"], "artists": ["Tinashe", "Nicki Minaj", "Ariana Grande", "Fifth Harmony", "Doja Cat", "Little Mix", "Iggy Azalea"], "centerDistance": 0.7334702142857144, "angle": 4.726600130184785, "color": [3, 0]}, {"songs": ["Formation", "Sorry", "Trip"], "artists": ["Beyonc\u00e9", "Beyonc\u00e9", "Ella Mai"], "centerDistance": 0.90940881, "angle": 6.268974157379492, "color": [4, 0]}]