[{"songs": ["idontwannabeyouanymore", "you should see me in a crown", "Better", "Thunderclouds (with Sia, Diplo & Labrinth)", "Homemade Dynamite (Feat. Khalid, Post Malone & SZA) - REMIX", "Saved", "Royals", "Cake", "Milk and Cookies", "On My Mind", "Burn Slow", "Sugarcoat", "Ghost", "Madness", "Video Games - remastered", "Dancing With a Stranger (with Normani)", "Lust for Life (with The Weeknd)", "God is a Woman", "Kiss and Make Up", "breathin"], "artists": ["Billie Eilish", "Billie Eilish", "Khalid", "Sia", "Lorde", "Khalid", "Lorde", "Melanie Martinez", "Melanie Martinez", "Ellie Goulding", "Jaira burns", "Jaira burns", "Katy Perry", "Ruelle", "Lana Del Rey", "Sam Smith", "Lana Del Rey", "Ariana Grande", "Dua Lipa", "Ariana Grande"], "centerDistance": 0.8286264749999999, "angle": 3.516740172765231, "color": [0, 0]}, {"songs": ["Talia", "Last Dance", "Give Yourself A Try", "Don\u2019t Feel Like Crying", "I'll Never Love Again - Film Version", "Nostalgia", "Bigger Than Me", "Bigger Wow", "Sober", "Wolves", "Real Friends", "Shallow"], "artists": ["King Princess", "Dua Lipa", "The 1975", "Sigrid", "Lady Gaga", "M\u00d8", "Katy Perry", "Avril Lavigne", "Demi Lovato", "Selena Gomez", "Camila Cabello", "Lady Gaga"], "centerDistance": 0.9363043416666668, "angle": 4.753504601050903, "color": [1, 0]}, {"songs": ["What I Need (feat. Kehlani)", "Feelings", "Sad", "High Five", "Pillow"], "artists": ["Hayley Kiyoko", "Hayley Kiyoko", "Bebe Rexha", "Sigrid", "Bebe Rexha"], "centerDistance": 0.8767552799999999, "angle": 6.242069686513373, "color": [2, 0]}, {"songs": ["Eastside (with Halsey & Khalid)", "Back To You - From 13 Reasons Why \u2013 Season 2 Soundtrack", "Let Me Go (with Alesso, Florida Georgia Line & watt)", "Consequences - orchestra"], "artists": ["Benny Blanco", "Selena Gomez", "Hailee Steinfeld", "Camila Cabello"], "centerDistance": 0.8449746499999999, "angle": 1.175450751543341, "color": [3, 0]}, {"songs": ["Eyes Closed", "Heaven in Hiding", "Plum"], "artists": ["Halsey", "Halsey", "Troye Sivan"], "centerDistance": 0.8354596666666666, "angle": 2.3349965219491153, "color": [4, 0]}]