[{"songs": ["Eastside", "The Middle", "Kiss and Make Up", "Suncity (feat. Empress Of)", "Right There", "Pray For Me", "Throw a Fit", "Crazy In Love (feat. Jay-Z)", "Entertainer", "Gut Feeling (feat. H.E.R.)", "Don't Let Me Down (feat. Khalid)", "Escape", "Party (feat. Andr\u00e9 3000)", "Gangsta", "Cater 2 U", "Bet (feat. Devont\u00e9 Hynes)", "Love Me Like That (Champion Love)", "Can't Leave 'Em Alone (feat. 50 Cent)", "So Good", "Yernin"], "artists": ["benny blanco, Halsey & Khalid", "Zedd, Maren Morris & Grey", "Dua Lipa & BLACKPINK", "Khalid", "Ariana Grande", "The Weeknd & Kendrick Lamar", "Tinashe", "Beyonc\u00e9", "Zayn", "Ella Mai", "Sabrina Claudio", "Kehlani", "Beyonc\u00e9", "Kehlani", "Destiny's Child", "Tinashe", "Ella Mai", "Ciara", "Destiny's Child", "Sevyn Streeter"], "centerDistance": 0.74470915, "angle": 1.028955792259758, "color": [0, 0]}, {"songs": ["Chun-Li"], "artists": ["Nicki Minaj"], "centerDistance": 0.9783464, "angle": 2.305764749837581, "color": [1, 0]}, {"songs": ["Expectations", "More Than That"], "artists": ["Lauren Jauregui", "Lauren Jauregui"], "centerDistance": 0.97776255, "angle": 3.5825737074154036, "color": [2, 0]}, {"songs": ["I Like It"], "artists": ["Cardi B, Bad Bunny & J Balvin"], "centerDistance": 0.17941300000000004, "angle": 4.859382664993227, "color": [3, 0]}, {"songs": ["Better"], "artists": ["Khalid"], "centerDistance": 0.35019500000000003, "angle": 6.136191622571049, "color": [4, 0]}]