[{"songs": ["Sue Me"], "artists": ["Sabrina Carpenter"], "centerDistance": 0.803748, "angle": 2.356194490192345, "color": [0, 0]}, {"songs": ["I Would Like", "Ain't My Fault", "I Got You", "Into You", "Back To You", "Talking Body", "Love Myself", "Wrecking Ball", "Blank Space", "Shake It Off", "Love Me Like You Do", "Black Magic", "Starving", "Sober", "Unconditionally", "Power", "Cool Girl", "On My Mind", "Sledgehammer", "New Look"], "artists": ["Zara Larsson", "Zara Larsson", "Bebe Rexha", "Ariana Grande", "Selena Gomez", "Tove Lo", "Hailee Steinfeld", "Miley Cyrus", "Taylor Swift", "Taylor Swift", "Ellie Goulding", "Little Mix", "Hailee Steinfeld", "Selena Gomez", "Katy Perry", "Little Mix", "Tove Lo", "Ellie Goulding", "Fifth Harmony", "Rita Ora"], "centerDistance": 0.6337013, "angle": 3.57066653944468, "color": [1, 0]}, {"songs": ["My My My!"], "artists": ["Troye Sivan"], "centerDistance": 0.787827, "angle": 4.7851385886970155, "color": [2, 0]}, {"songs": ["Only Want You"], "artists": ["Rita Ora"], "centerDistance": 0.719409, "angle": 6.21043569886726, "color": [3, 0]}, {"songs": ["breathin"], "artists": ["Ariana Grande"], "centerDistance": 0.6691819999999999, "angle": 1.1417224409400095, "color": [4, 0]}]