[{"songs": ["Video Games - remastered", "Burnt Norton - Interlude", "&burn (with Vince Staples)", "I'm a Ruin", "Sign Of The Times", "Million Dollar Bills", "Happy", "Royals", "COPYCAT", "Carousel", "Sky Full of Song", "Nervous", "Sweater Weather", "New Americana", "Lie", "It's Time", "Nights With You", "Somebody That I Used To Know - feat. Kimbra", "eVeR sinCE nEw yORK", "Last Piece"], "artists": ["Lana Del Rey", "Lana Del Rey", "Billie Eilish", "Marina", "Harry Styles", "Lorde", "Marina", "Lorde", "Billie Eilish", "Melanie Martinez", "Florence + the Machine", "The Neighbourhood", "The Neighbourhood", "Halsey", "Halsey", "Imagine Dragons", "M\u00d8", "Gotye", "Harry Styles", "Lykke Li"], "centerDistance": 0.7400065499999998, "angle": 1.0995574287564276, "color": [0, 0]}, {"songs": ["Radioactive", "Way Down"], "artists": ["Imagine Dragons", "M\u00d8"], "centerDistance": 0.8555524999999999, "angle": 2.356194490192345, "color": [1, 0]}, {"songs": ["Birdie", "I Fell In Love With the Devil"], "artists": ["Avril Lavigne", "Avril Lavigne"], "centerDistance": 0.8627785, "angle": 3.612831551628262, "color": [2, 0]}, {"songs": ["High Hopes", "Play Date", "better alone", "Palm Dreams"], "artists": ["Panic! at the Disco", "Melanie Martinez", "Lykke Li", "Hayley Kiyoko"], "centerDistance": 0.8727031999999999, "angle": 4.869468613064179, "color": [3, 0]}, {"songs": ["Dog Days Are Over", "Don't Stop (Color on the Walls)"], "artists": ["Florence + the Machine", "Foster the People"], "centerDistance": 0.8319295, "angle": 6.126105674500097, "color": [4, 0]}]