[{"songs": ["Little Black Dress", "Diana", "Don't Stop", "Amnesia", "Wonderland", "Clean", "Don't", "Girls", "One", "Me & My Girls", "Break Free (feat. Zedd)", "Fire Starter", "Jealous", "Without the Love", "Counting Stars", "Still into You", "Settle Down", "Life of the Party", "Chains", "Leave My Heart Out Of This"], "artists": ["One Direction", "One Direction", "5 Seconds of Summer", "5 Seconds of Summer", "Taylor Swift", "Taylor Swift", "Ed Sheeran", "The 1975", "Ed Sheeran", "Fifth Harmony", "Ariana Grande", "Demi Lovato", "Nick Jonas", "Demi Lovato", "OneRepublic", "Paramore", "The 1975", "Shawn Mendes", "Nick Jonas", "Fifth Harmony"], "centerDistance": 0.7837878149999999, "angle": 1.0995574287564276, "color": [0, 0]}, {"songs": ["XO"], "artists": ["Beyonc\u00e9"], "centerDistance": 0.9014494, "angle": 2.356194490192345, "color": [1, 0]}, {"songs": ["Move", "Little Me", "Pompeii", "On My Way"], "artists": ["Little Mix", "Little Mix", "Bastille", "Lea Michele"], "centerDistance": 0.87080915, "angle": 3.612831551628262, "color": [2, 0]}, {"songs": ["Burn"], "artists": ["Ellie Goulding"], "centerDistance": 0.9228468, "angle": 4.869468613064179, "color": [3, 0]}, {"songs": ["Gorilla"], "artists": ["Bruno Mars"], "centerDistance": 0.9085837999999999, "angle": 6.126105674500097, "color": [4, 0]}]