[{"songs": ["Beach2k20", "Comme si", "Goya Soda", "No Tears Left To Cry", "Not So Bad In LA", "Girl of the Year", "Lucky Strike", "Girls Night Out", "All for You", "Blazed (feat. Pharrell Williams)", "Cut to the Feeling", "Let You Love Me", "Sanctify", "Supercut", "Shedontknowbutsheknows", "Your Song", "Ray of Light", "Aura", "New Rules", "Hung Up"], "artists": ["Robyn", "Christine and the Queens", "Christine and the Queens", "Ariana Grande", "Allie X", "Allie X", "Troye Sivan", "Charli XCX", "Years & Years", "Ariana Grande", "Carly Rae Jepsen", "Rita Ora", "Years & Years", "Lorde", "Tove Lo", "Rita Ora", "Madonna", "Lady Gaga", "Dua Lipa", "Madonna"], "centerDistance": 0.7953283000000001, "angle": 3.5659566050592018, "color": [0, 0]}, {"songs": ["Party for One", "1999"], "artists": ["Carly Rae Jepsen", "Charli XCX"], "centerDistance": 0.757568, "angle": 4.753207916207544, "color": [1, 0]}, {"songs": ["Baby Forgive Me"], "artists": ["Robyn"], "centerDistance": 0.0, "angle": 6.242366371356733, "color": [2, 0]}, {"songs": ["Green Light", "Hair Body Face"], "artists": ["Lorde", "Lady Gaga"], "centerDistance": 0.8216905, "angle": 1.4322683115053838, "color": [3, 0]}, {"songs": ["Way Down", "Nostalgia"], "artists": ["M\u00d8", "M\u00d8"], "centerDistance": 0.7915205, "angle": 2.352404471800398, "color": [4, 0]}]