[{"songs": ["Perfect", "My Everything", "Love", "Nobody Like You", "Til It Happens To You", "Secret Love Song, Pt. II", "Happy", "Save as Draft", "Twinkle Song", "Into Me You See", "Happy", "Look What You Made Me Do", "...Ready For It?", "365", "breathin", "We Can't Stop", "Chun-Li", "Pills N Potions", "Girls (feat. Cardi B, Bebe Rexha & Charli XCX)", "The Cure"], "artists": ["Selena Gomez", "Ariana Grande", "Lana Del Rey", "Little Mix", "Lady Gaga", "Little Mix", "Marina & the Diamonds", "Katy Perry", "Miley Cyrus", "Katy Perry", "Marina", "Taylor Swift", "Taylor Swift", "Zedd & Katy Perry", "Ariana Grande", "Miley Cyrus", "Nicki Minaj", "Nicki Minaj", "Rita Ora", "Lady Gaga"], "centerDistance": 0.73444174, "angle": 2.2615355052048915, "color": [0, 0]}, {"songs": ["Sober", "Stone Cold", "Hands to Myself"], "artists": ["Demi Lovato", "Demi Lovato", "Selena Gomez"], "centerDistance": 0.3599679666666667, "angle": 3.448506146829987, "color": [1, 0]}, {"songs": ["Head Above Water", "Formation"], "artists": ["Avril Lavigne", "Beyonc\u00e9"], "centerDistance": 0.968685, "angle": 4.752653282070086, "color": [2, 0]}, {"songs": ["when the party's over", "Dance to This (feat. Ariana Grande)", "Veneno"], "artists": ["Billie Eilish", "Troye Sivan", "Anitta"], "centerDistance": 0.84599, "angle": 6.24292100549419, "color": [3, 0]}, {"songs": ["I'm a Mess"], "artists": ["Bebe Rexha"], "centerDistance": 0.9566757, "angle": 1.0834252787784822, "color": [4, 0]}]