[{"songs": ["HUMBLE.", "I Love It (& Lil Pump)", "God's Plan", "Freshman List", "The Man Who Has Everything"], "artists": ["Kendrick Lamar", "Kanye West", "Drake", "NAV", "Chance the Rapper"], "centerDistance": 0.7789526, "angle": 1.222243445609247, "color": [0, 0]}, {"songs": ["Professional Rapper (feat. Snoop Dogg)", "I Fall Apart", "Yikes"], "artists": ["Lil Dicky", "Post Malone", "Kanye West"], "centerDistance": 0.47769866666666666, "angle": 2.5736679245035825, "color": [1, 0]}, {"songs": ["The Ringer", "Spice Girl", "Overnight", "Lean Wit Me"], "artists": ["Eminem", "Amin\u00e9", "Logic", "Juice WRLD"], "centerDistance": 0.7847040000000001, "angle": 3.684758990593202, "color": [2, 0]}, {"songs": ["Lemme Freak", "iSpy (feat. Lil Yachty)", "Candy Paint", "Rap God", "KOD", "Liquor Locker", "Juicy", "Freaks And Geeks", "Sloppy Seconds", "DNA.", "Work Out", "Fashion Killa", "Wet Dreamz", "Moral of the Story", "V. 3005", "Leaving You (feat. Jasmine Poole)", "Black & White", "Goldie", "Man's Not Hot", "Stupid Brilliance"], "artists": ["Lil Dicky", "KYLE", "Post Malone", "Eminem", "J. Cole", "Vic Mensa", "The Notorious B.I.G.", "Childish Gambino", "Watsky", "Kendrick Lamar", "Chance the Rapper", "A$AP Rocky", "J. Cole", "Watsky", "Childish Gambino", "YONAS", "Juice WRLD", "A$AP Rocky", "Big Shaq", "YONAS"], "centerDistance": 0.74225055, "angle": 4.772134784466196, "color": [3, 0]}, {"songs": ["I'm Sorry", "I Love"], "artists": ["JOYNER LUCAS", "JOYNER LUCAS"], "centerDistance": 0.758112, "angle": 6.2234395030980805, "color": [4, 0]}]