[{"songs": ["Whip (feat. Travis Scott)", "High Top Versace (feat. Young Thug)", "No More Parties In LA", "Really Doe (feat. Kendrick Lamar, Ab-Soul & Earl Sweatshirt)", "A.D.H.D.", "Yeah Right", "New Freezer (feat. Kendrick Lamar)", "DUCKWORTH.", "Wat's Wrong (feat. Zacari & Kendrick Lamar)", "Dedication (feat. Kendrick Lamar)", "Anyway (feat. 2 Chainz & Gucci Mane)", "No Problem (feat. Lil Wayne & 2 Chainz)", "God Is Fair, Sexy Nasty (feat. Kendrick Lamar)", "Collard Greens", "X (with 2 Chainz & Saudi)", "Illuminate (feat. Kendrick Lamar)", "Buried Alive Interlude", "Mask Off - Remix", "How Did I Get Here (feat. J. Cole)", "Legacy (feat. Travis Scott & 21 Savage)"], "artists": ["2 Chainz", "2 Chainz", "Kanye West", "Danny Brown", "Kendrick Lamar", "Vince Staples", "Rich The Kid", "Kendrick Lamar", "Isaiah Rashad", "Nipsey Hussle", "Lil Baby", "Chance the Rapper", "Mac Miller", "ScHoolboy Q", "ScHoolboy Q", "Ab-Soul", "Drake", "Future", "Offset", "Offset"], "centerDistance": 0.8179481050000001, "angle": 3.5752211842604504, "color": [0, 0]}, {"songs": ["First Off (feat. Travis Scott)"], "artists": ["Future"], "centerDistance": 0.9829483999999999, "angle": 4.542951792452006, "color": [1, 0]}, {"songs": ["Pure Cocaine"], "artists": ["Lil Baby"], "centerDistance": 0.99301151, "angle": 0.16943718793268303, "color": [2, 0]}, {"songs": ["Soho (feat. JID)", "Going Bad (feat. Drake)"], "artists": ["Boogie", "Meek Mill"], "centerDistance": 0.98703685, "angle": 1.1471653600021003, "color": [3, 0]}, {"songs": ["Proud of U (feat. Young Thug)"], "artists": ["EarthGang"], "centerDistance": 0.9871012, "angle": 2.597493012191034, "color": [4, 0]}]