[{"songs": ["Go To Town", "Cookie Jar", "Sweetener", "everytime", "Hard White", "5 In the Morning", "Thought I Knew You (feat. The Weeknd)", "Tokyo Snow Trip", "Summer Bummer (feat. A$AP Rocky & Playboi Carti)", "Deep End", "Dona de Mim", "Yeah, I Said It", "Sex With Me", "Nunya (feat. Dom Kennedy)", "More Than That", "Coachella - Woodstock in My Mind", "Sober II (Melodrama)", "Suncity (feat. Empress Of)", "Apple Juice", "BDE"], "artists": ["Doja Cat", "Doja Cat", "Ariana Grande", "Ariana Grande", "Nicki Minaj", "Charli XCX", "Nicki Minaj", "Iggy Azalea", "Lana Del Rey", "Lykke Li", "IZA", "Rihanna", "Rihanna", "Kehlani", "Lauren Jauregui", "Lana Del Rey", "Lorde", "Khalid", "Jessie Reyez", "Qveen Herby"], "centerDistance": 0.7664210650000001, "angle": 3.6367149527700295, "color": [0, 0]}, {"songs": ["Throw a Fit", "Like I Used To"], "artists": ["Tinashe", "Tinashe"], "centerDistance": 0.7564875, "angle": 4.694728777454498, "color": [1, 0]}, {"songs": ["Like I Do (feat. GoldLink)", "Saudade Daquilo"], "artists": ["Christina Aguilera", "IZA"], "centerDistance": 0.8926392000000001, "angle": 0.017660202930191993, "color": [2, 0]}, {"songs": ["Nights Like This (feat. Ty Dolla $ign)", "My Skin My Logo", "Stay Flo", "sauce"], "artists": ["Kehlani", "Solange", "Solange", "Dawn Richard"], "centerDistance": 0.8937196749999999, "angle": 1.2492348811886034, "color": [3, 0]}, {"songs": ["Formation", "Sorry"], "artists": ["Beyonc\u00e9", "Beyonc\u00e9"], "centerDistance": 0.8510165000000001, "angle": 2.5589916536752764, "color": [4, 0]}]