[{"songs": ["7 rings"], "artists": ["Ariana Grande"], "centerDistance": 0.22710699999999995, "angle": 2.5721188565049955, "color": [0, 0]}, {"songs": ["Expectations", "Break Up with Your Girlfriend, I'm Bored", "Nights Like This (feat. Ty Dolla $ign)", "Without Me", "Think About Us", "Waves (feat. 6LACK)", "Sweet but Psycho", "Lonely Night", "Deliver", "Love a Girl Right", "In the Dark", "She Loves Control", "N\u00e3o Perco Meu Tempo", "Hurts Like Hell (feat. Offset)", "Butterfly", "Dona de Mim", "Rainberry", "KELLY", "Greatest Love", "New Look"], "artists": ["Lauren Jauregui", "Ariana Grande", "Kehlani", "Halsey", "Little Mix", "Normani", "Ava Max", "Fifth Harmony", "Fifth Harmony", "Little Mix", "Camila Cabello", "Camila Cabello", "Anitta", "Madison Beer", "Kehlani", "IZA", "Zayn", "Kelly Rowland", "Ciara", "Rita Ora"], "centerDistance": 0.5203713999999999, "angle": 3.8083557275287596, "color": [1, 0]}, {"songs": ["Sue Me", "Anxiety (feat. Selena Gomez)", "LBD"], "artists": ["Sabrina Carpenter", "Julia Michaels", "Becky G"], "centerDistance": 0.608597, "angle": 4.819018063575232, "color": [2, 0]}, {"songs": ["Tell Me It's Over", "Needed Me"], "artists": ["Avril Lavigne", "Rihanna"], "centerDistance": 0.675699, "angle": 6.176556223989043, "color": [3, 0]}, {"songs": ["Formation", "Sorry"], "artists": ["Beyonc\u00e9", "Beyonc\u00e9"], "centerDistance": 0.7481614999999999, "angle": 0.9975010843258874, "color": [4, 0]}]