[{"songs": ["Notice", "American Boy", "Thank U, Next", "Keep Talking (feat. Julia Michaels)", "God is a Woman", "Falling to Pieces", "No Hablo Espa\u00f1ol", "Vai Embora (feat. Ludmilla)", "...Ready For It?", "King of My Heart", "Running", "Baby (feat. Marina and The Diamonds & Luis Fonsi)", "Baby (feat. Marina & Luis Fonsi)", "prfct", "That's My Girl", "Dancing With a Stranger (with Normani)", "Solo Tu", "Ain't My Fault", "Body Heat", "Roulette"], "artists": ["Little Mix", "Little Mix", "Ariana Grande", "Rita Ora", "Ariana Grande", "Rita Ora", "Pabllo Vittar", "Pabllo Vittar", "Taylor Swift", "Taylor Swift", "Dua Lipa", "Clean Bandit", "Clean Bandit", "Sabrina Carpenter", "Fifth Harmony", "Sam Smith", "Rouge", "Zara Larsson", "Selena Gomez", "Katy Perry"], "centerDistance": 0.76115467, "angle": 3.610209246533193, "color": [0, 0]}, {"songs": ["Party for One", "Voices in My Head", "1999"], "artists": ["Carly Rae Jepsen", "Ashley Tisdale", "Charli XCX"], "centerDistance": 0.8580266666666666, "angle": 4.800729088031188, "color": [1, 0]}, {"songs": ["Hurts Like Hell (feat. Offset)", "Angel", "Like I Do (feat. GoldLink)"], "artists": ["Madison Beer", "Fifth Harmony", "Christina Aguilera"], "centerDistance": 0.8791284333333333, "angle": 6.194845199533088, "color": [2, 0]}, {"songs": ["N\u00e3o Perco Meu Tempo", "Medicina", "Sapequinha", "What I Need (feat. Kehlani)"], "artists": ["Anitta", "Anitta", "Lexa", "Hayley Kiyoko"], "centerDistance": 0.88118015, "angle": 1.198229821221645, "color": [3, 0]}, {"songs": ["Mona Lisa", "Hair Body Face", "Want To", "My My My!", "Bad Liar", "The Cure", "Green Light", "Fools"], "artists": ["Sabrina Carpenter", "Lady Gaga", "Dua Lipa", "Troye Sivan", "Selena Gomez", "Lady Gaga", "Lorde", "Madison Beer"], "centerDistance": 0.897408725, "angle": 2.406688048790608, "color": [4, 0]}]