[{"songs": ["Insomnia", "So Am I", "Pushing 20"], "artists": ["Daya", "Ava Max", "Sabrina Carpenter"], "centerDistance": 0.7144749999999999, "angle": 4.677946772363576, "color": [0, 0]}, {"songs": ["Talk", "Wish You Were Gay", "Break Up with Your Girlfriend, I'm Bored", "it's not u it's me", "Only Want You (feat. 6LACK)", "Who Do You Love (with 5 Seconds of Summer)", "Bloodline", "Last Hurrah", "Dancing With a Stranger (with Normani)", "Preach", "BIG PLANS", "What A Time (feat. Niall Horan)", "Without Me", "Sweet but Psycho", "Hope", "Crown", "I Can't Get Enough", "Adore You", "New House", "More Than That"], "artists": ["Khalid", "Billie Eilish", "Ariana Grande", "Bea Miller", "Rita Ora", "The Chainsmokers", "Ariana Grande", "Bebe Rexha", "Sam Smith", "John Legend", "why don't we", "Julia Michaels", "Halsey", "Ava Max", "The Chainsmokers", "Kelly Rowland", "Benny Blanco", "Jessie Ware", "Rex Orange County", "Lauren Jauregui"], "centerDistance": 0.7291297000000001, "angle": 0.03444220802111353, "color": [1, 0]}, {"songs": ["bury a friend", "Sight Of You", "Anxiety (feat. Selena Gomez)", "Don\u2019t Feel Like Crying", "1 SIDED LOVE", "Fire On Fire", "Move On", "Good Years", "Let Me Down Slowly"], "artists": ["Billie Eilish", "Sigrid", "Julia Michaels", "Sigrid", "Blackbear", "Sam Smith", "Mike Posner", "Zayn", "Alec Benjamin"], "centerDistance": 0.8243506666666666, "angle": 1.1862934421242688, "color": [2, 0]}, {"songs": ["Let Me Down Slowly (feat. Alessia Cara)", "I Can\u2019t Get Enough (benny blanco, Selena Gomez, J Balvin, Tainy)"], "artists": ["Alec Benjamin", "Benny Blanco"], "centerDistance": 0.72499, "angle": 2.330180944148193, "color": [3, 0]}, {"songs": ["Saturday Nights", "Nights Like This (feat. Ty Dolla $ign)", "Feels", "Do Not Disturb", "Almost (Sweet Music)", "Undecided", "Stay Flo", "Raise A Man", "Hard Place"], "artists": ["Khalid", "Kehlani", "Kehlani", "Mahalia", "Hozier", "Chris Brown", "Solange", "Alicia Keys", "H.E.R."], "centerDistance": 0.7576975555555556, "angle": 3.4740684461721187, "color": [4, 0]}]