[{"songs": ["Rearrange", "My Fantasy", "Piledriver Waltz", "Music When the Lights Go Out", "Delivery", "Goodbye Kiss", "What You Know", "Post Break-Up Sex", "Chelsea Dagger", "Never Miss a Beat", "Ruby", "Inhaler", "To Lose My Life", "Out Of Dreams", "Come Back Home", "Fuck Forever", "There Is a Light That Never Goes Out", "Afraid", "Seen It All", "Lightning Bolt"], "artists": ["Miles Kane", "Miles Kane", "Alex Turner", "The Libertines", "Babyshambles", "Kasabian", "Two Door Cinema Club", "The Vaccines", "The Fratellis", "Kaiser Chiefs", "Kaiser Chiefs", "Foals", "White Lies", "The Rascals", "Two Door Cinema Club", "Babyshambles", "The Smiths", "The Neighbourhood", "Jake Bugg", "Jake Bugg"], "centerDistance": 0.8341392000000001, "angle": 4.852922396225077, "color": [0, 0]}, {"songs": ["Let's Dance to Joy Division", "Moving To New York"], "artists": ["The Wombats", "The Wombats"], "centerDistance": 0.866795, "angle": 6.142651891339198, "color": [1, 0]}, {"songs": ["Stuck on the Puzzle", "If You Wanna", "Whistle for the Choir", "Crystalised", "My Number", "Breezeblocks", "Diane Young", "Come a Little Closer"], "artists": ["Alex Turner", "The Vaccines", "The Fratellis", "The xx", "Foals", "alt-J", "Vampire Weekend", "Cage the Elephant"], "centerDistance": 0.848445875, "angle": 1.103772462971131, "color": [2, 0]}, {"songs": ["Standing Next to Me", "Calm Like You", "Cornerstone", "505", "Can't Stand Me Now", "Fire", "Ooh La", "Seaside", "Someday", "You Only Live Once", "Munich", "Evil"], "artists": ["The Last Shadow Puppets", "The Last Shadow Puppets", "Arctic Monkeys", "Arctic Monkeys", "The Libertines", "Kasabian", "The Kooks", "The Kooks", "The Strokes", "The Strokes", "Editors", "Interpol"], "centerDistance": 0.6763577500000001, "angle": 2.3480783417826494, "color": [3, 0]}, {"songs": ["Ulysses", "No You Girls", "Mr. Brightside", "Somebody Told Me"], "artists": ["Franz Ferdinand", "Franz Ferdinand", "The Killers", "The Killers"], "centerDistance": 0.8596325, "angle": 3.5923842205941696, "color": [4, 0]}]