[{"songs": ["BLACK BALLOONS | 13LACK 13ALLOONZ [FEAT. TWELVE'LEN & GOLDLINK | TWELVE'LEN + GOLDL1NK]", "SUMO | ZUMO"], "artists": ["Denzel Curry", "Denzel Curry"], "centerDistance": 0.822038, "angle": 4.8375463242965155, "color": [0, 0]}, {"songs": ["Sundress", "Praise The Lord (Da Shine) (feat. Skepta)", "I Love It (& Lil Pump)", "Who Dat Boy", "OKRA"], "artists": ["A$AP Rocky", "A$AP Rocky", "Kanye West", "Tyler, the Creator", "Tyler, the Creator"], "centerDistance": 0.7524208, "angle": 6.15802796326776, "color": [1, 0]}, {"songs": ["24/7 (feat. Ella Mai)", "I Love"], "artists": ["Meek Mill", "JOYNER LUCAS"], "centerDistance": 0.7124824999999999, "angle": 1.1620134196524816, "color": [2, 0]}, {"songs": ["The Man Who Has Everything", "Work Out", "Ace", "Splashin", "Fine China", "I. The Worst Guys", "Calling My Spirit", "Pay You Back (feat. 21 Savage)", "MoshPit (feat. Juice WRLD)", "Winter Wars", "Violent Crimes", "No Role Modelz", "Stay Right Here", "no name", "Liquor Locker", "In Some Trouble (feat. Ty Dolla $ign)", "Understood", "The Games We Play", "King Nas", "Nikes on My Feet"], "artists": ["Chance the Rapper", "Chance the Rapper", "NoName", "Rich The Kid", "Future", "Childish Gambino", "Kodak Black", "Meek Mill", "Kodak Black", "Wale", "Kanye West", "J. Cole", "Saba", "NoName", "Vic Mensa", "Vic Mensa", "Mick Jenkins", "Pusha T", "Lupe Fiasco", "Mac Miller"], "centerDistance": 0.6906475000000001, "angle": 2.4478945067642, "color": [3, 0]}, {"songs": ["Sunflower - Spider-Man: Into the Spider-Verse", "KOD", "Life", "L.M.F.", "I Fall Apart", "Home", "HUMBLE."], "artists": ["Post Malone", "J. Cole", "Saba", "Smino", "Post Malone", "Vince Staples", "Kendrick Lamar"], "centerDistance": 0.7735278571428571, "angle": 3.651853058478661, "color": [4, 0]}]