[{"songs": ["Night Changes", "Pompeii"], "artists": ["One Direction", "Bastille"], "centerDistance": 0.7836000000000001, "angle": 1.102123508798556, "color": [0, 0]}, {"songs": ["Can I Be Him", "Dancing On My Own", "Let Me", "Let Her Go", "Miss You", "oNE lAST SoNg", "Give Me Love", "Lego House", "Is Your Love Enough?", "Then", "They Don't Know About Us", "Shotgun", "Paradise", "I'll Be There", "Love Me Like You", "Rhythm Inside", "Skin", "Close To Me", "Bedroom Floor", "Take Your Love"], "artists": ["James Arthur", "Calum Scott", "Zayn", "Passenger", "Louis Tomlinson", "Sam Smith", "Ed Sheeran", "Ed Sheeran", "Little Mix", "Anne-Marie", "One Direction", "George Ezra", "George Ezra", "Jess Glynne", "Little Mix", "Calum Scott", "Rag'n'Bone Man", "Ellie Goulding", "Liam Payne", "Olly Murs"], "centerDistance": 0.73256045, "angle": 2.356194490192345, "color": [1, 0]}, {"songs": ["Say You Won't Let Go"], "artists": ["James Arthur"], "centerDistance": 0.0, "angle": 3.610265471586134, "color": [2, 0]}, {"songs": ["Fire On Fire"], "artists": ["Sam Smith"], "centerDistance": 0.71035, "angle": 4.864336452979924, "color": [3, 0]}, {"songs": ["Let You Love Me", "Perfect To Me"], "artists": ["Rita Ora", "Anne-Marie"], "centerDistance": 0.7548980000000001, "angle": 6.131237834584352, "color": [4, 0]}]