[{"songs": ["Dark Paradise", "Diet Mountain Dew", "Tennis Court", "Starring Role", "Never Let Me Go", "Shake It Out", "I Follow Rivers", "Valley of the Dolls", "No Rest for the Wicked", "If I Could Change Your Mind", "Call It What You Want", "Don't Save Me", "Give You What You Like", "Talking Body", "Anything Could Happen", "My Blood", "This Time Around", "VCR", "It's Time", "Wings"], "artists": ["Lana Del Rey", "Lana Del Rey", "Lorde", "Marina & the Diamonds", "Florence + the Machine", "Florence + the Machine", "Lykke Li", "Marina & the Diamonds", "Lykke Li", "HAIM", "Foster the People", "HAIM", "Avril Lavigne", "Tove Lo", "Ellie Goulding", "Ellie Goulding", "Tove Lo", "The xx", "Imagine Dragons", "Birdy"], "centerDistance": 0.7732533099999999, "angle": 1.6231643654234489, "color": [0, 0]}, {"songs": ["Team", "Ain\u2019t Your Right"], "artists": ["Lorde", "Sky Ferreira"], "centerDistance": 0.837555, "angle": 3.089224614961241, "color": [1, 0]}, {"songs": ["Things We Lost in the Fire"], "artists": ["Bastille"], "centerDistance": 0.9120978, "angle": 4.555284864499033, "color": [2, 0]}, {"songs": ["Pompeii"], "artists": ["Bastille"], "centerDistance": 0.885886, "angle": 4.555284864499033, "color": [2, 1]}, {"songs": ["Pumped Up Kicks"], "artists": ["Foster the People"], "centerDistance": 0.868098, "angle": 0.15710411588565698, "color": [3, 0]}]