[{"songs": ["Television / So Far So Good", "Happiness", "Ivy", "Only Child", "Dreams", "Solo", "CLONES", "Come Over", "Butterfly", "Sober", "Best Part (feat. H.E.R.)", "ATTENTION", "Beautiful Little Fools", "The One", "Tia Tamera (feat. Rico Nasty)", "I. Flight Of The Navigator", "Charcoal Baby", "American Boy (feat. Kanye West)", "Cuz I Love You", "Flicker"], "artists": ["Rex Orange County", "Rex Orange County", "Frank Ocean", "Tierra Whack", "Solange", "Frank Ocean", "Tierra Whack", "The Internet", "Kehlani", "Childish Gambino", "Daniel Caesar", "Joji", "Jorja Smith", "Jorja Smith", "Doja Cat", "Childish Gambino", "Blood Orange", "Estelle", "Lizzo", "Rina Sawayama"], "centerDistance": 0.68330255, "angle": 1.0995574287564276, "color": [0, 0]}, {"songs": ["Stay Flo"], "artists": ["Solange"], "centerDistance": 0.619576, "angle": 2.356194490192345, "color": [1, 0]}, {"songs": ["Nights Like This (feat. Ty Dolla $ign)"], "artists": ["Kehlani"], "centerDistance": 0.737208, "angle": 3.612831551628262, "color": [2, 0]}, {"songs": ["Slow dancing in the dark"], "artists": ["Joji"], "centerDistance": 0.7128380000000001, "angle": 4.869468613064179, "color": [3, 0]}, {"songs": ["Shot Clock"], "artists": ["Ella Mai"], "centerDistance": 0.8184009999999999, "angle": 6.126105674500097, "color": [4, 0]}]