[{"songs": ["Sun Shy (Mixing/Mastering/Vocal Production)", "Hypnotic", "Boardwalks", "Enemy Fire", "Dark Christmas", "Summer", "Heart of a Lion"], "artists": ["Dresses", "Zella Day", "Little May", "Bea Miller", "Freedom Fry", "Vinyl Theatre", "The Griswolds"], "centerDistance": 0.9360093, "angle": 1.0995574287564276, "color": [0, 0]}, {"songs": ["Anobrain"], "artists": ["The 1975"], "centerDistance": 0.9032122, "angle": 2.356194490192345, "color": [1, 0]}, {"songs": ["NYC Girl", "Your Design", "Gold", "HNSCC", "Money All Around", "Unsteady", "Go For It", "Young", "Kidnap Me", "Too Young to Fall in Love", "For You", "When I'm Away", "Razor", "Sickasfuck", "Swim"], "artists": ["The Orion Experience", "Grace Mitchell", "Vinyl Theatre", "The 1975", "Holychild", "X Ambassadors", "CRUISR", "Vallis Alps", "CRUISR", "Chelsea Lankes", "Fickle Friends", "The Colourist", "ASTR", "Tei Shi", "Fickle Friends"], "centerDistance": 0.9440887866666667, "angle": 3.612831551628262, "color": [2, 0]}, {"songs": ["Hurricane", "Empty Gold", "Sail On", "Compass", "Promises", "Nature vs Nurture", "Broken Over You", "Shoot and Run", "Playboy Girl", "Back to the Ordinary", "Little Games", "Harps", "Tallest Dreams", "Back Again", "The Struggle", "Nothin on My Mind", "Feels Like Summer", "Whisky", "Trust", "Golden"], "artists": ["Halsey", "Halsey", "Ryn Weaver", "Zella Day", "Ryn Weaver", "Tei Shi", "Grace Mitchell", "Josef Salvat", "Holychild", "Kid Astray", "The Colourist", "Max and the Moon", "Freedom Fry", "Flor", "Grizfolk", "Astronomyy", "Panama Wedding", "Marian Hill", "Panama Wedding", "Parade of Lights"], "centerDistance": 0.8465578449999999, "angle": 4.869468613064179, "color": [3, 0]}, {"songs": ["This Side of Paradise (Lost Kings Remix)", "Down for Whatever"], "artists": ["Hayley Kiyoko", "Chelsea Lankes"], "centerDistance": 0.9466545, "angle": 6.126105674500097, "color": [4, 0]}]