[{"songs": ["Where Do Broken Hearts Go", "No Control", "Blank Space", "Style", "Thinking Out Loud", "Jealous", "Sledgehammer", "Love Me Like You Do", "One", "Chains", "Love Me Harder", "Break Free (feat. Zedd)", "Worth It (feat. Kid Ink)", "Cool Kids", "I Really Like You", "Yours", "Little Me", "Break the Rules", "Love Me Like You Do (From \"Fifty Shades of Grey\")", "Towers"], "artists": ["One Direction", "One Direction", "Taylor Swift", "Taylor Swift", "Ed Sheeran", "Nick Jonas", "Fifth Harmony", "Ellie Goulding", "Ed Sheeran", "Nick Jonas", "Ariana Grande", "Ariana Grande", "Fifth Harmony", "Echosmith", "Carly Rae Jepsen", "Ella Henderson", "Little Mix", "Charli XCX", "Ellie Goulding", "Little Mix"], "centerDistance": 0.7222752, "angle": 1.0995574287564276, "color": [0, 0]}, {"songs": ["XO"], "artists": ["Beyonc\u00e9"], "centerDistance": 0.8673299999999999, "angle": 2.356194490192345, "color": [1, 0]}, {"songs": ["The Heart Wants What It Wants"], "artists": ["Selena Gomez"], "centerDistance": 0.723866, "angle": 3.612831551628262, "color": [2, 0]}, {"songs": ["Masterpiece"], "artists": ["Jessie J"], "centerDistance": 0.843596, "angle": 4.869468613064179, "color": [3, 0]}, {"songs": ["Lay Me Down"], "artists": ["Sam Smith"], "centerDistance": 0.81524, "angle": 6.126105674500097, "color": [4, 0]}]