[{"songs": ["Butterfly", "More Than That", "Break Up with Your Girlfriend, I'm Bored", "In My Head", "Undecided", "Waves (feat. 6LACK)", "Greatest Love", "Good Bad", "KELLY", "Expectations", "Needed Me", "The Distance (feat. Ty Dolla $ign)", "Things I Imagined", "A No No", "Crown", "CPR", "Back to Life", "Suncity (feat. Empress Of)", "Rainberry", "Desperado"], "artists": ["Kehlani", "Lauren Jauregui", "Ariana Grande", "Ariana Grande", "Chris Brown", "Normani", "Ciara", "Ella Mai", "Kelly Rowland", "Lauren Jauregui", "Rihanna", "Mariah Carey", "Solange", "Mariah Carey", "Kelly Rowland", "Summer Walker", "Zayn", "Khalid", "Zayn", "Rihanna"], "centerDistance": 0.6631226, "angle": 3.4678690821262217, "color": [0, 0]}, {"songs": ["Shot Clock"], "artists": ["Ella Mai"], "centerDistance": 0.634842, "angle": 4.652765264263781, "color": [1, 0]}, {"songs": ["Stay Flo", "Unfair", "Switch"], "artists": ["Solange", "6LACK", "6LACK"], "centerDistance": 0.7889216666666666, "angle": 0.059623716120908554, "color": [2, 0]}, {"songs": ["Saturday Nights", "Hard Place", "Best Part (feat. Daniel Caesar)"], "artists": ["Khalid", "H.E.R.", "H.E.R."], "centerDistance": 0.727554, "angle": 1.1932974432328383, "color": [3, 0]}, {"songs": ["Feels"], "artists": ["Kehlani"], "centerDistance": 0.012467000000000006, "angle": 2.326971170344768, "color": [4, 0]}]