[{"songs": ["Faucet Failure"], "artists": ["SKI MASK THE SLUMP GOD"], "centerDistance": 0.9895614, "angle": 1.351608597970567, "color": [0, 0]}, {"songs": ["Mixed Personalities (feat. Kanye West)"], "artists": ["YNW Melly"], "centerDistance": 0.805645, "angle": 2.5362310396310157, "color": [1, 0]}, {"songs": ["FlatBed Freestyle"], "artists": ["Playboi Carti"], "centerDistance": 0.9935951, "angle": 3.7208534812914644, "color": [2, 0]}, {"songs": ["4 POUND", "HIPPOPOTAMUS", "City Girls", "Kamikaze", "PINK WITCH / LESSON", "Too Much Ice (feat. Quavo)", "BUMBLE BEE", "Juveniles (feat. YBN Nahmir)", "Jetlag (feat. Chief Keef)", "Burberry Headband", "Opps Want Me Dead", "Lust", "Hate Me", "Runaway", "Alone As A Facetat", "Ya Dig", "\u041a\u0430\u0442\u0430\u0444\u0430\u043b\u043a", "Loot", "Gassed Up!", "Feelin Like"], "artists": ["Comethazine", "Comethazine", "YNW Melly", "lil Mosey", "Night Lovell", "LIL PUMP", "Night Lovell", "wifisfuneral", "Matt OX", "lil Mosey", "lil skies", "lil skies", "LIL PEEP", "LIL PEEP", "wifisfuneral", "Matt OX", "boulevard depo", "boulevard depo", "xxxtentacion", "Flipp Dinero"], "centerDistance": 0.83179213, "angle": 4.905475922951913, "color": [3, 0]}, {"songs": ["Crushed Up", "One Call"], "artists": ["Future", "Gunna"], "centerDistance": 0.99368933, "angle": 6.090098364612362, "color": [4, 0]}]