[{"songs": ["Malibu", "We Can't Stop", "A-YO", "Sinner's Prayer", "Live a Little", "Woman Like Me (feat. Nicki Minaj)", "Dancing With a Stranger (with Normani)", "Veneno", "Strip (feat. Sharaya J)", "Baby (feat. Marina & Luis Fonsi)", "Let You Love Me", "No Candle No Light (feat. Nicki Minaj)", "N\u00e3o Perco Meu Tempo", "Only Want You", "Kiss and Make Up", "Last Hurrah", "Love On The Brain", "I'm a Mess", "cHAINeD TO The RhytHm (Feat. Skip Marley)", "There You Are"], "artists": ["Miley Cyrus", "Miley Cyrus", "Lady Gaga", "Lady Gaga", "Kylie Minogue", "Little Mix", "Sam Smith", "Anitta", "Little Mix", "Clean Bandit", "Rita Ora", "Zayn", "Anitta", "Rita Ora", "Dua Lipa", "Bebe Rexha", "Rihanna", "Bebe Rexha", "Katy Perry", "Zayn"], "centerDistance": 0.8144033850000001, "angle": 4.839243613881442, "color": [0, 0]}, {"songs": ["Good Form", "Chun-Li", "Kream (feat. Tyga)"], "artists": ["Nicki Minaj", "Nicki Minaj", "Iggy Azalea"], "centerDistance": 0.9664678666666666, "angle": 6.156330673682834, "color": [1, 0]}, {"songs": ["Party for One", "Voices in My Head", "Formation", "Love Me & Let Me Go"], "artists": ["Carly Rae Jepsen", "Ashley Tisdale", "Beyonc\u00e9", "Ashley Tisdale"], "centerDistance": 0.9689078, "angle": 1.1448534042265273, "color": [2, 0]}, {"songs": ["Swan Song (From The Motion Picture \"Alita: Battle Angel\")", "Sally Walker", "Needed Me", "Fire On Fire", "Make Me Feel"], "artists": ["Dua Lipa", "Iggy Azalea", "Rihanna", "Sam Smith", "Janelle Mon\u00e1e"], "centerDistance": 0.9701941399999999, "angle": 2.3763168074448338, "color": [3, 0]}, {"songs": ["Baby (feat. Marina and The Diamonds & Luis Fonsi)", "Close to Me (with Diplo) (feat. Swae Lee)"], "artists": ["Clean Bandit", "Ellie Goulding"], "centerDistance": 0.95003485, "angle": 3.6077802106631367, "color": [4, 0]}]