[{"songs": ["Westbrook", "151 Rum", "Skrawberries (feat. BJ The Chicago Kid)", "New earlsweatshirt (Interlude)", "SIRENS l Z1RENZ (feat. J.I.D)", "Nuketown (feat. Juice WRLD)", "VENGEANCE l VENGEANCE (feat. JPEGMAFIA & ZillaKami)", "10 Freaky Girls (feat. 21 Savage)", "Ontheway! (feat. Standing On The Corner)", "Foot Fungus", "a lot", "What's Free (feat. Rick Ross & JAY-Z)", "Puff Daddy", "1400 / 999 Freestyle (feat. Juice WRLD)", "NOWHERE2GO", "Don't Come Out the House (feat. 21 Savage)", "Potato Salad", "BUSY / SIRENS (feat. theMIND)", "Praise The Lord (Da Shine) [feat. Skepta]", "Ghost Town (feat. PARTYNEXTDOOR)"], "artists": ["Jid & A$AP Ferg", "Jid", "Jid", "Vince Staples", "Denzel Curry", "SKI MASK THE SLUMP GOD", "Denzel Curry", "Metro Boomin", "Earl Sweatshirt", "SKI MASK THE SLUMP GOD", "21 Savage", "Meek Mill", "JPEGMAFIA & Kenny Beats", "Trippie Redd", "Earl Sweatshirt", "Metro Boomin", "Tyler, The Creator & A$AP Rocky", "Saba", "A$AP Rocky", "Kanye West"], "centerDistance": 0.6798857500000001, "angle": 2.222843008135596, "color": [0, 0]}, {"songs": ["Shoota (feat. Lil Uzi Vert)", "Momma I Hit a Lick (feat. Kendrick Lamar)"], "artists": ["Playboi Carti", "2 Chainz"], "centerDistance": 0.817199, "angle": 3.338945218414044, "color": [1, 0]}, {"songs": ["What Would Meek Do? (feat. Kanye West)"], "artists": ["Pusha T"], "centerDistance": 0.784525, "angle": 4.729716214169233, "color": [2, 0]}, {"songs": ["Drip Too Hard"], "artists": ["Lil Baby & Gunna"], "centerDistance": 0.781366, "angle": 6.265858073395043, "color": [3, 0]}, {"songs": ["Going Bad (feat. Drake)", "Soho (feat. JID)"], "artists": ["Meek Mill", "Boogie"], "centerDistance": 0.7950455000000001, "angle": 1.1027578871755264, "color": [4, 0]}]