[{"songs": ["Diet Mountain Dew", "Tennis Court", "Glory and Gore", "Starring Role", "Never Let Me Go", "Shake It Out", "Valley of the Dolls", "No Rest for the Wicked", "I Follow Rivers", "Burn the Pages", "Fire Meet Gasoline", "If I Could Change Your Mind", "My Song 5", "Houdini", "Anything Could Happen", "This Time Around", "Burn", "Give You What You Like", "Crave", "Don't Wanna Dance"], "artists": ["Lana Del Rey", "Lorde", "Lorde", "Marina & the Diamonds", "Florence + the Machine", "Florence + the Machine", "Marina & the Diamonds", "Lykke Li", "Lykke Li", "Sia", "Sia", "HAIM", "HAIM", "Foster the People", "Ellie Goulding", "Tove Lo", "Ellie Goulding", "Avril Lavigne", "Tove Lo", "M\u00d8"], "centerDistance": 0.8239591949999999, "angle": 3.523906950769505, "color": [0, 0]}, {"songs": ["National Anthem"], "artists": ["Lana Del Rey"], "centerDistance": 0.032811000000000035, "angle": 4.696010727448588, "color": [1, 0]}, {"songs": ["Pumped Up Kicks", "Ghost"], "artists": ["Foster the People", "Katy Perry"], "centerDistance": 0.90498815, "angle": 0.016378252936101845, "color": [2, 0]}, {"songs": ["Ain\u2019t Your Right"], "artists": ["Sky Ferreira"], "centerDistance": 0.9374118, "angle": 1.1884820296151846, "color": [3, 0]}, {"songs": ["Pompeii", "Things We Lost in the Fire"], "artists": ["Bastille", "Bastille"], "centerDistance": 0.9139352000000001, "angle": 2.3605858062942673, "color": [4, 0]}]