[{"songs": ["Yikes", "Kids See Ghosts (feat. Yasiin Bey)", "HUMBLE."], "artists": ["Kanye West", "Kids See Ghosts", "Kendrick Lamar"], "centerDistance": 0.5428443333333334, "angle": 1.2957876782657705, "color": [0, 0]}, {"songs": ["Who Dat Boy", "BagBak"], "artists": ["Tyler, the Creator", "Vince Staples"], "centerDistance": 0.2462045, "angle": 2.6256630215474335, "color": [1, 0]}, {"songs": ["What Would Meek Do? (feat. Kanye West)", "Hard Piano (feat. Rick Ross)"], "artists": ["Pusha T", "Pusha T"], "centerDistance": 0.649437, "angle": 3.7258180504034515, "color": [2, 0]}, {"songs": ["KOD", "Ghost Town", "Spice Girl", "Nonstop"], "artists": ["J. Cole", "Kanye West", "Amin\u00e9", "Drake"], "centerDistance": 0.58172875, "angle": 4.806578110586094, "color": [3, 0]}, {"songs": ["I Ain't Got Time!", "1999 WILDFIRE", "Tony Tone", "Distorted Records", "4th Dimension (feat. Louis Prima)", "DNA.", "Whoa", "IV. Sweatpants", "Shattered Dreams", "Party People", "CATCH ME OUTSIDE", "Headstone", "Telephone Calls (feat. A$AP Rocky, Tyler, the Creator, Playboi Carti & Yung Gleesh)", "NEVER", "Wat's Wrong (feat. Zacari & Kendrick Lamar)", "Icon", "NEVER", "Bonfire", "Telephone Calls", "No Role Modelz"], "artists": ["Tyler, the Creator", "BROCKHAMPTON", "A$AP Rocky", "A$AP Rocky", "Kids See Ghosts", "Kendrick Lamar", "Earl Sweatshirt", "Childish Gambino", "Earl Sweatshirt", "Vince Staples", "SKI MASK THE SLUMP GOD", "Flatbush ZOMBiES", "A$AP Mob", "J.I.D", "Isaiah Rashad", "Jaden Smith", "Jid", "Childish Gambino", "A$AP Mob", "J. Cole"], "centerDistance": 0.51335695, "angle": 6.188996176978181, "color": [4, 0]}]