[{"songs": ["Murder On My Mind", "Mixed Personalities (feat. Kanye West)", "MIDDLE CHILD", "robbery", "a lot", "Legacy (feat. Travis Scott & 21 Savage)", "Act Up", "Faucet Failure", "Be Like Me (feat. Lil Wayne)", "Nuketown (feat. Juice WRLD)", "i", "Suge", "3 Headed Snake (feat. Young Thug)", "Look Back At It", "Walk", "Swervin (feat. 6ix9ine)", "One Call", "Envy Me", "SAUCE!", "Leave Me Alone"], "artists": ["YNW Melly", "YNW Melly", "J. Cole", "Juice WRLD", "21 Savage", "Offset", "City Girls", "SKI MASK THE SLUMP GOD", "LIL PUMP", "SKI MASK THE SLUMP GOD", "lil skies", "DaBaby", "Gunna", "A Boogie Wit da Hoodie", "Comethazine", "A Boogie Wit da Hoodie", "Gunna", "Calboy", "xxxtentacion", "Flipp Dinero"], "centerDistance": 0.46225400000000005, "angle": 1.0148615308122393, "color": [0, 0]}, {"songs": ["Going Bad (feat. Drake)", "Keanu Reeves", "Shoota (feat. Lil Uzi Vert)", "FlatBed Freestyle", "Drip Too Hard"], "artists": ["Meek Mill", "Logic", "Playboi Carti", "Playboi Carti", "Lil Baby & Gunna"], "centerDistance": 0.597542, "angle": 2.1259484402147235, "color": [1, 0]}, {"songs": ["Thotiana", "Bleed It"], "artists": ["Blueface", "Blueface"], "centerDistance": 0.368401, "angle": 3.378098986564396, "color": [2, 0]}, {"songs": ["Empty", "Momma I Hit a Lick (feat. Kendrick Lamar)", "ZEZE (feat. Travis Scott & Offset)", "First Off (feat. Travis Scott)"], "artists": ["Juice WRLD", "2 Chainz", "Kodak Black", "Future"], "centerDistance": 0.5125065, "angle": 4.752539972755862, "color": [3, 0]}, {"songs": ["Red Room"], "artists": ["Offset"], "centerDistance": 0.468502, "angle": 6.243034314808414, "color": [4, 0]}]