[{"songs": ["Again", "Sleepover", "There's No Way", "Thru These Tears", "Anxiety (with Selena Gomez)", "Siren", "Talia", "hate u love u", "The Village", "Can I Be Him", "Say Something", "Invisible", "Stonecold", "Grace", "The House We Never Built", "Arms Unfolding", "Swim", "Jar of Hearts", "Sober Up", "Bright"], "artists": ["Sasha Sloan", "Hayley Kiyoko", "Lauv", "Lany", "Julia Michaels", "Kailee Morgue", "King Princess", "olivia o'brien", "Wrabel", "James Arthur", "A Great Big World", "Anna Clendening", "machineheart", "Bebe Rexha", "Gabrielle Aplin", "dodie", "Fickle Friends", "Christina Perri", "AJR", "Echosmith"], "centerDistance": 0.856618625, "angle": 3.5248324391810653, "color": [0, 0]}, {"songs": ["when the party's over", "Six Feet Under"], "artists": ["Billie Eilish", "Billie Eilish"], "centerDistance": 0.8153135, "angle": 4.574024816376814, "color": [1, 0]}, {"songs": ["Seventeen", "Plum"], "artists": ["Troye Sivan", "Troye Sivan"], "centerDistance": 0.89682475, "angle": 0.13836416400787588, "color": [2, 0]}, {"songs": ["The Only"], "artists": ["Sasha Sloan"], "centerDistance": 0.08338000000000001, "angle": 1.4458047120853479, "color": [3, 0]}, {"songs": ["There's No Way (feat. Julia Michaels)", "Bad Ideas"], "artists": ["Lauv", "Tessa Violet"], "centerDistance": 0.832239, "angle": 2.4732314141962224, "color": [4, 0]}]