[{"songs": ["All Night"], "artists": ["Steve Aoki"], "centerDistance": 0.33964700000000003, "angle": 2.9919749653481302, "color": [0, 0]}, {"songs": ["Rise", "Rather Be (feat. Jess Glynne)", "Without You (feat. Sandro Cavazza)", "Like I Do", "Sweet Nothing (feat. Florence Welch)", "High On Life (feat. Bonn)", "Titanium (feat. Sia)", "Darkside", "Magnets", "Burn Out (feat. Dewain Whitmore)", "Polaroid", "Tie Me Down (with Elley Duh\u00e9)", "All Stars", "Clarity", "Diamond Heart", "REMEDY", "OK", "Lady (Hear Me Tonight)", "More Than You Know", "Sun Goes Down (feat. Jasmine Thompson) - Radio Mix"], "artists": ["Jonas Blue", "Clean Bandit", "Avicii", "David Guetta", "Calvin Harris", "Martin Garrix", "David Guetta", "Alan Walker", "Disclosure", "Martin Garrix", "Jonas Blue", "Gryffin", "Martin Solveig", "Zedd", "Alan Walker", "Alesso", "Robin Schulz", "Modjo", "Axwell /\\ Ingrosso", "Robin Schulz"], "centerDistance": 0.4094467999999999, "angle": 3.170021562793875, "color": [0, 1]}, {"songs": ["Hope"], "artists": ["The Chainsmokers"], "centerDistance": 0.43807399999999996, "angle": 4.619629110551191, "color": [1, 0]}, {"songs": ["Who Do You Love (with 5 Seconds of Summer)"], "artists": ["The Chainsmokers"], "centerDistance": 0.392902, "angle": 0.09275986983349771, "color": [2, 0]}, {"songs": ["Feels (feat. Pharrell Williams, Katy Perry & Big Sean)"], "artists": ["Calvin Harris"], "centerDistance": 0.13335799999999998, "angle": 1.542367417590814, "color": [3, 0]}]