[{"songs": ["My Way"], "artists": ["Ava Max"], "centerDistance": 0.833041, "angle": 1.1738721590793837, "color": [0, 0]}, {"songs": ["Now That I Found You"], "artists": ["Carly Rae Jepsen"], "centerDistance": 0.860343, "angle": 2.321247020007452, "color": [1, 0]}, {"songs": ["Think About Us", "Hair Body Face", "IDGAF", "Lucky Strike", "Look What You Made Me Do", "Sad"], "artists": ["Little Mix", "Lady Gaga", "Dua Lipa", "Troye Sivan", "Taylor Swift", "Bebe Rexha"], "centerDistance": 0.830693, "angle": 3.4600625792104838, "color": [2, 0]}, {"songs": ["Missing U", "2002", "Ciao Adios"], "artists": ["Robyn", "Anne-Marie", "Anne-Marie"], "centerDistance": 0.8830686666666666, "angle": 4.6858916822333745, "color": [3, 0]}, {"songs": ["First Time High", "New Look", "Sweet but Psycho", "The Cure", "Thank U, Next", "Party for One", "Don't Call Me Up", "Running", "Hurts Like Hell", "1999", "Bad Idea", "Favourite Thing", "Hurts Like Hell (feat. Offset)", "No One", "Dancing With a Stranger (with Normani)", "Symphony (feat. Zara Larsson)", "Broken", "Back To You", "Dancing with Our Hands Tied", "Rainberry"], "artists": ["Rita Ora", "Rita Ora", "Ava Max", "Little Mix", "Ariana Grande", "Carly Rae Jepsen", "Mabel", "Dua Lipa", "Madison Beer", "Charli XCX", "Ariana Grande", "Fleur East", "Madison Beer", "Jess Glynne", "Sam Smith", "Clean Bandit", "Jess Glynne", "Selena Gomez", "Taylor Swift", "Zayn"], "centerDistance": 0.72025925, "angle": 0.026497298151315185, "color": [4, 0]}]