[{"songs": ["Way Up", "Invincible"], "artists": ["Jaden Smith", "Amin\u00e9"], "centerDistance": 0.8428125, "angle": 2.46433048078299, "color": [0, 0]}, {"songs": ["Yikes", "God's Plan", "The Man Who Has Everything"], "artists": ["Kanye West", "Drake", "Chance the Rapper"], "centerDistance": 0.8514210000000001, "angle": 3.6537978674091507, "color": [1, 0]}, {"songs": ["X (with 2 Chainz & Saudi)", "King's Dead (with Kendrick Lamar, Future & James Blake)", "Bloody Waters (with Anderson .Paak & James Blake)", "All The Stars (with SZA)", "Black Panther", "Get The Fuck Off My Dick", "I Love It (& Lil Pump)", "Praise The Lord (Da Shine)", "IV. Sweatpants", "NEVER", "I. The Worst Guys", "Wow Freestyle (feat. Kendrick Lamar)", "Yamborghini High", "Grown Up", "Wat's Wrong (feat. Zacari & Kendrick Lamar)", "Legend Has It", "Telephone Calls", "Christ Conscious", "Babylon (feat. Chronixx)", "Headstone"], "artists": ["ScHoolboy Q", "Jay Rock", "Ab-Soul", "Kendrick Lamar", "Kendrick Lamar", "Vince Staples", "Kanye West", "A$AP Rocky", "Childish Gambino", "Jid", "Childish Gambino", "Jay Rock", "A$AP Mob", "Danny Brown", "Isaiah Rashad", "Run the Jewels", "A$AP Mob", "Joey Bada$$", "Joey Bada$$", "Flatbush ZOMBiES"], "centerDistance": 0.6702164999999999, "angle": 4.8431531053616315, "color": [2, 0]}, {"songs": ["OKRA", "Who Dat Boy", "Praise The Lord (Da Shine) (feat. Skepta)"], "artists": ["Tyler, the Creator", "Tyler, the Creator", "A$AP Rocky"], "centerDistance": 0.7064513333333333, "angle": 6.1524211822026444, "color": [3, 0]}, {"songs": ["BagBak", "KOD", "44 More", "Overnight"], "artists": ["Vince Staples", "J. Cole", "Logic", "Logic"], "centerDistance": 0.78102725, "angle": 1.050992183560382, "color": [4, 0]}]