[{"songs": ["Girl Next Door", "Comfortable", "Thank U, Next", "Notice", "Fake Smile", "Nights Like This (feat. Ty Dolla $ign)", "Rainberry", "Velvet Rope", "prfct", "Flight Of The Stars", "When You're Ready", "Motion", "Wandering Romance", "Mutual", "Butterfly", "Dancing With a Stranger (with Normani)", "On Your Own", "I Can't Fall In Love Without You", "Water Fountain", "8th Grade"], "artists": ["Alessia Cara", "Alessia Cara", "Ariana Grande", "Little Mix", "Ariana Grande", "Kehlani", "Zayn", "Rita Ora", "Sabrina Carpenter", "Zayn", "Shawn Mendes", "Khalid", "Jorja Smith", "Shawn Mendes", "Kehlani", "Sam Smith", "Jorja Smith", "Zara Larsson", "Alec Benjamin", "Mariah Carey"], "centerDistance": 0.81137321, "angle": 3.6093852183464152, "color": [0, 0]}, {"songs": ["Tell Me It's Over"], "artists": ["Avril Lavigne"], "centerDistance": 0.869335, "angle": 4.8461213513027825, "color": [1, 0]}, {"songs": ["Mona Lisa", "I Can Only. (feat. Alessia Cara)", "Like That"], "artists": ["Sabrina Carpenter", "JoJo", "Bea Miller"], "centerDistance": 0.9211770333333335, "angle": 6.149452936261493, "color": [2, 0]}, {"songs": ["Shot Clock", "Dona de Mim"], "artists": ["Ella Mai", "IZA"], "centerDistance": 0.9355164499999999, "angle": 1.1139734921700768, "color": [3, 0]}, {"songs": ["Without Me", "Better", "My My My!", "Plum", "Bigger Wow"], "artists": ["Halsey", "Khalid", "Troye Sivan", "Troye Sivan", "Avril Lavigne"], "centerDistance": 0.91550264, "angle": 2.3616793552582465, "color": [4, 0]}]