[{"songs": ["Plum", "Play Date", "you should see me in a crown", "Repercussions"], "artists": ["Troye Sivan", "Melanie Martinez", "Billie Eilish", "Bea Miller"], "centerDistance": 0.8766787500000001, "angle": 3.426936932189361, "color": [0, 0]}, {"songs": ["Last Dance", "Give Yourself A Try", "Bigger Wow", "Birdie", "Nostalgia", "Don\u2019t Feel Like Crying"], "artists": ["Dua Lipa", "The 1975", "Avril Lavigne", "Avril Lavigne", "M\u00d8", "Sigrid"], "centerDistance": 0.9099136833333333, "angle": 4.789589277495851, "color": [1, 0]}, {"songs": ["Mona Lisa", "Fools"], "artists": ["Sabrina Carpenter", "Madison Beer"], "centerDistance": 0.886098, "angle": 6.205985010068425, "color": [2, 0]}, {"songs": ["Molecules", "xx", "Bloom", "Upper West Side", "Make My Bed", "Coming Down", "New Americana", "Low Key In Love", "my boy", "prfct", "Money", "outside", "Heartless", "Million Dollar Man", "OKOKOK", "Green Light", "God is a Woman", "No Tears Left To Cry", "Homemade Dynamite", "Teddy Bear"], "artists": ["Hayley Kiyoko", "Hayley Kiyoko", "Troye Sivan", "King Princess", "King Princess", "Halsey", "Halsey", "Jaira burns", "Billie Eilish", "Sabrina Carpenter", "Foxes", "Bea Miller", "Madison Beer", "Lana Del Rey", "Jaira burns", "Lorde", "Ariana Grande", "Ariana Grande", "Lorde", "Melanie Martinez"], "centerDistance": 0.80159741, "angle": 0.9924768365637462, "color": [3, 0]}, {"songs": ["Sad", "Pillow"], "artists": ["Bebe Rexha", "Bebe Rexha"], "centerDistance": 0.8895850000000001, "angle": 2.0420210052591194, "color": [4, 0]}]