[{"songs": ["Not Today"], "artists": ["Alessia Cara"], "centerDistance": 0.794582, "angle": 2.1602050823571535, "color": [0, 0]}, {"songs": ["Sue Me"], "artists": ["Sabrina Carpenter"], "centerDistance": 0.05416299999999996, "angle": 3.3819899390146135, "color": [1, 0]}, {"songs": ["breathin", "Hair Body Face", "Ganja Burns"], "artists": ["Ariana Grande", "Lady Gaga", "Nicki Minaj"], "centerDistance": 0.8462245666666667, "angle": 4.718963377777029, "color": [2, 0]}, {"songs": ["Consequences", "Better", "All The Ways"], "artists": ["Camila Cabello", "Khalid", "Meghan Trainor"], "centerDistance": 0.8892606000000001, "angle": 6.276610909787247, "color": [3, 0]}, {"songs": ["Bad Time", "Told You So", "Voices in My Head", "Stole Your Car", "Borderline (feat. Missy Elliott)", "Motherlove", "Loyal To Me", "Human", "Consequences (Orchestra)", "Hourglass", "Somebody Special", "Would I", "A Little More", "Dose", "Curious", "1%", "Never Enough", "Look What I Found", "Let You Be Right", "Back to Life - from \"Bumblebee\""], "artists": ["Sabrina Carpenter", "Little Mix", "Ashley Tisdale", "Charlotte Lawrence", "Ariana Grande", "Bea Miller", "Nina Nesbitt", "Maggie Lindemann", "Camila Cabello", "Alice Chater", "Nina Nesbitt", "Maggie Lindemann", "Alessia Cara", "Ciara", "Hayley Kiyoko", "Kiiara", "Kelly Clarkson", "Lady Gaga", "Meghan Trainor", "Hailee Steinfeld"], "centerDistance": 0.8182710250000002, "angle": 1.1401377860239563, "color": [4, 0]}]