[{"songs": ["Pour It Up", "Numb (feat. Eminem)", "Anaconda", "Pills N Potions", "Work", "Black Widow", "212 (feat. Lazy Jay)", "Burnin' Up (feat. 2 Chainz)", "1991", "Acting Like That (feat. Iggy Azalea)", "Get Ur Freak On", "Bed Squeak", "Work It", "R.I.P. (feat. Tinie Tempah)", "SexyBack", "Fergalicious (feat. will.i.am)", "Partition", "7/11", "Problem (feat. Iggy Azalea)", "Dark Horse (feat. Juicy J)"], "artists": ["Rihanna", "Rihanna", "Nicki Minaj", "Nicki Minaj", "Iggy Azalea", "Iggy Azalea", "Azealia Banks", "Jessie J", "Azealia Banks", "Jennifer Lopez", "Missy Elliott", "Brooke Candy", "Missy Elliott", "Rita Ora", "Justin Timberlake", "Fergie", "Beyonc\u00e9", "Beyonc\u00e9", "Ariana Grande", "Katy Perry"], "centerDistance": 0.7673111049999999, "angle": 1.0995574287564276, "color": [0, 0]}, {"songs": ["Bitch I'm Madonna (feat. Nicki Minaj)"], "artists": ["Madonna"], "centerDistance": 0.987292, "angle": 2.356194490192345, "color": [1, 0]}, {"songs": ["Gimme More", "Not Myself Tonight"], "artists": ["Britney Spears", "Christina Aguilera"], "centerDistance": 0.9897629, "angle": 3.612831551628262, "color": [2, 0]}, {"songs": ["The Heart Wants What It Wants"], "artists": ["Selena Gomez"], "centerDistance": 0.9894802, "angle": 4.869468613064179, "color": [3, 0]}, {"songs": ["Can't Remember to Forget You (feat. Rihanna)"], "artists": ["Shakira"], "centerDistance": 0.9878727, "angle": 6.126105674500097, "color": [4, 0]}]