[{"songs": ["Since U Been Gone", "My Life Would Suck Without You", "Losing Grip", "Burnin' Up", "La La Land", "Irresistible"], "artists": ["Kelly Clarkson", "Kelly Clarkson", "Avril Lavigne", "Jonas Brothers", "Demi Lovato", "Jessica Simpson"], "centerDistance": 0.7130068333333334, "angle": 3.5598241553715004, "color": [0, 0]}, {"songs": ["Rush", "Chemicals React", "4ever", "Play with Fire", "Ugly Heart", "What the Hell", "Birthday", "Love You Like a Love Song", "Breathe", "Here With Me", "Gold Trans Am", "Call Me Maybe", "This Kiss", "Come & Get It", "Pocketful of Sunshine", "Break Free (feat. Zedd)", "American Girl", "Just the Girl", "Whatever", "The Story of Us"], "artists": ["Aly & AJ", "Aly & AJ", "The Veronicas", "Hilary Duff", "G.R.L.", "Avril Lavigne", "Selena Gomez", "Selena Gomez & the Scene", "Michelle Branch", "Michelle Branch", "Ke$ha", "Carly Rae Jepsen", "Carly Rae Jepsen", "Selena Gomez", "Natasha Bedingfield", "Ariana Grande", "Bonnie McKee", "The Click Five", "Brie Larson", "Taylor Swift"], "centerDistance": 0.6524880999999999, "angle": 4.823609094551596, "color": [1, 0]}, {"songs": ["Sneakernight", "See You Again", "7 Things"], "artists": ["Vanessa Hudgens", "Miley Cyrus", "Miley Cyrus"], "centerDistance": 0.7368446666666667, "angle": 6.17196519301268, "color": [2, 0]}, {"songs": ["Outta My Head (Ay Ya Ya)", "He Said She Said", "Boyfriend", "First", "Rumors"], "artists": ["Ashlee Simpson", "Ashley Tisdale", "Ashlee Simpson", "Lindsay Lohan", "Lindsay Lohan"], "centerDistance": 0.641809, "angle": 1.0485933705786152, "color": [3, 0]}, {"songs": ["Untouched", "With Love", "Tangled Up In Me", "Ready or Not", "About You Now", "Damaged", "Die Young"], "artists": ["The Veronicas", "Hilary Duff", "Skye Sweetnam", "Bridgit Mendler", "Sugababes", "Danity Kane", "Ke$ha"], "centerDistance": 0.723824857142857, "angle": 2.208406855324137, "color": [4, 0]}]