[{"songs": ["Dancing With a Stranger", "A Good Night", "P.D.A. (We Just Don't Care)", "Testify", "Unshaken", "Nunya (feat. Dom Kennedy)", "Crazy, Classic, Life", "Things I Imagined", "Fire On Fire - From \"Watership Down\"", "I Like That", "Chi Chi (feat. Chris Brown)", "Mind\u2019s Eye", "If I Ain't Got You", "Baby", "Ex-Factor", "Lost", "Thinkin Bout You", "No One (Radio Edit)", "Obvious", "Stupidest Kind Of Love"], "artists": ["Sam Smith", "John Legend", "John Legend", "Robin Thicke", "D'Angelo", "Kehlani", "Janelle Mon\u00e1e", "Solange", "Sam Smith", "Janelle Mon\u00e1e", "Trey Songz", "Jordan Rakei", "Alicia Keys", "Angie Stone", "Ms. Lauryn Hill", "Frank Ocean", "Frank Ocean", "Alicia Keys", "Lalah Hathaway", "Ryan Leslie"], "centerDistance": 0.53899045, "angle": 2.5011723557807555, "color": [0, 0]}, {"songs": ["Crown", "Butterfly"], "artists": ["Kelly Rowland", "Kehlani"], "centerDistance": 0.15672000000000003, "angle": 3.699818270981308, "color": [1, 0]}, {"songs": ["Stay Flo"], "artists": ["Solange"], "centerDistance": 0.535417, "angle": 4.898464186181862, "color": [2, 0]}, {"songs": ["dreams and converse", "sauce"], "artists": ["Dawn Richard", "Dawn Richard"], "centerDistance": 0.6194615, "angle": 6.097110101382414, "color": [3, 0]}, {"songs": ["Call Out My Name"], "artists": ["The Weeknd"], "centerDistance": 0.665178, "angle": 1.0125707094033807, "color": [4, 0]}]