[{"songs": ["Someone New", "Closer"], "artists": ["Astrid S", "Astrid S"], "centerDistance": 0.89754935, "angle": 4.605760467938471, "color": [0, 0]}, {"songs": ["Isolation", "If U Think About Me\u2026", "Alone", "Homework (feat. lil Aaron)", "When I Die", "Gloe", "Platform Shoes", "Everything Goes (Wow)", "Handmade Heaven", "Peach", "Love Myself", "Bad Idea", "Take My Hand", "Voicemail", "Black Roses", "Happy", "Nasa", "Apple", "Language", "Only Want You"], "artists": ["Terror Jr", "Kim Petras", "slayyyter", "Kim Petras", "Alma", "Kiiara", "slayyyter", "BROODS", "Marina", "BROODS", "olivia o'brien", "Ariana Grande", "Charli XCX", "Poppy", "Charli XCX", "Julia Michaels", "Ariana Grande", "Julia Michaels", "Betty Who", "Rita Ora"], "centerDistance": 0.867055695, "angle": 0.10662851244621852, "color": [1, 0]}, {"songs": ["Terrified"], "artists": ["Terror Jr"], "centerDistance": 0.0, "angle": 1.6015089890061267, "color": [2, 0]}, {"songs": ["Don\u2019t Feel Like Crying", "Now That I Found You", "Sucker Punch"], "artists": ["Sigrid", "Carly Rae Jepsen", "Sigrid"], "centerDistance": 0.8859197000000001, "angle": 2.58802488036957, "color": [3, 0]}, {"songs": ["The Knife", "Overnight"], "artists": ["Maggie Rogers", "Maggie Rogers"], "centerDistance": 0.9130992499999999, "angle": 3.577132284856095, "color": [4, 0]}]