[{"songs": ["Momma I Hit a Lick (feat. Kendrick Lamar)"], "artists": ["2 Chainz"], "centerDistance": 0.9561058, "angle": 4.600558129846736, "color": [0, 0]}, {"songs": ["Mixed Personalities (feat. Kanye West)"], "artists": ["YNW Melly"], "centerDistance": 0.957603, "angle": 0.11183085053795416, "color": [1, 0]}, {"songs": ["Soho (feat. JID)"], "artists": ["Boogie"], "centerDistance": 0.9372133, "angle": 1.8714304584291206, "color": [2, 0]}, {"songs": ["Going Bad (feat. Drake)"], "artists": ["Meek Mill"], "centerDistance": 0.9803372, "angle": 2.7811396822349916, "color": [3, 0]}, {"songs": ["High Top Versace (feat. Young Thug)", "MIDDLE CHILD", "Sin (feat. Jaden Smith)", "Icey", "Tribe (with J. Cole)", "Everybody Dies", "4 Da Gang", "Still Slummin'", "Wouldn't Leave", "Meditate (feat. J.I.D.)", "Cocktail", "Meet Again", "Skydive II (feat. 6LACK)", "3 Headed Snake (feat. Young Thug)", "Unicorn Purp (feat. Young Thug & Gunna)", "a lot", "151 Rum", "Locationships", "How Did I Get Here (feat. J. Cole)", "monster"], "artists": ["2 Chainz", "J. Cole", "Young Thug", "Young Thug", "Bas", "J. Cole", "Future", "Lute", "Kanye West", "EarthGang", "EarthGang", "Maxo Kream", "Boogie", "Gunna", "Future", "21 Savage", "Jid", "YBN Cordae", "Offset", "21 Savage"], "centerDistance": 0.764710255, "angle": 3.6908489060408627, "color": [4, 0]}]