[{"songs": ["Pompeii", "Things We Lost in the Fire"], "artists": ["Bastille", "Bastille"], "centerDistance": 0.682345, "angle": 4.844682966643866, "color": [0, 0]}, {"songs": ["Houdini", "Call It What You Want", "What You Know", "Something Good Can Work", "Take a Walk", "Young Folks", "Everybody Talks", "Mr. Brightside", "Young Blood", "Tongue Tied", "Somebody Told Me", "Ruby", "Cool Kids", "I Follow Rivers", "We Are Young (feat. Janelle Mon\u00e1e)", "Always Where I Need to Be", "Some Nights", "Summertime Sadness", "A-Punk", "Somebody That I Used To Know"], "artists": ["Foster the People", "Foster the People", "Two Door Cinema Club", "Two Door Cinema Club", "Passion Pit", "Peter Bjorn and John", "Neon Trees", "The Killers", "The Naked and Famous", "Grouplove", "The Killers", "Kaiser Chiefs", "Echosmith", "Lykke Li", "fun.", "The Kooks", "fun.", "Lana Del Rey", "Vampire Weekend", "Gotye"], "centerDistance": 0.6812145500000001, "angle": 6.15089132092041, "color": [1, 0]}, {"songs": ["Radioactive", "Demons"], "artists": ["Imagine Dragons", "Imagine Dragons"], "centerDistance": 0.7162329999999999, "angle": 1.0467077447524638, "color": [2, 0]}, {"songs": ["1901", "Lisztomania", "She Moves in Her Own Way", "Team", "Afraid"], "artists": ["Phoenix", "Phoenix", "The Kooks", "Lorde", "The Neighbourhood"], "centerDistance": 0.7580486, "angle": 2.2341584379688797, "color": [3, 0]}, {"songs": ["Sweater Weather", "Dog Days Are Over"], "artists": ["The Neighbourhood", "Florence + the Machine"], "centerDistance": 0.760976, "angle": 3.503261367667198, "color": [4, 0]}]