[{"songs": ["Legacy (feat. Travis Scott & 21 Savage)", "How Did I Get Here (feat. J. Cole)", "Swervin (feat. 6ix9ine)", "High Top Versace (feat. Young Thug)", "MIDDLE CHILD", "Girls Need Love (Remix)", "Crushed Up", "Girls Have Fun (feat. G-Eazy & Rich The Kid)", "Whip (feat. Travis Scott)", "Startender (feat. Offset and Tyga)", "One Call", "1.5", "Lost in the Fire", "Mixed Personalities (feat. Kanye West)", "a lot", "Time (feat. Meek Mill)", "Same Yung N***a (feat. Playboi Carti)", "Splashin", "Murder On My Mind", "No Stylist (feat. Drake)"], "artists": ["Offset", "Offset", "A Boogie Wit da Hoodie", "2 Chainz", "J. Cole", "Summer Walker & Drake", "Future", "Tyga", "2 Chainz", "A Boogie Wit da Hoodie", "Gunna", "21 Savage", "Gesaffelstein & The Weeknd", "YNW Melly", "21 Savage", "Lil Baby", "Gunna", "Rich The Kid", "YNW Melly", "French Montana"], "centerDistance": 0.35898635, "angle": 3.4965701854406657, "color": [0, 0]}, {"songs": ["ZEZE (feat. Travis Scott & Offset)"], "artists": ["Kodak Black"], "centerDistance": 0.517999, "angle": 4.729876753956805, "color": [1, 0]}, {"songs": ["Drip Too Hard", "Pure Cocaine", "Sunflower (Spider-Man: Into the Spider-Verse)"], "artists": ["Lil Baby & Gunna", "Lil Baby", "Post Malone & Swae Lee"], "centerDistance": 0.44570966666666667, "angle": 6.2656975336074705, "color": [2, 0]}, {"songs": ["Going Bad (feat. Drake)", "Thotiana", "Bleed It"], "artists": ["Meek Mill", "Blueface", "Blueface"], "centerDistance": 0.42149600000000004, "angle": 1.152827836762814, "color": [3, 0]}, {"songs": ["First Off (feat. Travis Scott)"], "artists": ["Future"], "centerDistance": 0.0, "angle": 2.323143447097742, "color": [4, 0]}]