[{"songs": ["Want Her", "BLACKJACK", "Musty", "Bands (feat. Ohgeesy, Fenix Flexin & Master Kato)", "Yuso (feat. Lil Wayne & Saweetie)", "Racks In The Middle (feat. Roddy Ricch and Hit-Boy)", "No Budget (feat. Rich The Kid)", "Double Up (feat. Belly and Dom Kennedy)", "Red Nation", "Black Panther", "BagBak", "Paramedics", "MY TYPE OF PARTY", "The Other Side (feat. Mozzy & DCMBR)", "Don't Bring Me No Bag", "Check Yo Self - Remix", "Vice City (feat. Black Hippy)", "F*ck Your Ethnicity", "Rack City", "BPT"], "artists": ["Mustard", "Amin\u00e9", "SHORELINE MAFIA", "SHORELINE MAFIA", "Kid Ink", "Nipsey Hussle", "Kid Ink", "Nipsey Hussle", "The Game", "Kendrick Lamar", "Vince Staples", "The Game", "Dom Kennedy", "Jay Rock", "Ice Cube", "Ice Cube", "Jay Rock", "Kendrick Lamar", "Tyga", "YG"], "centerDistance": 0.52605285, "angle": 1.0995574287564276, "color": [0, 0]}, {"songs": ["Thotiana"], "artists": ["Blueface"], "centerDistance": 0.842996, "angle": 2.356194490192345, "color": [1, 0]}, {"songs": ["Red Room"], "artists": ["Offset"], "centerDistance": 0.815138, "angle": 3.612831551628262, "color": [2, 0]}, {"songs": ["ZEZE (feat. Travis Scott & Offset)"], "artists": ["Kodak Black"], "centerDistance": 0.881455, "angle": 4.869468613064179, "color": [3, 0]}, {"songs": ["Going Bad (feat. Drake)", "Keanu Reeves", "Pure Cocaine", "Bleed It"], "artists": ["Meek Mill", "Logic", "Lil Baby", "Blueface"], "centerDistance": 0.84928125, "angle": 6.126105674500097, "color": [4, 0]}]