[{"songs": ["One for the Road", "Take Me Out", "Standing Next to Me", "Reptilia", "Somebody Told Me", "What You Know", "You Only Live Once", "Mr. Brightside", "Ooh La", "No You Girls", "Afraid", "Fire", "Underdog", "Use Somebody", "It's Hard to Get Around the Wind", "Ruby", "The Suburbs", "Undercover Martyn", "Female Robbery", "Helena Beat"], "artists": ["Arctic Monkeys", "Franz Ferdinand", "The Last Shadow Puppets", "The Strokes", "The Killers", "Two Door Cinema Club", "The Strokes", "The Killers", "The Kooks", "Franz Ferdinand", "The Neighbourhood", "Kasabian", "Kasabian", "Kings of Leon", "Alex Turner", "Kaiser Chiefs", "Arcade Fire", "Two Door Cinema Club", "The Neighbourhood", "Foster the People"], "centerDistance": 0.77857145, "angle": 1.0920892016262878, "color": [0, 0]}, {"songs": ["Crystalised", "Islands"], "artists": ["The xx", "The xx"], "centerDistance": 0.835092, "angle": 2.2761727501570457, "color": [1, 0]}, {"songs": ["Radioactive", "Demons"], "artists": ["Imagine Dragons", "Imagine Dragons"], "centerDistance": 0.8192174999999999, "angle": 3.6557464068551067, "color": [2, 0]}, {"songs": ["Arabella", "My Mistakes Were Made for You", "She Moves in Her Own Way", "Pompeii", "Things We Lost in the Fire", "Sex on Fire", "Come a Little Closer", "Breezeblocks", "My Number", "Coming of Age", "Reflektor", "Chocolate", "Sex", "If You Wanna", "Mountain Sound", "Come Closer"], "artists": ["Arctic Monkeys", "The Last Shadow Puppets", "The Kooks", "Bastille", "Bastille", "Kings of Leon", "Cage the Elephant", "alt-J", "Foals", "Foster the People", "Arcade Fire", "The 1975", "The 1975", "The Vaccines", "Of Monsters and Men", "Miles Kane"], "centerDistance": 0.7922124374999998, "angle": 4.804291723621738, "color": [3, 0]}, {"songs": ["Diane Young", "Unbelievers"], "artists": ["Vampire Weekend", "Vampire Weekend"], "centerDistance": 0.8584095, "angle": 6.191282563942537, "color": [4, 0]}]