[{"songs": ["Leave Me Alone", "Mo Bamba", "Yes Indeed"], "artists": ["Flipp Dinero", "Sheck Wes", "Lil Baby"], "centerDistance": 0.7577293333333334, "angle": 2.069804539906974, "color": [0, 0]}, {"songs": ["Lust", "All Girls Are The Same", "Taking A Walk", "Lean Wit Me", "Betrayed", "Noticed", "Lies (feat. Lil Skies)", "Fr Fr (feat. Lil Skies)", "Plug Walk", "Bounce Out With That", "Dark Knight Dummo (feat. Travis Scott)", "SAD!", "Ridin (feat. Landon Cube & YBN Nahmir)", "Roll in Peace (feat. XXXTENTACION)", "Look at Me!", "Outside Today", "Kung Fu", "Fine China", "Early Morning Trappin (feat. Trippie Redd)", "Sauce It Up"], "artists": ["lil skies", "Juice WRLD", "Trippie Redd", "Juice WRLD", "Lil Xan", "lil Mosey", "Lil Xan", "Wiz Khalifa", "Rich The Kid", "YBN Nahmir", "Trippie Redd", "xxxtentacion", "Yung Bans", "Kodak Black", "xxxtentacion", "YoungBoy Never Broke Again", "YBN Cordae", "Future", "Rich The Kid", "LIL UZI VERT"], "centerDistance": 0.6519877000000001, "angle": 3.369854459381541, "color": [1, 0]}, {"songs": ["Nowadays (feat. Landon Cube)", "Psycho (feat. Ty Dolla $ign)"], "artists": ["lil skies", "Post Malone"], "centerDistance": 0.39788, "angle": 4.617409691189076, "color": [2, 0]}, {"songs": ["66"], "artists": ["Lil Yachty"], "centerDistance": 0.735957, "angle": 0.0949792891956136, "color": [3, 0]}, {"songs": ["Yacht Club (feat. Juice WRLD)", "Space Cadet (feat. Gunna)", "Nuketown (feat. Juice WRLD)", "wokeuplikethis*"], "artists": ["Lil Yachty", "Metro Boomin", "SKI MASK THE SLUMP GOD", "Playboi Carti"], "centerDistance": 0.78935675, "angle": 0.8524897778326785, "color": [3, 1]}]