[{"songs": ["BLEACH", "BOOGIE", "I Ain't Got Time!", "See You Again", "All Mine", "4th Dimension (feat. Louis Prima)", "CLOUT COBAIN l CLOUT CO13A1N", "Big Fish", "DNA.", "i", "BagBak", "IV. Sweatpants", "Hive (feat. Vince Staples & Casey Veggies)", "Santeria", "Calligraphy", "Life", "Skrawberries (feat. BJ The Chicago Kid)", "Off Da Zoinkys", "20 Min", "V. 3005"], "artists": ["BROCKHAMPTON", "BROCKHAMPTON", "Tyler, the Creator", "Tyler, the Creator", "Kanye West", "Kids See Ghosts", "Denzel Curry", "Vince Staples", "Kendrick Lamar", "Kendrick Lamar", "Vince Staples", "Childish Gambino", "Earl Sweatshirt", "Pusha T", "Saba", "Saba", "Jid", "Jid", "LIL UZI VERT", "Childish Gambino"], "centerDistance": 0.7694818999999999, "angle": 1.14622538912299, "color": [0, 0]}, {"songs": ["DR. WHOEVER", "Spice Girl"], "artists": ["Amin\u00e9", "Amin\u00e9"], "centerDistance": 0.8269615, "angle": 2.409189493207049, "color": [1, 0]}, {"songs": ["Cudi Montage", "Yikes"], "artists": ["Kids See Ghosts", "Kanye West"], "centerDistance": 0.7921659999999999, "angle": 3.6050455968218253, "color": [2, 0]}, {"songs": ["monster", "Lean Wit Me"], "artists": ["21 Savage", "Juice WRLD"], "centerDistance": 0.88664725, "angle": 4.800901700436602, "color": [3, 0]}, {"songs": ["6 Summers", "Saviers Road"], "artists": ["Anderson .Paak", "Anderson .Paak"], "centerDistance": 0.874987, "angle": 6.194672587127675, "color": [4, 0]}]