[{"songs": ["What I Need (feat. Kehlani)", "you should see me in a crown", "Cake"], "artists": ["Hayley Kiyoko", "Billie Eilish", "Melanie Martinez"], "centerDistance": 0.8337416666666666, "angle": 3.6670748645633946, "color": [0, 0]}, {"songs": ["Dire\u00e7\u00e3o", "My My My!", "Bigger Wow"], "artists": ["Manu Gavassi", "Troye Sivan", "Avril Lavigne"], "centerDistance": 0.8562086666666667, "angle": 4.775420264713226, "color": [1, 0]}, {"songs": ["Talia"], "artists": ["King Princess"], "centerDistance": 0.860209, "angle": 6.22015402285105, "color": [2, 0]}, {"songs": ["Warmer", "outside", "Sugarcoat", "Burn Slow", "Wanna Be Missed", "Tyler Durden", "Run and Hide", "No Words", "In the Dark", "Bad Liar", "Heartless", "Safe", "Let Me Go", "She Loves Control", "Tequilawine", "Eyes Closed", "Coming Down", "Most Girls", "...Ready For It?", "my boy"], "artists": ["Bea Miller", "Bea Miller", "Jaira burns", "Jaira burns", "Hayley Kiyoko", "Madison Beer", "Sabrina Carpenter", "Sabrina Carpenter", "Camila Cabello", "Selena Gomez", "Madison Beer", "Daya", "Hailee Steinfeld", "Camila Cabello", "olivia o'brien", "Halsey", "Halsey", "Hailee Steinfeld", "Taylor Swift", "Billie Eilish"], "centerDistance": 0.7319678999999999, "angle": 1.2689674953766312, "color": [3, 0]}, {"songs": ["All Night", "Look What You Made Me Do", "Growing Pains", "Sweet but Psycho", "Expectations", "Don\u2019t Feel Like Crying", "New Friends"], "artists": ["The Vamps", "Taylor Swift", "Alessia Cara", "Ava Max", "Lauren Jauregui", "Sigrid", "Maty Noyes"], "centerDistance": 0.8570694285714288, "angle": 2.589840555630424, "color": [4, 0]}]