[{"songs": ["Whistle", "DJ Got Us Fallin' in Love", "Like A G6", "Fire Burning", "Evacuate the Dancefloor", "TiK ToK", "Party Rock Anthem", "Hotel Room Service", "Whatever You Like", "Starships", "Hey Baby (Drop It to the Floor)", "Sexy and I Know It", "More", "We R Who We R", "Everytime We Touch", "HOV Lane", "Welcome to the World", "Airplanes", "Mr. Saxobeat", "Live Your Life"], "artists": ["Flo Rida", "Usher", "Far East Movement", "Sean Kingston", "Cascada", "Ke$ha", "LMFAO", "Pitbull", "T.I.", "Nicki Minaj", "Pitbull", "LMFAO", "Usher", "Ke$ha", "Cascada", "Nicki Minaj", "Kevin Rudolf", "B.o.B", "Alexandra Stan", "T.I."], "centerDistance": 0.6604901499999999, "angle": 2.33192986862147, "color": [0, 0]}, {"songs": ["Dynamite"], "artists": ["Taio Cruz"], "centerDistance": 0.548053, "angle": 3.5430782024521887, "color": [1, 0]}, {"songs": ["Only Girl (In the World)"], "artists": ["Rihanna"], "centerDistance": 0.730382, "angle": 4.77180730974856, "color": [2, 0]}, {"songs": ["Low", "Boom Boom Pow", "I Gotta Feeling"], "artists": ["Flo Rida", "Black Eyed Peas", "Black Eyed Peas"], "centerDistance": 0.3775983333333333, "angle": 6.223766977815716, "color": [3, 0]}, {"songs": ["Let It Rock", "Disturbia", "When I Grow Up", "Let Me Love You (Until You Learn to Love Yourself)"], "artists": ["Kevin Rudolf", "Rihanna", "The Pussycat Dolls", "Ne-Yo"], "centerDistance": 0.7383964999999999, "angle": 1.1362557696288, "color": [4, 0]}]