[{"songs": ["Take a Walk", "Say It, Just Say It", "Texas", "Promises"], "artists": ["Passion Pit", "The Mowgli's", "Magic Man", "Ryn Weaver"], "centerDistance": 0.9009986, "angle": 1.0995574287564276, "color": [0, 0]}, {"songs": ["Take Me Away", "Shut Up and Dance", "OctaHate", "Mind Over Matter", "Cool Kids", "Dreaming", "House of Gold", "Our Own House", "If I Could Change Your Mind", "Tongue Tied", "Mother & Father", "Out Of My League", "Killer Whales", "Talking Body", "March Into The Sun", "Closer", "Fake You Out", "The Walker", "Repetition", "When I'm Away"], "artists": ["Bleachers", "Walk the Moon", "Ryn Weaver", "Young the Giant", "Echosmith", "Smallpools", "Twenty One Pilots", "MisterWives", "HAIM", "Grouplove", "BROODS", "Fitz and the Tantrums", "Smallpools", "Tove Lo", "Echosmith", "Tegan and Sara", "Twenty One Pilots", "Fitz and the Tantrums", "Purity Ring", "The Colourist"], "centerDistance": 0.8568672850000001, "angle": 2.356194490192345, "color": [1, 0]}, {"songs": ["Timebomb"], "artists": ["Tove Lo"], "centerDistance": 0.9266797, "angle": 3.612831551628262, "color": [2, 0]}, {"songs": ["Nothing Without Love", "Little Games", "I'm With You", "Out of Mind", "A Rush of Blood", "Benson Hedges"], "artists": ["Nate Ruess", "The Colourist", "Grouplove", "Magic Man", "Coasts", "fun."], "centerDistance": 0.8959558666666667, "angle": 4.869468613064179, "color": [3, 0]}, {"songs": ["Shadow", "Don't Save Me", "Sound of a Broken Heart", "Next in Line", "Goodbye, Goodbye", "Blame It on Me", "No One Needs To Know", "Let It Go", "Wings"], "artists": ["Bleachers", "HAIM", "Jukebox the Ghost", "Walk the Moon", "Tegan and Sara", "George Ezra", "Haerts", "James Bay", "Haerts"], "centerDistance": 0.8190821333333334, "angle": 6.126105674500097, "color": [4, 0]}]