[{"songs": ["Tennis Court", "Burn", "Roar", "Summertime Sadness", "Born to Die", "Applause", "Rather Be (feat. Jess Glynne)", "This Is How We Do", "Lights", "It's Time", "Some Nights", "Break Free (feat. Zedd)", "Welcome to New York", "Shake It Out", "Venus", "Clean", "The Wire", "Elastic Heart", "Come & Get It", "I Follow Rivers"], "artists": ["Lorde", "Ellie Goulding", "Katy Perry", "Lana Del Rey", "Lana Del Rey", "Lady Gaga", "Clean Bandit", "Katy Perry", "Ellie Goulding", "Imagine Dragons", "fun.", "Ariana Grande", "Taylor Swift", "Florence + the Machine", "Lady Gaga", "Taylor Swift", "HAIM", "Sia", "Selena Gomez", "Lykke Li"], "centerDistance": 0.7400825500000001, "angle": 1.1590244148109932, "color": [0, 0]}, {"songs": ["Pompeii", "Sweater Weather"], "artists": ["Bastille", "The Neighbourhood"], "centerDistance": 0.7409030000000001, "angle": 2.3517260038713905, "color": [1, 0]}, {"songs": ["Radioactive"], "artists": ["Imagine Dragons"], "centerDistance": 0.7174579999999999, "angle": 3.5444275929317874, "color": [2, 0]}, {"songs": ["Team"], "artists": ["Lorde"], "centerDistance": 0.027051999999999965, "angle": 4.737129181992184, "color": [3, 0]}, {"songs": ["Take Me to Church", "Dog Days Are Over"], "artists": ["Hozier", "Florence + the Machine"], "centerDistance": 0.8082545, "angle": 6.2584451055720915, "color": [4, 0]}]