[{"songs": ["I'll Never Love Again - Extended Version", "Trigger Bang (feat. Giggs)", "V\u00edcio"], "artists": ["Lady Gaga", "Lily Allen", "Manu Gavassi"], "centerDistance": 0.8859437333333333, "angle": 3.3659218849205095, "color": [0, 0]}, {"songs": ["Thank U, Next", "Party for One", "1999", "I Would Like", "Ain't My Fault", "No Tears Left To Cry", "Running", "Dancing With a Stranger (with Normani)", "Bad At Love", "Touch", "Shout Out To My Ex", "All You Had to Do Was Stay", "Bad Blood", "I Got You", "Most Girls", "Honey", "Missing U", "Talking Body", "Alone", "Hey Hey Hey"], "artists": ["Ariana Grande", "Carly Rae Jepsen", "Charli XCX", "Zara Larsson", "Zara Larsson", "Ariana Grande", "Dua Lipa", "Sam Smith", "Halsey", "Little Mix", "Little Mix", "Taylor Swift", "Taylor Swift", "Bebe Rexha", "Hailee Steinfeld", "Robyn", "Robyn", "Tove Lo", "Halsey", "Katy Perry"], "centerDistance": 0.5345500999999999, "angle": 4.786028783860067, "color": [1, 0]}, {"songs": ["What I Need (feat. Kehlani)", "Feelings"], "artists": ["Hayley Kiyoko", "Hayley Kiyoko"], "centerDistance": 0.7760095, "angle": 6.209545503704209, "color": [2, 0]}, {"songs": ["Seventeen"], "artists": ["Troye Sivan"], "centerDistance": 0.590426, "angle": 1.1037503326427318, "color": [3, 0]}, {"songs": ["Girls (feat. Cardi B, Bebe Rexha & Charli XCX)", "Hair Body Face", "IDGAF", "Bad Liar"], "artists": ["Rita Ora", "Lady Gaga", "Dua Lipa", "Selena Gomez"], "centerDistance": 0.55529525, "angle": 2.2338682878601546, "color": [4, 0]}]