[{"songs": ["Into You", "Anxiety (feat. Selena Gomez)"], "artists": ["Julia Michaels", "Julia Michaels"], "centerDistance": 0.9075921499999999, "angle": 4.718496519759527, "color": [0, 0]}, {"songs": ["Don't Get Any Closer", "God is a Woman", "No Tears Left To Cry", "Deserve", "Twice", "Call It What You Want", "Look What You Made Me Do", "In the Dark", "Hey Hey Hey", "Growing Pains", "Roulette", "Strangers (feat. Lauren Jauregui)", "My My My!", "2002", "Your Song", "Alarm", "Keep Talking (feat. Julia Michaels)", "Safe", "Wanna Be Missed", "Sanctify"], "artists": ["Bebe Rexha", "Ariana Grande", "Ariana Grande", "Christina Aguilera", "Christina Aguilera", "Taylor Swift", "Taylor Swift", "Camila Cabello", "Katy Perry", "Alessia Cara", "Katy Perry", "Halsey", "Troye Sivan", "Anne-Marie", "Rita Ora", "Anne-Marie", "Rita Ora", "Daya", "Hayley Kiyoko", "Years & Years"], "centerDistance": 0.8163559000000001, "angle": 6.27707776780475, "color": [1, 0]}, {"songs": ["Mine"], "artists": ["Bebe Rexha"], "centerDistance": 0.0, "angle": 1.1497038578405068, "color": [2, 0]}, {"songs": ["Mona Lisa"], "artists": ["Sabrina Carpenter"], "centerDistance": 0.9037505, "angle": 2.629314612126482, "color": [3, 0]}, {"songs": ["Plum", "Heaven in Hiding", "you should see me in a crown", "What I Need (feat. Kehlani)", "Last Dance", "Milk and Cookies", "Like That"], "artists": ["Troye Sivan", "Halsey", "Billie Eilish", "Hayley Kiyoko", "Dua Lipa", "Melanie Martinez", "Bea Miller"], "centerDistance": 0.8883079000000002, "angle": 3.6740362279255123, "color": [4, 0]}]