[{"songs": ["The Lucky One", "I Almost Do", "The Heart Wants What It Wants", "Fix a Heart", "Once in a Lifetime", "The A Team", "Shouldn't Come Back", "If You Say So", "Jar of Hearts", "Hearts Without Chains", "Last Goodbye", "4x4 (feat. Nelly)", "Straight for the Knife", "Need You Now", "Follow Your Arrow", "Now That I Found You", "Blown Away", "Wasting All These Tears", "Move Together", "I'm OK"], "artists": ["Taylor Swift", "Taylor Swift", "Selena Gomez", "Demi Lovato", "One Direction", "Ed Sheeran", "Demi Lovato", "Lea Michele", "Christina Perri", "Ellie Goulding", "Ke$ha", "Miley Cyrus", "Sia", "Lady Antebellum", "Kacey Musgraves", "Britney Spears", "Carrie Underwood", "Cassadee Pope", "James Bay", "Christina Aguilera"], "centerDistance": 0.845937195, "angle": 1.1020302997803126, "color": [0, 0]}, {"songs": ["One Last Time"], "artists": ["Ariana Grande"], "centerDistance": 0.863073, "angle": 2.352073038485867, "color": [1, 0]}, {"songs": ["National Anthem", "XO"], "artists": ["Lana Del Rey", "Beyonc\u00e9"], "centerDistance": 0.9968941849999999, "angle": 3.6103586806043753, "color": [2, 0]}, {"songs": ["Happy"], "artists": ["Marina & the Diamonds"], "centerDistance": 0.9550721, "angle": 4.868644322722884, "color": [3, 0]}, {"songs": ["Team"], "artists": ["Lorde"], "centerDistance": 0.99703062, "angle": 6.126929964841392, "color": [4, 0]}]