[{"songs": ["Sad Girl", "Ultraviolence", "Six Feet Under", "Breezeblocks"], "artists": ["Lana Del Rey", "Lana Del Rey", "Billie Eilish", "alt-J"], "centerDistance": 0.8890012, "angle": 3.1086132116810763, "color": [0, 0]}, {"songs": ["Sincerity Is Scary"], "artists": ["The 1975"], "centerDistance": 0.877823, "angle": 4.579038935776971, "color": [1, 0]}, {"songs": ["Love It If We Made It"], "artists": ["The 1975"], "centerDistance": 0.865787, "angle": 4.579038935776971, "color": [1, 1]}, {"songs": ["Nervous", "Flowers", "when the party's over", "Polarize", "Heavydirtysoul", "All I Want", "Sweetie Little Jean", "I Write Sins Not Tragedies", "Natural", "So Sad, So Sad", "Undercover Martyn", "Intro", "Asleep", "Sky Full of Song", "Mr. Brightside", "I Found", "Biting Down", "Sleepover", "Thru These Tears", "Sex on Fire"], "artists": ["The Neighbourhood", "The Neighbourhood", "Billie Eilish", "Twenty One Pilots", "Twenty One Pilots", "Kodaline", "Cage the Elephant", "Panic! at the Disco", "Imagine Dragons", "Varsity", "Two Door Cinema Club", "The xx", "The Smiths", "Florence + the Machine", "The Killers", "Amber Run", "Lorde", "Hayley Kiyoko", "Lany", "Kings of Leon"], "centerDistance": 0.820553125, "angle": 0.13335004460771938, "color": [2, 0]}, {"songs": ["Radioactive", "Golden Days", "Hunger", "Crystalised", "Coming of Age", "Pompeii", "Don't Stop (Color on the Walls)"], "artists": ["Imagine Dragons", "Panic! at the Disco", "Florence + the Machine", "The xx", "Foster the People", "Bastille", "Foster the People"], "centerDistance": 0.9253569714285713, "angle": 1.6396435398978255, "color": [3, 0]}]