[{"songs": ["shades", "Butterfly", "Love Language", "Crown", "Adore You", "KELLY", "Grave", "One Mo' Gen", "Wasted", "Stay Long Love You (feat. Gunna)", "Lessons", "Tia Tamera (feat. Rico Nasty)", "Apple Berry Nana", "Take You There", "Ain't Good For Ya (Interlude)", "He Don't Want It", "The One", "Don't Change", "Love Supreme", "Go Now"], "artists": ["Dawn Richard", "Kehlani", "Kehlani", "Kelly Rowland", "Jessie Ware", "Kelly Rowland", "Summer Walker", "Mariah Carey", "Summer Walker", "Mariah Carey", "Sinead Harnett", "Doja Cat", "Eric Bellinger", "H.E.R.", "Tinashe", "Tinashe", "Jorja Smith", "Nao", "Nao", "Tirzah"], "centerDistance": 0.8459742499999999, "angle": 2.557370820826658, "color": [0, 0]}, {"songs": ["Stay Flo", "My Skin My Logo"], "artists": ["Solange", "Solange"], "centerDistance": 0.825366, "angle": 3.434463941925741, "color": [1, 0]}, {"songs": ["dreams and converse"], "artists": ["Dawn Richard"], "centerDistance": 0.021901999999999977, "angle": 4.652056156565765, "color": [2, 0]}, {"songs": ["Girlfriend"], "artists": ["MNEK"], "centerDistance": 0.9275909, "angle": 0.06033282381892491, "color": [3, 0]}, {"songs": ["Shot Clock"], "artists": ["Ella Mai"], "centerDistance": 0.892596, "angle": 1.6590936747044314, "color": [4, 0]}]