[{"songs": ["Who R U?", "Skrawberries (feat. BJ The Chicago Kid)", "Outside!", "FUN!", "NOWHERE2GO", "KOVERT", "Understood", "Come Back Baby", "The Games We Play", "Plain Clothes", "Blaxploitation", "Don't Forget About Me", "151 Rum", "Freeee (Ghost Town, Pt. 2) [feat. Ty Dolla $ign]", "HONEY", "WAV Files", "Tony Tone", "KOD", "i", "All Mine"], "artists": ["Anderson .Paak", "Jid", "Vince Staples", "Vince Staples", "Earl Sweatshirt", "Smino", "Mick Jenkins", "Pusha T", "Pusha T", "Mick Jenkins", "NoName", "NoName", "J.I.D", "Kids See Ghosts", "BROCKHAMPTON", "Lupe Fiasco", "A$AP Rocky", "J. Cole", "Kendrick Lamar", "Kanye West"], "centerDistance": 0.8164545750000001, "angle": 3.6196488196199303, "color": [0, 0]}, {"songs": ["6 Summers"], "artists": ["Anderson .Paak"], "centerDistance": 0.0, "angle": 4.603560940925548, "color": [1, 0]}, {"songs": ["Kids See Ghosts (feat. Yasiin Bey)", "SUMO | ZUMO", "See You Again (feat. Kali Uchis)"], "artists": ["Kids See Ghosts", "Denzel Curry", "Tyler, the Creator"], "centerDistance": 0.9133103, "angle": 0.10882803945914254, "color": [2, 0]}, {"songs": ["L.M.F.", "Way Up"], "artists": ["Smino", "Jaden Smith"], "centerDistance": 0.8756446999999999, "angle": 1.6518245770086946, "color": [3, 0]}, {"songs": ["New Orleans"], "artists": ["BROCKHAMPTON"], "centerDistance": 0.875704, "angle": 2.6357366983143127, "color": [4, 0]}]