[{"songs": ["Can I Be Him", "Perfect", "Treat You Better", "Too Much To Ask", "Shape of You", "Slow Hands", "Fight Song", "New Rules", "Let Me", "Bad At Love", "Send My Love (To Your New Lover)", "Symphony (feat. Zara Larsson)", "When We Were Young", "Rockabye (feat. Sean Paul & Anne-Marie)", "Night Changes", "Pompeii", "These Days (feat. Jess Glynne, Macklemore & Dan Caplen)", "Shotgun", "Touch", "If Our Love Is Wrong"], "artists": ["James Arthur", "Ed Sheeran", "Shawn Mendes", "Niall Horan", "Ed Sheeran", "Niall Horan", "Rachel Platten", "Dua Lipa", "Zayn", "Halsey", "Adele", "Clean Bandit", "Adele", "Clean Bandit", "One Direction", "Bastille", "Rudimental", "George Ezra", "Little Mix", "Calum Scott"], "centerDistance": 0.6682611999999998, "angle": 1.1028784157032012, "color": [0, 0]}, {"songs": ["Just Like You", "Back to You (feat. Bebe Rexha & Digital Farm Animals)"], "artists": ["Louis Tomlinson", "Louis Tomlinson"], "centerDistance": 0.7683305, "angle": 2.252459663288376, "color": [1, 0]}, {"songs": ["Naked", "Too Good at Goodbyes", "There's Nothing Holdin' Me Back", "Dusk Till Dawn - Radio Edit", "Strip That Down", "All Night"], "artists": ["James Arthur", "Sam Smith", "Shawn Mendes", "Zayn", "Liam Payne", "The Vamps"], "centerDistance": 0.5718291666666666, "angle": 3.522851936957274, "color": [2, 0]}, {"songs": ["2002", "Ciao Adios"], "artists": ["Anne-Marie", "Anne-Marie"], "centerDistance": 0.7181135000000001, "angle": 4.759091812266663, "color": [3, 0]}, {"songs": ["IDGAF", "Let You Love Me", "Can't Stop The Feeling! (Original Song From Dreamworks Animation's \"Trolls\")"], "artists": ["Dua Lipa", "Rita Ora", "Justin Timberlake"], "centerDistance": 0.7605353333333333, "angle": 6.2364824752976125, "color": [4, 0]}]