[{"songs": ["all my friends", "monster"], "artists": ["21 Savage", "21 Savage"], "centerDistance": 0.8675975, "angle": 2.0978494664265317, "color": [0, 0]}, {"songs": ["Fine China", "Switch", "Space Cadet (feat. Gunna)", "10 Freaky Girls (feat. 21 Savage)", "One Call", "See You Again (feat. Kali Uchis)", "Life"], "artists": ["Future", "6LACK", "Metro Boomin", "Metro Boomin", "Gunna", "Tyler, the Creator", "Saba"], "centerDistance": 0.8898543571428571, "angle": 3.3799143662363806, "color": [1, 0]}, {"songs": ["Shake It Up", "i", "DR. WHOEVER"], "artists": ["Trippie Redd", "lil skies", "Amin\u00e9"], "centerDistance": 0.8530932999999999, "angle": 4.7774452575455975, "color": [2, 0]}, {"songs": ["Yikes", "Cudi Montage", "Plastic"], "artists": ["Kanye West", "Kids See Ghosts", "Jaden Smith"], "centerDistance": 0.9084102666666668, "angle": 6.2181290300186784, "color": [3, 0]}, {"songs": ["Used To", "Candles", "Missing My Idols", "Carry On", "alOnE, pArT 3", "Demons and Angels (feat. Juice WRLD)", "Hard Work Pays Off", "Let Her Go", "No Rest", "Myself", "Champion (feat. Travis Scott)", "MoshPit (feat. Juice WRLD)", "Gnarly (feat. Lil Pump)", "Pull Up (feat. NAV)", "Nonstop", "Benz Truck (\u0433\u0435\u043b\u0438\u043a)", "Sugar Wraith", "Otherside", "I'm Upset", "All Mine"], "artists": ["Juice WRLD", "Juice WRLD", "Trippie Redd", "xxxtentacion", "xxxtentacion", "A Boogie Wit da Hoodie", "Future", "6LACK", "lil skies", "NAV", "NAV", "Kodak Black", "Kodak Black", "A Boogie Wit da Hoodie", "Drake", "LIL PEEP", "Post Malone", "Post Malone", "Drake", "Kanye West"], "centerDistance": 0.7689134, "angle": 1.0428700249589333, "color": [4, 0]}]