[{"songs": ["What I Need (feat. Kehlani)", "Feelings"], "artists": ["Hayley Kiyoko", "Hayley Kiyoko"], "centerDistance": 0.92366585, "angle": 2.5942609813555357, "color": [0, 0]}, {"songs": ["Four Pink Walls", "Outlaws", "Strings", "A Little Too Much", "Call It What You Want", "Team", "Colors", "Nasa", "Devil in Me", "my boy", "Party for One", "HEAVEN", "Dollhouse", "EASE", "Ready or Not", "Cool Kids", "Off to the Races", "The Way I Am", "Room For 2", "Send My Love (To Your New Lover)"], "artists": ["Alessia Cara", "Alessia Cara", "Shawn Mendes", "Shawn Mendes", "Taylor Swift", "Lorde", "Halsey", "Ariana Grande", "Halsey", "Billie Eilish", "Carly Rae Jepsen", "Troye Sivan", "Melanie Martinez", "Troye Sivan", "Bridgit Mendler", "Echosmith", "Lana Del Rey", "Charlie Puth", "Dua Lipa", "Adele"], "centerDistance": 0.8129097599999999, "angle": 3.6737874638806325, "color": [1, 0]}, {"songs": ["Liability", "I Can Only. (feat. Alessia Cara)", "you should see me in a crown", "Alphabet Boy", "Colder", "Trigger Bang (feat. Giggs)"], "artists": ["Lorde", "JoJo", "Billie Eilish", "Melanie Martinez", "Nina Nesbitt", "Lily Allen"], "centerDistance": 0.9126055166666666, "angle": 4.7571074400593165, "color": [2, 0]}, {"songs": ["Sad", "Pillow"], "artists": ["Bebe Rexha", "Bebe Rexha"], "centerDistance": 0.90827575, "angle": 6.2384668475049585, "color": [3, 0]}, {"songs": ["Bigger Wow", "Tell Me It's Over"], "artists": ["Avril Lavigne", "Avril Lavigne"], "centerDistance": 0.92631765, "angle": 1.3134579690394483, "color": [4, 0]}]