[{"songs": ["Use Somebody", "Notion", "Mr. Brightside", "Somebody Told Me", "Take Me Out", "Snap Out of It", "Seven Nation Army", "Reptilia", "Last Nite", "Are You Gonna Be My Girl", "Ruby", "Chasing Cars", "Underdog", "Ooh La", "Chelsea Dagger", "Open Your Eyes", "The Funeral", "Evil", "Ready to Start", "Do You Want To"], "artists": ["Kings of Leon", "Kings of Leon", "The Killers", "The Killers", "Franz Ferdinand", "Arctic Monkeys", "The White Stripes", "The Strokes", "The Strokes", "Jet", "Kaiser Chiefs", "Snow Patrol", "Kasabian", "The Kooks", "The Fratellis", "Snow Patrol", "Band of Horses", "Interpol", "Arcade Fire", "Franz Ferdinand"], "centerDistance": 0.7229138500000001, "angle": 1.2019001846504755, "color": [0, 0]}, {"songs": ["Radioactive", "Demons"], "artists": ["Imagine Dragons", "Imagine Dragons"], "centerDistance": 0.7563295, "angle": 2.378997285862857, "color": [1, 0]}, {"songs": ["Things We Lost in the Fire", "Bad Blood", "Coming of Age", "Don't Stop (Color on the Walls)"], "artists": ["Bastille", "Bastille", "Foster the People", "Foster the People"], "centerDistance": 0.84542275, "angle": 3.556094387075238, "color": [2, 0]}, {"songs": ["Do I Wanna Know?", "Club Foot", "She Moves in Her Own Way", "Come a Little Closer", "Crystalised", "I Predict a Riot", "Ain't No Rest for the Wicked"], "artists": ["Arctic Monkeys", "Kasabian", "The Kooks", "Cage the Elephant", "The xx", "Kaiser Chiefs", "Cage the Elephant"], "centerDistance": 0.8244375714285715, "angle": 4.733191488287619, "color": [3, 0]}, {"songs": ["Banquet", "Helicopter"], "artists": ["Bloc Party", "Bloc Party"], "centerDistance": 0.84396, "angle": 6.262382799276656, "color": [4, 0]}]