[{"songs": ["Whistle for the Choir", "I Predict a Riot", "Come Closer", "My Mistakes Were Made for You", "Breezeblocks", "Sex on Fire", "My Number", "Shuffle", "Crystalised"], "artists": ["The Fratellis", "Kaiser Chiefs", "Miles Kane", "The Last Shadow Puppets", "alt-J", "Kings of Leon", "Foals", "Bombay Bicycle Club", "The xx"], "centerDistance": 0.8284034444444444, "angle": 2.0768443191205472, "color": [0, 0]}, {"songs": ["If You Wanna", "Diane Young"], "artists": ["The Vaccines", "Vampire Weekend"], "centerDistance": 0.8002715, "angle": 3.2977959137692636, "color": [1, 0]}, {"songs": ["Let's Dance to Joy Division", "Moving To New York"], "artists": ["The Wombats", "The Wombats"], "centerDistance": 0.788041, "angle": 4.693228051285669, "color": [2, 0]}, {"songs": ["Sofa Song", "Eddie's Gun", "Fluorescent Adolescent", "Mardy Bum", "What You Know", "Chelsea Dagger", "You Only Live Once", "Houdini", "Something Good Can Work", "Reptilia", "Take Me Out", "I Would Do Anything for You", "Ruby", "Fire", "Mr. Brightside", "No You Girls", "Underdog", "A-Punk", "Can't Stand Me Now", "Anna Sun"], "artists": ["The Kooks", "The Kooks", "Arctic Monkeys", "Arctic Monkeys", "Two Door Cinema Club", "The Fratellis", "The Strokes", "Foster the People", "Two Door Cinema Club", "The Strokes", "Franz Ferdinand", "Foster the People", "Kaiser Chiefs", "Kasabian", "The Killers", "Franz Ferdinand", "Kasabian", "Vampire Weekend", "The Libertines", "Walk the Moon"], "centerDistance": 0.6984754499999999, "angle": 0.01916092909902023, "color": [3, 0]}, {"songs": ["Pompeii", "Sex", "Things We Lost in the Fire", "Chocolate"], "artists": ["Bastille", "The 1975", "Bastille", "The 1975"], "centerDistance": 0.83045875, "angle": 1.0480026241097837, "color": [4, 0]}]