[{"songs": ["Level Up", "Mine Right Now", "Sucker", "Falling Apart", "Wish You Were Gay", "Mimicry", "Everybody Bleeds the Same", "2 Kids", "Still on My Mind", "Friends", "Funny Business", "Homework (feat. lil Aaron)", "Lost Time", "Party for One", "FOOLISH", "I'M DOWN", "Leaning on Myself", "IDGAF", "1999", "Sanctify"], "artists": ["Sigrid", "Sigrid", "BROODS", "BROODS", "Billie Eilish", "Kerli", "Kerli", "Alice Merton", "Dido", "Dido", "Alice Merton", "Kim Petras", "L\u00e9on", "Carly Rae Jepsen", "Meghan Trainor", "Meghan Trainor", "Anna of the North", "Dua Lipa", "Charli XCX", "Years & Years"], "centerDistance": 0.8127629949999999, "angle": 4.852831497540218, "color": [0, 0]}, {"songs": ["Someone New", "Closer"], "artists": ["Astrid S", "Astrid S"], "centerDistance": 0.8899249, "angle": 6.142742790024058, "color": [1, 0]}, {"songs": ["The Knife", "Overnight"], "artists": ["Maggie Rogers", "Maggie Rogers"], "centerDistance": 0.992102745, "angle": 1.0974826453868642, "color": [2, 0]}, {"songs": ["You And I", "you should see me in a crown", "What I Need (feat. Kehlani)", "Missing U", "Heaven in Hiding"], "artists": ["L\u00e9on", "Billie Eilish", "Hayley Kiyoko", "Robyn", "Halsey"], "centerDistance": 0.9283503, "angle": 2.3354078079292577, "color": [3, 0]}, {"songs": ["Sad", "Mine"], "artists": ["Bebe Rexha", "Bebe Rexha"], "centerDistance": 0.9791192, "angle": 3.5733329704716503, "color": [4, 0]}]