[{"songs": ["It's Not Living (If It's Not with You)", "TOOTIMETOOTIMETOOTIME", "Void", "Worst Nites", "Car Radio", "Big God", "Sky Full of Song", "Tranquility Base Hotel & Casino", "What You Know", "The Ultracheese", "King of the Clouds", "Sign Of The Times", "Cheetah Tongue", "Quarter Past Midnight", "Mr. Brightside", "Wish You Were Gay", "Cool Out", "Breezeblocks", "A-Punk", "eVeR sinCE nEw yORK"], "artists": ["The 1975", "The 1975", "The Neighbourhood", "Foster the People", "Twenty One Pilots", "Florence + the Machine", "Florence + the Machine", "Arctic Monkeys", "Two Door Cinema Club", "Arctic Monkeys", "Panic! at the Disco", "Harry Styles", "The Wombats", "Bastille", "The Killers", "Billie Eilish", "Imagine Dragons", "alt-J", "Vampire Weekend", "Harry Styles"], "centerDistance": 0.8245823750000001, "angle": 3.5611205249219244, "color": [0, 0]}, {"songs": ["The Hype"], "artists": ["Twenty One Pilots"], "centerDistance": 0.864687, "angle": 4.747160455216024, "color": [1, 0]}, {"songs": ["sex money feelings die", "Pompeii", "Crystalised"], "artists": ["Lykke Li", "Bastille", "The xx"], "centerDistance": 0.9329947666666668, "angle": 6.248413832348252, "color": [2, 0]}, {"songs": ["High Hopes", "Birds"], "artists": ["Panic! at the Disco", "Imagine Dragons"], "centerDistance": 0.9109147, "angle": 1.2104665489851065, "color": [3, 0]}, {"songs": ["Scary Love"], "artists": ["The Neighbourhood"], "centerDistance": 0.896688, "angle": 2.3675154617216787, "color": [4, 0]}]