[{"songs": ["Cannibal", "Crazy Beautiful Life", "Break Free (feat. Zedd)", "Donatella", "Automatic", "Va Va Voom", "Undercover", "Can't Control the Kids", "Timber (feat. Ke$ha)", "Walking on Air", "This Is How We Do", "SMS (Bangerz) (feat. Britney Spears)", "Caught in the Middle", "Bounce", "Let There Be Love", "Better Left Unsaid", "Save the Day", "Radioactive", "Not Myself Tonight", "#GETITRIGHT"], "artists": ["Ke$ha", "Ke$ha", "Ariana Grande", "Lady Gaga", "Nicki Minaj", "Nicki Minaj", "Selena Gomez", "Kerli", "Pitbull", "Katy Perry", "Katy Perry", "Miley Cyrus", "Charli XCX", "Iggy Azalea", "Christina Aguilera", "Ariana Grande", "Selena Gomez", "Marina & the Diamonds", "Christina Aguilera", "Miley Cyrus"], "centerDistance": 0.7523295999999998, "angle": 1.1163764813087846, "color": [0, 0]}, {"songs": ["Where Have You Been", "Only Girl (In the World)"], "artists": ["Rihanna", "Rihanna"], "centerDistance": 0.835036, "angle": 2.3682080991583145, "color": [1, 0]}, {"songs": ["LoveGame", "London Bridge"], "artists": ["Lady Gaga", "Fergie"], "centerDistance": 0.8441240000000001, "angle": 3.620039717007844, "color": [2, 0]}, {"songs": ["Radar", "Gimme More"], "artists": ["Britney Spears", "Britney Spears"], "centerDistance": 0.8113705, "angle": 4.8718713348573734, "color": [3, 0]}, {"songs": ["When I Grow Up"], "artists": ["The Pussycat Dolls"], "centerDistance": 0.879822, "angle": 6.123702952706903, "color": [4, 0]}]