[{"songs": ["Countin' Up", "Bitch I'm Nasty", "Foot Fungus", "Multi Millionaire (feat. Lil Uzi Vert)", "a&t", "Check", "Mooo!", "Get Up 10", "out for the night", "Praise The Lord (Da Shine) [feat. Skepta]", "Drop Out", "Don't Come Out the House (feat. 21 Savage)", "Anybody (feat. Nicki Minaj)", "Neon Guts (feat. Pharrell Williams)", "Money Bag", "REEL IT IN", "Kung Fu", "Buck Shots", "Sauce It Up", "Mia Khalifa"], "artists": ["Rico Nasty", "Rico Nasty", "SKI MASK THE SLUMP GOD", "LIL PUMP", "21 Savage", "Young Thug", "Doja Cat", "Cardi B", "21 Savage", "A$AP Rocky", "LIL PUMP", "Metro Boomin", "Young Thug", "LIL UZI VERT", "Cardi B", "Amin\u00e9", "YBN Cordae", "A$AP Rocky", "LIL UZI VERT", "iLOVEFRiDAY"], "centerDistance": 0.7391837000000001, "angle": 2.367308385404738, "color": [0, 0]}, {"songs": ["Mixed Personalities (feat. Kanye West)"], "artists": ["YNW Melly"], "centerDistance": 0.865666, "angle": 3.6070383034840843, "color": [1, 0]}, {"songs": ["Babyface Savage (feat. Tory Lanez)", "Faucet Failure", "Jumpin on a Jet"], "artists": ["Bhad Bhabie", "SKI MASK THE SLUMP GOD", "Future"], "centerDistance": 0.8181283333333335, "angle": 4.867537530349454, "color": [2, 0]}, {"songs": ["Pick It Up (Feat. A$AP Rocky)", "Japan"], "artists": ["Famous Dex", "Famous Dex"], "centerDistance": 0.8417195, "angle": 6.128036757214822, "color": [3, 0]}, {"songs": ["Hard White", "Good Form", "Walk"], "artists": ["Nicki Minaj", "Nicki Minaj", "Comethazine"], "centerDistance": 0.809638, "angle": 1.1053506769006045, "color": [4, 0]}]