[{"songs": ["Last Hurrah", "Sweet but Psycho", "Bloodline", "My Way", "365", "Insomnia", "Only Want You (feat. 6LACK)", "Handmade Heaven", "Flux", "I Can't Get Enough", "Superstar", "Pushing 20", "Now That I Found You", "Love Me & Let Me Go", "More Than That", "Thief", "bury a friend", "Wish You Were Gay", "Someone New", "No Drug Like Me"], "artists": ["Bebe Rexha", "Ava Max", "Ariana Grande", "Ava Max", "Zedd & Katy Perry", "Daya", "Rita Ora", "Marina", "Ellie Goulding", "benny blanco, Tainy, Selena Gomez & J Balvin", "Marina", "Sabrina Carpenter", "Carly Rae Jepsen", "Ashley Tisdale", "Lauren Jauregui", "Alice Chater", "Billie Eilish", "Billie Eilish", "Astrid S", "Carly Rae Jepsen"], "centerDistance": 0.45054165, "angle": 2.428340803377343, "color": [0, 0]}, {"songs": ["Dumb Blonde (feat. Nicki Minaj)", "Walk Me Home", "Birdie"], "artists": ["Avril Lavigne", "P!nk", "Avril Lavigne"], "centerDistance": 0.5009606666666667, "angle": 3.4807388157185737, "color": [1, 0]}, {"songs": ["Sally Walker", "LBD"], "artists": ["Iggy Azalea", "Becky G"], "centerDistance": 0.4091735, "angle": 4.714099825229868, "color": [2, 0]}, {"songs": ["7 rings", "Swan Song (From The Motion Picture \"Alita: Battle Angel\")", "1,2,3 Dayz Up (feat. SOPHIE)"], "artists": ["Ariana Grande", "Dua Lipa", "Kim Petras"], "centerDistance": 0.4156576666666667, "angle": 6.281474462334408, "color": [3, 0]}, {"songs": ["S\u00f3 Depois do Carnaval", "Terremoto"], "artists": ["Lexa", "Anitta"], "centerDistance": 0.583549, "angle": 1.4256688979596985, "color": [4, 0]}]