[{"songs": ["Look What You Made Me Do", "Younger Now"], "artists": ["Taylor Swift", "Miley Cyrus"], "centerDistance": 0.6687825000000001, "angle": 1.100889264279977, "color": [0, 0]}, {"songs": ["Don't Say You Love Me", "Formation"], "artists": ["Fifth Harmony", "Beyonc\u00e9"], "centerDistance": 0.7437685, "angle": 2.3424253828536377, "color": [1, 0]}, {"songs": ["Tell Me You Love Me", "Daddy Issues", "No Tears Left To Cry", "God is a Woman", "New Rules", "Shout Out To My Ex", "Bad Liar", "...Ready For It?", "Roar", "Malibu", "That's My Girl", "Roulette", "Bad At Love", "I Got You", "Anywhere", "Love So Soft", "Ain't My Fault", "What About Us", "Girls Like You (feat. Cardi B)", "The Cure"], "artists": ["Demi Lovato", "Demi Lovato", "Ariana Grande", "Ariana Grande", "Dua Lipa", "Little Mix", "Selena Gomez", "Taylor Swift", "Katy Perry", "Miley Cyrus", "Fifth Harmony", "Katy Perry", "Halsey", "Bebe Rexha", "Rita Ora", "Kelly Clarkson", "Zara Larsson", "P!nk", "Maroon 5", "Lady Gaga"], "centerDistance": 0.6234801500000001, "angle": 3.5839615014272983, "color": [2, 0]}, {"songs": ["IDGAF", "Woman Like Me (feat. Nicki Minaj)", "Girls (feat. Cardi B, Bebe Rexha & Charli XCX)", "John Wayne", "Tell Me It's Over"], "artists": ["Dua Lipa", "Little Mix", "Rita Ora", "Lady Gaga", "Avril Lavigne"], "centerDistance": 0.722116, "angle": 4.853035834678373, "color": [3, 0]}, {"songs": ["Fetish (feat. Gucci Mane)", "Sorry"], "artists": ["Selena Gomez", "Halsey"], "centerDistance": 0.7588855, "angle": 6.142538452885903, "color": [4, 0]}]