[{"songs": ["New Slang", "Diane Young", "Ready to Start", "Shuffle"], "artists": ["The Shins", "Vampire Weekend", "Arcade Fire", "Bombay Bicycle Club"], "centerDistance": 0.8621537499999999, "angle": 2.4846590736686216, "color": [0, 0]}, {"songs": ["Crystalised", "Islands"], "artists": ["The xx", "The xx"], "centerDistance": 0.886664, "angle": 3.6800394678926427, "color": [1, 0]}, {"songs": ["Evil", "Slow Hands", "Maps", "Lasso"], "artists": ["Interpol", "Interpol", "Yeah Yeah Yeahs", "Phoenix"], "centerDistance": 0.871105, "angle": 4.853189655035907, "color": [2, 0]}, {"songs": ["Such Great Heights", "Float On", "The Funeral", "Phantom Limb", "Dashboard", "Rebellion (Lies)", "Mr. Brightside", "Banquet", "When You Were Young", "Someday", "Reptilia", "Chasing Cars", "Sex on Fire", "Use Somebody", "Ooh La", "Help I'm Alive", "She Moves in Her Own Way", "Let's Dance to Joy Division"], "artists": ["The Postal Service", "Modest Mouse", "Band of Horses", "The Shins", "Modest Mouse", "Arcade Fire", "The Killers", "Bloc Party", "The Killers", "The Strokes", "The Strokes", "Snow Patrol", "Kings of Leon", "Kings of Leon", "The Kooks", "Metric", "The Kooks", "The Wombats"], "centerDistance": 0.8651098888888888, "angle": 6.142384632528369, "color": [3, 0]}, {"songs": ["Summer Skin", "Marching Bands of Manhattan", "Tongue Tied", "No One's Gonna Love You", "We Will Become Silhouettes", "A-Punk", "This Modern Love", "What You Know", "Bloodbuzz Ohio", "Cough Syrup", "Undercover Martyn", "Lazy Eye", "Hang Me Up to Dry", "Sweet Disposition", "Fake Empire", "Little Talks", "Red Eyes", "My Body", "The Underdog", "Intro"], "artists": ["Death Cab for Cutie", "Death Cab for Cutie", "Grouplove", "Band of Horses", "The Postal Service", "Vampire Weekend", "Bloc Party", "Two Door Cinema Club", "The National", "Young the Giant", "Two Door Cinema Club", "Silversun Pickups", "Cold War Kids", "The Temper Trap", "The National", "Of Monsters and Men", "The War on Drugs", "Young the Giant", "Spoon", "alt-J"], "centerDistance": 0.7872216, "angle": 1.032349512492047, "color": [4, 0]}]