[{"songs": ["N\u00e3o Perco Meu Tempo", "Love Me & Let Me Go", "Sapequinha", "Boa Menina"], "artists": ["Anitta", "Ashley Tisdale", "Lexa", "Lu\u00edsa Sonza"], "centerDistance": 0.811267025, "angle": 3.413313706475427, "color": [0, 0]}, {"songs": ["Provocar", "Terremoto"], "artists": ["Lexa", "Anitta"], "centerDistance": 0.09866350000000002, "angle": 4.802962664679901, "color": [1, 0]}, {"songs": ["Coisa Boa", "Bumbum de Ouro"], "artists": ["Gloria Groove", "Gloria Groove"], "centerDistance": 0.27446000000000004, "angle": 6.192611622884375, "color": [2, 0]}, {"songs": ["7 rings", "Sally Walker"], "artists": ["Ariana Grande", "Iggy Azalea"], "centerDistance": 0.98023595, "angle": 1.2990752739092626, "color": [3, 0]}, {"songs": ["Vem Amor", "Ao Som do 150", "Favela Chegou", "Devagarinho", "Sapequinha", "Gozada Fraca", "Festa na Baru", "Taca Raba", "O Beb\u00ea", "Rebola (Participa\u00e7\u00e3o Especial de Carlinhos Brown e Gloria Groove)", "Trago Seu Amor de Volta (feat. Dilsinho)", "Vai Embora (feat. Ludmilla)", "Terremoto", "Menina Braba", "Amor de Verdade", "Mete Com For\u00e7a", "Beijo na Boca (feat. Vit\u00e3o)", "Desencosta", "Ta Tum Tum", "El Anillo"], "artists": ["Ludmilla", "MC REBECCA", "Ludmilla", "Lu\u00edsa Sonza", "Lexa & MC Lan", "Valesca Popozuda", "Valesca Popozuda", "Lia Clark", "Mc Kevinho", "IZA", "Pabllo Vittar", "Pabllo Vittar", "Lia Clark", "Jerry Smith", "MC Kekel", "MC Nick", "Rouge", "Larissa Manoela", "Mc Kevinho", "Jennifer Lopez"], "centerDistance": 0.6745569999999999, "angle": 2.0590346841559803, "color": [3, 1]}]