[{"songs": ["I Said Me", "Money in the Way", "Speed It Up", "Splashin", "Cold Shoulder (feat. YoungBoy Never Broke Again)", "can't leave without it", "Father's Day", "robbery", "Name in the Sand", "Demons and Angels (feat. Juice WRLD)", "November 18th", "Rolling Loud", "The Man Who Has Everything", "Bad Girls (feat. Gucci Mane)", "Sundress", "I Don't Sell Molly No More", "Clout (feat. 21 Savage)", "Meant To Be", "Slime Belief", "Beasty"], "artists": ["2 Chainz", "2 Chainz", "Gunna", "Rich The Kid", "Gucci Mane", "21 Savage", "Gucci Mane", "Juice WRLD", "lil skies", "A Boogie Wit da Hoodie", "Drake", "YNW Melly", "Chance the Rapper", "lil skies", "A$AP Rocky", "iLoveMakonnen", "Ty Dolla $ign", "iLoveMakonnen", "YoungBoy Never Broke Again", "A Boogie Wit da Hoodie"], "centerDistance": 0.5318196499999999, "angle": 1.056355925006831, "color": [0, 0]}, {"songs": ["Calling My Spirit", "MoshPit (feat. Juice WRLD)", "1400 / 999 Freestyle", "KIKA (feat. Tory Lanez)", "Murder On My Mind"], "artists": ["Kodak Black", "Kodak Black", "Trippie Redd", "6ix9ine", "YNW Melly"], "centerDistance": 0.5256478, "angle": 2.158473183059157, "color": [1, 0]}, {"songs": ["One Call", "Space Cadet (feat. Gunna)", "10 Freaky Girls (feat. 21 Savage)"], "artists": ["Gunna", "Metro Boomin", "Metro Boomin"], "centerDistance": 0.48436499999999993, "angle": 3.4139241383888193, "color": [2, 0]}, {"songs": ["Jumpin on a Jet", "Crushed Up"], "artists": ["Future", "Future"], "centerDistance": 0.0011194999999999955, "angle": 4.799108314730681, "color": [3, 0]}, {"songs": ["Plastic", "God's Plan", "I Fall Apart", "Sunflower - Spider-Man: Into the Spider-Verse", "Been A While", "KOD"], "artists": ["Jaden Smith", "Drake", "Post Malone", "Post Malone", "6LACK", "J. Cole"], "centerDistance": 0.6807741666666667, "angle": 6.196465972833594, "color": [4, 0]}]