[{"songs": ["Closer (feat. Halsey)", "It Ain't Me", "Don't Let Me Down (feat. Daya)", "Scared to Be Lonely", "No Promises (feat. Demi Lovato)", "Havana (feat. Young Thug)", "Attention", "Break Free (feat. Zedd)", "New Rules", "Rockabye (feat. Sean Paul & Anne-Marie)", "Symphony (feat. Zara Larsson)", "No Tears Left To Cry", "2U (feat. Justin Bieber)", "Most Girls", "Sorry", "Your Song", "We Found Love (feat. Calvin Harris)", "Touch", "No Money", "TiK ToK"], "artists": ["The Chainsmokers", "Kygo & Selena Gomez", "The Chainsmokers", "Martin Garrix & Dua Lipa", "Cheat Codes", "Camila Cabello", "Charlie Puth", "Ariana Grande", "Dua Lipa", "Clean Bandit", "Clean Bandit", "Ariana Grande", "David Guetta", "Hailee Steinfeld", "Justin Bieber", "Rita Ora", "Rihanna", "Little Mix", "Galantis", "Ke$ha"], "centerDistance": 0.54132975, "angle": 1.384430256016267, "color": [0, 0]}, {"songs": ["Ciao Adios", "Girls (feat. Cardi B, Bebe Rexha & Charli XCX)", "Woman Like Me (feat. Nicki Minaj)"], "artists": ["Anne-Marie", "Rita Ora", "Little Mix"], "centerDistance": 0.7008570000000001, "angle": 2.724624219048732, "color": [1, 0]}, {"songs": ["Friends", "2002"], "artists": ["Marshmello & Anne-Marie", "Anne-Marie"], "centerDistance": 0.6155285, "angle": 3.623273176895339, "color": [2, 0]}, {"songs": ["Wolves", "Bad Liar"], "artists": ["Selena Gomez & Marshmello", "Selena Gomez"], "centerDistance": 0.5937085, "angle": 4.671427667196997, "color": [3, 0]}, {"songs": ["Feels (feat. Pharrell Williams, Katy Perry & Big Sean)", "IDGAF", "365", "The Cure", "Green Light"], "artists": ["Calvin Harris", "Dua Lipa", "Zedd & Katy Perry", "Lady Gaga", "Lorde"], "centerDistance": 0.6657548, "angle": 0.04096131318769203, "color": [4, 0]}]