[{"songs": ["Flashed Junk Mind", "Sweet Sun", "Budapest", "Left Hand Free", "Gold", "Blame It on Me", "Talk Is Cheap", "Fade Out Lines", "Hero", "This Head I Hold", "I Love You", "The Look", "Scream (Funk My Life Up)", "Hazey", "You Haunt Me", "Toes", "Sirens Call", "Chained", "Numpty", "Alone"], "artists": ["Milky Chance", "Milky Chance", "George Ezra", "alt-J", "Chet Faker", "George Ezra", "Chet Faker", "The Avener", "Family of the Year", "Electric Guest", "Woodkid", "Metronomy", "Paolo Nutini", "Glass Animals", "Sir Sly", "Glass Animals", "Cats on Trees", "The xx", "Paolo Nutini", "Selah Sue"], "centerDistance": 0.7199327, "angle": 1.0995574287564276, "color": [0, 0]}, {"songs": ["Breezeblocks"], "artists": ["alt-J"], "centerDistance": 0.696816, "angle": 2.356194490192345, "color": [1, 0]}, {"songs": ["The Wheel"], "artists": ["SOHN"], "centerDistance": 0.9368075, "angle": 3.612831551628262, "color": [2, 0]}, {"songs": ["The Golden Age", "The Fall", "Lonely Boy"], "artists": ["Woodkid", "Rhye", "The Avener"], "centerDistance": 0.9340896666666666, "angle": 4.869468613064179, "color": [3, 0]}, {"songs": ["Grizzly Bear", "Get Home", "Swept Away", "Dorian", "Fifteen Floors", "Ave Cesaria"], "artists": ["Angus & Julia Stone", "Angus & Julia Stone", "The xx", "Agnes Obel", "Balthazar", "Stromae"], "centerDistance": 0.9012835833333334, "angle": 6.126105674500097, "color": [4, 0]}]