[{"songs": ["One Last Time", "The Heart Wants What It Wants", "when the party's over", "Lay Me Down", "Sad Beautiful Tragic", "Slipped Away", "Already Gone", "Too Good at Goodbyes"], "artists": ["Ariana Grande", "Selena Gomez", "Billie Eilish", "Sam Smith", "Taylor Swift", "Avril Lavigne", "Kelly Clarkson", "Sam Smith"], "centerDistance": 0.8246229500000001, "angle": 1.1482181741723059, "color": [0, 0]}, {"songs": ["Perfect", "I'll Never Love Again - Extended Version"], "artists": ["Selena Gomez", "Lady Gaga"], "centerDistance": 0.764197, "angle": 2.3371356237099685, "color": [1, 0]}, {"songs": ["Million Reasons", "Secret Love Song, Pt. II"], "artists": ["Lady Gaga", "Little Mix"], "centerDistance": 0.7334885, "angle": 3.650824249308668, "color": [2, 0]}, {"songs": ["father", "Skyscraper", "Fall In Line", "My Everything", "Nobody Like You", "Hurt", "When We Were Young", "I Can't Fall In Love Without You", "Scars To Your Beautiful", "Bad At Love", "Grand Piano", "All Too Well", "Hello", "Ghost", "Love So Soft", "Stay (feat. Mikky Ekko)", "Drive", "Heaven", "Homesick", "Forward (feat. James Blake)"], "artists": ["Demi Lovato", "Demi Lovato", "Christina Aguilera", "Ariana Grande", "Little Mix", "Christina Aguilera", "Adele", "Zara Larsson", "Alessia Cara", "Halsey", "Nicki Minaj", "Taylor Swift", "Adele", "Katy Perry", "Kelly Clarkson", "Rihanna", "Miley Cyrus", "Beyonc\u00e9", "Dua Lipa", "Beyonc\u00e9"], "centerDistance": 0.7195041999999999, "angle": 4.780711354357379, "color": [3, 0]}, {"songs": ["Miss You More", "Flux"], "artists": ["Katy Perry", "Ellie Goulding"], "centerDistance": 0.8565373000000001, "angle": 6.214862933206896, "color": [4, 0]}]