[{"songs": ["Sucker Punch", "New Rules", "Superstar", "Symphony (feat. Zara Larsson)", "Your Song", "All for You", "Ciao Adios", "Dancing on My Own", "Shedontknowbutsheknows", "King of My Heart", "Applause", "Unlock It (feat. Kim Petras and Jay Park)", "Ain't My Fault", "G.U.Y.", "King", "Wearing Nothing", "Wasabi", "She Loves Control", "Lady Wood", "Break Free (feat. Zedd)"], "artists": ["Sigrid", "Dua Lipa", "Marina", "Clean Bandit", "Rita Ora", "Years & Years", "Anne-Marie", "Robyn", "Tove Lo", "Taylor Swift", "Lady Gaga", "Charli XCX", "Zara Larsson", "Lady Gaga", "Years & Years", "Dagny", "Little Mix", "Camila Cabello", "Tove Lo", "Ariana Grande"], "centerDistance": 0.825214455, "angle": 3.5580577384638095, "color": [0, 0]}, {"songs": ["Green Light", "Missing U", "Mama (feat. Ellie Goulding)", "Feelings"], "artists": ["Lorde", "Robyn", "Clean Bandit", "Hayley Kiyoko"], "centerDistance": 0.8302112500000001, "angle": 4.7958309614725385, "color": [1, 0]}, {"songs": ["Don\u2019t Feel Like Crying", "IDGAF", "Someone New", "365", "When I Die"], "artists": ["Sigrid", "Dua Lipa", "Astrid S", "Zedd & Katy Perry", "Alma"], "centerDistance": 0.72363402, "angle": 6.199743326091738, "color": [2, 0]}, {"songs": ["Party for One", "1999"], "artists": ["Carly Rae Jepsen", "Charli XCX"], "centerDistance": 0.8149345, "angle": 1.1843356795490152, "color": [3, 0]}, {"songs": ["Way Down", "Nostalgia"], "artists": ["M\u00d8", "M\u00d8"], "centerDistance": 0.8715255, "angle": 2.3111027328754314, "color": [4, 0]}]