[{"songs": ["Roar", "Domino", "Try", "Wish You Were Here", "Blow Me (One Last Kiss)", "Last Friday Night (T.G.I.F.)", "Wonderland", "Brave", "Break Free (feat. Zedd)", "Lights", "Come & Get It", "Thinking of You", "Fool in Love", "Without the Love", "Animals", "S&M", "Price Tag", "Something That We're Not", "Unwritten", "Daylight"], "artists": ["Katy Perry", "Jessie J", "P!nk", "Avril Lavigne", "P!nk", "Katy Perry", "Ke$ha", "Sara Bareilles", "Ariana Grande", "Ellie Goulding", "Selena Gomez", "Ke$ha", "Rihanna", "Demi Lovato", "Maroon 5", "Rihanna", "Jessie J", "Demi Lovato", "Natasha Bedingfield", "Maroon 5"], "centerDistance": 0.7398884000000001, "angle": 1.1543829562459331, "color": [0, 0]}, {"songs": ["Untouched"], "artists": ["The Veronicas"], "centerDistance": 0.83902, "angle": 2.3625991991880717, "color": [1, 0]}, {"songs": ["My Life Would Suck Without You", "Miss Independent", "Girlfriend", "Hollaback Girl", "Lucky"], "artists": ["Kelly Clarkson", "Kelly Clarkson", "Avril Lavigne", "Gwen Stefani", "Britney Spears"], "centerDistance": 0.4724536, "angle": 3.5708154421302107, "color": [2, 0]}, {"songs": ["Ready or Not"], "artists": ["Bridgit Mendler"], "centerDistance": 0.788484, "angle": 4.77903168507235, "color": [3, 0]}, {"songs": ["Fighter", "A Thousand Miles", "Don't Hold Your Breath", "Radar"], "artists": ["Christina Aguilera", "Vanessa Carlton", "Nicole Scherzinger", "Britney Spears"], "centerDistance": 0.8243995, "angle": 6.216542602491926, "color": [4, 0]}]