[{"songs": ["Song About You", "Stupid Deep", "Baby, You Make Me Crazy", "Fingers", "No One Compares To You", "Everybody Hates Me", "You Owe Me", "2002", "Fall", "Better", "Out of Love", "Taste", "Lie", "Entertainer", "Canceled", "HEART$", "Breeze Off the Pond", "Wait For You", "Correct", "Man Of The Woods"], "artists": ["Mike Posner", "Jon Bellion", "Sam Smith", "Zayn", "Jack & Jack", "The Chainsmokers", "The Chainsmokers", "Anne-Marie", "Eminem", "Khalid", "Alessia Cara", "Tyga", "NF", "Zayn", "Bryson Tiller", "Luke Christopher", "Justin Timberlake", "Jake Miller", "MNEK", "Justin Timberlake"], "centerDistance": 0.86346715, "angle": 3.4199228866935254, "color": [0, 0]}, {"songs": ["Move On"], "artists": ["Mike Posner"], "centerDistance": 0.0, "angle": 4.4623270811889615, "color": [1, 0]}, {"songs": ["Not Today", "Perfect To Me"], "artists": ["Alessia Cara", "Anne-Marie"], "centerDistance": 0.8820669999999999, "angle": 0.2500618991957273, "color": [2, 0]}, {"songs": ["I'm a Mess", "Nothing Breaks Like a Heart (feat. Miley Cyrus)"], "artists": ["Bebe Rexha", "Mark Ronson"], "centerDistance": 0.949790865, "angle": 1.3351144977026532, "color": [3, 0]}, {"songs": ["Fire On Fire", "1 SIDED LOVE"], "artists": ["Sam Smith", "Blackbear"], "centerDistance": 0.994778195, "angle": 2.3775186921980893, "color": [4, 0]}]