[{"songs": ["Think About Us", "More Than That", "Let You Love Me", "My Way", "Tell Me It's Over", "Want To", "Last Hurrah", "Bad Liar", "Me Beija Com Raiva", "My My My!"], "artists": ["Little Mix", "Lauren Jauregui", "Rita Ora", "Ava Max", "Avril Lavigne", "Dua Lipa", "Bebe Rexha", "Selena Gomez", "J\u00e3o", "Troye Sivan"], "centerDistance": 0.8289769, "angle": 2.3457039517817764, "color": [0, 0]}, {"songs": ["Sweet but Psycho", "breathin", "Voices in My Head", "Expectations", "Party for One", "1999"], "artists": ["Ava Max", "Ariana Grande", "Ashley Tisdale", "Lauren Jauregui", "Carly Rae Jepsen", "Charli XCX"], "centerDistance": 0.7831486666666666, "angle": 3.532603836233647, "color": [1, 0]}, {"songs": ["Not Today", "Growing Pains"], "artists": ["Alessia Cara", "Alessia Cara"], "centerDistance": 0.813287, "angle": 4.808115565347523, "color": [2, 0]}, {"songs": ["prfct", "Hurts Like Hell (feat. Offset)", "Thank U, Next", "Told You So", "None of my Business", "In the Dark", "I Did Something Bad", "She Loves Control", "What A Time (feat. Niall Horan)", "Daddy Issues", "New Look", "Kiss and Make Up", "Sucker", "N\u00e3o Perco Meu Tempo", "Call It What You Want", "Stole Your Car", "it's not u it's me", "Human", "Love Myself", "Why did you do that?"], "artists": ["Sabrina Carpenter", "Madison Beer", "Ariana Grande", "Little Mix", "Cher Lloyd", "Camila Cabello", "Taylor Swift", "Camila Cabello", "Julia Michaels", "Demi Lovato", "Rita Ora", "Dua Lipa & BLACKPINK", "Jonas Brothers", "Anitta", "Taylor Swift", "Charlotte Lawrence", "Bea Miller", "Maggie Lindemann", "Hailee Steinfeld", "Lady Gaga"], "centerDistance": 0.7731625000000001, "angle": 6.1874587222167525, "color": [3, 0]}, {"songs": ["Mona Lisa", "Fools", "Into You"], "artists": ["Sabrina Carpenter", "Madison Beer", "Julia Michaels"], "centerDistance": 0.5551926666666667, "angle": 1.1271266757169238, "color": [4, 0]}]