[{"songs": ["Nonstop", "HUMBLE.", "KOD", "God's Plan"], "artists": ["Drake", "Kendrick Lamar", "J. Cole", "Drake"], "centerDistance": 0.67970525, "angle": 4.726605932862867, "color": [0, 0]}, {"songs": ["Space Cadet (feat. Gunna)", "The Man Who Has Everything", "10 Freaky Girls (feat. 21 Savage)", "Plastic", "Lean Wit Me", "One Call"], "artists": ["Metro Boomin", "Chance the Rapper", "Metro Boomin", "Jaden Smith", "Juice WRLD", "Gunna"], "centerDistance": 0.5689536666666667, "angle": 6.268968354701409, "color": [1, 0]}, {"songs": ["Tony Tone", "Kids Turned Out Fine", "POTATO SALAD", "Ghost Town (feat. PARTYNEXTDOOR)", "SOHO", "OKRA", "Telephone Calls (feat. A$AP Rocky, Tyler, the Creator, Playboi Carti & Yung Gleesh)", "Father Stretch My Hands, Pt. 1", "New earlsweatshirt (Interlude)", "The Games We Play", "Sunday (feat. Frank Ocean)", "NEVER", "V. 3005", "Hive (feat. Vince Staples & Casey Veggies)", "Moonlight", "White Iverson", "SAD!", "Yamborghini High", "Understood", "CLOUT COBAIN l CLOUT CO13A1N"], "artists": ["A$AP Rocky", "A$AP Rocky", "Tyler, the Creator", "Kanye West", "Jaden Smith", "Tyler, the Creator", "A$AP Mob", "Kanye West", "Vince Staples", "Pusha T", "Earl Sweatshirt", "Jid", "Childish Gambino", "Earl Sweatshirt", "xxxtentacion", "Post Malone", "xxxtentacion", "A$AP Mob", "Mick Jenkins", "Denzel Curry"], "centerDistance": 0.5523999499999999, "angle": 1.2192052549092116, "color": [2, 0]}, {"songs": ["Crushed Up", "Jumpin on a Jet"], "artists": ["Future", "Future"], "centerDistance": 0.6040234999999999, "angle": 2.595262607598105, "color": [3, 0]}, {"songs": ["What Would Meek Do? (feat. Kanye West)", "BagBak", "Dark Things", "Soho (feat. JID)"], "artists": ["Pusha T", "Vince Staples", "Vic Mensa", "Boogie"], "centerDistance": 0.7113225000000001, "angle": 3.6642636748161266, "color": [4, 0]}]