[{"songs": ["Drip Too Hard"], "artists": ["Lil Baby & Gunna"], "centerDistance": 0.9758248, "angle": 1.0995574287564276, "color": [0, 0]}, {"songs": ["Better Now", "92 Explorer", "All Girls Are The Same", "Love Scars 3", "InFInItY (888) [fEaT. jOeY bAdA$$]", "Save That S**t", "Kamikaze", "Lust", "Runaway", "Taking A Walk", "Long Time (Intro)", "New Choppa (feat. A$AP Rocky)", "ULT", "Nowadays (feat. Landon Cube)", "Jetlag (feat. Chief Keef)", "Trident", "A GHETTO CHRISTMAS CAROL", "Juveniles (feat. YBN Nahmir)", "Alone As A Facetat", "Burberry Headband"], "artists": ["Post Malone", "Post Malone", "Juice WRLD", "Trippie Redd", "xxxtentacion", "LIL PEEP", "lil Mosey", "lil skies", "LIL PEEP", "Trippie Redd", "Playboi Carti", "Playboi Carti", "Denzel Curry", "lil skies", "Matt OX", "Matt OX", "xxxtentacion", "wifisfuneral", "wifisfuneral", "lil Mosey"], "centerDistance": 0.7932369999999999, "angle": 2.356194490192345, "color": [1, 0]}, {"songs": ["Hide (feat. Seezyn)"], "artists": ["Juice WRLD"], "centerDistance": 0.0, "angle": 3.612831551628262, "color": [2, 0]}, {"songs": ["Lost in the Fire"], "artists": ["Gesaffelstein & The Weeknd"], "centerDistance": 0.9734065, "angle": 4.869468613064179, "color": [3, 0]}, {"songs": ["Memories", "Invincible"], "artists": ["Thutmose", "Amin\u00e9"], "centerDistance": 0.955615, "angle": 6.126105674500097, "color": [4, 0]}]