[{"songs": ["Paris, Tokyo", "Go Go Gadget Flow", "Touch The Sky", "Day 'n' Nite", "Fire Squad", "Just What I Am", "Jazz", "These Walls (feat. Bilal, Anna Wise & Thundercat)", "The Corner", "Shook Ones, Pt. II", "Actin Crazy", "Illuminate (feat. Kendrick Lamar)", "All Your Fault (feat. Kanye West)", "Dark Sky (Skyscrapers)", "You Got Me", "Jeopardy", "u", "Cadillactica", "Belly of the Beast (feat. Chronixx)", "6 God"], "artists": ["Lupe Fiasco", "Lupe Fiasco", "Kanye West", "Kid Cudi", "J. Cole", "Kid Cudi", "Mick Jenkins", "Kendrick Lamar", "Common", "Mobb Deep", "Action Bronson", "Ab-Soul", "Big Sean", "Big Sean", "The Roots", "Run the Jewels", "Kendrick Lamar", "Big K.R.I.T.", "Joey Bada$$", "Drake"], "centerDistance": 0.700134, "angle": 1.1536000088254328, "color": [0, 0]}, {"songs": ["Everything I Am", "Accordion", "Vomitspit"], "artists": ["Kanye West", "Madvillain", "MF DOOM"], "centerDistance": 0.7772016666666666, "angle": 2.3020663404491186, "color": [1, 0]}, {"songs": ["No Role Modelz", "Man of the Year", "Heartbeat"], "artists": ["J. Cole", "ScHoolboy Q", "Childish Gambino"], "centerDistance": 0.7749506666666667, "angle": 3.4505326720728045, "color": [2, 0]}, {"songs": ["All Caps", "Dance With the Devil", "Like the Rest of Us"], "artists": ["Madvillain", "Immortal Technique", "Atmosphere"], "centerDistance": 0.8052316666666667, "angle": 4.707255303182944, "color": [3, 0]}, {"songs": ["Electric Relaxation", "Roses", "Supermagic", "Bonita Applebum"], "artists": ["A Tribe Called Quest", "OutKast", "Mos Def", "A Tribe Called Quest"], "centerDistance": 0.79227125, "angle": 0.005133677201746956, "color": [4, 0]}]