[{"songs": ["New Rules", "1999", "Party for One", "Heaven", "A Million Dreams", "Cheap Thrills", "On My Mind", "Capital Letters", "Homework (feat. lil Aaron)", "Missing U", "Yellow Flicker Beat", "Coming Down", "Safe", "Beating Heart", "Skyfall", "Lady Marmalade", "Teddy Bear", "Break Up with Your Girlfriend, I'm Bored", "So Am I", "365"], "artists": ["Dua Lipa", "Charli XCX", "Carly Rae Jepsen", "Julia Michaels", "P!nk", "Sia", "Ellie Goulding", "Hailee Steinfeld", "Kim Petras", "Robyn", "Lorde", "Halsey", "Daya", "Ellie Goulding", "Adele", "Christina Aguilera", "Melanie Martinez", "Ariana Grande", "Ava Max", "Zedd & Katy Perry"], "centerDistance": 0.7553853349999999, "angle": 1.130643395374391, "color": [0, 0]}, {"songs": ["Dumb Blonde (feat. Nicki Minaj)", "Walk Me Home", "Sally Walker"], "artists": ["Avril Lavigne", "P!nk", "Iggy Azalea"], "centerDistance": 0.9562647666666667, "angle": 2.3275204868059367, "color": [1, 0]}, {"songs": ["What I Need (feat. Kehlani)", "Feelings"], "artists": ["Hayley Kiyoko", "Hayley Kiyoko"], "centerDistance": 0.7177610000000001, "angle": 3.5243975782374823, "color": [2, 0]}, {"songs": ["Don\u2019t Feel Like Crying", "IDGAF", "Shallow", "you should see me in a crown", "High Five", "7 rings", "bury a friend", "Handmade Heaven", "Anxiety (feat. Selena Gomez)", "Only Want You"], "artists": ["Sigrid", "Dua Lipa", "Lady Gaga", "Billie Eilish", "Sigrid", "Ariana Grande", "Billie Eilish", "Marina", "Julia Michaels", "Rita Ora"], "centerDistance": 0.6576730800000001, "angle": 4.793296569114357, "color": [3, 0]}, {"songs": ["Last Hurrah", "Sweet but Psycho", "i'm so tired...", "Without Me", "Mama (feat. Ellie Goulding)", "Only Want You (feat. 6LACK)", "When I Die", "Think About Us (feat. Ty Dolla $ign)"], "artists": ["Bebe Rexha", "Ava Max", "Lauv", "Halsey", "Clean Bandit", "Rita Ora", "Alma", "Little Mix"], "centerDistance": 0.9493117875, "angle": 6.202277718449918, "color": [4, 0]}]