[{"songs": ["Look What You Made Me Do", "I'm a Mess", "Hair Body Face", "Sue Me", "Green Light", "My My My!"], "artists": ["Taylor Swift", "Bebe Rexha", "Lady Gaga", "Sabrina Carpenter", "Lorde", "Troye Sivan"], "centerDistance": 0.5714085, "angle": 3.602947900114904, "color": [0, 0]}, {"songs": ["Without Me", "Thank U, Next", "My Way", "Break Up with Your Girlfriend, I'm Bored", "Hurts Like Hell (feat. Offset)", "IDGAF", "...Ready For It?", "New Rules", "Bad Romance", "Back To You", "i'm so tired...", "2002", "She Loves Control", "cRYINg In THE clUB", "Superstar", "Bad Liar", "Bad At Love", "Ain't My Fault", "Hope", "Roulette"], "artists": ["Halsey", "Ariana Grande", "Ava Max", "Ariana Grande", "Madison Beer", "Dua Lipa", "Taylor Swift", "Dua Lipa", "Lady Gaga", "Selena Gomez", "Lauv", "Anne-Marie", "Camila Cabello", "Camila Cabello", "Marina", "Selena Gomez", "Halsey", "Zara Larsson", "The Chainsmokers", "Katy Perry"], "centerDistance": 0.52747005, "angle": 4.855489894935214, "color": [1, 0]}, {"songs": ["N\u00e3o Perco Meu Tempo", "Sapequinha", "you should see me in a crown", "Lucky Strike", "Anxiety (feat. Selena Gomez)"], "artists": ["Anitta", "Lexa", "Billie Eilish", "Troye Sivan", "Julia Michaels"], "centerDistance": 0.653518, "angle": 6.140084392629062, "color": [2, 0]}, {"songs": ["Party for One", "1999", "Voices in My Head"], "artists": ["Carly Rae Jepsen", "Charli XCX", "Ashley Tisdale"], "centerDistance": 0.5101403333333333, "angle": 1.0160526717178575, "color": [3, 0]}, {"songs": ["Let You Love Me", "Last Hurrah", "Think About Us", "Woman Like Me (feat. Nicki Minaj)", "Only Want You", "Don\u2019t Feel Like Crying"], "artists": ["Rita Ora", "Bebe Rexha", "Little Mix", "Little Mix", "Rita Ora", "Sigrid"], "centerDistance": 0.39237933333333336, "angle": 2.010112114367905, "color": [4, 0]}]