[{"songs": ["blow", "we r who we r", "where have you been", "e.t.", "call me maybe", "ain't my fault", "lights", "love you like a love song", "we can't stop", "domino", "neon lights", "come & get it", "your body", "slow down", "burn"], "artists": ["ke$ha", "ke$ha", "rihanna", "katy perry", "carly rae jepsen", "zara larsson", "ellie goulding", "selena gomez & the scene", "miley cyrus", "jessie j", "demi lovato", "selena gomez", "christina aguilera", "selena gomez", "ellie goulding"], "centerDistance": 0.6841132666666667, "angle": 3.918788442108153, "color": [0, 0]}, {"songs": ["lovegame", "applause", "i wanna go", "s&m", "don't trust me", "everytime we touch", "va va voom", "turn me on (feat. nicki minaj)", "last friday night (t.g.i.f.)", "on the floor (feat. pitbull)", "starships", "i'll do it", "all the things she said", "can't get you out of my head", "evacuate the dancefloor (radio edit)", "rock that body", "hung up", "new rules", "who owns my heart", "hotter than hell"], "artists": ["lady gaga", "lady gaga", "britney spears", "rihanna", "3oh!3", "cascada", "nicki minaj", "david guetta", "katy perry", "jennifer lopez", "nicki minaj", "heidi montag", "t.a.t.u.", "kylie minogue", "cascada", "black eyed peas", "madonna", "dua lipa", "miley cyrus", "dua lipa"], "centerDistance": 0.7388764500000001, "angle": 6.015399501282575, "color": [1, 0]}, {"songs": ["gimme more", "she wolf", "maneater", "when i grow up", "promiscuous", "what you waiting for?", "buttons", "hollaback girl", "murder on the dancefloor", "mr. saxobeat"], "artists": ["britney spears", "shakira", "nelly furtado", "the pussycat dolls", "nelly furtado", "gwen stefani", "the pussycat dolls", "gwen stefani", "sophie ellis-bextor", "alexandra stan"], "centerDistance": 0.8029877000000001, "angle": 1.8385821326919087, "color": [2, 0]}]