[{"songs": ["Agora \u00e9 Tudo Meu", "Hoje Eu Vou Parar Na Gaiola", "Ao Som do 150", "Gozada Fraca", "Fuleragem", "3 Dias Virado", "Tum Tum"], "artists": ["Dennis Dj", "MC Livinho", "MC REBECCA", "Valesca Popozuda", "MC WM", "Mc IG", "Francinne"], "centerDistance": 0.5446717142857144, "angle": 1.8166062948608355, "color": [0, 0]}, {"songs": ["Provocar"], "artists": ["Lexa"], "centerDistance": 0.051727999999999996, "angle": 3.4811131949774685, "color": [1, 2]}, {"songs": ["Coisa Boa", "Bumbum de Ouro"], "artists": ["Gloria Groove", "Gloria Groove"], "centerDistance": 0.3716935, "angle": 4.39479432258949, "color": [1, 0]}, {"songs": ["S\u00f3 Depois do Carnaval"], "artists": ["Lexa"], "centerDistance": 0.0, "angle": 4.560289585640487, "color": [1, 1]}, {"songs": ["Favela chegou - Ao vivo", "Veneno - Recorded At Spotify Studios NYC", "thank u, next - Recorded At Spotify Studios NYC", "Favela Chegou", "Parado no Bail\u00e3o", "O Beb\u00ea", "S\u00f3 Voc\u00ea", "To Gostando Tanto de Voc\u00ea", "Taca Raba", "Eu T\u00f4 Zen", "Amor de Verdade", "Ta Tum Tum", "Sexta Do Mal", "Catarro de Porra", "Kikadinha", "Terremoto", "Envolvimento", "Pra Inveja \u00c9 Tchau", "Marmita", "Menina Braba"], "artists": ["Ludmilla", "Anitta", "Anitta", "Ludmilla", "MC L da Vinte", "Mc Kevinho", "Dennis Dj", "Mc Don Juan", "Lia Clark", "MC Kekel", "MC Kekel", "Mc Kevinho", "Mc Zaac", "Valesca Popozuda", "Jerry Smith", "Lia Clark", "MC Loma e as G\u00eameas Lacra\u00e7\u00e3o", "MC Kevin", "Kaya Conky", "Jerry Smith"], "centerDistance": 0.5712173500000001, "angle": 0.15209939474420242, "color": [2, 0]}]