[{"songs": ["Plastic", "Let You Down", "Bestie (feat. Kodak Black)"], "artists": ["Jaden Smith", "NF", "Bhad Bhabie"], "centerDistance": 0.8130386666666668, "angle": 4.834209369949555, "color": [0, 0]}, {"songs": ["What I Know Now (feat. Wiz Khalifa)", "Broken (feat. Jessie Reyez)"], "artists": ["They.", "They."], "centerDistance": 0.8157179999999999, "angle": 6.16136491761472, "color": [1, 0]}, {"songs": ["Lean Wit Me", "Icon", "Space Cadet (feat. Gunna)", "Murder On My Mind", "Freshman List", "The Man Who Has Everything", "DR. WHOEVER"], "artists": ["Juice WRLD", "Jaden Smith", "Metro Boomin", "YNW Melly", "NAV", "Chance the Rapper", "Amin\u00e9"], "centerDistance": 0.7789499999999999, "angle": 1.1543518297319153, "color": [2, 0]}, {"songs": ["Missin You Crazy", "Outlaw", "ZEZE (feat. Travis Scott  Offset)", "No Rest", "Leave Me", "I Love", "Noticed", "Moonlight", "Splashin", "SAD!", "Pull Up (feat. NAV)", "Programs", "Look Back At It", "If I'm Lyin, I'm Flyin", "Legends", "Candy Paint", "Betrayed", "Buss It (feat. Chris Brown)", "Pay You Back (feat. 21 Savage)", "44 Bars"], "artists": ["Russ", "Russ", "Kodak Black", "lil skies", "Rich The Kid", "JOYNER LUCAS", "lil Mosey", "xxxtentacion", "Rich The Kid", "xxxtentacion", "A Boogie Wit da Hoodie", "Mac Miller", "A Boogie Wit da Hoodie", "Kodak Black", "Juice WRLD", "Post Malone", "Lil Xan", "Sage the Gemini", "Meek Mill", "Logic"], "centerDistance": 0.60926305, "angle": 2.3434059913275753, "color": [3, 0]}, {"songs": ["Nonstop", "God's Plan", "KOD", "I Fall Apart", "HUMBLE."], "artists": ["Drake", "Drake", "J. Cole", "Post Malone", "Kendrick Lamar"], "centerDistance": 0.6941156, "angle": 3.540245725423702, "color": [4, 0]}]