[{"songs": ["idontwannabeyouanymore", "Bad Ideas", "Crush Culture"], "artists": ["Billie Eilish", "Tessa Violet", "Conan Gray"], "centerDistance": 0.8810255666666666, "angle": 3.6411105237898984, "color": [0, 0]}, {"songs": ["Runaway", "Siren", "when the party's over", "Sleepover", "Talia", "Never Not", "Seventeen", "Anxiety (with Selena Gomez)", "Thru These Tears", "Red Wine (feat. Empress Of)", "Mercy (feat. What So Not & Two Feet)", "Swim", "100 Letters", "Say Something", "Stonecold", "Plum", "Say It To My Face", "White Noise", "Cliffs Edge", "Arms Unfolding"], "artists": ["Sasha Sloan", "Kailee Morgue", "Billie Eilish", "Hayley Kiyoko", "King Princess", "Lauv", "Troye Sivan", "Julia Michaels", "Lany", "M\u00d8", "M\u00d8", "Fickle Friends", "Halsey", "A Great Big World", "machineheart", "Troye Sivan", "Maty Noyes", "Ella Vos", "Hayley Kiyoko", "dodie"], "centerDistance": 0.8449023999999999, "angle": 4.859666770537327, "color": [1, 0]}, {"songs": ["There's No Way (feat. Julia Michaels)"], "artists": ["Lauv"], "centerDistance": 0.855278, "angle": 6.135907517026949, "color": [2, 0]}, {"songs": ["Older"], "artists": ["Sasha Sloan"], "centerDistance": 0.0, "angle": 1.0234564562914938, "color": [3, 0]}, {"songs": ["Holy"], "artists": ["King Princess"], "centerDistance": 0.859832, "angle": 2.194190702735625, "color": [4, 0]}]