[{"songs": ["Four Out of Five", "One Point Perspective"], "artists": ["Arctic Monkeys", "Arctic Monkeys"], "centerDistance": 0.6735375, "angle": 2.5864260578568414, "color": [0, 0]}, {"songs": ["Let It Happen", "When You Die", "Hunnybee", "HAPPY MAN", "COLD COLD COLD", "Exits", "Stolen Dance", "Birch Tree", "HARMONY HALL", "Nobody", "Pretty Pimpin", "Purple Yellow Red and Blue", "Brazil", "EVAN FINDS THE THIRD ROOM", "Breathe (In The Air)", "LOADING ZONES", "Bad Habit", "Friday Morning", "The World Is Crowded", "Keep in the Dark"], "artists": ["Tame Impala", "MGMT", "Unknown Mortal Orchestra", "Jungle", "Cage the Elephant", "Foals", "Milky Chance", "Foals", "Vampire Weekend", "Mitski", "Kurt Vile", "Portugal. The Man", "Declan Mckenna", "Khruangbin", "Pink Floyd", "Kurt Vile", "The Kooks", "Khruangbin", "Unknown Mortal Orchestra", "Temples"], "centerDistance": 0.7811172999999998, "angle": 3.803217494395909, "color": [1, 0]}, {"songs": ["The System Only Dreams in Total Darkness", "Day I Die"], "artists": ["The National", "The National"], "centerDistance": 0.840957, "angle": 4.865223654042296, "color": [2, 0]}, {"songs": ["Put Your Money on Me", "Signs of Life"], "artists": ["Arcade Fire", "Arcade Fire"], "centerDistance": 0.82883, "angle": 6.13035063352198, "color": [3, 0]}, {"songs": ["The Moment", "Mess Around", "Fever", "Cocoon", "So Young", "Doing It To Death"], "artists": ["Tame Impala", "Cage the Elephant", "Balthazar", "Milky Chance", "Portugal. The Man", "The Kills"], "centerDistance": 0.7697557333333332, "angle": 1.1041205013067206, "color": [4, 0]}]