[{"songs": ["Do It", "Come & Get It", "Blank Space", "Sledgehammer", "Break Free (feat. Zedd)", "Baby Don't Lie", "Style", "Jealous", "Lips Are Movin", "Bed of Lies (feat. Skylar Grey)", "Anaconda", "Break the Rules", "Iggy SZN", "Outside (feat. Ellie Goulding)", "Living for Love", "Love You Like a Love Song", "Chains", "All About You", "Love Me Like You Do", "Heartbeat Song"], "artists": ["Selena Gomez", "Selena Gomez", "Taylor Swift", "Fifth Harmony", "Ariana Grande", "Gwen Stefani", "Taylor Swift", "Nick Jonas", "Meghan Trainor", "Nicki Minaj", "Nicki Minaj", "Charli XCX", "Iggy Azalea", "Calvin Harris", "Madonna", "Selena Gomez & the Scene", "Nick Jonas", "Hilary Duff", "Ellie Goulding", "Kelly Clarkson"], "centerDistance": 0.27902895, "angle": 1.0995574287564276, "color": [0, 0]}, {"songs": ["One Last Time"], "artists": ["Ariana Grande"], "centerDistance": 0.11351599999999995, "angle": 2.356194490192345, "color": [1, 0]}, {"songs": ["Got Love"], "artists": ["Tove Lo"], "centerDistance": 0.624933, "angle": 3.612831551628262, "color": [2, 0]}, {"songs": ["Masterpiece", "Your Love"], "artists": ["Jessie J", "Nicole Scherzinger"], "centerDistance": 0.48628650000000007, "angle": 4.869468613064179, "color": [3, 0]}, {"songs": ["Night Changes"], "artists": ["One Direction"], "centerDistance": 0.464012, "angle": 6.126105674500097, "color": [4, 0]}]