[{"songs": ["Normal", "Fast Lane", "Forgot About Dre", "DNA.", "I'm Upset", "All Mine", "The Games We Play", "No Role Modelz", "This Is America", "Distorted Records", "Santeria", "Tony Tone", "Otherside", "Fight Music", "Midnight", "Purple Pills", "Barbie Dreams", "LOCO", "LLC", "Welcome 2 Hell"], "artists": ["Eminem", "Bad Meets Evil", "Dr. Dre", "Kendrick Lamar", "Drake", "Kanye West", "Pusha T", "J. Cole", "Childish Gambino", "A$AP Rocky", "Pusha T", "A$AP Rocky", "Post Malone", "D12", "Logic", "D12", "Nicki Minaj", "Machine Gun Kelly", "Nicki Minaj", "Bad Meets Evil"], "centerDistance": 0.83272417, "angle": 2.5359314205741614, "color": [0, 0]}, {"songs": ["HUMBLE."], "artists": ["Kendrick Lamar"], "centerDistance": 0.819466, "angle": 3.5631893923240847, "color": [1, 0]}, {"songs": ["Kamikaze"], "artists": ["Eminem"], "centerDistance": 0.0071710000000000385, "angle": 4.5904473640740076, "color": [2, 0]}, {"songs": ["Nonstop", "KOD", "I Fall Apart"], "artists": ["Drake", "J. Cole", "Post Malone"], "centerDistance": 0.8476396666666667, "angle": 0.12194161631068212, "color": [3, 0]}, {"songs": ["Yikes", "Professional Rapper (feat. Snoop Dogg)", "Fine China"], "artists": ["Kanye West", "Lil Dicky", "Future"], "centerDistance": 0.9009941666666667, "angle": 1.5086734488242382, "color": [4, 0]}]