[{"songs": ["Broken Clocks", "Garden (Say It Like Dat)", "Tyrant (feat. Jorja Smith)", "Your Teeth in My Neck", "Pynk (feat. Grimes)", "Every Kind of Way", "Beltway", "Sierra Leone", "Waitin", "2", "Weary", "Lovesick", "Pendulum", "Sticky", "Bad Blood", "Belong To You", "Bluff", "All To You", "I Don't Even Know Why Though", "Lights On"], "artists": ["SZA", "SZA", "Kali Uchis", "Kali Uchis", "Janelle Mon\u00e1e", "H.E.R.", "Solange", "Frank Ocean", "Kelela", "H.E.R.", "Solange", "Banks", "FKA twigs", "Ravyn Lenae", "Nao", "Sabrina Claudio", "Kelela", "Sabrina Claudio", "Alina Baraz", "FKA twigs"], "centerDistance": 0.7688946200000001, "angle": 1.0995574287564276, "color": [0, 0]}, {"songs": ["hIgh SPEED cHasE"], "artists": ["Tinashe"], "centerDistance": 0.9231586, "angle": 2.356194490192345, "color": [1, 0]}, {"songs": ["Fruit"], "artists": ["Abra"], "centerDistance": 0.9301419, "angle": 3.612831551628262, "color": [2, 0]}, {"songs": ["Kora Sings"], "artists": ["Sampha"], "centerDistance": 0.9333686999999999, "angle": 4.869468613064179, "color": [3, 0]}, {"songs": ["Pyramids", "Gemini Feed"], "artists": ["Frank Ocean", "Banks"], "centerDistance": 0.8506674999999999, "angle": 6.126105674500097, "color": [4, 0]}]