[{"songs": ["Applause", "Born This Way", "No Tears Left To Cry", "...Ready For It?", "Thank U, Next", "New Rules", "Roulette", "Teenage Dream", "Womanizer", "cRYINg In THE clUB", "Touch", "Your Song", "We Can't Stop", "Till the World Ends", "Tell Me You Love Me", "Living for Love", "Symphony (feat. Zara Larsson)", "I Got You", "She Loves Control", "We Found Love (feat. Calvin Harris)"], "artists": ["Lady Gaga", "Lady Gaga", "Ariana Grande", "Taylor Swift", "Ariana Grande", "Dua Lipa", "Katy Perry", "Katy Perry", "Britney Spears", "Camila Cabello", "Little Mix", "Rita Ora", "Miley Cyrus", "Britney Spears", "Demi Lovato", "Madonna", "Clean Bandit", "Bebe Rexha", "Camila Cabello", "Rihanna"], "centerDistance": 0.5558058000000001, "angle": 1.1767193089734755, "color": [0, 0]}, {"songs": ["IDGAF", "Girls (feat. Cardi B, Bebe Rexha & Charli XCX)", "Bad Liar", "Sorry Not Sorry", "Wolves", "M.I.L.F. $", "Wolves"], "artists": ["Dua Lipa", "Rita Ora", "Selena Gomez", "Demi Lovato", "Selena Gomez", "Fergie", "Selena Gomez & Marshmello"], "centerDistance": 0.6617205714285713, "angle": 2.323534889042775, "color": [1, 0]}, {"songs": ["Look What You Made Me Do", "Green Light", "Younger Now"], "artists": ["Taylor Swift", "Lorde", "Miley Cyrus"], "centerDistance": 0.580226, "angle": 3.4867615911987957, "color": [2, 0]}, {"songs": ["Woman Like Me (feat. Nicki Minaj)", "My My My!", "N\u00e3o Perco Meu Tempo", "Beautiful Trauma"], "artists": ["Little Mix", "Troye Sivan", "Anitta", "P!nk"], "centerDistance": 0.68469875, "angle": 4.6824852514805135, "color": [3, 0]}, {"songs": ["Sweet but Psycho", "Party for One", "1999"], "artists": ["Ava Max", "Carly Rae Jepsen", "Charli XCX"], "centerDistance": 0.6295873333333333, "angle": 0.02990372890417614, "color": [4, 0]}]