[{"songs": ["2002", "Look What You Made Me Do", "Ciao Adios"], "artists": ["Anne-Marie", "Taylor Swift", "Anne-Marie"], "centerDistance": 0.7203463333333334, "angle": 4.819926117898335, "color": [0, 0]}, {"songs": ["IDGAF", "Let You Love Me", "Woman Like Me (feat. Nicki Minaj)"], "artists": ["Dua Lipa", "Rita Ora", "Little Mix"], "centerDistance": 0.6781263333333333, "angle": 6.175648169665941, "color": [1, 0]}, {"songs": ["There's Nothing Holdin' Me Back", "Better", "Growing Pains", "On My Mind"], "artists": ["Shawn Mendes", "Khalid", "Alessia Cara", "Ellie Goulding"], "centerDistance": 0.7369515, "angle": 1.0117774010370164, "color": [2, 0]}, {"songs": ["Say It First", "Baby, You Make Me Crazy", "In My Blood", "New Rules", "Perfect", "When We Were Young", "Attention", "Tell Me You Love Me", "Symphony (feat. Zara Larsson)", "Send My Love (To Your New Lover)", "Impossible", "PILLOWTALK", "How Long", "Bad At Love", "Perfect Duet (with Beyonc\u00e9)", "Say Something", "I Did Something Bad", "Shout Out To My Ex", "Bleeding Love", "I Miss You (feat. Julia Michaels)"], "artists": ["Sam Smith", "Sam Smith", "Shawn Mendes", "Dua Lipa", "Ed Sheeran", "Adele", "Charlie Puth", "Demi Lovato", "Clean Bandit", "Adele", "James Arthur", "Zayn", "Charlie Puth", "Halsey", "Ed Sheeran", "Justin Timberlake", "Taylor Swift", "Little Mix", "Leona Lewis", "Clean Bandit"], "centerDistance": 0.6058568, "angle": 2.1362819533083304, "color": [3, 0]}, {"songs": ["Say You Won't Let Go", "Liability", "you should see me in a crown"], "artists": ["James Arthur", "Lorde", "Billie Eilish"], "centerDistance": 0.65711, "angle": 3.475333719172461, "color": [4, 0]}]