[{"songs": ["Roll in Peace (feat. XXXTENTACION)", "Don't Wanna Breathe", "Plug Walk", "CATCH ME OUTSIDE", "Outside Today", "Sauce It Up", "Drowning (feat. Kodak Black)", "Mo Bamba", "Bounce Out With That", "Noticed", "No Heart", "Early Morning Trappin (feat. Trippie Redd)", "Hot N*gga", "Lucid Dreams", "can't leave without it", "Kung Fu", "Ric Flair Drip (& Metro Boomin)", "First Day Out", "KOODA", "Don't Come Out the House (feat. 21 Savage)"], "artists": ["Kodak Black", "Kodak Black", "Rich The Kid", "SKI MASK THE SLUMP GOD", "YoungBoy Never Broke Again", "LIL UZI VERT", "A Boogie Wit da Hoodie", "Sheck Wes", "YBN Nahmir", "lil Mosey", "21 Savage", "Rich The Kid", "Bobby Shmurda", "Juice WRLD", "21 Savage", "YBN Cordae", "Offset", "Tee Grizzley", "6ix9ine", "Metro Boomin"], "centerDistance": 0.4736886, "angle": 3.5943707095859043, "color": [0, 0]}, {"songs": ["Japan", "Pick It Up (Feat. A$AP Rocky)"], "artists": ["Famous Dex", "Famous Dex"], "centerDistance": 0.4270405, "angle": 4.805532223208264, "color": [1, 0]}, {"songs": ["Space Cadet (feat. Gunna)", "KIKA (feat. Tory Lanez)", "wokeuplikethis*"], "artists": ["Metro Boomin", "6ix9ine", "Playboi Carti"], "centerDistance": 0.548019, "angle": 6.190042064356012, "color": [2, 0]}, {"songs": ["Red Roses (feat. Landon Cube)", "Nowadays (feat. Landon Cube)"], "artists": ["lil skies", "lil skies"], "centerDistance": 0.5941230000000001, "angle": 1.081493133433507, "color": [3, 0]}, {"songs": ["Narcos", "Walk It Talk It"], "artists": ["Migos", "Migos"], "centerDistance": 0.5509299999999999, "angle": 2.4045456572623216, "color": [4, 0]}]