[{"songs": ["DR. WHOEVER", "RENTAL"], "artists": ["Amin\u00e9", "BROCKHAMPTON"], "centerDistance": 0.787624, "angle": 4.811150290282985, "color": [0, 0]}, {"songs": ["Front Desk", "KOD", "No Role Modelz", "Nonstop", "Silent Ride", "Skrawberries (feat. BJ The Chicago Kid)", "Man of the Year", "DNA.", "Waves", "I Love", "HUMBLE.", "Selfish", "GOKU", "This Is America", "In My Feelings", "No Rest", "Leave Me", "Swervin (feat. 6ix9ine)", "Outside Today", "All Mine"], "artists": ["Bas", "J. Cole", "J. Cole", "Drake", "Boogie", "Jid", "ScHoolboy Q", "Kendrick Lamar", "Joey Bada$$", "JOYNER LUCAS", "Kendrick Lamar", "Little Simz", "Jaden Smith", "Childish Gambino", "Drake", "lil skies", "Rich The Kid", "A Boogie Wit da Hoodie", "YoungBoy Never Broke Again", "Kanye West"], "centerDistance": 0.7308899999999999, "angle": 6.184423997281291, "color": [1, 0]}, {"songs": ["Purge", "BagBak", "New Orleans", "Like Woah"], "artists": ["Bas", "Vince Staples", "BROCKHAMPTON", "Logic"], "centerDistance": 0.62549875, "angle": 1.1355158010647397, "color": [2, 0]}, {"songs": ["Invincible", "Way Up"], "artists": ["Amin\u00e9", "Jaden Smith"], "centerDistance": 0.8719025, "angle": 2.494395062889293, "color": [3, 0]}, {"songs": ["all my friends", "L.M.F.", "monster", "Lean Wit Me"], "artists": ["21 Savage", "Smino", "21 Savage", "Juice WRLD"], "centerDistance": 0.7808345, "angle": 3.663235094795894, "color": [4, 0]}]