[{"songs": ["Whenever, Wherever", "Cheap Thrills", "The Greatest", "Can't Stop the Feeling!", "Worth It", "Call Me Maybe", "Livin' La Vida Loca", "New Rules", "chAiNEd tO the RhyTHM", "Applause", "Hot n Cold", "King of My Heart", "Can't Stop The Feeling! (Original Song From Dreamworks Animation's \"Trolls\")", "Say It Right", "Lips Are Movin", "Unwritten", "Back To You", "No Tears Left To Cry", "A Thousand Miles", "It's Raining Men"], "artists": ["Shakira", "Sia", "Sia", "Justin Timberlake", "Fifth Harmony", "Carly Rae Jepsen", "Ricky Martin", "Dua Lipa", "Katy Perry", "Lady Gaga", "Katy Perry", "Taylor Swift", "Justin Timberlake", "Nelly Furtado", "Meghan Trainor", "Natasha Bedingfield", "Selena Gomez", "Ariana Grande", "Vanessa Carlton", "Geri Halliwell"], "centerDistance": 0.5498350000000001, "angle": 4.868072720017565, "color": [0, 0]}, {"songs": ["Shallow", "Younger Now", "Medicina"], "artists": ["Lady Gaga", "Miley Cyrus", "Anitta"], "centerDistance": 0.6733966666666666, "angle": 6.12750156754671, "color": [1, 0]}, {"songs": ["Can't Get You Out of My Head", "Sorry"], "artists": ["Kylie Minogue", "Madonna"], "centerDistance": 0.7117605, "angle": 1.0998829846523677, "color": [2, 0]}, {"songs": ["Objection (Tango)", "Oops!...I Did It Again", "Toxic", "Beautiful Stranger"], "artists": ["Shakira", "Britney Spears", "Britney Spears", "Madonna"], "centerDistance": 0.5294402500000001, "angle": 2.355449708937611, "color": [3, 0]}, {"songs": ["IDGAF", "Look What You Made Me Do", "Wolves"], "artists": ["Dua Lipa", "Taylor Swift", "Selena Gomez"], "centerDistance": 0.6189746666666666, "angle": 3.6110164332228543, "color": [4, 0]}]