[{"songs": ["Loaded Gun", "Sorry", "Why DON'T You LOVE me?", "Could've Been (feat. Bryson Tiller)", "SHE tOLd Me", "Close", "RPG (feat. 6LACK)", "Been That Way", "Dangerous (feat. Jeremih and PnB Rock)", "Ivy", "Suncity (feat. Empress Of)", "SOHO", "Champion (feat. Travis Scott)", "Solo", "alOnE, pArT 3", "Dead Inside (Interlude)", "Feel A Way", "Sundress", "Don't Choose", "Morning After"], "artists": ["6LACK", "6LACK", "Tory Lanez", "H.E.R.", "Tory Lanez", "Ella Mai", "Kehlani", "Bryson Tiller", "Meek Mill", "Frank Ocean", "Khalid", "Jaden Smith", "NAV", "Frank Ocean", "xxxtentacion", "xxxtentacion", "H.E.R.", "A$AP Rocky", "DVSN", "DVSN"], "centerDistance": 0.79879563, "angle": 1.0995574287564276, "color": [0, 0]}, {"songs": ["Right My Wrongs"], "artists": ["Bryson Tiller"], "centerDistance": 0.880115, "angle": 2.356194490192345, "color": [1, 0]}, {"songs": ["Nights Like This (feat. Ty Dolla $ign)", "Call Out My Name", "Saturday Nights"], "artists": ["Kehlani", "The Weeknd", "Khalid"], "centerDistance": 0.8764484333333332, "angle": 3.612831551628262, "color": [2, 0]}, {"songs": ["Scared Of Love", "Slow dancing in the dark"], "artists": ["Juice WRLD", "Joji"], "centerDistance": 0.8923969, "angle": 4.869468613064179, "color": [3, 0]}, {"songs": ["Privilege", "Shot Clock"], "artists": ["The Weeknd", "Ella Mai"], "centerDistance": 0.870719, "angle": 6.126105674500097, "color": [4, 0]}]