[{"songs": ["Hung Up", "Sorry"], "artists": ["Madonna", "Madonna"], "centerDistance": 0.890767, "angle": 3.6339111291959196, "color": [0, 0]}, {"songs": ["My Life Would Suck Without You", "Toxic", "Hot", "Since U Been Gone", "Radar", "Losing Grip", "So What", "With Love"], "artists": ["Kelly Clarkson", "Britney Spears", "Avril Lavigne", "Kelly Clarkson", "Britney Spears", "Avril Lavigne", "P!nk", "Hilary Duff"], "centerDistance": 0.8704638750000001, "angle": 4.868701276558551, "color": [1, 0]}, {"songs": ["What You Waiting For?", "Hollaback Girl"], "artists": ["Gwen Stefani", "Gwen Stefani"], "centerDistance": 0.862141, "angle": 6.126873011005726, "color": [2, 0]}, {"songs": ["Die Young", "Get Outta My Way", "Can't Get You Out of My Head", "I Kissed a Girl", "Only Girl (In the World)", "Army of Love"], "artists": ["Ke$ha", "Kylie Minogue", "Kylie Minogue", "Katy Perry", "Rihanna", "Kerli"], "centerDistance": 0.8620601666666667, "angle": 1.0980954561759795, "color": [3, 0]}, {"songs": ["Hook Me Up", "Take Me on the Floor", "All the Things She Said", "We R Who We R", "Call Me Maybe", "Lights", "Starry Eyed", "Break Free (feat. Zedd)", "Mirrors", "Heart Attack", "Come & Get It", "Domino", "Neon Lights", "All About You", "Ugly Heart", "Oh No!", "Hot n Cold", "Fighter", "S&M", "Caught in the Middle"], "artists": ["The Veronicas", "The Veronicas", "t.A.T.u.", "Ke$ha", "Carly Rae Jepsen", "Ellie Goulding", "Ellie Goulding", "Ariana Grande", "Natalia Kills", "Demi Lovato", "Selena Gomez", "Jessie J", "Demi Lovato", "Hilary Duff", "G.R.L.", "Marina & the Diamonds", "Katy Perry", "Christina Aguilera", "Rihanna", "Charli XCX"], "centerDistance": 0.78985515, "angle": 2.3328856035386103, "color": [4, 0]}]