[{"songs": ["Playing Around Before The Party Starts", "Power", "Cocoa Butter Kisses (ft. Vic Mensa & Twista)", "Cowboy", "Lost (ft. Noname Gypsy)", "Oh My Darling Don't Cry", "How Bout Now", "Hive (feat. Vince Staples & Casey Veggies)", "King Wizard", "Body of Work", "No Scratches (feat. Nikki Jean)", "Unlock the Swag (feat. Jace of Two-9)", "Cole World", "Work Remix feat. A$AP Rocky, French Montana, Trinidad James & ScHoolboy Q", "Eighteen Cool", "The Ruler's Back", "Survival Tactics (feat. Capital Steez)", "The Body (feat. Jeremih)", "Sh!t", "Thinkin Bout You"], "artists": ["Childish Gambino", "Kanye West", "Chance the Rapper", "Tyler, the Creator", "Chance the Rapper", "Run the Jewels", "Drake", "Earl Sweatshirt", "Kid Cudi", "Lupe Fiasco", "Lupe Fiasco", "Rae Sremmurd", "J. Cole", "A$AP Ferg", "Hoodie Allen", "Jay-Z", "Joey Bada$$", "Wale", "Future", "Frank Ocean"], "centerDistance": 0.893599002, "angle": 1.0995574287564276, "color": [0, 0]}, {"songs": ["I. Pink Toes (feat. Jhene Aiko)", "Madonna", "Gang Related", "Gold Digger (feat. Jamie Foxx)", "Nikki", "Run the Jewels", "Avian", "Studio", "Multiply (feat. Juicy J)", "Up Like Trump", "Waves", "Grown Up", "I Am Who Am (Killin' Time) [feat. Niki Randa]", "Brand New Guy", "Gangsta In Designer (No Concept)", "The Matrimony (feat. Usher)", "Nephilim (Prod. By Erick Arc Elliott)", "i", "A.D.H.D", "I Don't Fuck WIth You (Feat. E-40)"], "artists": ["Childish Gambino", "Drake", "Logic", "Kanye West", "Logic", "Run the Jewels", "Mac Miller", "ScHoolboy Q", "A$AP Rocky", "Rae Sremmurd", "Joey Bada$$", "Danny Brown", "Mac Miller", "A$AP Rocky", "ScHoolboy Q", "Wale", "Flatbush ZOMBiES", "Kendrick Lamar", "Kendrick Lamar", "Big Sean"], "centerDistance": 0.9130692580000002, "angle": 2.356194490192345, "color": [1, 0]}, {"songs": ["Red 2 Go"], "artists": ["Danny Brown"], "centerDistance": 0.9639023, "angle": 3.612831551628262, "color": [2, 0]}, {"songs": ["Domo23", "Strictly 4 My Jeeps", "Dreams and Nightmares"], "artists": ["Tyler, the Creator", "Action Bronson", "Meek Mill"], "centerDistance": 0.9352143, "angle": 4.869468613064179, "color": [3, 0]}, {"songs": ["Pigions Featuring Wolf Haley"], "artists": ["Earl Sweatshirt"], "centerDistance": 0.9689098, "angle": 6.126105674500097, "color": [4, 0]}]