[{"songs": ["Farsa", "N\u00e3o Perco Meu Tempo", "Style", "Gorgeous", "Beijo na Boca (feat. Vit\u00e3o)", "Daddy Issues", "Voices in My Head", "Colors", "Toda Sua", "Deixa Ele Sofrer", "Dona da Minha Vida", "Party for One", "1999", "What I Need (feat. Kehlani)", "IDGAF", "Body Heat", "One of the Boys", "The Best Damn Thing", "Ghost", "Sucker"], "artists": ["Manu Gavassi", "Anitta", "Taylor Swift", "Taylor Swift", "Rouge", "Demi Lovato", "Ashley Tisdale", "Halsey", "IZA", "Anitta", "Rouge", "Carly Rae Jepsen", "Charli XCX", "Hayley Kiyoko", "Dua Lipa", "Selena Gomez", "Katy Perry", "Avril Lavigne", "Katy Perry", "Jonas Brothers"], "centerDistance": 0.8650611400000001, "angle": 1.2099391830398059, "color": [0, 0]}, {"songs": ["Dire\u00e7\u00e3o"], "artists": ["Manu Gavassi"], "centerDistance": 0.05639499999999997, "angle": 2.3895392034037855, "color": [1, 0]}, {"songs": ["Sue Me", "Mona Lisa", "Repercussions", "Want You Back"], "artists": ["Sabrina Carpenter", "Sabrina Carpenter", "Bea Miller", "5 Seconds of Summer"], "centerDistance": 0.9224753749999999, "angle": 3.5377024564900994, "color": [2, 0]}, {"songs": ["Pillow", "Sad"], "artists": ["Bebe Rexha", "Bebe Rexha"], "centerDistance": 0.9413289499999999, "angle": 4.685865709576413, "color": [3, 0]}, {"songs": ["Confident", "Tell Me It's Over", "Younger Now"], "artists": ["Demi Lovato", "Avril Lavigne", "Miley Cyrus"], "centerDistance": 0.9264019666666666, "angle": 0.026523270808276322, "color": [4, 0]}]