[{"songs": ["Tell Me It's Over", "Let You Love Me", "Look What You Made Me Do", "Hair Body Face", "Want To", "Younger Now", "Bigger Wow", "IDGAF", "The Cure"], "artists": ["Avril Lavigne", "Rita Ora", "Taylor Swift", "Lady Gaga", "Dua Lipa", "Miley Cyrus", "Avril Lavigne", "Dua Lipa", "Lady Gaga"], "centerDistance": 0.5499144444444445, "angle": 3.5696308309190865, "color": [0, 0]}, {"songs": ["Not Today", "Growing Pains"], "artists": ["Alessia Cara", "Alessia Cara"], "centerDistance": 0.5949335, "angle": 4.8300806089703405, "color": [1, 0]}, {"songs": ["Sue Me", "Paris"], "artists": ["Sabrina Carpenter", "Sabrina Carpenter"], "centerDistance": 0.2635495, "angle": 6.165493678593935, "color": [2, 0]}, {"songs": ["It's Alright, It's OK", "Crank It Up", "Thank U, Next", "Told You So", "Falling to Pieces", "Beijo na Boca (feat. Vit\u00e3o)", "Dona da Minha Vida", "Hurts Like Hell (feat. Offset)", "No Tears Left To Cry", "...Ready For It?", "Never Enough", "Me Beija", "Deserve", "Back To You", "Body Heat", "Daddy Issues", "Born to Make You Happy", "Tell Me You Love Me", "Rumors", "8th Grade"], "artists": ["Ashley Tisdale", "Ashley Tisdale", "Ariana Grande", "Little Mix", "Rita Ora", "Rouge", "Rouge", "Madison Beer", "Ariana Grande", "Taylor Swift", "Kelly Clarkson", "Manu Gavassi", "Christina Aguilera", "Selena Gomez", "Selena Gomez", "Demi Lovato", "Britney Spears", "Demi Lovato", "Lindsay Lohan", "Mariah Carey"], "centerDistance": 0.47305505000000003, "angle": 1.0326085953043016, "color": [3, 0]}, {"songs": ["Party for One", "Woman Like Me (feat. Nicki Minaj)", "N\u00e3o Perco Meu Tempo", "1999", "Sapequinha"], "artists": ["Carly Rae Jepsen", "Little Mix", "Anitta", "Charli XCX", "Lexa"], "centerDistance": 0.32472320000000005, "angle": 2.2718728084498565, "color": [4, 0]}]