[{"songs": ["Better Life", "Raise Your Glass", "Head Above Water", "Lie To Me (feat. Julia Michaels)", "Youngblood", "Since U Been Gone", "Stronger (What Doesn't Kill You)", "Perfect Illusion", "Diamond Heart", "Hall of Fame", "Ferrari", "Counting Stars", "I Kissed a Girl", "What Lovers Do", "I Lived", "Fake Happy", "Waking Up in Vegas", "Take You Home", "Wake Up Call", "If My Heart Had A Heart"], "artists": ["P!nk", "P!nk", "Avril Lavigne", "5 Seconds of Summer", "5 Seconds of Summer", "Kelly Clarkson", "Kelly Clarkson", "Lady Gaga", "Lady Gaga", "The Script", "Bebe Rexha", "OneRepublic", "Katy Perry", "Maroon 5", "OneRepublic", "Paramore", "Katy Perry", "Cassadee Pope", "Maroon 5", "Cassadee Pope"], "centerDistance": 0.7306022, "angle": 1.2439560843175563, "color": [0, 0]}, {"songs": ["Flux", "Now That I Found You"], "artists": ["Ellie Goulding", "Carly Rae Jepsen"], "centerDistance": 0.96202495, "angle": 2.4010059773116392, "color": [1, 0]}, {"songs": ["7 rings"], "artists": ["Ariana Grande"], "centerDistance": 0.9633551, "angle": 3.5304980924730107, "color": [2, 0]}, {"songs": ["Feel Something"], "artists": ["Adam Lambert"], "centerDistance": 0.9666579, "angle": 4.659990207634382, "color": [3, 0]}, {"songs": ["Dumb Blonde (feat. Nicki Minaj)", "Swan Song (From The Motion Picture \"Alita: Battle Angel\")"], "artists": ["Avril Lavigne", "Dua Lipa"], "centerDistance": 0.48278125, "angle": 0.052398772750307465, "color": [4, 0]}]