[{"songs": ["Last Dance", "Sad", "Sucker Punch", "you should see me in a crown", "What I Need (feat. Kehlani)", "Missing U"], "artists": ["Dua Lipa", "Bebe Rexha", "Sigrid", "Billie Eilish", "Hayley Kiyoko", "Robyn"], "centerDistance": 0.717639, "angle": 2.4242380967540065, "color": [0, 0]}, {"songs": ["Running", "breathin", "God is a Woman", "Joan of Arc", "Kiss and Make Up", "Expectations", "Bloom", "Your Song", "Almost Love", "Is That Alright?", "...Ready For It?", "Before I Cry", "She Loves Control", "I Got You", "None of my Business", "Not So Bad In LA", "5 In the Morning", "Ganja Burns", "Hurts Like Hell (feat. Offset)", "I'll Be There"], "artists": ["Dua Lipa", "Ariana Grande", "Ariana Grande", "Little Mix", "Dua Lipa & BLACKPINK", "Lauren Jauregui", "Troye Sivan", "Rita Ora", "Sabrina Carpenter", "Lady Gaga", "Taylor Swift", "Lady Gaga", "Camila Cabello", "Bebe Rexha", "Cher Lloyd", "Allie X", "Charli XCX", "Nicki Minaj", "Madison Beer", "Jess Glynne"], "centerDistance": 0.6656928, "angle": 3.6059108103359137, "color": [1, 0]}, {"songs": ["Let You Love Me", "Without Me", "Woman Like Me (feat. Nicki Minaj)", "Sweet but Psycho", "Look What You Made Me Do", "Nostalgia", "Sue Me", "Growing Pains"], "artists": ["Rita Ora", "Halsey", "Little Mix", "Ava Max", "Taylor Swift", "M\u00d8", "Sabrina Carpenter", "Alessia Cara"], "centerDistance": 0.6630811249999999, "angle": 4.7464146265068035, "color": [2, 0]}, {"songs": ["1999", "Party for One"], "artists": ["Charli XCX", "Carly Rae Jepsen"], "centerDistance": 0.662068, "angle": 6.2491596610574724, "color": [3, 0]}, {"songs": ["My My My!", "Girl of the Year"], "artists": ["Troye Sivan", "Allie X"], "centerDistance": 0.731355, "angle": 0.8373748237081857, "color": [4, 0]}]