[{"songs": ["Legends", "Early Morning Trappin (feat. Trippie Redd)", "Fine China", "Space Cadet (feat. Gunna)", "MiAMi (feat. Gunna)", "Dreamcatcher (feat. Swae Lee & Travis Scott)", "can't leave without it", "CuT me oFF (feat. NAV)", "SAD!", "KIKA (feat. Tory Lanez)", "Drip Too Hard", "Notice Me", "Marvins Room", "Virtual (Blue Balenciagas)", "Demons and Angels (feat. Juice WRLD)", "Still Here", "Comin Out Strong (feat. The Weeknd)", "Splashin", "Southside", "Candy Paint"], "artists": ["Juice WRLD", "Rich The Kid", "Future", "Metro Boomin", "Tory Lanez", "Metro Boomin", "21 Savage", "Tory Lanez", "xxxtentacion", "6ix9ine", "Lil Baby", "Migos", "Drake", "YNW Melly", "A Boogie Wit da Hoodie", "Drake", "Future", "Rich The Kid", "Lil Baby", "Post Malone"], "centerDistance": 0.6851038500000001, "angle": 4.859400670171901, "color": [0, 0]}, {"songs": ["Murder On My Mind", "Yikes"], "artists": ["YNW Melly", "Kanye West"], "centerDistance": 0.7233405, "angle": 6.136173617392375, "color": [1, 0]}, {"songs": ["robbery", "1400 / 999 Freestyle"], "artists": ["Juice WRLD", "Trippie Redd"], "centerDistance": 0.6787905, "angle": 1.050256718414385, "color": [2, 0]}, {"songs": ["Know Me"], "artists": ["NAV"], "centerDistance": 0.46646, "angle": 2.321489019371038, "color": [3, 0]}, {"songs": ["Freshman List", "Icon", "Kids See Ghosts (feat. Yasiin Bey)", "What I Know Now (feat. Wiz Khalifa)"], "artists": ["NAV", "Jaden Smith", "Kids See Ghosts", "They."], "centerDistance": 0.6352625, "angle": 3.5653461541615243, "color": [4, 0]}]