[{"songs": ["Saturday Nights"], "artists": ["Khalid"], "centerDistance": 0.691171, "angle": 2.340304743933865, "color": [0, 0]}, {"songs": ["Veneno", "Shot Clock"], "artists": ["Anitta", "Ella Mai"], "centerDistance": 0.48570699999999994, "angle": 3.5507520612066434, "color": [1, 0]}, {"songs": ["Dona de Mim", "Needed Me"], "artists": ["IZA", "Rihanna"], "centerDistance": 0.5705104999999999, "angle": 4.724595943082429, "color": [2, 0]}, {"songs": ["Nights Like This (feat. Ty Dolla $ign)", "Call Out My Name"], "artists": ["Kehlani", "The Weeknd"], "centerDistance": 0.5596300000000001, "angle": 6.270978344481847, "color": [3, 0]}, {"songs": ["More Than That", "Expectations", "Suncity (feat. Empress Of)", "Fake Smile", "In My Head", "KELLY", "The Distance (feat. Ty Dolla $ign)", "Could've Been (feat. Bryson Tiller)", "Tonight", "Back to Life", "Partition", "Distraction", "With You", "No Angel", "Skin", "Run My Mouth", "Ooh La La", "He Don't Want It", "Shea Butter Baby (with J. Cole)", "Focus"], "artists": ["Lauren Jauregui", "Lauren Jauregui", "Khalid", "Ariana Grande", "Ariana Grande", "Kelly Rowland", "Mariah Carey", "H.E.R.", "Zayn", "Zayn", "Beyonc\u00e9", "Kehlani", "Mariah Carey", "Beyonc\u00e9", "Rihanna", "Ella Mai", "Tinashe", "Tinashe", "Ari Lennox", "H.E.R."], "centerDistance": 0.53302245, "angle": 1.164048890618064, "color": [4, 0]}]