[{"songs": ["Switch", "Hide (feat. Seezyn)", "Sunflower - Spider-Man: Into the Spider-Verse", "God's Plan", "Home"], "artists": ["6LACK", "Juice WRLD", "Post Malone", "Drake", "Vince Staples"], "centerDistance": 0.8285990000000002, "angle": 3.7065375114117525, "color": [0, 0]}, {"songs": ["Tell Me (feat. Vic Mensa)", "Dark Things", "CuT me oFF (feat. NAV)", "Splashin", "SOHO", "Why DON'T You LOVE me?", "Demons and Angels (feat. Juice WRLD)", "Overdue (feat. Travis Scott)", "Nonstop", "Pull Up (feat. NAV)", "Take One", "Candy Paint", "Tic Tac Toe (feat. Kodak Black)", "V. 3005", "Liquor Locker", "Girls Have Fun (feat. G-Eazy & Rich The Kid)", "SAD!", "What's Free (feat. Rick Ross & JAY-Z)", "Droptop in the Rain (feat. Tory Lanez)", "NEVER"], "artists": ["They.", "Vic Mensa", "Tory Lanez", "Rich The Kid", "Jaden Smith", "Tory Lanez", "A Boogie Wit da Hoodie", "Metro Boomin", "Drake", "A Boogie Wit da Hoodie", "Kodak Black", "Post Malone", "Meek Mill", "Childish Gambino", "Vic Mensa", "Tyga", "xxxtentacion", "Meek Mill", "Ty Dolla $ign", "Jid"], "centerDistance": 0.8134184000000001, "angle": 4.853097201731523, "color": [1, 0]}, {"songs": ["Broken (feat. Jessie Reyez)", "Plastic"], "artists": ["They.", "Jaden Smith"], "centerDistance": 0.384077, "angle": 6.142477085832753, "color": [2, 0]}, {"songs": ["I Love", "Crushed Up", "Fine China", "The Flute Song", "Outstanding", "MoshPit (feat. Juice WRLD)", "Wanted You (feat. Lil Uzi Vert)"], "artists": ["JOYNER LUCAS", "Future", "Future", "Russ", "MADEINTYO", "Kodak Black", "NAV"], "centerDistance": 0.8269411428571429, "angle": 1.0358897511781269, "color": [3, 0]}, {"songs": ["Space Cadet (feat. Gunna)", "L.M.F.", "robbery", "Murder On My Mind"], "artists": ["Metro Boomin", "Smino", "Juice WRLD", "YNW Melly"], "centerDistance": 0.8350485, "angle": 2.1038199353415177, "color": [4, 0]}]