[{"songs": ["Get Outta My Way", "Bang Bang", "Your Love"], "artists": ["Kylie Minogue", "Jessie J", "Nicole Scherzinger"], "centerDistance": 0.7879396666666668, "angle": 1.5493814916662636, "color": [0, 0]}, {"songs": ["You Da One", "Applause", "Till the World Ends", "Pound the Alarm", "Bad Romance", "Starships", "Break Free (feat. Zedd)", "Hold It Against Me", "Run the World (Girls)", "Walking on Air", "Neon Lights", "This Is How We Do", "Your Body", "Not Myself Tonight", "Slow Down", "Girl Gone Wild", "Burn", "Living for Love", "Blow", "Come & Get It"], "artists": ["Rihanna", "Lady Gaga", "Britney Spears", "Nicki Minaj", "Lady Gaga", "Nicki Minaj", "Ariana Grande", "Britney Spears", "Beyonc\u00e9", "Katy Perry", "Demi Lovato", "Katy Perry", "Christina Aguilera", "Christina Aguilera", "Selena Gomez", "Madonna", "Ellie Goulding", "Madonna", "Ke$ha", "Selena Gomez"], "centerDistance": 0.6151250000000001, "angle": 2.62942617673202, "color": [1, 0]}, {"songs": ["When I Grow Up"], "artists": ["The Pussycat Dolls"], "centerDistance": 0.774737, "angle": 3.6987016891173052, "color": [2, 0]}, {"songs": ["We Can't Stop"], "artists": ["Miley Cyrus"], "centerDistance": 0.681767, "angle": 4.767977201502591, "color": [3, 0]}, {"songs": ["Only Girl (In the World)", "Die Young"], "artists": ["Rihanna", "Ke$ha"], "centerDistance": 0.371027, "angle": 6.227597086061685, "color": [4, 0]}]