[{"songs": ["Ghost Town", "HUMBLE."], "artists": ["Kanye West", "Kendrick Lamar"], "centerDistance": 0.7357745, "angle": 4.766505511372022, "color": [0, 0]}, {"songs": ["Praise The Lord (Da Shine) (feat. Skepta)", "KOD", "Opps (with Yugen Blakrok)", "BagBak"], "artists": ["A$AP Rocky", "J. Cole", "Vince Staples", "Vince Staples"], "centerDistance": 0.7967854999999999, "angle": 6.229068776192254, "color": [1, 0]}, {"songs": ["Reborn"], "artists": ["Kids See Ghosts"], "centerDistance": 0.724011, "angle": 1.2179881907956682, "color": [2, 0]}, {"songs": ["Feel the Love"], "artists": ["Kids See Ghosts"], "centerDistance": 0.6807179999999999, "angle": 2.473584055638643, "color": [3, 0]}, {"songs": ["Pothole", "Where This Flower Blooms", "Hive", "Whoa", "GUMMY", "DNA.", "JUNKY", "A$AP Forever", "Icon", "Wouldn't Leave", "X (with 2 Chainz & Saudi)", "I. The Worst Guys", "Meat Grinder", "NEVER", "All Caps", "V. 3005", "Christ Conscious", "Walk It Talk It", "Grown Up", "Oh My Darling Don't Cry"], "artists": ["Tyler, the Creator", "Tyler, the Creator", "Earl Sweatshirt", "Earl Sweatshirt", "BROCKHAMPTON", "Kendrick Lamar", "BROCKHAMPTON", "A$AP Rocky", "Jaden Smith", "Kanye West", "ScHoolboy Q", "Childish Gambino", "Madvillain", "Jid", "Madvillain", "Childish Gambino", "Joey Bada$$", "Migos", "Danny Brown", "Run the Jewels"], "centerDistance": 0.7164757500000001, "angle": 3.639777728117206, "color": [4, 0]}]