[{"songs": ["Liberty Walk", "Can't Be Tamed", "Slow Down", "Come & Get It", "Neon Lights", "My Dilemma", "Gimme More", "Judas", "Till the World Ends", "Heart Attack", "Break Free (feat. Zedd)", "Not Myself Tonight", "Applause", "A Year Without Rain", "Walking on Air", "Take It Off", "This Is How We Do", "Your Body", "S&M", "Blow"], "artists": ["Miley Cyrus", "Miley Cyrus", "Selena Gomez", "Selena Gomez", "Demi Lovato", "Selena Gomez & the Scene", "Britney Spears", "Lady Gaga", "Britney Spears", "Demi Lovato", "Ariana Grande", "Christina Aguilera", "Lady Gaga", "Selena Gomez & the Scene", "Katy Perry", "Ke$ha", "Katy Perry", "Christina Aguilera", "Rihanna", "Ke$ha"], "centerDistance": 0.6991641500000001, "angle": 1.0995574287564276, "color": [0, 0]}, {"songs": ["Where Have You Been", "When I Grow Up"], "artists": ["Rihanna", "The Pussycat Dolls"], "centerDistance": 0.817304, "angle": 2.356194490192345, "color": [1, 0]}, {"songs": ["Burn"], "artists": ["Ellie Goulding"], "centerDistance": 0.83046, "angle": 3.612831551628262, "color": [2, 0]}, {"songs": ["Let's Be Friends"], "artists": ["Emily Osment"], "centerDistance": 0.822865, "angle": 4.869468613064179, "color": [3, 0]}, {"songs": ["Get Outta My Way"], "artists": ["Kylie Minogue"], "centerDistance": 0.851015, "angle": 6.126105674500097, "color": [4, 0]}]