[{"songs": ["idontwannabeyouanymore", "you should see me in a crown", "Handmade Heaven", "Sight Of You", "Basic", "Animal", "Birdie", "Haunted House", "I Fell In Love With the Devil", "Off to the Races", "The Love Club", "Team", "National Anthem", "Say It", "Burning", "Hospitalized", "Too Proud", "Hurts Like Hell (feat. Offset)", "Primadonna", "BOOM"], "artists": ["Billie Eilish", "Billie Eilish", "Marina", "Sigrid", "Sigrid", "Aurora", "Avril Lavigne", "Florence + the Machine", "Avril Lavigne", "Lana Del Rey", "Lorde", "Lorde", "Lana Del Rey", "Maggie Rogers", "Maggie Rogers", "BROODS", "BROODS", "Madison Beer", "Marina", "X Ambassadors"], "centerDistance": 0.5591986500000001, "angle": 3.5008377593063322, "color": [0, 0]}, {"songs": ["Crush Culture", "1950", "The Hype", "Leave the City"], "artists": ["Conan Gray", "King Princess", "Twenty One Pilots", "Twenty One Pilots"], "centerDistance": 0.7009592499999999, "angle": 4.6246811981478, "color": [1, 0]}, {"songs": ["Plum", "What a Heavenly Way to Die"], "artists": ["Troye Sivan", "Troye Sivan"], "centerDistance": 0.7143585, "angle": 0.08770778223688858, "color": [2, 0]}, {"songs": ["Funny Business", "Speak Your Mind"], "artists": ["Alice Merton", "Alice Merton"], "centerDistance": 0.7570684999999999, "angle": 1.169476669400697, "color": [3, 0]}, {"songs": ["sex money feelings die", "better alone"], "artists": ["Lykke Li", "Lykke Li"], "centerDistance": 0.776373, "angle": 2.2512455565645055, "color": [4, 0]}]