[{"songs": ["Break Up with Your Girlfriend, I'm Bored", "Only Want You (feat. 6LACK)", "Bad At Love", "Talk", "Better", "Beach House", "Tell Me It's Over", "This Feeling (feat. Kelsea Ballerini)", "LBD", "Keep Talking (feat. Julia Michaels)", "The Distance (feat. Ty Dolla $ign)", "COPYCAT", "Notice", "7 Days", "Nintendo Game", "Accelerate (feat. Ty Dolla $ign & 2 Chainz)", "Desperado", "Kiss It Better", "Call It What You Want", "8th Grade"], "artists": ["Ariana Grande", "Rita Ora", "Halsey", "Khalid", "Khalid", "The Chainsmokers", "Avril Lavigne", "The Chainsmokers", "Becky G", "Rita Ora", "Mariah Carey", "Billie Eilish", "Little Mix", "Alessia Cara", "Alessia Cara", "Christina Aguilera", "Rihanna", "Rihanna", "Taylor Swift", "Mariah Carey"], "centerDistance": 0.58753525, "angle": 3.518685945674855, "color": [0, 0]}, {"songs": ["Bigger Wow", "Give Yourself A Try"], "artists": ["Avril Lavigne", "The 1975"], "centerDistance": 0.6903765, "angle": 4.750544490022478, "color": [1, 0]}, {"songs": ["Without Me", "Hurts Like Hell (feat. Offset)", "i'm so tired...", "Sad", "What I Need (feat. Kehlani)"], "artists": ["Halsey", "Madison Beer", "Lauv", "Bebe Rexha", "Hayley Kiyoko"], "centerDistance": 0.5571064, "angle": 6.245029797541798, "color": [2, 0]}, {"songs": ["bury a friend", "Think About Us", "Nostalgia"], "artists": ["Billie Eilish", "Little Mix", "M\u00d8"], "centerDistance": 0.5886593333333333, "angle": 1.1574214501311673, "color": [3, 0]}, {"songs": ["7 rings", "Like I Do (feat. GoldLink)"], "artists": ["Ariana Grande", "Christina Aguilera"], "centerDistance": 0.47399849999999993, "angle": 2.352998409900124, "color": [4, 0]}]