[{"songs": ["Party for One", "1999", "Voices in My Head"], "artists": ["Carly Rae Jepsen", "Charli XCX", "Ashley Tisdale"], "centerDistance": 0.6984186666666666, "angle": 1.1571550011018283, "color": [0, 0]}, {"songs": ["Strip (feat. Sharaya J)", "Let You Love Me", "Girls (feat. Cardi B, Bebe Rexha & Charli XCX)", "Sorry Not Sorry", "IDGAF", "Want To", "Close Your Eyes"], "artists": ["Little Mix", "Rita Ora", "Rita Ora", "Demi Lovato", "Dua Lipa", "Dua Lipa", "Kim Petras"], "centerDistance": 0.6040421428571427, "angle": 2.33177179992501, "color": [1, 0]}, {"songs": ["Look What You Made Me Do", "Hair Body Face", "My My My!", "Mona Lisa", "The Cure", "Back to You (feat. Bebe Rexha & Digital Farm Animals)", "Green Light", "you should see me in a crown"], "artists": ["Taylor Swift", "Lady Gaga", "Troye Sivan", "Sabrina Carpenter", "Lady Gaga", "Louis Tomlinson", "Lorde", "Billie Eilish"], "centerDistance": 0.7898072500000001, "angle": 3.5424424504416434, "color": [2, 0]}, {"songs": ["Joan of Arc", "Thank U, Next", "God is a Woman", "Ouro (feat. Urias)", "BED (feat. Ariana Grande)", "...Ready For It?", "None of my Business", "Ganja Burn", "Hurts Like Hell (feat. Offset)", "Dancing With a Stranger (with Normani)", "Dona da Minha Vida", "Swish Swish (Feat. Nicki Minaj)", "Bad Liar", "lEvEL uP", "Playboy Style (feat. Charli XCX & Bhad Bhabie)", "Rockabye (feat. Sean Paul & Anne-Marie)", "Ain't My Fault", "That's My Girl", "Roulette", "I Got You"], "artists": ["Little Mix", "Ariana Grande", "Ariana Grande", "Pabllo Vittar", "Nicki Minaj", "Taylor Swift", "Cher Lloyd", "Nicki Minaj", "Madison Beer", "Sam Smith", "Rouge", "Katy Perry", "Selena Gomez", "Ciara", "Clean Bandit", "Clean Bandit", "Zara Larsson", "Fifth Harmony", "Katy Perry", "Bebe Rexha"], "centerDistance": 0.6857982499999999, "angle": 4.737084532891683, "color": [3, 0]}, {"songs": ["N\u00e3o Perco Meu Tempo", "Sapequinha"], "artists": ["Anitta", "Lexa"], "centerDistance": 0.682428, "angle": 6.258489754672594, "color": [4, 0]}]