[{"songs": ["Pretty Hurts", "Jealous", "Break Free (feat. Zedd)", "Problem (feat. Iggy Azalea)", "Bang Bang", "Do What U Want (feat. R. Kelly)", "Adore You", "Pour It Up", "Stay (feat. Mikky Ekko)", "You Are in Love", "Fire Meet Gasoline", "Big Girls Cry", "#GETITRIGHT", "Love Me", "Sing", "Money on My Mind", "Say My Name", "2 On (feat. ScHoolboy Q)", "Chains", "Mirrors"], "artists": ["Beyonc\u00e9", "Beyonc\u00e9", "Ariana Grande", "Ariana Grande", "Jessie J, Ariana Grande & Nicki Minaj", "Lady Gaga", "Miley Cyrus", "Rihanna", "Rihanna", "Taylor Swift", "Sia", "Sia", "Miley Cyrus", "Katy Perry", "Ed Sheeran", "Sam Smith", "Destiny's Child", "Tinashe", "Nick Jonas", "Justin Timberlake"], "centerDistance": 0.69500845, "angle": 2.356194490192345, "color": [0, 0]}, {"songs": ["Ghost"], "artists": ["Katy Perry"], "centerDistance": 0.8344050000000001, "angle": 3.538155936619841, "color": [1, 0]}, {"songs": ["Your Love", "Night Changes"], "artists": ["Nicole Scherzinger", "One Direction"], "centerDistance": 0.8116105, "angle": 4.720117383047336, "color": [2, 0]}, {"songs": ["Lay Me Down"], "artists": ["Sam Smith"], "centerDistance": 0.817802, "angle": 6.27545690451694, "color": [3, 0]}, {"songs": ["Gorilla"], "artists": ["Bruno Mars"], "centerDistance": 0.859169, "angle": 1.1742330437648487, "color": [4, 0]}]