[{"songs": ["The Light", "B.E.D.", "Could've Been (feat. Bryson Tiller)", "Close", "RPG (feat. 6LACK)", "CPR", "Shea Butter Baby (with J. Cole)", "Privacy", "Deep", "Solid", "At The Club", "Feel A Way", "Lady Lady", "Mood", "Jump The Gun", "KELLY", "Shootin Shots (feat. Ty Dolla $ign & Tory Lanez)", "I.O.U.", "Been That Way", "All the Time"], "artists": ["Jeremih", "Jacquees", "H.E.R.", "Ella Mai", "Kehlani", "Summer Walker", "Ari Lennox", "Chris Brown", "Summer Walker", "Trey Songz", "Jacquees", "H.E.R.", "masego", "DVSN", "Eric Bellinger", "Kelly Rowland", "Trey Songz", "Eric Bellinger", "Bryson Tiller", "Jeremih"], "centerDistance": 0.6185381500000001, "angle": 2.45621977623463, "color": [0, 0]}, {"songs": ["Undecided", "Stay Flo"], "artists": ["Chris Brown", "Solange"], "centerDistance": 0.6975735000000001, "angle": 3.617980630636418, "color": [1, 0]}, {"songs": ["Right My Wrongs", "Waves (feat. 6LACK)"], "artists": ["Bryson Tiller", "Normani"], "centerDistance": 0.7769254999999999, "angle": 4.7797414850382065, "color": [2, 0]}, {"songs": ["Shot Clock", "Honesty", "Throw a Fit"], "artists": ["Ella Mai", "Pink Sweat$", "Tinashe"], "centerDistance": 0.6402950000000001, "angle": 6.215832802526069, "color": [3, 0]}, {"songs": ["Nights Like This (feat. Ty Dolla $ign)", "Switch"], "artists": ["Kehlani", "6LACK"], "centerDistance": 0.6334435, "angle": 1.2944589218328417, "color": [4, 0]}]