[{"songs": ["Sorry Not Sorry", "My My My!", "Dance to This (feat. Ariana Grande)", "Bigger Wow", "Birdie"], "artists": ["Demi Lovato", "Troye Sivan", "Troye Sivan", "Avril Lavigne", "Avril Lavigne"], "centerDistance": 0.8027118, "angle": 3.427747288111745, "color": [0, 0]}, {"songs": ["John Wayne", "Beautiful Trauma", "There's Nothing Holdin' Me Back", "Woman Like Me (feat. Nicki Minaj)"], "artists": ["Lady Gaga", "P!nk", "Shawn Mendes", "Little Mix"], "centerDistance": 0.794094, "angle": 4.737581239087177, "color": [1, 0]}, {"songs": ["Malibu", "Miss You So Much", "No Tears Left To Cry", "Witness", "Tell Me You Love Me", "Roulette", "Applause", "Back To You", "New Rules", "Bloodline", "cRYINg In THE clUB", "I Got You", "Mariners Apartment Complex", "She Loves Control", "A Year Without Rain", "Shout Out To My Ex", "Sucker", "Let You Love Me", "Fighter", "Radar"], "artists": ["Miley Cyrus", "Miley Cyrus", "Ariana Grande", "Katy Perry", "Demi Lovato", "Katy Perry", "Lady Gaga", "Selena Gomez", "Dua Lipa", "Ariana Grande", "Camila Cabello", "Bebe Rexha", "Lana Del Rey", "Camila Cabello", "Selena Gomez & the Scene", "Little Mix", "Jonas Brothers", "Rita Ora", "Christina Aguilera", "Britney Spears"], "centerDistance": 0.7054663999999999, "angle": 6.257993048477099, "color": [2, 0]}, {"songs": ["Party for One", "Voices in My Head", "1999"], "artists": ["Carly Rae Jepsen", "Ashley Tisdale", "Charli XCX"], "centerDistance": 0.8271646666666665, "angle": 1.0424461598214299, "color": [3, 0]}, {"songs": ["Look What You Made Me Do", "Delicate", "Green Light", "IDGAF", "Bad Liar", "Girls (feat. Cardi B, Bebe Rexha & Charli XCX)", "Wolves"], "artists": ["Taylor Swift", "Taylor Swift", "Lorde", "Dua Lipa", "Selena Gomez", "Rita Ora", "Selena Gomez & Marshmello"], "centerDistance": 0.7408185714285713, "angle": 2.1090034542207885, "color": [4, 0]}]