[{"songs": ["Stay Frosty Royal Milk Tea", "Church", "Say Amen (Saturday Night)", "One of The Drunks", "whAtEveR it tAkes", "Bandito", "Tear in My Heart", "Battle Symphony", "Heavy (feat. Kiiara)", "Dirty Laundry", "Ain't It Fun", "Counting Stars", "Youngblood", "Sail", "If I Lose Myself", "Heaven", "Gives You Hell", "Something Human", "The Man", "Still into You"], "artists": ["Fall Out Boy", "Fall Out Boy", "Panic! at the Disco", "Panic! at the Disco", "Imagine Dragons", "Twenty One Pilots", "Twenty One Pilots", "Linkin Park", "Linkin Park", "All Time Low", "Paramore", "OneRepublic", "5 Seconds of Summer", "Awolnation", "OneRepublic", "PVRIS", "The All-American Rejects", "Muse", "The Killers", "Paramore"], "centerDistance": 0.7912292050000002, "angle": 1.0995574287564276, "color": [0, 0]}, {"songs": ["Drive By", "50 Ways to Say Goodbye"], "artists": ["Train", "Train"], "centerDistance": 0.9310788, "angle": 2.356194490192345, "color": [1, 0]}, {"songs": ["Hall of Fame"], "artists": ["The Script"], "centerDistance": 0.9439915, "angle": 3.612831551628262, "color": [2, 0]}, {"songs": ["Complicated", "Losing Grip"], "artists": ["Avril Lavigne", "Avril Lavigne"], "centerDistance": 0.9343244500000001, "angle": 4.869468613064179, "color": [3, 0]}, {"songs": ["Natural", "Love Drunk"], "artists": ["Imagine Dragons", "Boys Like Girls"], "centerDistance": 0.90408605, "angle": 6.126105674500097, "color": [4, 0]}]