[{"songs": ["Hell on Earth (remix)", "I Am Da Gangsta", "Weak Ass Nigga", "Hear My Dear/Anger", "M\u00b3 II", "Damn What Another Say", "Who We Be", "Dollar Bill", "Sprang On Em", "Skit", "Already", "Yean Know", "Ass In", "Walk With It", "Mack Maine Supreme", "Judy Lynn", "It's Not Right", "Midnight Hoes", "We Komin'", "Head Bussaz"], "artists": ["Tommy Wright III", "Gangsta Blac", "DJ Squeeky", "Kingpin Skinny Pimp", "Playa Fly", "Playa Fly", "Manson Family", "Manson Family", "Kami Kaze Inc.", "DJ Squeeky", "Nasty Nardo", "Criminal Manne", "Indo G", "Al Kapone", "Yo Gotti", "Koopsta Knicca", "Koopsta Knicca", "Kingpin Skinny Pimp", "M-Child", "Da Headbussaz"], "centerDistance": 0.10092345, "angle": 0.0}, {"songs": ["N-Ai Fost Acolo / You Weren't There"], "artists": ["B.U.G. Mafia"], "centerDistance": 0.43641700000000005, "angle": 1.2566370614359172}, {"songs": ["We Ready For Whatever", "2 Sides"], "artists": ["Project Pat", "Killer Mike"], "centerDistance": 0.31055849999999996, "angle": 2.5132741228718345}, {"songs": ["Incarcerated", "You Can't Get None", "Da Hymn"], "artists": ["Gangsta Pat", "Gangsta Pat", "Gangsta Blac"], "centerDistance": 0.0, "angle": 3.7699111843077517}, {"songs": ["I Can Feel It", "Uncut"], "artists": ["Ghetto Mafia", "Ghetto Mafia"], "centerDistance": 0.36408399999999996, "angle": 5.026548245743669}]