[{"songs": ["My Love", "The Shadow Of Your Smile", "4:00 A.M.", "Reflections", "People Make the World Go Round", "Enchanted Way", "Sunny", "Next To You", "The Morning After", "She", "South Chicago", "Love Like This", "Geez Spot", "After The Dance (Edit)", "Cabolicious", "Everybody Knows That", "Every Time She Whispers", "Hold On Tight", "Anything You Say", "Just As You Are"], "artists": ["Pieces of a Dream", "Pieces of a Dream", "Marion Meadows", "Alfonzo Blackwell", "Bob Baldwin", "Jeff Lorber", "Kim Waters", "Alfonzo Blackwell", "Ronny Jordan", "Will Downing", "Marion Meadows", "Grover Washington, Jr.", "Euge Groove", "Fourplay", "Euge Groove", "Jeff Lorber", "Michael Franks", "Boney James", "Paul Taylor", "Everette Harp"], "centerDistance": 0.1520802, "angle": 0.0}, {"songs": ["Still Small Voice", "It's A Shame"], "artists": ["Paul Jackson Jr.", "Paul Jackson Jr."], "centerDistance": 0.436963, "angle": 1.2566370614359172}, {"songs": ["Crazy", "Me, Myself And I"], "artists": ["Streetwize", "Streetwize"], "centerDistance": 0.20336300000000002, "angle": 2.5132741228718345}, {"songs": ["Give It Up", "Smiles All Around"], "artists": ["3rd Force", "3rd Force"], "centerDistance": 0.25135199999999996, "angle": 3.7699111843077517}, {"songs": ["Baby Come To Me", "Droptop", "ReJoyce", "Ballerina"], "artists": ["George Howard", "Jeff Golub", "David Benoit", "Special EFX"], "centerDistance": 0.40607899999999997, "angle": 5.026548245743669}]