[{"songs": ["Show Me A Sign", "Flowtation"], "artists": ["Kontakt", "Vincent de Moor"], "centerDistance": 0.30888699999999997, "angle": 0.0}, {"songs": ["Drowning In My Tears", "Sosei (Original Mix)", "Bring It Back", "Saxy-Motion", "Such Is Life (Marco V remix)", "Another Day", "Do You Love Me", "Show Me", "Shine On", "Dreaming", "Such Is Life (Sunday Afternoon Rework)", "Shooting Star", "Elements", "Over My Head", "As The Rush Comes", "Nocturnal Creatures", "Time", "It's Time (Ferry Corsten's Flashover Mix)", "Answer the Question (Cosmic Gate remix)", "I'm Alone"], "artists": ["Sylver", "Airscape", "ATB", "Milk Inc.", "Rank 1", "DJ Encore", "ATB", "DJ Encore", "Milk Inc.", "BT", "Rank 1", "Flip & Fill", "Neo Cortex", "Sherrie Lea", "Motorcycle", "Darren Tate vs. Jono Grant", "Pinball", "Ferry Corsten", "Svenson & Gielen", "Sun Decade"], "centerDistance": 0.2627105500000001, "angle": 1.2566370614359172}, {"songs": ["Vampire"], "artists": ["Shane 54"], "centerDistance": 0.32382500000000003, "angle": 2.5132741228718345}, {"songs": ["Fly Away", "Turn It Around"], "artists": ["Vincent de Moor", "Alena"], "centerDistance": 0.33248849999999996, "angle": 3.7699111843077517}, {"songs": ["Shining Star", "The Sun Always Shines on TV", "My Heart Goes Up"], "artists": ["Ole Van Dansk", "Mario Lopez", "Keira Green"], "centerDistance": 0.32969, "angle": 5.026548245743669}]