[{"songs": ["These Are They", "Does Jesus Care", "Testify", "Wade In The Water", "If The Lord Be For You", "Rock Me", "Near The Cross", "Every Time", "Calvary", "No Way Back", "Can't Give Up Now", "How Do We", "All I Ever Really Wanted", "Friend", "Sinner's Prayer", "Oh Happy Day", "Everything Is Gonna Be Alright", "Mighty High", "Always", "Right There"], "artists": ["Dorothy Love Coates", "The Blind Boys of Alabama", "Dottie Peoples", "Babbie Mason", "Reverend Gary Davis", "Sister Rosetta Tharpe", "Mississippi Mass Choir", "CeCe Winans", "Kim Burrell", "The Dells", "Mary Mary", "Bebe Winans", "Donnie McClurkin", "Israel & New Breed", "Deitrick Haddon", "Bebe Winans", "Sounds Of Blackness", "The Mighty Clouds Of Joy", "Kirk Franklin", "Lisa McClendon"], "centerDistance": 0.29515300000000005, "angle": 0.0}, {"songs": ["Whatcha Gon Do", "I Know Who Holds Tomorrow"], "artists": ["Kelly Price", "Kelly Price"], "centerDistance": 0.4039355, "angle": 1.2566370614359172}, {"songs": ["Alone In His Presence (Reprise)", "He's Been Good"], "artists": ["CeCe Winans", "Virtue"], "centerDistance": 0.3767735, "angle": 2.5132741228718345}, {"songs": ["Favorite Song of All", "Order My Steps"], "artists": ["Brooklyn Tabernacle Choir", "Brooklyn Tabernacle Choir"], "centerDistance": 0.41738749999999997, "angle": 3.7699111843077517}, {"songs": ["Try me again", "I'm Pressing On", "We Sing Glory"], "artists": ["Kim Burrell", "Mississippi Mass Choir", "Fred Hammond"], "centerDistance": 0.32445833333333335, "angle": 5.026548245743669}]