[{"songs": ["With Me", "SS4 Ver 1.3", "Mahadeva '99", "The Heavens", "Mr. Reedeemer (Elysium Remix)", "Tranceportamental", "Angelina", "Let's Turn On", "Star Man", "Outro - Tomorrows World", "Om MahaKali", "Lunar Cycle", "Telepathy", "Freedom From the Flesh", "Laughing Gas", "light on l.a.", "Ra", "Flying Eye Land", "FRANKIES FARM", "Can You Hear It"], "artists": ["Pleiadians", "Chi-A.D.", "Astral Projection", "Juno Reactor", "Zodiac Youth", "Battle of the Future Buddhas", "Doof", "Doof", "Indoor", "Goa Gil", "Goa Gil", "Man With no Name", "The Infinity Project", "The Infinity Project", "Juno Reactor", "Asia 2001", "Asia 2001", "California Sunshine", "Psychopod", "Space Buddha"], "centerDistance": 0.03624470000000001, "angle": 0.0}, {"songs": ["Vakna Morgon", "Danger High Voltage"], "artists": ["Solar Plexus", "Neuromotor"], "centerDistance": 0.08510899999999999, "angle": 1.2566370614359172}, {"songs": ["Electric Voodoo Man", "Transformer Synthesizer"], "artists": ["Ubar Tmar", "Ubar Tmar"], "centerDistance": 0.051434499999999994, "angle": 2.5132741228718345}, {"songs": ["The Enlightened Ape", "Zevel Boy"], "artists": ["Shakta", "Shakta"], "centerDistance": 0.006357999999999975, "angle": 3.7699111843077517}, {"songs": ["The Mayans, Incas And Aztecs", "1001 Arabian Nights"], "artists": ["1200 Micrograms", "1200 Micrograms"], "centerDistance": 0.07901599999999998, "angle": 5.026548245743669}]