[{"songs": ["Seems Like A Lifetime Ago, Part One", "One Of A Kind (Part 2)", "The Riff Raff", "Nuclear Burn", "Bastille Day", "Mental Floss (composition by John Goodsall)", "Perfect Place", "Traffic & Elephants", "Valittaja - Complainer", "Kiraku Ni Ikouze", "Zaiya Kara No Kikan", "Vive La Quelle?", "The Brook the Ocean", "Pillar Of Fire", "Working All Day", "One Of These Days I'll Get An Early Night", "Bossa Nochance", "Nisam tvoj", "Queen Of The Informed", "Never Turn You In"], "artists": ["Bruford", "Bruford", "Dixie Dregs", "Brand X", "Ohm", "Brand X", "Fromuz", "Secret Oyster", "Pekka Pohjola", "Kenso", "Kenso", "Secret Oyster", "Gordian Knot", "Tony Levin", "Gentle Giant", "Camel", "Hatfield And The North", "Leb i Sol", "Enchant", "Wigwam"], "centerDistance": 0.09927205000000001, "angle": 0.0}, {"songs": ["San Marcos", "Very Early"], "artists": ["Allan Holdsworth", "Allan Holdsworth"], "centerDistance": 0.05713299999999999, "angle": 1.2566370614359172}, {"songs": ["El Francotirador De Washington", "L'estiu"], "artists": ["Planeta Imaginario", "Planeta Imaginario"], "centerDistance": 0.200326, "angle": 2.5132741228718345}, {"songs": ["Lifeboat Serenade", "Only When It's Light"], "artists": ["Jimmy Herring", "Jimmy Herring"], "centerDistance": 0.23643899999999995, "angle": 3.7699111843077517}, {"songs": ["Sister Andrea", "Trilogy"], "artists": ["Mahavishnu Orchestra", "Mahavishnu Orchestra"], "centerDistance": 0.0410085, "angle": 5.026548245743669}]