[{"songs": ["All Night Long", "Juicy Fruit"], "artists": ["Mary Jane Girls", "Mtume"], "centerDistance": 0.2214195, "angle": 0.0}, {"songs": ["ENCORE", "Good Love", "Ain't Nothin' Wrong", "My Love"], "artists": ["Cheryl Lynn", "Klymaxx", "KC And The Sunshine Band", "Stacy Lattisaw"], "centerDistance": 0.28559025, "angle": 1.2566370614359172}, {"songs": ["Living In The Footsteps Of Another Man", "Feel Free (12'') (Feat. Do'reen)", "Back To Life (However Do You Want Me) (Bonus Beats) (Feat. Caron Wheeler)", "Ain't Nobody", "My Girly", "Permanent - Album Version", "Be Alright", "Love on a Two Way Street", "Do What You Do", "Portuguese Love", "Holdin' Out For Love", "I'm A Wonderful Thing, Baby", "Too Tough", "Miss Sun", "Solid", "You Sexy Thing (Single Version)", "Running Away", "Silver Shadow", "I Want You", "What Do I Do"], "artists": ["The Pasadenas", "Soul II Soul", "Soul II Soul", "Chaka Khan", "Ready For The World", "Randy Crawford", "Zapp & Roger", "Stacy Lattisaw", "Jermaine Jackson", "Teena Marie", "Angela Bofill", "Kid Creole & The Coconuts", "Angela Bofill", "Average White Band", "Ashford & Simpson", "Hot Chocolate", "Maze Featuring Frankie Beverly", "Atlantic Starr", "Diana Ross", "Phil Fearon & Galaxy"], "centerDistance": 0.19091895, "angle": 2.5132741228718345}, {"songs": ["I Will Always Love You", "Hard Road"], "artists": ["Labi Siffre", "Labi Siffre"], "centerDistance": 0.25677849999999997, "angle": 3.7699111843077517}, {"songs": ["Wake Up", "Will The Circle Be Unbroken"], "artists": ["The Neville Brothers", "The Neville Brothers"], "centerDistance": 0.2587575, "angle": 5.026548245743669}]