[{"songs": ["A propos de tass 2\u00b0volet (feat. Dooda)", "La vie d'artiste (feat. NDEE)", "Ce que personne n'entend vraiment", "Nouveau combat", "Gu\u00e9rilla", "Intro", "Marginal", "L'Alchimiste", "Jamais Trop Tard", "Droit dans le Mur", "On respecte \u00e7a", "Dans le vif", "Intro", "Gash (feat. Foreign Beggars)", "Bogoss 2", "Casquette \u00e0 l'envers", "Lef", "Laisse Ton Corps S'Exprimer", "Rue du paradis", "Avec le temps"], "artists": ["Tout Simplement Noir", "Tout Simplement Noir", "Roc\u00e9", "KDD", "Oxmo Puccino", "Supr\u00eame NTM", "113", "Abd Al Malik", "Narkoi", "Svinkels", "Fonky Family", "Sinik", "KDD", "Rouge \u00e0 L\u00e8vres", "Rouge \u00e0 L\u00e8vres", "Sexion D'Assaut", "Shurik'N", "La Rue K\u00e9tanou", "Sinik", "Nysay"], "centerDistance": 0.08822829999999998, "angle": 0.0}, {"songs": ["Mon Style (Feat.H10 Streekt)", "Le Micro Chauffe (Feat. Sixi\u00e8me Aks)"], "artists": ["Nysay", "Triptik"], "centerDistance": 0.07292349999999997, "angle": 1.2566370614359172}, {"songs": ["Ils Savent pas qui nous Sommes"], "artists": ["K.ommando Toxik"], "centerDistance": 0.066546, "angle": 2.5132741228718345}, {"songs": ["24", "Sol pleureur"], "artists": ["Bouch\u00e9es Doubles", "Bouch\u00e9es Doubles"], "centerDistance": 0.19149, "angle": 3.7699111843077517}, {"songs": ["Chaque Seconde", "J'Arrive"], "artists": ["JoeyStarr", "JoeyStarr"], "centerDistance": 0.14213150000000002, "angle": 5.026548245743669}]