[{"songs": ["23 Nov", "Undress Me", "What If I Would Die Right Here On The Spot", "Simulacra", "Martian Days", "No Dogma", "Shroud of Stone", "Dare", "Prince of Darkness", "The Perfect Circle", "Spacelab One", "Fast", "El mundo a tus pies", "Shipwreck", "Watching Over You (Haujobb Remix)", "Damage", "Enforcer", "Futurepop Muzik (Pastiche of Pop Music by M)", "I Walk Slow", "War/Flashbacks"], "artists": ["Auto-Auto", "Quelles Paroles", "Quelles Paroles", "Alan Replica", "Alan Replica", "Culture Kult\u00fcr", "Soil & Eclipse", "Dekad", "Nebula-H", "Pride and Fall", "Empire State Human", "Estatuas de Sol", "Estatuas de Sol", "Culture Kult\u00fcr", "Seabound", "Edge of Dawn", "Syrian", "Epsilon Minus", "Destroid", "Frozen Plasma"], "centerDistance": 0.12765014999999996, "angle": 0.0}, {"songs": ["Simplicity (H\u00e5kan Lidbo Remix)"], "artists": ["Lowe"], "centerDistance": 0.13396699999999995, "angle": 1.2566370614359172}, {"songs": ["Heart For Sale", "Mother Is Calling"], "artists": ["Page of Quire", "Page of Quire"], "centerDistance": 0.0, "angle": 2.5132741228718345}, {"songs": ["Bare Your Teeth", "Stormbringer"], "artists": ["Ashbury Heights", "Ashbury Heights"], "centerDistance": 0.07047450000000005, "angle": 3.7699111843077517}, {"songs": ["Intro & Transdimensional", "Day Of The Century"], "artists": ["Auto-Auto", "Seabound"], "centerDistance": 0.13650600000000002, "angle": 5.026548245743669}]