[{"songs": ["As It Dun Load It Back", "Neva Heard A", "Penny We", "I Was Weak", "Fat Till It Swell", "Bun Fi Bun"], "artists": ["Jigsy King", "Hawkeye", "Lexxus", "Ward 21", "Alozade", "Captain Barkey"], "centerDistance": 0.41577116666666664, "angle": 0.0}, {"songs": ["Who Say Me Dun", "Righteous Kingdom", "Don Dada", "One Two", "Tamale", "Big Belly Man", "Dem Story", "Babylon Ah Listen", "Bam Bam", "Mr. Demus", "Give Thanks", "Bad Bad Chaka", "Pass The Tu-Sheng-Peng", "Wicked In Bed", "John Law", "Don't Test", "Picante", "mad love", "Me Want Money", "Smoke The Herb"], "artists": ["Cutty Ranks", "Sugar Minott", "Super Cat", "Sister Nancy", "Mr. Vegas", "Admiral Bailey", "Junior Kelly", "Sizzla", "Chaka Demus & Pliers", "Chaka Demus", "Junior Reid", "Chaka Demus", "Frankie Paul", "Shabba Ranks", "Ninjaman", "Super Cat", "Busy Signal", "Bounty Killer", "Munga", "Bounty Killer"], "centerDistance": 0.32035795000000006, "angle": 1.2566370614359172}, {"songs": ["Ring The Alarm", "Bam Bam", "Murder She Wrote"], "artists": ["Tenor Saw", "Sister Nancy", "Chaka Demus & Pliers"], "centerDistance": 0.33577399999999996, "angle": 2.5132741228718345}, {"songs": ["Chop Chop", "Agony", "Pumpkin Belly"], "artists": ["Cutty Ranks", "Pinchers", "Tenor Saw"], "centerDistance": 0.21172233333333332, "angle": 3.7699111843077517}, {"songs": ["Bandelero", "Nobody's Perfect", "Flex"], "artists": ["Pinchers", "Beenie Man", "Mad Cobra"], "centerDistance": 0.23384533333333335, "angle": 5.026548245743669}]