[{"songs": ["Wayfaring Stranger", "Love Like The Movies", "Chickamauga", "Watch Me Fall", "I Can't Dance (Alternate Version)", "Big Moon Shinin'", "Pass You By", "William's Son", "Elzick's Farewell", "Amazing G.", "Keep You Happy", "On a Roll", "Soft Hand", "Words", "Drop Down Daddy", "Revelator", "John Young", "Bay Street Blues", "Free State Of Jones", "Write My Ticket Home"], "artists": ["16 Horsepower", "The Avett Brothers", "Uncle Tupelo", "Uncle Tupelo", "Gram Parsons", "Chip Taylor & Carrie Rodriguez", "Gillian Welch", "Chris Knight", "Chip Taylor & Carrie Rodriguez", "Drag The River", "Tift Merritt", "Scott Miller & The Commonwealth", "Willard Grant Conspiracy", "Lucinda Williams", "Lucinda Williams", "Gillian Welch", "DeSoto Rust", "Cary Hudson", "Cary Hudson", "Tift Merritt"], "centerDistance": 0.0692985, "angle": 0.0}, {"songs": ["Bonus Track"], "artists": ["Chris Berardo & The DesBerardos"], "centerDistance": 0.11815900000000001, "angle": 1.2566370614359172}, {"songs": ["Pocahontas", "Look At Miss Ohio"], "artists": ["Gillian Welch & David Rawlings", "Gillian Welch & David Rawlings"], "centerDistance": 0.11465800000000004, "angle": 2.5132741228718345}, {"songs": ["Birds And Ships (Remastered Album Version)"], "artists": ["Billy Bragg & Wilco"], "centerDistance": 0.12442600000000004, "angle": 3.7699111843077517}, {"songs": ["The Great Gravitron Massacre", "Insecure/Morse Code"], "artists": ["Two Cow Garage", "Golden Smog"], "centerDistance": 0.12297249999999998, "angle": 5.026548245743669}]