[{"songs": ["On Baigne Dans L Eaux", "Pleure Pas", "Les moyens du bord", "Ca Vient de Chez nous", "Testament", "Schubio Iglesias", "S.N.I", "Marginal", "Mon pire ennemi", "Outro", "Militant", "Interlude J.T.", "Le Grand Fr\u00e8re", "Wow", "Warnings", "Bourr\u00e9 Au Son", "tanguy", "Pour Mes Gens", "Guigui Golden Gun", "Arabian panthers"], "artists": ["Triptik", "Rohff", "Flynt", "Pit Baccardi", "Rohff", "Tandem", "Sniper", "113", "Sinik", "Booba", "KDD", "KDD", "Abd Al Malik", "Positive Black Soul", "Fonky Family", "La Fouine", "Sniper", "Psy 4 De La Rime", "Seth Gueko", "Medine"], "centerDistance": 0.050553249999999994, "angle": 0.0}, {"songs": ["Mon Style (Feat.H10 Streekt)"], "artists": ["Nysay"], "centerDistance": 0.10817900000000003, "angle": 1.2566370614359172}, {"songs": ["L'arme pour changer (feat. Ibrah)"], "artists": ["Medine"], "centerDistance": 0.22159099999999998, "angle": 2.5132741228718345}, {"songs": ["24", "Sol pleureur"], "artists": ["Bouch\u00e9es Doubles", "Bouch\u00e9es Doubles"], "centerDistance": 0.08973800000000004, "angle": 3.7699111843077517}, {"songs": ["Arr\u00eatez", "Tueur en s\u00e9ries"], "artists": ["Despo Rutti", "Despo Rutti"], "centerDistance": 0.02421699999999999, "angle": 5.026548245743669}]