[{"songs": ["Trace", "Por Detr\u00e1s do Fim", "Maria Albertina (Live)", "Eu E Tu Somos Iguais", "Dia Mau", "Mais Que Uma Vez", "Para Al\u00e9m Do C\u00e9u", "Love Is My New Drug", "P\u00e1ssaro Vermelho", "Tudo Ou Nada", "Faz-Me Um Sinal", "A Queda De Um Anjo", "Da Vertigem sou Mendigo", "Mazelas Banais", "Asas (El\u00e9ctricas)", "Ao Soldado Desconfiado", "Faz-me Voar", "Deixa-te voar", "Paix\u00e3o", "Os Dois"], "artists": ["Blind Zero", "Toranja", "Humanos", "Pedro Abrunhosa", "Ornatos Violeta", "Jo\u00e3o Pedro Pais", "Santos & Pecadores", "Wraygunn", "Her\u00f3is Do Mar", "P\u00f3lo Norte", "P\u00f3lo Norte", "Delfins", "Mundo C\u00e3o", "Balla", "GNR", "GNR", "Santos & Pecadores", "Susana F\u00e9lix", "Her\u00f3is Do Mar", "Tiago Bettencourt"], "centerDistance": 0.39544135, "angle": 0.0}, {"songs": ["Morfina", "A Prayer For You", "Loja de Porcelanas", "A Grande Pir\u00e2mide", "dr. bayard", "Lost Lines"], "artists": ["Mundo C\u00e3o", "Hands On Approach", "Cl\u00e3", "Cl\u00e3", "Ena P\u00e1 2000", "X-Wife"], "centerDistance": 0.44432, "angle": 1.2566370614359172}, {"songs": ["O amor \u00e9 n\u00e3o haver pol\u00edcia", "Punk Moda Funk"], "artists": ["Linda Martini", "Ornatos Violeta"], "centerDistance": 0.24347650000000004, "angle": 2.5132741228718345}, {"songs": ["Postal Dos Correios", "O Sobrescrito"], "artists": ["Rio Grande", "Rio Grande"], "centerDistance": 0.384047, "angle": 3.7699111843077517}, {"songs": ["Maria Albertina", "My Friends", "Sextos Sentidos"], "artists": ["Humanos", "Silence 4", "Silence 4"], "centerDistance": 0.212643, "angle": 5.026548245743669}]