[{"songs": ["Septima du Centaure", "C\u00e9r\u00e9monie", "Guider Tells Of Silent Airborne Machine (John Peel Session)", "For Malena", "Agent White Fox", "Pedro To Cleveland", "Ol\u00e9!", "St. Brigid's Air", "The Talk Of Creatures", "The Robots"], "artists": ["Art Zoyd", "Art Zoyd", "Henry Cow", "Marc Ribot's Ceramic Dog", "U Totem", "The Book of Knots", "Sebkha-Chott", "Loren MazzaCane Connors", "The Residents", "Balanescu Quartet"], "centerDistance": 0.1864433, "angle": 0.0}, {"songs": ["Bacteria", "Opus 231", "Pain sec", "Ein warmer Schnee-Kuss", "Wheel of Conclusion", "Aura on an Asylum Wall", "Bal-A-Fou", "The Donkey-headed Adversary of Humanity Opens the Discussion", "Boomtown", "Oc\u00e9an", "Pipes", "Go Where Ya Wanna Go", "Karucha Shokku", "Aubade", "Rookhope"], "artists": ["Univers Zero", "L'Ensemble Ray\u00e9", "Nimal", "Nimal", "Ulver", "Kayo Dot", "Heldon", "Sleepytime Gorilla Museum", "The Book of Knots", "Shub-Niggurath", "Tod Dockstader", "The Residents", "U Totem", "Kaada/Patton", "Dead Voices on Air"], "centerDistance": 0.207135, "angle": 1.2566370614359172}, {"songs": ["Deathwish", "Brainwash"], "artists": ["Polkadot Cadaver", "Polkadot Cadaver"], "centerDistance": 0.3032265, "angle": 2.5132741228718345}, {"songs": ["Charge Of Total Affect", "Pornographer Cain"], "artists": ["Solefald", "Solefald"], "centerDistance": 0.2863845, "angle": 3.7699111843077517}, {"songs": ["Technocar", "Litost", "Oye Comatose"], "artists": ["L'Ensemble Ray\u00e9", "Hamster Theatre", "Hamster Theatre"], "centerDistance": 0.11777233333333333, "angle": 5.026548245743669}]