[{"songs": ["Soul Of England", "Check Him Out", "Sammy No Dead", "Holidays By The Sea"], "artists": ["Lloyd Charmers", "The Bleechers", "Clancy Eccles", "Symarip"], "centerDistance": 0.32512975, "angle": 0.0}, {"songs": ["Dorothy"], "artists": ["The Debonaires"], "centerDistance": 0.35157799999999995, "angle": 1.2566370614359172}, {"songs": ["You Don't Know", "My Whole Life Depends On You"], "artists": ["The Techniques", "The Techniques"], "centerDistance": 0.35245950000000004, "angle": 2.5132741228718345}, {"songs": ["Translator", "Into Action"], "artists": ["Tim Armstrong", "Tim Armstrong"], "centerDistance": 0.36819399999999997, "angle": 3.7699111843077517}, {"songs": ["Gangsters", "Stay Rude, Stay Rebel", "Thunder Fist (Album Version)", "Carol", "Some Of Them A Bawl (Aka Having A Bawl)", "I Shall Not Remove", "Don't Play That Song", "My boy lollipop", "Mr Clown", "Na Na Hey Hey (Kiss Him Goodbye)", "Seeds", "Bad Man", "Please Forgive Me", "The Prince", "Scambelena", "Everything For Fun", "Grab A Girl", "I Spy", "King & Queen (babylon)", "Little Miss Princess"], "artists": ["The Specials", "No Sports", "The Aggrolites", "Spook and the Guay", "The Pioneers", "Derrick Morgan", "Derrick Morgan", "Byron Lee & The Dragonaires", "Babylon Circus", "The Pioneers", "Monty Montgomery", "Joe White", "Westbound Train", "Madness", "Roland Alphonso", "The Bleechers", "Glen Adams", "The Untouchables", "Lord Creator", "Lord Creator"], "centerDistance": 0.26659299999999997, "angle": 5.026548245743669}]