[{"songs": ["Legend", "Amnesia", "Here to Stay", "Several Mistakes in a Row", "Waste away", "Love Peace and Ecstasy", "Just My Luck (Chronic Mix)", "Sunday", "A.W.K.", "Tell Your Mama", "Silence", "Butterfly", "Cadillac", "The Gigantomakhia", "Woodpecker From Mars", "Golden Quest (LP Version)", "Toccata", "Virtuosa", "Wonderful Land", "I Am On Your Side (Instrumental Version)"], "artists": ["Roots of Rebellion", "Roots of Rebellion", "Arthur Yoria", "Arthur Yoria", "Spinecar", "DJ Markitos", "Four Stones", "Cargo Cult", "Andrew W.K.", "JAG", "Atomic Opera", "Jeff Wahl", "Andrew W.K.", "The Bakerton Group", "Faith No More", "Steve Morse Band", "Alex Masi", "Borislav Mitic", "Tony Iommi", "Hawthorne Heights"], "centerDistance": 0.33479905, "angle": 0.0}, {"songs": ["Neo-Traditional No. 1", "Astral Dub"], "artists": ["Tilopa", "Stargarden"], "centerDistance": 0.37825800000000004, "angle": 1.2566370614359172}, {"songs": ["Dream of Spain", "Grapes for wine"], "artists": ["Minstrel Spirit", "Minstrel Spirit"], "centerDistance": 0.34581700000000004, "angle": 2.5132741228718345}, {"songs": ["Deliverance", "Full Tank"], "artists": ["Blues Saraceno", "Blues Saraceno"], "centerDistance": 0.4737345, "angle": 3.7699111843077517}, {"songs": ["Theoria", "Denial"], "artists": ["Human Response", "Human Response"], "centerDistance": 0.328244, "angle": 5.026548245743669}]