[{"songs": ["Wah Dat Fah", "Bruk Out", "Back It Up", "Conscience", "Life Sweet", "Haters", "Hotta", "Deth Rock", "Tek Time", "Bad From Mi Born", "Dutty Wine", "First Position", "Healthy Body", "Lolly", "The Beach", "What The Hell", "Miss Fatty", "Find A Good Man", "Bush Caash", "I Stand Alone"], "artists": ["Baby Cham", "Buccaneer", "Beenie Man", "Baby Cham", "Vybz Kartel", "T.O.K.", "T.O.K.", "Mad Cobra", "Kiprich", "Munga", "Tony Matterhorn", "Mega Banton", "Admiral Bailey", "Aidonia", "Mega Banton", "Echo Minott", "Million Stylez", "Lady Saw", "Aidonia", "Glen Washington"], "centerDistance": 0.13633090000000003, "angle": 0.0}, {"songs": ["So Right"], "artists": ["Glen Washington"], "centerDistance": 0.18233, "angle": 1.2566370614359172}, {"songs": ["Give It To Her", "Everyone Falls In Love"], "artists": ["Tanto Metro & Devonte", "Tanto Metro & Devonte"], "centerDistance": 0.172043, "angle": 2.5132741228718345}, {"songs": ["Bandelero", "A Who Seh Ne Dun (Wake De Man)", "As It Dun Load It Back", "Bun Fi Bun", "Kuff", "Call The Police"], "artists": ["Pinchers", "Cutty Ranks", "Jigsy King", "Captain Barkey", "Shelly Thunder", "John Wayne"], "centerDistance": 0.21132283333333335, "angle": 3.7699111843077517}, {"songs": ["Trash And Ready", "Arleen"], "artists": ["Super Cat", "General Echo"], "centerDistance": 0.17482349999999997, "angle": 5.026548245743669}]