[{"songs": ["Raylene", "The Action", "Crash Head on into Love", "Can't Be Touched", "Everything's Gonna Be Alright", "Take This Hammer", "Downtown Blues", "Rain So Hard", "Love Blues", "Stick on You", "Pig Meat Strut", "Diddie Wa Diddie", "Fast Mail Rambler", "You Got To Love Me", "What Have I Done Wrong", "Joliet Blues", "Po' Boy", "Chain Gang Blues", "Blake's Worried Blues", "Goin' Out Have Myself A Ball"], "artists": ["Doug MacLeod", "Keb' Mo'", "Lonnie Brooks", "T-Model Ford", "Little Walter", "Leadbelly", "Frank Stokes", "Otis Taylor", "Keb' Mo'", "Otis Taylor", "Big Bill Broonzy", "Blind Blake", "Lightnin' Hopkins", "Billy Boy Arnold", "Magic Sam", "Johnny Shines", "Sonny Terry & Brownie McGhee", "Kokomo Arnold", "Blind Blake", "Robert Pete Williams"], "centerDistance": 0.4270079000000001, "angle": 0.0}, {"songs": ["last time", "tennessee song"], "artists": ["Precious Bryant", "Precious Bryant"], "centerDistance": 0.45908899999999997, "angle": 1.2566370614359172}, {"songs": ["Pistol Packin Mama", "Thirteen Chillun"], "artists": ["Big Jack Johnson", "Big Jack Johnson"], "centerDistance": 0.45747150000000003, "angle": 2.5132741228718345}, {"songs": ["This Pain In My Heart", "Third Degree", "Seventh Son"], "artists": ["Willie Dixon", "Eddie Boyd", "Willie Mabon"], "centerDistance": 0.45872133333333337, "angle": 3.7699111843077517}, {"songs": ["Gallows Pole", "Rest Your Saddle"], "artists": ["Alvin Youngblood Hart", "Alvin Youngblood Hart"], "centerDistance": 0.4554045, "angle": 5.026548245743669}]