[{"songs": ["Come To The Dance", "The Chapel Lead Is Missing", "Garden of Earthly Delights", "Servo", "When The Music's Over (LP Version)", "Half Full Glass Of Wine", "War Movie", "fall before waking", "Into The Cryptic Mist", "The League For Spiritual Discovery Lives", "Cubehead", "The River", "Bhairavi", "Celestial Hysteria", "Sittin' Back Easy", "Ragathon Part 2", "Through The Smoke", "Gil", "Vision", "Northern Soul"], "artists": ["The Barron Knights", "The Barron Knights", "Arzachel", "The Brian Jonestown Massacre", "The Doors", "Tame Impala", "Jefferson Airplane", "The Morning After Girls", "The Bevis Frond", "Liquid Sound Company", "Liquid Sound Company", "Quicksilver Messenger Service", "Siena Root", "Melting Euphoria", "Patto", "Mecki Mark Men", "Vocokesh", "Jumbo", "Afterglow", "Darker My Love"], "centerDistance": 0.0053518499999999965, "angle": 0.0}, {"songs": ["Universal Indians (Tribute to Albert Ayler)"], "artists": ["Dark Meat"], "centerDistance": 0.019100000000000006, "angle": 1.2566370614359172}, {"songs": ["Waving My Arms In The Air", "I Never Lied To You"], "artists": ["Syd Barrett", "Syd Barrett"], "centerDistance": 0.003027000000000002, "angle": 2.5132741228718345}, {"songs": ["Lipsill", "Om Du Vore En Vakthund"], "artists": ["Dungen", "Dungen"], "centerDistance": 0.009855500000000017, "angle": 3.7699111843077517}, {"songs": ["Bulgaria", "Bombay Calling"], "artists": ["It's a Beautiful Day", "It's a Beautiful Day"], "centerDistance": 0.012822499999999959, "angle": 5.026548245743669}]