[{"songs": ["I Only Have Eyes For You", "Daydreams (LP Version)", "I'm Walkin' (LP Version)", "Walk On By", "Silly Boy (She Doesn't Love You) (1991 Digital Remaster)", "Lucky Devil", "They Can't Love Like You and Me", "When Liking Turns to Loving", "Dance With A Dolly", "Band Of Gold", "Your Song", "(Everybody Loves) Saturday Night", "Lovers By Night, Strangers By Day", "My Colouring Book", "America", "Outside The Gates Of Heaven", "(Baby) You Don't Have To Tell Me", "Midnight Voyage", "Keep Searchin'", "Young Girl"], "artists": ["The Lettermen", "Johnny Crawford", "Johnny Crawford", "Helen Shapiro", "The Lettermen", "Frank Ifield", "Ronnie Dove", "Ronnie Dove", "Damita Jo", "Mel Carter", "Bobby Goldsboro", "The Serendipity Singers", "The Fleetwoods", "Dusty Springfield", "Trini Lopez", "Lou Christie", "The Walker Brothers", "The Mamas & The Papas", "Del Shannon", "Gary Puckett & The Union Gap"], "centerDistance": 0.08287505000000002, "angle": 0.0}, {"songs": ["Long Days"], "artists": ["The Marbles"], "centerDistance": 0.172798, "angle": 1.2566370614359172}, {"songs": ["Spring Is Here (LP Version)"], "artists": ["Bobby Darin"], "centerDistance": 0.10310200000000003, "angle": 2.5132741228718345}, {"songs": ["Yesterday  (LP Version)"], "artists": ["The Toys"], "centerDistance": 0.16646799999999995, "angle": 3.7699111843077517}, {"songs": ["Poor Me", "It's Almost Tomorrow"], "artists": ["Adam Faith", "Mark Wynter"], "centerDistance": 0.1623385, "angle": 5.026548245743669}]