[{"songs": ["White Christmas", "Don't Tell (That Sweet Ole Lady Of Mine)", "You Really Haven't Changed"], "artists": ["Richie McDonald", "Johnny Carver", "Johnny Carver"], "centerDistance": 0.19526766666666662, "angle": 0.0}, {"songs": ["Still A Woman", "Plastic Saddle", "Some Music", "No News", "Old Shep", "In Care Of The Blues", "Tennessee Blues", "It Is What It Is", "Christmas Lights", "Victim Of Life's Circumstances", "Up Jumped The Devil", "If We Never Meet Again This Side Of Heaven", "Stranger Blues", "In The Jailhouse Now", "Gumbo John", "You Better Run", "Time Changes Everything", "Lovesick Blues", "On The Road Again", "Tickle Yore Innards"], "artists": ["Margo Smith", "Nat Stuckey", "Libero Vox", "Lonestar", "Red Foley", "Patsy Cline", "Shannon McNally", "The Highwaymen", "Richie McDonald", "Delbert McClinton", "Clarence \"Gatemouth\" Brown", "Leon Redbone", "Jesse Fuller", "Leon Redbone", "Tony Joe White", "Roy Rogers", "Roy Rogers", "Charlie McCoy", "Charlie McCoy", "Th' Legendary Shack*Shakers"], "centerDistance": 0.16927019999999998, "angle": 1.2566370614359172}, {"songs": ["Bob Away My Blues", "That's All There Is"], "artists": ["Clint Black", "Lee Roy Parnell"], "centerDistance": 0.189745, "angle": 2.5132741228718345}, {"songs": ["Paper Sack", "Leroy Feller's Blues"], "artists": ["Mark Lemhouse", "Mark Lemhouse"], "centerDistance": 0.0219395, "angle": 3.7699111843077517}, {"songs": ["Blue Yodel (T For Texas)", "Poor Boy in Jail"], "artists": ["Jimmie Rodgers", "Dock Boggs"], "centerDistance": 0.195548, "angle": 5.026548245743669}]