[{"songs": ["Franqueza", "Yo Vivo Mi Vida", "El Rey", "Envidia", "Las Ciudades", "Quisiera Decir tu Nombre", "Santa Lucia", "NO TE VAYAS", "Tengo Una Debilidad (Alternate Mix)", "Perdida", "Perhaps, Perhaps, Perhaps", "Madrugal", "Luna de Abril", "La Nave Del Olvido", "Contigo", "Alma", "en la soledad", "Alg\u00fan dia volver\u00e1s", "Comprensi\u00f3n", "De Mil Maneras"], "artists": ["Pedro Vargas", "Leo Marini", "Luis Miguel", "Antonio Mach\u00edn", "Chavela Vargas", "Jos\u00e9 Luis Perales", "Ricardo Montaner", "Gilberto Santa Rosa", "Antonio Mach\u00edn", "Alfredo Sadel", "Lila Downs", "Caf\u00e9 Tacuba", "Mar\u00eda Dolores Pradera", "Jos\u00e9 Jos\u00e9", "Rosana", "Andr\u00e9s Cepeda", "Tito Rodriguez", "Roberto Faz", "Roberto Faz", "La Sonora Santanera"], "centerDistance": 0.29517334999999995, "angle": 0.0}, {"songs": ["Lamberto Quintero", "Cancion Mixteca"], "artists": ["Antonio Aguilar", "Pedro Vargas Con Miguel Aceves Mejia"], "centerDistance": 0.2484075, "angle": 1.2566370614359172}, {"songs": ["Como Poder Saber Si Te Amo", "Las Manos"], "artists": ["Leonardo Favio", "Sandro"], "centerDistance": 0.353657, "angle": 2.5132741228718345}, {"songs": ["Vengo Averte Otra Vez", "El Hijo del Pueblo"], "artists": ["Jorge Negrete", "Jorge Negrete"], "centerDistance": 0.2512185, "angle": 3.7699111843077517}, {"songs": ["Mi Vida", "Casi Un Bolero", "Piel Canela (Alternate Mix)"], "artists": ["Jos\u00e9 Jos\u00e9", "Ricky Martin", "Bobby Capo"], "centerDistance": 0.37812833333333334, "angle": 5.026548245743669}]