[{"songs": ["I'll Never Forget", "The Escape", "Makin Whoopie", "Lovers Are Crazy", "Dweller on the Threshold", "That Was Then, This Is Now", "It's Getting Better", "Peace Pipe", "Late Nite", "Orange", "Pooper", "Mechanical Frenzy", "I-680 Waltz", "Cool Wind, Green Hills", "Pu-de-Arara (Full length Version)", "I'll Be There", "Tokyo", "Naima", "Monument Shine", "Head For Backstage Pass"], "artists": ["Marc Seal", "Marc Seal", "Eric Johnson", "Steve Vai", "Joe Satriani", "Andy Timmons", "Andy Timmons", "Gary Hoey", "Neal Schon", "Joboj", "Joboj", "Steve Morse Band", "Michael Lee Firkins", "Steve Morse", "Kiko Loureiro", "Uli Jon Roth", "Dann Huff", "Steve Lukather", "Dave Weiner", "Jeff Beck"], "centerDistance": 0.27244279999999993, "angle": 0.0}, {"songs": ["Born Loser", "Roulette Set"], "artists": ["Paul Gilbert", "Paul Gilbert"], "centerDistance": 0.3287205, "angle": 1.2566370614359172}, {"songs": ["No Gravity (Full length Version)"], "artists": ["Kiko Loureiro"], "centerDistance": 0.29381, "angle": 2.5132741228718345}, {"songs": ["Madonna Che Supressa"], "artists": ["Zappacosta"], "centerDistance": 0.43885700000000005, "angle": 3.7699111843077517}, {"songs": ["Funk"], "artists": ["Blues Saraceno"], "centerDistance": 0.42074900000000004, "angle": 5.026548245743669}]