[{"songs": ["Matilde Lina", "Envidia"], "artists": ["Alfredo Guti\u00e9rrez", "Armando Hernandez y Su Conjunto"], "centerDistance": 0.3282535, "angle": 0.0}, {"songs": ["El Mudo", "El Porro Maganguele\u00f1o", "Capullo y Sorullo", "Nunca Me Voy A Transformar En Ti", "Hasta Siempre Comandante", "Gitana", "Canci\u00f3n Para Un O.G.T.", "El Canto De La Serpiente", "El berembemben", "Carmen Elena", "La Bala", "Una Rafaga de Amor", "Amandonos", "Soledad", "Poquito A Poquito", "La Negra Caliente", "Otra Vez El Amor", "Porque Te Quiero", "Las Clases Del Cha Cha Cha", "La Tracalera"], "artists": ["La Sonora Santanera", "Celso Pi\u00f1a", "La Sonora Dinamita", "Caifanes", "Celso Pi\u00f1a", "Daniela Romo", "El Gran Silencio", "El Gran Silencio", "Chicos De Barrio", "Pedro Laza Y Sus Pelayeros", "Rigo Tovar", "R\u00e1faga", "R\u00e1faga", "El Combo De Las Estrellas", "Sonora Tropicana", "Pedro Laza Y Sus Pelayeros", "Bronco", "Sonora Tropicana", "Rigo Tovar", "Selena"], "centerDistance": 0.24188959999999998, "angle": 1.2566370614359172}, {"songs": ["Se Me Perdio La Cadenita", "Enamorando (Sin Querer Queriendo)", "Navidad Sin Mi Madre"], "artists": ["La Sonora Dinamita", "Los Warahuaco", "Los Toros Band"], "centerDistance": 0.33117, "angle": 2.5132741228718345}, {"songs": ["Siento", "Cumbia infierno", "Babilonia", "EL CANELAZO"], "artists": ["Dusminguet", "La Troba Kung-F\u00fa", "Dusminguet", "Don Medardo y sus Players"], "centerDistance": 0.25298975, "angle": 3.7699111843077517}, {"songs": ["Soy Campesino", "No Me Desesperes"], "artists": ["Ska Cubano", "Ska Cubano"], "centerDistance": 0.401318, "angle": 5.026548245743669}]