[{"songs": ["Viva la Fiesta", "Come Along Now (English Version)", "Bushes", "Tryin'"], "artists": ["2 Eivissa", "Despina Vandi", "Markus Nikolai", "Alex Gopher"], "centerDistance": 0.38729424999999995, "angle": 0.0}, {"songs": ["Bonded", "Un Tout Petit Bout De Nuit", "DARE (Dare refix)", "Sometimes Almost Heaven", "Easy Peasy", "First Day (Extended Version)", "U Got Me", "Get Up (Parade Mix)", "You Are Mine", "Life and Music", "Housetrack", "Dead Can Dance"], "artists": ["808 State", "Ame Strong", "Gorillaz", "Illumination", "Fluke", "Timo Maas", "Room 5", "Byron Stingily", "Hideo Kobayashi", "Miguel Migs", "Alex Neri", "Rin\u00f4\u00e7\u00e9r\u00f4se"], "centerDistance": 0.43903091666666666, "angle": 1.2566370614359172}, {"songs": ["Baci", "Temperamental (Ananda Project Remix)", "Boss Drum (Beatmasters radio mix)", "Magic Flight", "Secrets (King Britt Sunset Mix)", "Sunmachine (Bossi Meets Cyrus And The Joker Club Mix)", "Steppin' Out (Monkey Bars Silver Spoons Mix)", "Too Good To Be True", "Aya"], "artists": ["Dino", "Everything But The Girl", "The Shamen", "2 Fabiola", "Ananda Project", "Dario G", "Kaskade", "Modjo", "Su-Paka-Pooh"], "centerDistance": 0.41826022222222226, "angle": 2.5132741228718345}, {"songs": ["Enjoy The Ride", "Don't Make Me Wait"], "artists": ["X-Press 2", "X-Press 2"], "centerDistance": 0.4851525, "angle": 3.7699111843077517}, {"songs": ["To Get Down (radio mix)", "No Melody", "Lola's Theme (Eric Prydz mix)", "I Like The Way", "Capoeira (Jeff Bennett's Dub Mix)", "Songs Like This", "I Believe (in Love Again)", "The Sun Rising (Norty's Spago mix)"], "artists": ["Timo Maas", "Turntablerocker", "Shapeshifters", "Bodyrockers", "H\u00e5kan Lidbo", "Special Interest", "Louie Austen", "The Beloved"], "centerDistance": 0.43508674999999997, "angle": 5.026548245743669}]