[{"songs": ["Love You Girl (LP Version)", "Double Triptamine Superautomatic Everlovin' Man (LP Version)", "Loaded for Bear", "Pony Express", "My Song", "Strictly from Hunger: Workshop", "White Rabbit", "How Do You Feel", "1983... (A Merman I Should Turn to Be)", "Golden Hair", "Born To Be Burned", "Octopus", "Volcano", "Slower Than Guns", "Come And Buy", "Iron Butterfly Theme", "Heavenly Man", "Ocean", "(We Ain't Got) Nothin' Yet", "The Night Time's For You"], "artists": ["The Great Society", "The Great Society", "The Amboy Dukes", "The Amboy Dukes", "The Pretty Things", "Hunger", "Grace Slick & The Great Society", "Jefferson Airplane", "The Jimi Hendrix Experience", "Syd Barrett", "Grace Slick & The Great Society", "Syd Barrett", "Elmer Gantry's Velvet Opera", "Iron Butterfly", "Arthur Brown", "Iron Butterfly", "Pink Fairies", "The Velvet Underground", "The Blues Magoos", "Steppenwolf"], "centerDistance": 0.044236700000000004, "angle": 0.0}, {"songs": ["Number 14 (Stereo LP Version)", "Mushroom Clouds (Stereo Version)"], "artists": ["Love", "Love"], "centerDistance": 0.0, "angle": 1.2566370614359172}, {"songs": ["Unfree Child [Single Version]"], "artists": ["The West Coast Pop Art Experimental Band"], "centerDistance": 0.02893699999999999, "angle": 2.5132741228718345}, {"songs": ["Completion"], "artists": ["The Crazy World of Arthur Brown"], "centerDistance": 0.050926999999999945, "angle": 3.7699111843077517}, {"songs": ["One More Trip (live in Joshua Tree)", "Three Eyes Open (live in Joshua Tree)"], "artists": ["Dark Meat", "Dark Meat"], "centerDistance": 0.19157199999999996, "angle": 5.026548245743669}]