[{"songs": ["Shine Language", "The Warning"], "artists": ["Lifesavas", "Lifesavas"], "centerDistance": 0.4054415, "angle": 0.0}, {"songs": ["5th And Fashion (Explicit Version)", "Get A Job", "All Behind Me", "Don't Test", "Fresstyle Dedication feat. Supernatural", "Hillcrest", "Catacomb Kids", "That Brooklyn Shit", "Deception", "Sweet Unique Pete (Featuring Black Silver)", "She Said (Mike Caren Remix)", "Another Way Out", "The Age of Sacred Terror", "The Last Trumpet Halou Remix (feat Lateef)", "Gotta Get It (feat. Kenn Starr)", "Once Upon a Time", "Not the Average", "Over", "Reality Check", "(more) Pawns (than) Dons"], "artists": ["Little Brother", "Justus League", "John Robinson", "John Robinson", "Freestyle Fellowship", "Freestyle Fellowship", "Aesop Rock", "Danger Mouse & Jemini", "Blackalicious", "Kool Keith", "The Pharcyde", "7L & Esoteric", "Jedi Mind Tricks", "Lyrics Born", "LMNO and Kev Brown", "La Coka Nostra", "Jeru the Damaja", "Tanya Morgan", "Binary Star", "LMNO"], "centerDistance": 0.37279439999999997, "angle": 1.2566370614359172}, {"songs": ["Nothing But Time", "Inside"], "artists": ["Kenn Starr", "Kenn Starr"], "centerDistance": 0.40011300000000005, "angle": 2.5132741228718345}, {"songs": ["Rainbows", "Money Folder"], "artists": ["Madvillain", "Madvillain"], "centerDistance": 0.393185, "angle": 3.7699111843077517}, {"songs": ["Help Me Sing", "Hookslide"], "artists": ["Asamov", "Asamov"], "centerDistance": 0.408334, "angle": 5.026548245743669}]