[{"songs": ["Starts Bangin", "All City", "Real As Can Be", "Bump That Shit", "Hahaha", "Lessons", "Burn Fetish", "Sky Box", "Philistine David", "Smash", "You Can't Hide, You Can't Run (Explicit)", "Def Do Us (Clean Version)", "Uptown (Remix)", "Yesterday & Today (Album Version)", "Opera", "Lay You Down", "Live 90.3 '94", "The Gathering", "Hip Hop Ryde", "Inside A Change (Intro)"], "artists": ["Saint Dog", "Pugslee Atomz", "Brother Ali", "DGAF", "Tanya Morgan", "PackFM", "Eyedea & Abilities", "Camp Lo", "Brother Ali", "Polyrhythm Addicts", "Dilated Peoples", "Slum Village", "Camp Lo", "Murs", "Cyne", "Randam Luck", "Latyrx", "Living Legends", "Abstract Rude", "Statik Selektah"], "centerDistance": 0.08332644999999998, "angle": 0.0}, {"songs": ["The Louisiana Purchase"], "artists": ["Akir"], "centerDistance": 0.09524100000000002, "angle": 1.2566370614359172}, {"songs": ["Intro", "Head Of The State"], "artists": ["Cali Agents", "Cali Agents"], "centerDistance": 0.14235499999999995, "angle": 2.5132741228718345}, {"songs": ["Outro", "Time", "It's Over Now"], "artists": ["Mr. SOS", "Mr. SOS", "Supastition"], "centerDistance": 0.09768966666666663, "angle": 3.7699111843077517}, {"songs": ["Looks Like Magic", "Hurting Me So Much"], "artists": ["Get Busy Committee", "Get Busy Committee"], "centerDistance": 0.09569549999999999, "angle": 5.026548245743669}]