[{"songs": ["A Million Miles Away", "Pulling Mussels (From The Shell)", "Up The Junction", "The Hardest Part", "Turning Japanese", "Red Skies", "Legal Tender (Album Version)", "Biko (2001 Digital Remaster)", "Mesopotamia", "I Got You", "So Long", "Strange Towns", "Do You Want To Hold Me", "Friend Or Foe", "What's So Bad About Feeling Good?", "The Glamour Of Motion (Album Version)", "Elvis's House (Album Version)", "Rave On (live 1982)", "Total Control (2002 Digital Remaster)", "All The Way In"], "artists": ["The Plimsouls", "Squeeze", "Squeeze", "Blondie", "The Vapors", "The Fixx", "The B-52's", "Simple Minds", "The B-52's", "Split Enz", "Fischer-Z", "Wreckless Eric", "Bow Wow Wow", "Adam Ant", "Wang Chung", "Figures On A Beach", "Figures On A Beach", "Marshall Crenshaw", "The Motels", "Cutting Crew"], "centerDistance": 0.056744100000000006, "angle": 0.0}, {"songs": ["Johnny B. Goode", "Keep On Running"], "artists": ["The Romantics", "The Romantics"], "centerDistance": 0.0, "angle": 1.2566370614359172}, {"songs": ["Sleeping And Waking", "Angels Never Call"], "artists": ["'Til Tuesday", "'Til Tuesday"], "centerDistance": 0.06269049999999998, "angle": 2.5132741228718345}, {"songs": ["Yesterday's Love", "Turning Up The Heat"], "artists": ["Any Trouble", "Any Trouble"], "centerDistance": 0.16961500000000002, "angle": 3.7699111843077517}, {"songs": ["Johnny On The Monorail", "Kid Dynamo"], "artists": ["The Buggles", "The Buggles"], "centerDistance": 0.1859865, "angle": 5.026548245743669}]