[{"songs": ["Stairway To The Stars", "A Walk In The Black Forest", "The Golden Tango", "Waltzing Bugle Boy", "The Happy Organ", "Zambesi", "Song From Moulin Rouge", "Beautiful Love", "Memories Are Made of This", "Theme from \"A Summer Place\"", "Autumn Leaves", "The Tennessee Waltz", "Spanish Lace (1995 Digital Remaster)", "Shangri-La", "The Poor People of Paris", "The Look Of Love", "On Broadway", "No Can Do", "Harbor Lights", "Spanish Flea/ Fond Play (Medley)"], "artists": ["David Rose", "Herb Alpert and The Tijuana Brass", "Frank Chacksfield", "Frank Chacksfield", "Dave \"Baby\" Cortez", "Bert Kaempfert", "Percy Faith & His Orchestra", "Percy Faith", "Ray Conniff", "The Lettermen", "Bill Pursell", "Patti Page", "Gene McDaniels", "The Lettermen", "Les Paul & Mary Ford", "Burt Bacharach", "Bobby Darin", "Xavier Cugat", "Guy Lombardo", "Baja Marimba Band"], "centerDistance": 0.24810269999999995, "angle": 0.0}, {"songs": ["What Do You Know About Love"], "artists": ["David Rose"], "centerDistance": 0.0, "angle": 1.2566370614359172}, {"songs": ["A Walk In The Black Forest", "Cast Your Fate To The Wind"], "artists": ["Horst Jankowski", "Sounds Orchestral"], "centerDistance": 0.21722349999999996, "angle": 2.5132741228718345}, {"songs": ["Wish You Were Here", "I'll Walk Alone"], "artists": ["Eddie Fisher", "Don Cornell"], "centerDistance": 0.3064235, "angle": 3.7699111843077517}, {"songs": ["Theme From \"The Apartment\"", "Green Leaves Of Summer", "Return Of The Seven", "Watch What Happens"], "artists": ["Ferrante & Teicher", "Hollywood Studio Orchestra", "Hollywood Studio Orchestra", "Denny McLain"], "centerDistance": 0.33451074999999997, "angle": 5.026548245743669}]