[{"songs": ["Center Of My Joy", "Come Over Here (Previously Unissued Track)", "Amazing Grace", "Didn't It Rain", "how i got over", "Precious Lord", "Heaven's Grocery Store", "The First Face I Want To See", "Mother Pray", "I'm On The Firing Line", "A Whole Nation", "Ain't No Need of Crying", "Born Free", "We Sing Glory", "Thank You", "Take The Time", "Just A Little While To Stay Here", "Jesus Is The Way", "Precious Lord Take My Hand", "Whatcha Gon Do"], "artists": ["The Sensational Nightingales", "Harmonizing Four", "Charlie Rich", "Sister Rosetta Tharpe", "Clara Ward", "The Blind Boys of Alabama", "The Dixie Hummingbirds", "Candi Staton", "Ben Harper and The Blind Boys of Alabama", "Sam Cooke & the Soul Stirrers", "Kirk Franklin", "The Rance Allen Group", "Clara Ward", "Fred Hammond", "V3", "V3", "Irma Thomas", "James Morrison", "Mavis Staples", "Kelly Price"], "centerDistance": 0.3680282000000001, "angle": 0.0}, {"songs": ["Simply Redeemed", "Here I Am To Worship"], "artists": ["Heather Headley", "Heather Headley"], "centerDistance": 0.41436999999999996, "angle": 1.2566370614359172}, {"songs": ["I Know Someone", "Secret Place"], "artists": ["The Winans", "The Winans"], "centerDistance": 0.41451350000000003, "angle": 2.5132741228718345}, {"songs": ["God In Me", "Can't Give Up Now"], "artists": ["Mary Mary featuring Kierra 'Kiki' Sheard", "Mary Mary"], "centerDistance": 0.413694, "angle": 3.7699111843077517}, {"songs": ["Thankful", "For My Good"], "artists": ["Byron Cage", "Byron Cage"], "centerDistance": 0.41454100000000005, "angle": 5.026548245743669}]