[{"songs": ["Break Down The House", "The Rub (I Never Rock)", "Let It Go", "Float Away"], "artists": ["Laidback Luke", "Kurd Maverick", "Dirty South", "Robbie Rivera"], "centerDistance": 0.057221750000000016, "angle": 0.0}, {"songs": ["Naf Monk (Marc Romboy's Remix)"], "artists": ["Kerowack"], "centerDistance": 0.02025699999999997, "angle": 1.2566370614359172}, {"songs": ["White Knight Two", "Texas"], "artists": ["Surkin", "Benjamin Theves"], "centerDistance": 0.045748999999999984, "angle": 2.5132741228718345}, {"songs": ["Body Crash (Laidback Luke Remix)", "Magenta (Original Mix)"], "artists": ["Buy Now", "Arno Cost & Arias"], "centerDistance": 0.040018, "angle": 3.7699111843077517}, {"songs": ["No Reasons", "Bucci Bag", "Everytime (Shifter & Carvell Remix)", "Let the bass kick in miami bitch", "Exceeder", "Put your Hands Up", "Space", "Night Music", "No Need For Machines", "Better Than Prince", "Seems So Far", "Feel the Hard Rock (Up to No Good)", "The Octagon (Mashtronic Remix)", "Perfect (Exceeder) (Radio Edit)", "I Love U (feat. Peter Stormare)", "Return Of Elsa Gillis", "I Won't Let You Down", "The Pulse", "Somebody's Watching Me", "Jupiter Room (Martian Assault Mix)"], "artists": ["Alex Armes", "Andrea Doria", "Lustral", "Chuckie & LMFAO", "Mason", "Richard Dinsdale", "Micha Moor", "Linus Loves", "Dada Life", "Flairs", "S\u00e9bastien L\u00e9ger", "Hardrox", "Openair", "Mason vs Princess Superstar", "David Vendetta", "Steve Ellington Band", "Audio Bullys", "Digitalism", "Royal Gigolos", "Digitalism"], "centerDistance": 0.06362789999999999, "angle": 5.026548245743669}]