[{"songs": ["Long Days", "Walk Away"], "artists": ["The Marbles", "The Marbles"], "centerDistance": 0.16945949999999999, "angle": 0.0}, {"songs": ["I Only Have Eyes For You", "I'm Walkin' (LP Version)", "Daydreams (LP Version)", "Walk On By", "Come Back Silly Girl (1991 Digital Remaster)", "Lucky Devil", "They Can't Love Like You and Me", "Dance With A Dolly", "Band Of Gold", "Your Song", "(Everybody Loves) Saturday Night", "Lovers By Night, Strangers By Day", "Spring Is Here (LP Version)", "My Colouring Book", "America", "Outside The Gates Of Heaven", "(Baby) You Don't Have To Tell Me", "Poor Me", "Midnight Voyage", "Keep Searchin'"], "artists": ["The Lettermen", "Johnny Crawford", "Johnny Crawford", "Helen Shapiro", "The Lettermen", "Frank Ifield", "Ronnie Dove", "Damita Jo", "Mel Carter", "Bobby Goldsboro", "The Serendipity Singers", "The Fleetwoods", "Bobby Darin", "Dusty Springfield", "Trini Lopez", "Lou Christie", "The Walker Brothers", "Adam Faith", "The Mamas & The Papas", "Del Shannon"], "centerDistance": 0.07739655, "angle": 1.2566370614359172}, {"songs": ["My Foolish Heart", "Lonely"], "artists": ["Danny Williams", "Danny Williams"], "centerDistance": 0.0, "angle": 2.5132741228718345}, {"songs": ["Yesterday  (LP Version)"], "artists": ["The Toys"], "centerDistance": 0.15927599999999997, "angle": 3.7699111843077517}, {"songs": ["Around The Corner (From My House)", "Tic Tac Toe"], "artists": ["Jewel Akens", "Jewel Akens"], "centerDistance": 0.17545200000000005, "angle": 5.026548245743669}]