[{"songs": ["Flowtation", "One Night In N.Y.", "Beyond Horizon", "Things You Say", "Second Turn", "Punjabi Child", "The Wolf", "Addicted", "Leaving Paradise", "1998 (Paul Van Dyk Remix)", "Clear Blue", "Chunky Monkey", "Amnesia", "Falling Anywhere", "North Pole", "Symsonic", "Back", "Fly Away", "Tribute", "Prayer for a God"], "artists": ["Vincent de Moor", "M.I.K.E.", "Enmass", "Pulser", "Jonas Steur", "Airwave", "Cold Blue", "Signum", "Rex Mundi", "Binary Finary", "Markus Schulz", "Enmass", "Nitrous Oxide", "Kyau vs. Albert", "Solid Globe", "Rank 1", "Airbase", "Vincent de Moor", "DJ Shog", "Darren Tate"], "centerDistance": 0.24306120000000003, "angle": 0.0}, {"songs": ["Split Decision (Intro Mix)", "Save It For A Rainy Day"], "artists": ["John O'Callaghan", "John O'Callaghan"], "centerDistance": 0.16930499999999998, "angle": 1.2566370614359172}, {"songs": ["Lost Angeles", "Borealis"], "artists": ["DJ Eco", "DJ Eco"], "centerDistance": 0.23616950000000003, "angle": 2.5132741228718345}, {"songs": ["Summer Skin", "Fever"], "artists": ["JPL", "Cold Blue"], "centerDistance": 0.3278385, "angle": 3.7699111843077517}, {"songs": ["The Return", "On the 7th Day", "Go Get Vodka", "Wonders"], "artists": ["8 Wonders", "Darren Tate", "Bobina", "Airbase"], "centerDistance": 0.27558575, "angle": 5.026548245743669}]