[{"songs": ["Schoolboy", "Sinner's Prayer"], "artists": ["Fenton Robinson", "Fenton Robinson"], "centerDistance": 0.31695399999999996, "angle": 0.0}, {"songs": ["Mean Old Frisco", "I Love Only You", "Rockinitis", "Vacation", "Mellow Down Easy", "T-Bone Walker (Steve's House 1952) (Live)", "Diggin' My Potatoes", "Jelly Roll King", "The Blues Follow Me Around", "Last Night", "Baby What You Want Me To Do", "Now What You Gonna Do", "Juke", "Man Trouble Blues", "Key To The Highway", "Don't Worry 'bout Me", "I Hear You Knockin'", "I Got A Home", "Rock Me", "I Love A Lover Like You"], "artists": ["Little Walter", "Billy Boy Arnold", "Billy Boy Arnold", "T-Bone Walker", "Carey Bell", "T-Bone Walker", "James Cotton", "Frank Frost", "Billy Branch", "Carey Bell", "Johnny Dyer", "Frank Frost", "Charlie Musselwhite", "Jaybird Coleman", "Buddy Guy & Junior Wells", "Snooky Pryor", "Lazy Lester", "Peg Leg Sam", "The Paul Butterfield Blues Band", "Koko Taylor"], "centerDistance": 0.12519075, "angle": 1.2566370614359172}, {"songs": ["Johnny's Boogie (Instrumental)"], "artists": ["Johnny Dyer"], "centerDistance": 0.24173599999999995, "angle": 2.5132741228718345}, {"songs": ["Shake Your Hips", "Baby Scratch My Back", "The Blues Never Die"], "artists": ["Slim Harpo", "Slim Harpo", "Otis Spann"], "centerDistance": 0.15527800000000003, "angle": 3.7699111843077517}, {"songs": ["Came Home This Morning", "Back To Bogalusa"], "artists": ["Chicago Bob Nelson", "Chicago Bob Nelson"], "centerDistance": 0.32589500000000005, "angle": 5.026548245743669}]