[{"songs": ["Come Leh We Jam", "Pussycat", "We Reach", "Jump", "With Or Without You", "Bacchanal", "Wet Me", "Bee's Melody", "Savannah Party", "Jockey Shorts", "Adeline", "High Mass", "Pressure Boom", "I Got To Dance", "woman on the bass", "Wukking Up", "Drivers Wanted", "Madder Dan Dat", "Soca Train", "Woop Wap"], "artists": ["Calypso Rose", "Calypso Rose", "Iwer George", "Rupee", "Machel Montano & Xtatik", "Destra Garcia", "Krosfyah feat. Edwin Yearwood", "Lord Kitchener", "David Rudder", "Mr. Lee", "Lord Pretender", "Byron Lee & The Dragonaires", "RICKY T", "Natahlee", "Scrunter", "Patrice Roberts", "Denise Belfon", "Machel Montano", "Maximus Dan", "Shurwayne Winchester"], "centerDistance": 0.37362735, "angle": 0.0}, {"songs": ["Let It Be Me"], "artists": ["Earl Brooks"], "centerDistance": 0.41402399999999995, "angle": 1.2566370614359172}, {"songs": ["Blaze It Up", "Raise Yuh Hand"], "artists": ["Bunji Garlin", "Bunji Garlin"], "centerDistance": 0.3333825, "angle": 2.5132741228718345}, {"songs": ["Fish", "Kitty Cat"], "artists": ["Peter Ram", "Square One feat. Andy Armstrong"], "centerDistance": 0.37251049999999997, "angle": 3.7699111843077517}, {"songs": ["I Dare You", "Big Phat Fish", "Georgetown Girl", "Bills", "Wave Wid Me", "Ragga Ragga", "Chippin' (with me own woman)", "Spread The Love"], "artists": ["Destra", "Machel Montano", "Eddy Grant", "Arrow", "Alison Hinds feat. Peter Ram", "Red Plastic Bag", "Farmer Nappy", "Mr. Slaughter"], "centerDistance": 0.42479275, "angle": 5.026548245743669}]