[{"songs": ["Keep High / Stay Low", "Bummer", "Everything Can Be Magic", "Spread Me", "Trapeze Freak", "Superjudge", "Sleep Walkin'", "Hammer's Fallin'", "Shaker", "It Flies Again", "The Bitch Is Bach", "One Dollar Records", "she's yours", "Hold Your Nose", "The Fool And You", "I Hunt Alone", "Eight", "I Don't Have To Hide", "Holiday In Altamont", "Mystic Lover"], "artists": ["Bad Wizard", "Monster Magnet", "OJM", "OJM", "Fu Manchu", "Monster Magnet", "Masters of Reality", "Halfway to Gone", "Nebula", "Fireball Ministry", "Drunk Horse", "Drunk Horse", "A Thousand Knives of Fire", "A Thousand Knives of Fire", "Year Long Disaster", "Mustasch", "Karma To Burn", "Black NASA", "Halfway to Gone", "Brain Police"], "centerDistance": 0.11838839999999999, "angle": 0.0}, {"songs": ["Whoo"], "artists": ["Bad Wizard"], "centerDistance": 0.0, "angle": 1.2566370614359172}, {"songs": ["Heartbeats"], "artists": ["Supershine"], "centerDistance": 0.17775399999999997, "angle": 2.5132741228718345}, {"songs": ["Sawhill", "Blood Don't Pay"], "artists": ["Five Horse Johnson", "Five Horse Johnson"], "centerDistance": 0.17938349999999997, "angle": 3.7699111843077517}, {"songs": ["Penchant for the Divine", "King Brimstone"], "artists": ["On a Pale Horse", "On a Pale Horse"], "centerDistance": 0.17936200000000002, "angle": 5.026548245743669}]