[{"songs": ["Di Fronte All'Amore", "Soli", "Al Di La", "Sospesa Ad Un Filo", "Il Cuore E' Uno Zingaro", "E Gli Altri Dormono", "La Musica", "Donna Donna Mia", "Angelo", "Tutto a posto", "Il Destino (Guitar Piano Mix)", "Bella", "L'Isola Degli Sfigati", "Montagne Verdi", "Fiori", "Io Che Non Vivo Senza Te", "Zanzare", "Addormentarmi cosi'", "Resta Con Me", "Torno subito"], "artists": ["Dusty Springfield", "Drupi", "Jerry Vale", "I Corvi", "NICOLA DI BARI", "Raf", "INDIETRO", "Toto Cutugno", "Francesco Renga", "Nomadi", "INDIETRO", "Riccardo Cocciante", "Luca Dirisio", "Marcella Bella", "Povia", "Francesco Renga", "Povia", "Gigliola Cinquetti", "Morgan", "Max Pezzali"], "centerDistance": 0.24994269999999993, "angle": 0.0}, {"songs": ["What A Sky", "A Casa D'Irene"], "artists": ["Nico Fidenco", "Nico Fidenco"], "centerDistance": 0.30965200000000004, "angle": 1.2566370614359172}, {"songs": ["Epilogo", "Sei ottavi in blues"], "artists": ["Piero Umiliani", "Piero Umiliani"], "centerDistance": 0.33384, "angle": 2.5132741228718345}, {"songs": ["Sognando la California", "Liberi"], "artists": ["Dik Dik", "I Corvi"], "centerDistance": 0.30748549999999997, "angle": 3.7699111843077517}, {"songs": ["A chi", "Io che amo solo te", "Avevo Un Cuore Che Ti Amava Tanto"], "artists": ["Fausto Leali", "Sergio Endrigo", "Mino Reitano"], "centerDistance": 0.291589, "angle": 5.026548245743669}]