[{"songs": ["I Will Survive", "Surprise", "Favorite Things"], "artists": ["Lonnie Gordon", "Crystal Waters", "Kristine W."], "centerDistance": 0.30579, "angle": 0.0}, {"songs": ["Be Free (Original Vocal)", "Took My Life", "De Niro (Choirs In Vietnam Reprise)", "De Niro (Full Circle Remix)", "Rythm of Life", "Why can't we live together (Al-Faris & Andrew Wooden Remix)", "Lola's Theme (2008 Re-Edit)", "Days Go By (Full Vocal Mix)", "Angelinos", "Feel What You Want", "I Want More - Cling On To Me (DJ Paulo Anthem Remix)", "Feel The Love (Saffron Mix II)", "Water", "Take Off", "Always And Forever (Grant Nelson's Neo-Funk Club Mix)", "Lost", "Feel It (Architechs Dub Mix)", "Feel It (The Cheeky Dub)", "Elektro", "The Octagon (Club Mix)"], "artists": ["Live Element", "Vernessa Mitchell", "Disco Evangelists", "Disco Evangelists", "Sin Plomo", "Sin Plomo", "Shapeshifters", "Dirty Vegas", "Morgan Page", "Kristine W.", "Amuka", "Rui Da Silva", "Rui Da Silva", "Antoine Clamaran", "Chocolate Puma", "Roger Sanchez", "Inaya Day", "Inaya Day", "Outwork Feat. Mr Gee", "Openair"], "centerDistance": 0.2823135, "angle": 1.2566370614359172}, {"songs": ["One world"], "artists": ["Julien Creance"], "centerDistance": 0.27680800000000005, "angle": 2.5132741228718345}, {"songs": ["Tell Me Why (Original Club Mix)", "Pusher (Lifelike Remix)", "S.O.S. (Message In A Bottle) (Delano & Crockett Remix)"], "artists": ["Supermode", "Shapeshifters", "Filterfunk"], "centerDistance": 0.3109906666666667, "angle": 3.7699111843077517}, {"songs": ["EverythingU (Superchumbo mix)"], "artists": ["Superchumbo"], "centerDistance": 0.31422399999999995, "angle": 5.026548245743669}]