[{"songs": ["Superstring", "Infected (Mark!'s Basstoy Mix)"], "artists": ["Cygnus X", "Barthezz"], "centerDistance": 0.039029499999999995, "angle": 0.0}, {"songs": ["On the Move", "Hypnotised (Vocals Tiff Lacey) (Deepsky's Radio Reaktor Remix) (Radio Edit)", "Bellissima (Radio Edit)", "Together - 4 Clubbers Radio Alternative Mix", "Nights On Java", "Come Into My Dream", "Discoland", "With You", "Alright", "The Launch", "Punk", "Gigi D'Agostino", "Harmonic", "Push Down", "Soul Out There", "Butterfly", "Louder & Prouder", "Show Me A Sign", "Friends", "Rhythm Is A Bass (Ray Knox Remix)"], "artists": ["Barthezz", "Paul Oakenfold", "DJ Quicksilver", "4 Clubbers", "Ian Van Dahl", "Pinball", "Adrima", "Dj Satomi", "Rocco & Bass-T", "DJ Jean", "Ferry Corsten", "Gigi d'Agostino", "Gigi d'Agostino", "Warp Brothers", "Nomansland", "Dream Dance Alliance", "Brooklyn Bounce & Sample Rippers", "Kontakt", "Frank Raven", "DJ Yanny"], "centerDistance": 0.037257200000000004, "angle": 1.2566370614359172}, {"songs": ["Feel the Beat", "9pm (Till I Come)", "Better Off Alone"], "artists": ["Darude", "ATB", "Alice DeeJay"], "centerDistance": 0.03576499999999997, "angle": 2.5132741228718345}, {"songs": ["Goodbye", "1000 Kisses"], "artists": ["Ultrabeat", "Ultrabeat"], "centerDistance": 0.061184499999999975, "angle": 3.7699111843077517}, {"songs": ["Operation Blade", "Luvstruck"], "artists": ["Public Domain", "Southside Spinners"], "centerDistance": 0.03522900000000001, "angle": 5.026548245743669}]