[{"songs": ["I", "Don't Pity Me", "Every Little Thing I Do", "Tonight I Fell In Love", "You're Everything to Me", "Hold Me", "Do You Wanna Rock", "Come Home To My Arms", "Love Never Changes", "Dream Angel Good Night", "Speedo (LP Version)", "Two People In The World", "Don't Ask Me (To Be Lonely)", "I Cover the Waterfront", "Little Star (LP Version)", "Tear Drops", "Long Lonely Nights", "Mary Lee", "Lovers Who Wander", "I've Lied"], "artists": ["The Velvets", "Dion & The Belmonts", "Dion & The Belmonts", "The Tokens", "The Orchids", "The Five Keys", "The Cadets", "The Chordettes", "The Chordettes", "The Tokens", "The Cadillacs", "Little Anthony & The Imperials", "The Dubs", "The Orioles", "The Elegants", "Lee Andrews & The Hearts", "Lee Andrews & The Hearts", "The Rainbows", "Dion", "The Chantels"], "centerDistance": 0.1661634, "angle": 0.0}, {"songs": ["Come Back My Love", "19.50$ Bus"], "artists": ["The Wrens", "The Five Crowns"], "centerDistance": 0.16498549999999995, "angle": 1.2566370614359172}, {"songs": ["For All We Know", "Secret Love", "I'll Be Forever Loving You", "Gloria", "At My Front Door", "Heartaches"], "artists": ["The Orioles", "The Moonglows", "The El Dorados", "The Cadillacs", "The El Dorados", "The Marcels"], "centerDistance": 0.25234833333333334, "angle": 2.5132741228718345}, {"songs": ["Denise", "What's Your Name", "Sorry (I Ran All the Way Home)", "One Summer Night", "I Don't Have to Hunt No More", "Little Star"], "artists": ["Randy & The Rainbows", "Don & Juan", "The Impalas", "The Danleers", "The Five Crowns", "The Elegants"], "centerDistance": 0.25177833333333327, "angle": 3.7699111843077517}, {"songs": ["Lover's Island", "Pretty Little Girl", "Peanuts"], "artists": ["The Blue Jays", "The Monarchs", "Little Joe & The Thrillers"], "centerDistance": 0.22090433333333337, "angle": 5.026548245743669}]