[{"songs": ["Someone Like You", "Angles, Country & Terrain Connu", "Heaven (Cd)", "You Will Always Be", "Sore thumb", "Cotton Candy", "Crash-Pad Driver", "This Train", "NYCgaps", "I Luv the Valley OH!", "Summer Song", "Name On My ID", "Forever Growing Centipedes", "Never Be Alone", "Like The Swallow", "Polaroid Lullaby", "Leave House", "Odyle", "Xtatic Truth", "Peachlight"], "artists": ["New London Fire", "Montag", "Hail Social", "Kristian Stanfill", "Fujiya & Miyagi", "Curve", "Poni Hoax", "WhoMadeWho", "Delorean", "Xiu Xiu", "YACHT", "Polarkreis 18", "The Faint", "Simian", "Saint Etienne", "Honeycut", "Caribou", "Heloise & The Savoir Faire", "Crystal Fighters", "Kotki Dwa"], "centerDistance": 0.014710350000000006, "angle": 0.0}, {"songs": ["3am Spanish", "Work"], "artists": ["Hockey", "Hockey"], "centerDistance": 0.023833500000000007, "angle": 1.2566370614359172}, {"songs": ["tumbling", "secret deals"], "artists": ["maus haus", "maus haus"], "centerDistance": 0.024688000000000043, "angle": 2.5132741228718345}, {"songs": ["Miau Miau", "To My Mr. Smith"], "artists": ["Stereo Total", "Casiotone for the Painfully Alone"], "centerDistance": 0.016203999999999996, "angle": 3.7699111843077517}, {"songs": ["State of Alert (edit)", "Just Impolite", "Protest (Parallel)", "On Planet Off", "Can't Go Out, Can't Stay In"], "artists": ["Radio 4", "Plushgun", "The Dears", "The Notwist", "Whitey"], "centerDistance": 0.01169760000000002, "angle": 5.026548245743669}]