[{"songs": ["The Rose Of Tralee", "Falling In Love", "Time Will Cure Me", "Blaze Away", "Malin Mor", "Native Ground", "The Irish Rover", "Streets of London", "Donegal Danny", "The West of Ireland", "Fishing in Connemara", "The Rich Irish Lady", "When Irish Eyes Are Smiling", "The Song Of The Riddles", "Hiroshima Nagasaki Russian Roulette", "Asthoreen Bawn", "Hares on the Mountain", "Reels: Waiting for a Call / The Spike Island Lassies", "Tell Her I Am; Chorus Jig", "Buile Mo Chro\u00ed"], "artists": ["The Shamrock Singers", "Brendan Shine", "Planxty", "Josef Locke", "Brendan Shine", "Orthodox Celts", "The Pogues & The Dubliners", "Liam Clancy", "Waxies Dargle", "Joe Heaney", "Joe Heaney", "Patrick Street", "Dennis Day", "Willie Clancy", "Moving Hearts", "Brian Coll", "Tommy Makem & Liam Clancy", "Tommy Peoples", "Tommy Peoples", "Karan Casey"], "centerDistance": 0.34863175000000013, "angle": 0.0}, {"songs": ["Whiskey in the Jar", "Muckle John"], "artists": ["Barleyjuice", "Barleyjuice"], "centerDistance": 0.386418, "angle": 1.2566370614359172}, {"songs": ["Tar And Cement", "Ring Of Bright Water"], "artists": ["Joe Dolan", "Val Doonican"], "centerDistance": 0.36714050000000004, "angle": 2.5132741228718345}, {"songs": ["You Brought Me Up", "The Rambling Irishman"], "artists": ["Karan Casey", "Arcady"], "centerDistance": 0.4196975, "angle": 3.7699111843077517}, {"songs": ["No Man's Land", "It's Only Make Believe", "Beyond the Sea (La Mer)"], "artists": ["Barley Bree", "Michael English", "Johnny Desmond"], "centerDistance": 0.33978200000000003, "angle": 5.026548245743669}]