[{"songs": ["Prends ma main", "Rise Up (Easy Rider)", "Till It Shines (LP Version)", "Only Waiting For You  (LP Version)", "Ecology Song  (LP Version)", "Otis And Marlena (LP Version)", "Find Out About Love", "Nothin' To Do But Today (LP Version)", "Through Your Hands (LP Version)", "I Am A Pilgrim", "Earlybird (LP Version)", "Cowboys In Hong Kong (As Far As Siam)", "Engine 999", "Down To The Water (Album Version)", "Song With No Words (Tree With No Leaves)", "Have A Good Life", "My Opening Farewell (live)", "Who'll Stop The Rain", "Land O' Freelove & Goodbye", "Blues In The Bottle"], "artists": ["Crazy Horse", "Brewer & Shipley", "Crosby, Stills & Nash", "Crosby, Stills & Nash", "Stephen Stills", "Joni Mitchell", "Bachman-Turner Overdrive", "Stephen Stills", "David Crosby", "The Byrds", "Eagles", "Red Rider", "The Hooters", "America", "David Crosby", "Brewer & Shipley", "Bonnie Raitt", "Creedence Clearwater Revival", "Cat Stevens", "The Lovin' Spoonful"], "centerDistance": 0.11768595000000001, "angle": 0.0}, {"songs": ["Southern Comfort", "Something in the Way She Moves"], "artists": ["Matthews' Southern Comfort", "Matthews' Southern Comfort"], "centerDistance": 0.11808050000000003, "angle": 1.2566370614359172}, {"songs": ["I Like To Rock", "Your Love Can't Be Right"], "artists": ["April Wine", "Pat Travers"], "centerDistance": 0.21748100000000004, "angle": 2.5132741228718345}, {"songs": ["San Francisco Nights", "Canta conmigo Rock and Roll"], "artists": ["Eric Burdon", "Lone Star"], "centerDistance": 0.2407245, "angle": 3.7699111843077517}, {"songs": ["Higher Power"], "artists": ["Boston"], "centerDistance": 0.257703, "angle": 5.026548245743669}]