[{"songs": ["He'll Have to Go", "El Paso", "Behind Closed Doors", "Rhinestone Cowboy", "North to Alaska", "The Battle Of New Orleans", "Sixteen Tons", "Distant Drums", "Devil Woman", "Take This Job and Shove It", "She Thinks I Still Care"], "artists": ["Jim Reeves", "Marty Robbins", "Charlie Rich", "Glen Campbell", "Johnny Horton", "Johnny Horton", "Tennessee Ernie Ford", "Jim Reeves", "Marty Robbins", "Johnny Paycheck", "George Jones"], "centerDistance": 0.2759697272727273, "angle": 0.0}, {"songs": ["Teddy Bear Song", "Abilene", "Wolverton Mountain", "Once A Day", "Almost Persuaded", "Please Help Me, I'm Falling"], "artists": ["Barbara Fairchild", "George Hamilton IV", "Claude King", "Connie Smith", "David Houston", "Hank Locklin"], "centerDistance": 0.3487673333333334, "angle": 1.2566370614359172}, {"songs": ["For The Good Times", "Make The World Go Away", "Hello Walls", "Young Love", "Walk On By", "Harper Valley P.T.A.", "Oh Lonesome Me"], "artists": ["Ray Price", "Eddy Arnold", "Faron Young", "Sonny James", "Leroy van Dyke", "Jeannie C. Riley", "Don Gibson"], "centerDistance": 0.38103757142857136, "angle": 2.5132741228718345}, {"songs": ["Stand By Your Man", "Rose Garden", "Don't It Make My Brown Eyes Blue", "D-I-V-O-R-C-E"], "artists": ["Tammy Wynette", "Lynn Anderson", "Crystal Gayle", "Tammy Wynette"], "centerDistance": 0.34184575, "angle": 3.7699111843077517}, {"songs": ["King Of The Road", "Dang Me"], "artists": ["Roger Miller", "Roger Miller"], "centerDistance": 0.2984765, "angle": 5.026548245743669}]