[{"songs": ["Jeunesse en p\u00e9ril", "Mort de peur (feat. Issaka)", "Dans le vif", "Chaque fois", "Sol pleureur", "Intro", "J'arrive", "Panam VS Rohff", "Si Loin De Toi", "Tu Nous Connais", "Qui peut me stopper ?", "Interdit en radio (feat. Alino, Swatt)", "One Love", "Freestyle 10", "On S'en Bat Les C******s", "De Best", "Pour Mes Gens", "Du Feu Dans Les Veines", "Les Meurtres Se Font La Nuit", "Lafayette"], "artists": ["Nysay", "Nysay", "Sinik", "Bouch\u00e9es Doubles", "Bouch\u00e9es Doubles", "KDD", "Rohff", "Rohff", "Pit Baccardi", "Fonky Family", "La Fouine", "Alibi Montana", "Youssoupha", "Booba", "La Fouine", "Supr\u00eame NTM", "Psy 4 De La Rime", "Nessbeal", "Stomy Bugsy", "Sidi omar"], "centerDistance": 0.08917740000000002, "angle": 0.0}, {"songs": ["L'arme pour changer (feat. Ibrah)", "M\u00eame si \u00e7a Paie pas"], "artists": ["Medine", "La Brigade"], "centerDistance": 0.2872015, "angle": 1.2566370614359172}, {"songs": ["MC Jean Gabin VS Rap Fran\u00e7ais"], "artists": ["MC Jean Gab'1"], "centerDistance": 0.16246099999999997, "angle": 2.5132741228718345}, {"songs": ["Sonore Cyanure (feat. Siaka)", "Seventies Team (feat. Sept)"], "artists": ["Soklak", "Soklak"], "centerDistance": 0.29680700000000004, "angle": 3.7699111843077517}, {"songs": ["Aversion", "Tu peux pas"], "artists": ["Mac Kregor", "Mac Kregor"], "centerDistance": 0.17955900000000002, "angle": 5.026548245743669}]