[{"songs": ["Travel On", "Time Tough", "Pressure Drop", "Go Crazy", "If it don't work out", "I'm Not a King", "Love Is Overdue", "People Are You Ready", "Melody Life", "Black Disciples", "Bridge Over Troubled Water", "Tribal War", "Book Of Rules", "Rasta Man", "Red Gold And Green", "Moonlight Lover", "Love And Affection", "You Want It (featuring Prince Mydas)", "A Jah Jah", "A Fool Say in His Heart"], "artists": ["Desmond Dekker", "Toots and the Maytals", "Toots and the Maytals", "Inner Circle", "Pat Kelly", "Delroy Wilson", "Gregory Isaacs", "Johnny Osbourne", "Marcia Griffiths", "Burning Spear", "Pat Kelly", "George Nooks", "George Nooks", "Earl Sixteen", "I-Roy", "Jennifer Lara", "Pressure", "Patra", "Rita Marley", "Sister Nancy"], "centerDistance": 0.16501665000000001, "angle": 0.0}, {"songs": ["Broken Hearts", "If You Cry"], "artists": ["Barbara Jones", "Barbara Jones"], "centerDistance": 0.0, "angle": 1.2566370614359172}, {"songs": ["Monkey Man", "Israelites", "It Mek", "Long Shot Kick De Bucket"], "artists": ["The Maytals", "Desmond Dekker & The Aces", "Desmond Dekker & The Aces", "The Pioneers"], "centerDistance": 0.163029, "angle": 2.5132741228718345}, {"songs": ["Interlude", "The Archive"], "artists": ["Staylefish", "Staylefish"], "centerDistance": 0.2563685, "angle": 3.7699111843077517}, {"songs": ["Rainy Night"], "artists": ["Lord Tanamo"], "centerDistance": 0.25708600000000004, "angle": 5.026548245743669}]