[{"songs": ["Telstar (LP Version)"], "artists": ["The Challengers"], "centerDistance": 0.31475, "angle": 0.0}, {"songs": ["Surfing In Siberia", "Fun, Fun, Fun (Live) (2000 Digital Remaster)", "Grudge Run", "Walkin'", "The wedge", "South Phoenix (LP Version)", "Buckeye", "Rock it, creature from the break lagoon", "Miserlou (LP Version)", "Rawhide (aka Surf Drums) (LP Version)", "Twice Pipes (2006 Remastered Album Version)", "101 On The 101", "Holiday Girl (LP Version)", "Sano (LP Version)", "Surfin' Bird", "Carioca", "SS 396", "Joe 90", "Pabst Blue Ribbon", "Plymouth Rock"], "artists": ["Red Elvises", "The Beach Boys", "Dick Dale and His Del-Tones", "Dick Dale", "Dick Dale and His Del-Tones", "Duane Eddy", "Johnny & The Hurricanes", "Messer Chups", "The Lively Ones", "The Lively Ones", "The Marketts", "The Swamp Coolers", "The Centurions", "The Centurions", "The Trashmen", "Los Twang! Marvels", "Paul Revere & The Raiders", "Guana Batz", "The Untamed Youth", "Satan's Pilgrims"], "centerDistance": 0.20138899999999998, "angle": 1.2566370614359172}, {"songs": ["Surfer's Stomp", "Underwater"], "artists": ["The Marketts", "The Frogmen"], "centerDistance": 0.1676975, "angle": 2.5132741228718345}, {"songs": ["Regresan de la Tumba", "Heavy surfer"], "artists": ["Los Tiki Phantoms", "Los Tiki Phantoms"], "centerDistance": 0.3257335, "angle": 3.7699111843077517}, {"songs": ["Chiflado (LP Version)"], "artists": ["The Challengers"], "centerDistance": 0.31475, "angle": 5.026548245743669}]