[{"songs": ["Generation+Red", "Casio Jungle (Album Version)", "A Light That Never Comes On", "Where is Equality", "The Loner", "Bananafishing", "The Deadly Rhythm", "Mind Control", "Fred Army", "I Saw It", "Hands On Stance", "Changing Face", "Tribute", "Diabolica", "It's Fucking Dead", "Past Tense, Future Perfect", "Exit Wounds", "Rules To Follow", "Bullet Proof", "Please Pass the Epicac"], "artists": ["Fucked Up", "Gang Green", "Fucked Up", "Refused", "DYS", "Victims Family", "Refused", "Negative FX", "Sick Of It All", "Deep Wound", "Ignite", "Comeback Kid", "Raised Fist", "Raised Fist", "Tear It Up", "Paint It Black", "Paint It Black", "7Seconds", "Fast Times", "Fast Times"], "centerDistance": 0.10571300000000002, "angle": 0.0}, {"songs": ["Wasted Words (Album Version)", "The Plague (Album Version)"], "artists": ["Death by Stereo", "Death by Stereo"], "centerDistance": 0.15885800000000005, "angle": 1.2566370614359172}, {"songs": ["Paper (Recorded Live At WMBR 9/94)", "Truth (Recorded Live At WMBR 9/94)"], "artists": ["Tree", "Tree"], "centerDistance": 0.0, "angle": 2.5132741228718345}, {"songs": ["I Won't Kill for You", "Breakdown"], "artists": ["Ill Repute", "Decry"], "centerDistance": 0.15357349999999997, "angle": 3.7699111843077517}, {"songs": ["Joshua's Song (1991 Digital Remaster)", "Riot Squad (1991 Digital Remaster)"], "artists": ["Bad Brains", "Bad Brains"], "centerDistance": 0.1530535, "angle": 5.026548245743669}]