[{"songs": ["Tout va bien", "Silence (feat. Anoo)", "En Croisi\u00e8re", "Ma Jonque Est Jaune", "En Avril A Paris", "Rue de Lappe", "La Ferme Du Bonheur", "Tout Va Bien", "Voici les cl\u00e9s", "Julie", "Je N'Aurai Pas Le Temps", "Ma Vie Est Une Larme", "J'Aime Pas L'Amour", "L'ange Du Soleil", "La mer", "Un Enfant Quitte Paris", "Je suis vous tous qui m'\u00e9coutez", "L'inventaire", "Et moi je chante", "Triste Compagne"], "artists": ["Guillaume Ledent", "Guillaume Ledent", "Jean Fauque", "Jean Fauque", "Jacqueline Fran\u00e7ois", "Marcel Mouloudji", "Claude Fran\u00e7ois", "Cali", "G\u00e9rard Lenorman", "Mano Solo", "Michel Fugain", "Christophe Ma\u00e9", "Olivia Ruiz", "Hiripsim\u00e9", "Charles Trenet", "Jean Ferrat", "Jeanne Moreau", "Aldebert", "G\u00e9rard Lenorman", "B\u00e9nabar"], "centerDistance": 0.27684685000000003, "angle": 0.0}, {"songs": ["Embrasse-Moi Bien"], "artists": ["Jacqueline Fran\u00e7ois"], "centerDistance": 0.27729899999999996, "angle": 1.2566370614359172}, {"songs": ["Le fils  de ma m\u00e8re"], "artists": ["Bertrand Soulier"], "centerDistance": 0.31254400000000004, "angle": 2.5132741228718345}, {"songs": ["Elle Panique"], "artists": ["Olivia Ruiz"], "centerDistance": 0.31423900000000005, "angle": 3.7699111843077517}, {"songs": ["L'\u00eele Du D\u00e9dain"], "artists": ["Alain Souchon"], "centerDistance": 0.31240900000000005, "angle": 5.026548245743669}]