[{"songs": ["Long Train Runnin'", "40 Reasons", "Eudemon", "Olivia", "Loner", "So Far Gone", "Arctic Song", "Bellwether", "Broken Picture Window", "Rag Mama Rag", "Villified", "Mama", "But Still...", "Gypsy Woman"], "artists": ["56 Hope Road", "Assembly of Dust", "Steve Kimock Band", "Trey Anastasio", "Ekoostik Hookah", "Strangefolk", "Ekoostik Hookah", "Lotus", "New Monsoon", "Blues Traveler", "Galactic", "Strangefolk", "Addison Groove Project", "Martin Sexton"], "centerDistance": 0.28553942857142856, "angle": 0.0}, {"songs": ["Carbohydrates Are The Enemy", "Welcome to the Donkey Show"], "artists": ["RAQ", "RAQ"], "centerDistance": 0.3323025, "angle": 1.2566370614359172}, {"songs": ["Blue and Gold", "Shine", "Intercooler", "Green And Grey", "Sister", "Mutha Fucka", "Welcome To The Basement", "Hate Frame", "Psychedelic Sex Machine", "Shakedown Street", "Merl's Tune", "Never Had It", "Miss America", "Shortchange", "Gene And Willie Conjure The Cave Demon", "Joyful Noise", "Gang Of Thieves", "Another Day", "Same Price", "In An Instant"], "artists": ["56 Hope Road", "Trey Anastasio", "Monkey Business", "Virginia Coalition", "Dave Matthews & Tim Reynolds", "Babas\u00f3nicos", "Jerry Garcia", "Benevento/Russo Duo", "North Mississippi Allstars", "Phil Lesh & Friends", "Merl Saunders", "Flobots", "Agents of Good Roots", "Agents of Good Roots", "Quicksilver Messenger Service", "The Derek Trucks Band", "State Radio", "Addison Groove Project", "Gov't Mule", "Sim Redmond Band"], "centerDistance": 0.32698184999999996, "angle": 2.5132741228718345}, {"songs": ["Nebraska", "Stranger Than Fiction"], "artists": ["moe.", "moe."], "centerDistance": 0.2957895, "angle": 3.7699111843077517}, {"songs": ["celebrate your youth (featuring modereko)", "Earth Jam"], "artists": ["Keller Williams", "B\u00e9la Fleck and the Flecktones"], "centerDistance": 0.355055, "angle": 5.026548245743669}]