[{"songs": ["My Last Go Around"], "artists": ["Big Maceo Merriweather"], "centerDistance": 0.414864, "angle": 0.0}, {"songs": ["Pretty Baby", "Track to Run", "Must Have been The Devil", "Why Do Things Have To Change", "Ain't Nobody's Business", "Mellow Down Easy", "I Want The Whole World To Know", "Fox Squirrel", "Got to Be Some Changes Made", "Midnight Prowler", "The Flame (LP Version)", "I Want To Be With You (Live @ The Troubadour, LosAngeles)", "Rock This House", "Linda Lou", "Frank Frost Blues", "It Was A Dream", "Do You Love Me?", "Sunnyland Train", "Standing At The Crossroads", "Blind Man"], "artists": ["Jimmy Johnson", "Jimmy Johnson", "Otis Spann", "Lonnie Brooks", "Otis Spann", "Little Walter", "J.B. Lenoir", "J.B. Lenoir", "Albert King", "Frank Frost", "The Paul Butterfield Blues Band", "The Paul Butterfield Blues Band", "Jimmy Rogers", "Mike Bloomfield", "Jelly Roll Kings", "John Brim", "Willie Kent", "Elmore James", "Elmore James", "Little Milton"], "centerDistance": 0.21075019999999997, "angle": 1.2566370614359172}, {"songs": ["It's Alright"], "artists": ["Mighty Joe Young"], "centerDistance": 0.36018700000000003, "angle": 2.5132741228718345}, {"songs": ["Walking By Myself", "24 Hours", "I'm Mad"], "artists": ["Jimmy Rogers", "Eddie Boyd", "Willie Mabon"], "centerDistance": 0.3338103333333333, "angle": 3.7699111843077517}, {"songs": ["She Made My Blood Run Cold", "Trace Of You"], "artists": ["Rod Piazza & The Mighty Flyers", "Rod Piazza & The Mighty Flyers"], "centerDistance": 0.425326, "angle": 5.026548245743669}]