[{"songs": ["Juliet Dj Cam remix", "Innervisions Mighty Bop remix", "Road To Nowhere", "Chime Out", "I Would Love To Give Up", "Florida", "Test. Don't Test.", "Escape", "Last Girl on Earth", "(Exchange)", "Killer Hippie (Bad Vibrations Mix)", "Summer's Gonna Hurt You", "PLanet", "Safe From Harm (Perfecto Mix)", "Trans Fatty Acid", "Sioux", "Spy Like an Angel", "Dreddoverboard", "Midnight In A Perfect World", "Ophelia's Song (Geyser Remix)"], "artists": ["DJ Cam", "DJ Cam", "DJ Krush", "Nightmares On Wax", "Halou", "Diplo", "Attica Blues", "Airlock", "Supreme Beings of Leisure", "Massive Attack", "Morcheeba", "Diplo", "Saru", "Massive Attack", "Lamb", "The Silk Demise", "Waldeck", "Nightmares On Wax", "DJ Shadow", "Musetta"], "centerDistance": 0.0325526, "angle": 0.0}, {"songs": ["Colloque sentimental", "Le vaste espace"], "artists": ["Doctor Flake", "Doctor Flake"], "centerDistance": 0.0455295, "angle": 1.2566370614359172}, {"songs": ["Bom Bom Diggy", "Contradictive"], "artists": ["Tricky", "Tricky"], "centerDistance": 0.03205650000000004, "angle": 2.5132741228718345}, {"songs": ["Telephone", "Watermelon sugar"], "artists": ["Howie B", "Howie B"], "centerDistance": 0.07088099999999997, "angle": 3.7699111843077517}, {"songs": ["The Big Sea", "The Gown", "Paper Bag"], "artists": ["Funki Porcini", "Anja Garbarek", "Goldfrapp"], "centerDistance": 0.0737686666666667, "angle": 5.026548245743669}]