[{"songs": ["Garlic Bread", "Because I Got High", "Hair", "Pack Up", "In Tha South", "Taking My Ball", "Boiler Room Shuffle", "Rhyme The Rhyme Well", "Can I Get a Witness", "That's Why", "Nemoj Se Bojat", "Right Now (Album Version)", "Happy Birthday", "Flim Flam (Interlude)", "$1,000 Car", "Smoke Buddah", "En Boca De Tantos", "Handlebars (UK Radio Edit)", "Summertime", "Dissappointed"], "artists": ["Goldie Lookin' Chain", "Afroman", "Atmosphere", "Lyrics Born", "Arrested Development", "Eminem", "MC Devvo & Shady Piez", "Beastie Boys", "Run-D.M.C.", "Dirty Diggers", "Edo Maajka", "Fort Minor", "Flipsyde", "OutKast", "C-Side", "Redman", "Porta", "Flobots", "Big Brovaz", "Tonedeff"], "centerDistance": 0.27622179999999996, "angle": 0.0}, {"songs": ["Life Is Really a Trip", "We'll Die"], "artists": ["Blestenation", "Blestenation"], "centerDistance": 0.336055, "angle": 1.2566370614359172}, {"songs": ["Link Love"], "artists": ["Ide"], "centerDistance": 0.32032000000000005, "angle": 2.5132741228718345}, {"songs": ["Panacea For The Poison"], "artists": ["Flobots"], "centerDistance": 0.327136, "angle": 3.7699111843077517}, {"songs": ["On the J.O.B."], "artists": ["Mood Ruff"], "centerDistance": 0.327241, "angle": 5.026548245743669}]