[{"songs": ["With Arms Wide Open (Strings)", "Tongue", "What's Your Name"], "artists": ["Creed", "Saliva", "Theory of a Deadman"], "centerDistance": 0.40310566666666664, "angle": 0.0}, {"songs": ["In The Garden", "America", "Touch Of Madness", "Hey Cisco", "Livin' On Dreams", "Living And Dying", "Don't Give Your Heart Away", "Heaven Knows", "Have Love Will Travel", "Fortuneteller", "Don't Think It Matters", "Electric Church", "Black Train", "Eyes Of A Stranger", "Don't Stop Living In The Red", "Can't Keep My Women Down", "Train", "Believe in me", "Rock Fever", "I've Had Enough (Into The Fire)"], "artists": ["Heyday", "Spinal Tap", "Night Ranger", "Deep Purple", "Gary Moore", "Scorpions", "Harem Scarem", "Jeff Scott Soto", "Ian Gillan", "Deep Purple", "Status Quo", "Tuff", "Montrose", "Y&T", "Andrew W.K.", "Tattoo Rodeo", "Tattoo Rodeo", "Jeff Scott Soto", "Rainbow", "Kiss"], "centerDistance": 0.3782661, "angle": 1.2566370614359172}, {"songs": ["As Far As You Can"], "artists": ["Heyday"], "centerDistance": 0.0, "angle": 2.5132741228718345}, {"songs": ["Always On The Run", "Every Universe"], "artists": ["Joey Tempest", "Joey Tempest"], "centerDistance": 0.4031475, "angle": 3.7699111843077517}, {"songs": ["Diane On The Cross", "A Voice to Preserve", "Perception Management"], "artists": ["Something Happens", "Kinesis", "Kinesis"], "centerDistance": 0.403146, "angle": 5.026548245743669}]