[{"songs": ["A Gozar Con Mi Combo", "Linda Guajira"], "artists": ["Cachao", "Roberto Torres"], "centerDistance": 0.09466799999999997, "angle": 0.0}, {"songs": ["Malanga Muri\u00f3", "Oriente en cuna Florida", "Bayamo y el Cha Cha Cha", "Que Paso M\u00e1s Ch\u00e9vere", "Beso Discreto", "Buey Viejo", "Bamboleo", "Luisa: trilog\u00eda de ritmos cubanos", "Siboney", "Isora Club", "Castellano, Que Bueno Que Baila Usted", "La Unica", "Chivo que rompe tamb\u00f3", "Ana?s", "La Rumbantela", "Caballo Viejo", "Azabache", "Con poco coco", "Vicenta", "Y SI LA VUELVO A VER"], "artists": ["Sierra Maestra", "Roberto Faz", "Roberto Faz", "Vieja Trova Santiaguera", "Eliades Ochoa", "septeto nacional de ignacio pi\u00f1eiro", "Celia Cruz", "Estudiantina Invasora", "Omara Portuondo", "Rub\u00e9n Gonz\u00e1lez", "Familia Valera Miranda", "Bebo Vald\u00e9s", "Bola de Nieve", "Orlando Cachaito Lopez", "Sonora Carruseles", "Roberto Torres", "Estudiantina Invasora", "Bebo Vald\u00e9s", "Familia Valera Miranda", "Yumuri y Sus Hermanos"], "centerDistance": 0.09141460000000004, "angle": 1.2566370614359172}, {"songs": ["Siempre con swing (Intro.)", "No Aguanto M\u00e1s"], "artists": ["Orlando Cachaito Lopez", "La Sonora Matancera"], "centerDistance": 0.17508, "angle": 2.5132741228718345}, {"songs": ["Si En Un Final (bolero)", "Si Sabes Bailar Mi Son (son)"], "artists": ["Eliades Ochoa Y El Cuarteto Patria", "Eliades Ochoa Y El Cuarteto Patria"], "centerDistance": 0.030579000000000023, "angle": 3.7699111843077517}, {"songs": ["La M\u00e1s Bella Canci\u00f3n", "Rubalcaba"], "artists": ["Soneros de Verdad", "Soneros de Verdad"], "centerDistance": 0.02553799999999995, "angle": 5.026548245743669}]