[{"songs": ["Qu\u00e9 Bolero!", "Cosa Rica", "Mi Pachanga", "Con Olor A Hierba", "Que Te Qued\u00f3", "Se Me Notan Tus Besos", "Se Me Notan Tus Besos (Balada)", "Sensual", "Un Beso", "With You", "Cenizas", "Cuando Ya No me Quieras", "Mu\u00e9velo", "Jurame", "Siempre Te Amar\u00e9", "Luna Latina", "Me Gusta Todo De Ti (Pero T\u00fa No)", "Hoy Puede Ser Un Gran Dia", "Si Te Vas - Tangos", "Tarantos Del T\u00edo Enrique - Taranta"], "artists": ["Ram\u00f3n Orlando", "David Lee Garza y Los Musicales", "Banda Pachuco", "Banda Pachuco", "David Lee Garza y Los Musicales", "Graciela Beltr\u00e1n", "Graciela Beltr\u00e1n", "Roberto Perera", "Roberto Perera", "Son by Four", "Bobby Cruz", "Bobby Cruz", "Son by Four", "Gisselle", "Aida Cuevas", "Nestor Torres", "Pio Leyva", "Familia Valera Miranda", "Juan Habichuela", "Juan Habichuela"], "centerDistance": 0.33078325, "angle": 0.0}, {"songs": ["Dime Qui\u00e9n", "Nadie Como T\u00fa", "Los Tres Besos"], "artists": ["A.B. Quintanilla III Y Los Kumbia All Starz", "Ram\u00f3n Orlando", "Ramon Orlando"], "centerDistance": 0.184677, "angle": 1.2566370614359172}, {"songs": ["Escondido", "Todo Sigue Igual"], "artists": ["Luis Fonsi", "Luis Fonsi"], "centerDistance": 0.39166199999999995, "angle": 2.5132741228718345}, {"songs": ["Hoy No Me Puedo Levantar", "Mujer Contra Mujer"], "artists": ["Ana Torroja y Miguel Bos\u00e9", "Ana Torroja y Miguel Bos\u00e9"], "centerDistance": 0.36472499999999997, "angle": 3.7699111843077517}, {"songs": ["Volver A Verte", "Costumbres"], "artists": ["Shaila D\u00farcal", "Shaila D\u00farcal"], "centerDistance": 0.43783700000000003, "angle": 5.026548245743669}]