[{"songs": ["2CV", "Let's Play Cricket", "Dial.", "known(1)", "Under", "A World Generated Every Answer Ever For All to Know", "Medieval Ruins", "Back A4", "Snowy Lava", "Tesla AC/ID", "Circles Ltd.", "Manic Thru Tone", "Wild Overtone Wind", "Ballast (Triangle)", "Crowley", "Headspin", "Make It Easy", "Sticklebrick Symphony", "Fetlar", "Key Nell 2"], "artists": ["\u00b5-Ziq", "Gimmik", "Autechre", "Autechre", "Kelpe", "Tstewart", "Novel 23", "Monoceros", "Ametsub", "Mr. 76ix", "Tilman Ehrhorn", "Casino Versus Japan", "Frog Pocket", "Bola", "Fisk Industries", "Plaid", "Lusine", "Ochre", "Frog Pocket", "Gescom"], "centerDistance": 0.06056650000000001, "angle": 0.0}, {"songs": ["Camellia (Kado remix)", "Camellia (The Rumblist remix)"], "artists": ["Cheju", "Cheju"], "centerDistance": 0.0, "angle": 1.2566370614359172}, {"songs": ["Your Secrets, A Few Words", "Koku"], "artists": ["To Rococo Rot and I-Sound", "To Rococo Rot and I-Sound"], "centerDistance": 0.077015, "angle": 2.5132741228718345}, {"songs": ["Fuss"], "artists": ["CiM"], "centerDistance": 0.024899000000000004, "angle": 3.7699111843077517}, {"songs": ["Close"], "artists": ["CiM"], "centerDistance": 0.024899000000000004, "angle": 5.026548245743669}]