[{"songs": ["El Ausente", "Morir Por Tu Amor"], "artists": ["Mariachi Los Caporales", "Los Rurales De Gilberto Parra"], "centerDistance": 0.07904, "angle": 0.0}, {"songs": ["Las Golondrinas", "La Espiga", "El Rancho Grande", "Indita Mia", "Huele a peligro", "T\u00fa de que vas", "Tampico Hermoso", "Ojos Tapat\u00edos", "Cielo Rojo", "Bonita, Bonita", "Que No Me Olvide", "La Cama De Piedra", "Guitarras Lloren Guitarras", "El Tren", "Popurri Ranchero", "La Hierbita", "Me Saludas A La Tuya", "Burro", "Sin Fortuna", "Diganle"], "artists": ["Mariachi Oro Juvenil", "Miguel Aceves Mejia Con El Mariachi Vargas De Tecalitlan", "Mariachi Veracruz", "David Zaizar", "Beatriz Adriana", "Beatriz Adriana", "Los Rurales De Gilberto Parra", "Alejandro Fern\u00e1ndez", "Pepe Aguilar", "Pablo Montero", "Bronco", "Cuco S\u00e1nchez", "Cuco S\u00e1nchez", "Mariachi Silvestre Vargas", "Guadalupe Pineda", "Los Tipicos De Abasolo De Tilantongo, Oaxaca", "Paquita La Del Barrio", "Beck", "Gerardo Reyes", "El Piporro"], "centerDistance": 0.2680002, "angle": 1.2566370614359172}, {"songs": ["Amor del Alma", "Un Nuevo Nido"], "artists": ["Jos\u00e9 Alfredo Jim\u00e9nez", "Joan Sebastian"], "centerDistance": 0.2761255, "angle": 2.5132741228718345}, {"songs": ["La Gloria Eres Tu", "La Cecilia", "Adios, Amor Te Vas", "Es Differente", "No Se Porque", "Si Tu Te Enamoraras De Mi"], "artists": ["Mariachi Los Caporales", "Miguel Aceves Mejia Con El Mariachi Vargas De Tecalitlan", "Mariachi Arriba Juarez", "Ana Gabriel", "Jorge Negrete", "Jorge Negrete"], "centerDistance": 0.11920933333333333, "angle": 3.7699111843077517}, {"songs": ["Que Bonita Es Mi Tierra"], "artists": ["Mariachi Oro Juvenil"], "centerDistance": 0.03237100000000004, "angle": 5.026548245743669}]