[{"songs": ["On The Sunny Side Of The Street", "The Weight", "Flying Home", "My Old Flame", "The End Of A Love Affair", "Someone To Love", "The Tender Trap", "Can Anyone Explain?", "Long As You're Living", "Let's Do It", "Only The Lonely", "High Wire", "Something Cool", "A Tisket A Tasket", "Honeysuckle Rose", "Don't Be That Way", "Summer (Estat\u00e9)", "Let There Be Love", "Remember", "Strollin'"], "artists": ["Billie Holiday", "Cassandra Wilson", "Ella Fitzgerald", "Dinah Washington", "Laverne Butler", "Erin Boheme", "Stacey Kent", "Ella Fitzgerald & Louis Armstrong", "Karrin Allyson", "Erin Boheme", "Shirley Horn", "Tierney Sutton", "Carol Sloane", "Natalie Cole", "Mildred Bailey", "Stacey Kent", "Shirley Horn", "June Christy", "Robin McKelle", "Karrin Allyson"], "centerDistance": 0.03952515000000001, "angle": 0.0}, {"songs": ["Give Me The Simple Life", "Satin Doll"], "artists": ["Lorez Alexandria", "Lorez Alexandria"], "centerDistance": 0.007403500000000007, "angle": 1.2566370614359172}, {"songs": ["Yesterday", "I Wonder"], "artists": ["Cassandre McKinley", "Cassandre McKinley"], "centerDistance": 0.07458399999999998, "angle": 2.5132741228718345}, {"songs": ["In The Pines", "You"], "artists": ["Erin Bode", "Erin Bode"], "centerDistance": 0.14465449999999996, "angle": 3.7699111843077517}, {"songs": ["A Kiss to Build A Dream On", "Twisted", "Too Darn Hot (Live)"], "artists": ["Ann Hampton Callaway", "Ann Hampton Callaway", "Sara Gazarek"], "centerDistance": 0.07940200000000001, "angle": 5.026548245743669}]