[{"songs": ["Nature Stripped", "Treacherous Head", "Candle", "14", "Rich As A King, Weak As A Dead Fish", "Watch Me Disappear", "Oipic", "Driving for the Storm", "Caroline", "Enemies", "Teaching Pupils", "Diamonds", "Spectacular Memory", "Are You Magnetic? (Acoustic)", "Burn", "Living Thing", "Spanish Sea", "Who's Ya Daddy? (LP Version)", "Turn", "The Vineyard"], "artists": ["Skunkhour", "Skunkhour", "Cordrazine", "Cordrazine", "The Sleepy Jackson", "Augie March", "Powderfinger", "Gyroscope", "The Badloves", "Motor Ace", "The Bank Holidays", "Something With Numbers", "Faker", "Faker", "Alex Lloyd", "The Badloves", "Gerling", "Gerling", "Bob Evans", "Augie March"], "centerDistance": 0.25170155000000005, "angle": 0.0}, {"songs": ["Thanks for Your Time", "Learnalilgivinanlovin"], "artists": ["Gotye", "Gotye"], "centerDistance": 0.2753205, "angle": 1.2566370614359172}, {"songs": ["Don't Fight It", "Cruel Guards"], "artists": ["The Panics", "The Panics"], "centerDistance": 0.2856105, "angle": 2.5132741228718345}, {"songs": ["Hard Act To Follow", "Hold On Me"], "artists": ["Grinspoon", "Grinspoon"], "centerDistance": 0.2996625, "angle": 3.7699111843077517}, {"songs": ["Anymore", "Anything Goes (Alan Moulder Remix)"], "artists": ["End of Fashion", "End of Fashion"], "centerDistance": 0.2870645, "angle": 5.026548245743669}]