[{"songs": ["Bella's Birthday Cake", "Foreshadowing (2006 Remastered LP Version)", "Where Have All The Cowboys Gone? (E-Team Drugstore Cowboy Radio Edit Version)", "Anticlimactic", "Both Hands", "Sleeping Beauty", "I've Gotta See You Smile", "How to Grow a Woman from the Ground", "One More For Love", "For Nancy ('Cos It Already Is)", "Nat King Cole", "Don't Be Fooled", "Invisible Sun", "Not Sorry", "Not Lie Down", "Blue Sky Blues", "Nobody's Off The Hook", "The Golden Road", "The Bar Is A Beautiful Place", "Strangest Thing"], "artists": ["Five For Fighting", "Duncan Sheik", "Paula Cole", "The City on Film", "Jay Brannan", "Mark Eitzel", "Leigh Nash", "Tom Brosseau", "Five For Fighting", "Pete Yorn", "Adam Green", "Jay Clifford", "Jay Clifford", "Terra Naomi", "Willy Mason", "Ryan Adams", "Rufus Wainwright", "Pete Yorn", "Ryan Adams", "Grant-Lee Phillips"], "centerDistance": 0.05899485000000001, "angle": 0.0}, {"songs": ["Song to the Siren", "Mission to the Moon"], "artists": ["Charlotte Martin", "Charlotte Martin"], "centerDistance": 0.06124750000000001, "angle": 1.2566370614359172}, {"songs": ["O Holy Night", "Father Christmas"], "artists": ["Cary Brothers", "Cary Brothers"], "centerDistance": 0.183238, "angle": 2.5132741228718345}, {"songs": ["Time For Me To Ruin Everything", "Hang A Sign"], "artists": ["John Ralston", "John Ralston"], "centerDistance": 0.16459200000000002, "angle": 3.7699111843077517}, {"songs": ["House Full Of Riches (LP Version)", "Rancho Santa Fe", "Closer To Love", "Cold As The Clay", "Heretics", "The Ghost Parade", "Mysteries of Love", "Perfect Love  (LP Version)", "Postcard From Mars", "Come On (Sessions@AOL Version)"], "artists": ["Duncan Sheik", "Evan Dando", "Mat Kearney", "Greg Graffin", "Andrew Bird", "Ed Harcourt", "Antony and the Johnsons", "Marc Cohn", "Howie Day", "Ben Jelen"], "centerDistance": 0.16198649999999998, "angle": 5.026548245743669}]