[{"songs": ["Help You Dream", "Buzz Buzz A-Diddle-It", "Five Feet Of Lovin'", "Marie Marie", "Rockin' Old Lang Syne - Original", "Jungle Fever", "Do the Thang", "New Generation", "My Bucket'S Got A Hole In It", "Hip Shakin' Baby", "C'mon Everybody", "Mean Little Mama", "Ooh My Soul", "Loretta", "That's What I Call A Ball", "Cracker Jack", "Baby Blue Eyes", "Blue Ribbon Baby", "Cattywampus - Original", "Cloud Nine - Original"], "artists": ["The Blasters", "Freddy Cannon", "Gene Vincent", "The Blasters", "Billy Lee Riley", "Charlie Feathers", "Dale Hawkins", "Dale Hawkins", "Ricky Nelson", "Roy Brown", "Stray Cats", "Roy Orbison", "Little Richard", "Bob Luman", "Larry Donn", "Janis Martin", "Stray Cats", "Tommy Sands", "Bill Justis", "Bill Justis"], "centerDistance": 0.05250905, "angle": 0.0}, {"songs": ["Stop And Go Lover"], "artists": ["Warren Smith"], "centerDistance": 0.03690800000000005, "angle": 1.2566370614359172}, {"songs": ["Honey! Honey!"], "artists": ["Charlie Gracie"], "centerDistance": 0.09022799999999997, "angle": 2.5132741228718345}, {"songs": ["Sixteen Chicks", "Duck Tail", "South's Gonna Rise Again"], "artists": ["Joe Clay", "Joe Clay", "Jesse James"], "centerDistance": 0.18642933333333334, "angle": 3.7699111843077517}, {"songs": ["Rocker", "Ride On"], "artists": ["Full Blown Cherry", "Full Blown Cherry"], "centerDistance": 0.09401149999999997, "angle": 5.026548245743669}]