[{"songs": ["Heebie Jeebies", "Blue Skies", "Pennies From Heaven", "Jeepers Creepers", "Woodchopper's Ball", "Hamp's Boogie Woogie", "Puttin' On The Ritz", "Big Noise From Winnetka (featured in \"Manhattan Murder Mystery\")", "But Me, I Love You", "Hot Chestnuts", "Liza (All The Clouds'll Roll Away)", "Blue Minor", "Harlem Nocturne", "Apollo Jump", "That's the Way It Is", "How Big Can You Get?", "Moonglow", "You're Driving Me Crazy", "Jumpin' Jack", "Way Down Yonder In New Orleans"], "artists": ["Chick Webb", "Frank Sinatra", "Frank Sinatra", "Louis Armstrong", "Woody Herman", "Lionel Hampton", "Fred Astaire", "Bob Crosby and the Bobcats", "Bob Crosby and the Bobcats", "Woody Herman", "Chick Webb & His Orchestra", "Chick Webb & His Orchestra", "Johnny Otis", "Lucky Millinder", "The Ink Spots", "Big Bad Voodoo Daddy", "Casa Loma Orchestra", "Billy May", "Big Bad Voodoo Daddy", "Bix Beiderbecke"], "centerDistance": 0.14034215000000003, "angle": 0.0}, {"songs": ["Moonlight In Vermont", "Bell Bottom Trousers"], "artists": ["Margaret Whiting", "Guy Lombardo"], "centerDistance": 0.15558300000000003, "angle": 1.2566370614359172}, {"songs": ["And Her Tears Flowed Like Wine", "New Blowtop Blues"], "artists": ["Lavay Smith & Her Red Hot Skillet Lickers", "Lavay Smith & Her Red Hot Skillet Lickers"], "centerDistance": 0.22720050000000003, "angle": 2.5132741228718345}, {"songs": ["I've Got A Right To Cry", "Cherry"], "artists": ["Erskine Hawkins", "Erskine Hawkins"], "centerDistance": 0.19597299999999995, "angle": 3.7699111843077517}, {"songs": ["Lester Leaps In", "I Found A New Baby"], "artists": ["Lester Young", "Andr\u00e9 Previn"], "centerDistance": 0.23330249999999997, "angle": 5.026548245743669}]