[{"songs": ["One Night In Heaven", "Moving On Up", "Sweet Like Chocolate"], "artists": ["M People", "M People", "Shanks & Bigfoot"], "centerDistance": 0.20287566666666668, "angle": 0.0}, {"songs": ["Robero Y Natalia", "Waiting For Tonight", "Cruel Summer (Big Bonus Mix)", "Give Me Your Love", "Blue (Da Ba Dee)", "Livin' La Vida Loca", "Ang\u00e9lica", "Et\u00e9rnamente", "Media Naranja", "Ruleta Rusa", "Kiss You All Over", "All That She Wants", "La Bomba", "Ave Mar\u00eda", "Freed From Desire", "Let Me Be", "Sing Hallelujah!", "Cartoon Heroes", "Samba de Janeiro", "Let a Boy Cry"], "artists": ["Los Del Rio", "Jennifer Lopez", "Ace of Base", "Masterboy", "Eiffel 65", "Ricky Martin", "OV7", "Sentidos Opuestos", "Fey", "Enrique Iglesias", "No Mercy", "Ace of Base", "Ricky Martin", "David Bisbal", "Gala", "Taleesa", "Dr. Alban", "Aqua", "Bellini", "Gala"], "centerDistance": 0.1407269, "angle": 1.2566370614359172}, {"songs": ["It's My Life", "The Rhythm Of The Night", "Baby Baby", "Right In The Night", "Doop", "Stayin' Alive"], "artists": ["Dr. Alban", "Corona", "Corona", "Jam & Spoon", "Doop", "N-Trance"], "centerDistance": 0.24776433333333334, "angle": 2.5132741228718345}, {"songs": ["Total Eclipse Of The Heart", "Be My Lover", "I Like to Move It", "Mr Vain", "Sweet Dreams", "Where Do You Go", "100% Pure Love", "Finally"], "artists": ["Nicki French", "La Bouche", "Reel 2 Real", "Culture Beat", "La Bouche", "No Mercy", "Crystal Waters", "Ce Ce Peniston"], "centerDistance": 0.204507875, "angle": 3.7699111843077517}, {"songs": ["Scatman (Ski-Ba-Bop-Ba-Dop-Bop)", "Scatman's World"], "artists": ["Scatman John", "Scatman John"], "centerDistance": 0.14238800000000001, "angle": 5.026548245743669}]