[{"songs": ["I Didn't Mean To", "OAKtown"], "artists": ["Casual", "Casual"], "centerDistance": 0.3185135, "angle": 0.0}, {"songs": ["The Bay", "Can't Lose", "Turf's Up", "New BWS Artist", "Neva Forget", "My Religion", "Do Or Die", "Yo", "Sippin' on Hunid Racks", "Watch Out", "Bout This", "Crooked Letter Eye", "I've Been Through It", "Bounce to This", "Big Rich Recrods", "Bonus Track", "Purp Taste Great", "Callin' Out (Main Version)", "Good Night", "Smokestrumental"], "artists": ["Zion I", "Big Rich", "Beeda Weeda", "Clyde Carson", "Cali Agents", "J-Diggs", "Ant Banks", "Husalah", "RBL Posse", "The Federation", "JON NASH", "Hobo Junction", "Hobo Junction", "RBL Posse", "JON NASH", "Husalah", "Berner", "Lyrics Born", "Brotha Lynch Hung", "Ant Banks"], "centerDistance": 0.41188265, "angle": 1.2566370614359172}, {"songs": ["Dem Boyz"], "artists": ["Bullys Wit Fullys"], "centerDistance": 0.43511299999999997, "angle": 2.5132741228718345}, {"songs": ["Playaz Club", "I'll Be Around"], "artists": ["Rappin' 4-Tay", "Rappin' 4-Tay"], "centerDistance": 0.46248500000000003, "angle": 3.7699111843077517}, {"songs": ["Look What I've Done For Them", "Crack Baby Anthem"], "artists": ["San Quinn", "Mistah F.A.B."], "centerDistance": 0.3159945, "angle": 5.026548245743669}]