[{"songs": ["Ladies Night", "Bad Times (Theme From Defiance)", "Party", "Oops Upside Your Head", "I Want Your Love  (Edit Version)", "Cry, Cry, Cry (Instrumental Version)", "Cry, Cry, Cry (Vocal Version)", "Living Without Tomorrow", "Losing You", "It Makes You Feel Like Dancin'", "Let's Start The Dance", "If We Were Still Together", "If You Want My Love", "Blame It On The Boogie", "Pretty Baby", "One more step to take", "The Groove Line", "Jah Will Be There", "He's the Greatest Dancer", "Walking Into Sunshine"], "artists": ["Kool & The Gang", "Tavares", "Van McCoy", "The Gap Band", "Chic", "Shirley & Company", "Shirley & Company", "Hot Chocolate", "Hot Chocolate", "Rose Royce", "Bohannon", "Jimmy 'Bo' Horne", "Jimmy 'Bo' Horne", "The Jacksons", "Sister Sledge", "Delegation", "Heatwave", "Skyy", "Sister Sledge", "Central Line"], "centerDistance": 0.028981350000000006, "angle": 0.0}, {"songs": ["Can't nobody love me like you"], "artists": ["Anita Ward"], "centerDistance": 0.040219000000000005, "angle": 1.2566370614359172}, {"songs": ["I Wanna Be Yours"], "artists": ["The Ritchie Family"], "centerDistance": 0.099943, "angle": 2.5132741228718345}, {"songs": ["Get Down", "Contact", "Kiss Me (The Way I Like It)", "99 1/2"], "artists": ["Gene Chandler", "Edwin Starr", "George McCrae", "Colonel Abrams"], "centerDistance": 0.08564575000000002, "angle": 3.7699111843077517}, {"songs": ["Car Wash", "Got To Be Real", "Boogie Nights", "Get Off", "Shake Your Groove Thing", "Best Of My Love", "Ain't No Stoppin' Us Now", "Turn The Beat Around", "More, More, More", "Rock The Boat"], "artists": ["Rose Royce", "Cheryl Lynn", "Heatwave", "Foxy", "Peaches & Herb", "The Emotions", "McFadden & Whitehead", "Vicki Sue Robinson", "Andrea True Connection", "Hues Corporation"], "centerDistance": 0.05520180000000002, "angle": 5.026548245743669}]