[{"songs": ["Falavas De Amor", "Bonjour Monsieur, Bonjour (A Valsa Dos Emigrantes)", "Com Portugal No Cora\u00e7\u00e3o", "Hey bad boy", "Teu Cora\u00e7\u00e3o Mentiroso", "O N\u00f3 Da Gravata", "Depois De Ti (Mais Nada)", "D\u00e1-lhe agora", "Que locura de mulher", "Quando Se Perde Algu\u00e9m", "Labirinto", "Our Hearts Will Beat as One", "Fon-Fon-Fon", "Agora - Can\u00e7\u00e3o Aos Novos", "Kriamideah I", "Fugir? Ficar?", "Amor (Parte I)", "Quero \u00c9 Viver (Live)", "I Kissed Her Goodbye", "Tatuagens"], "artists": ["Dino Meira", "Dino Meira", "Fernando Correia Marques", "Ruth Marlene", "Ruth Marlene", "Cabe\u00e7as No Ar", "Tony Carreira", "Jos\u00e9 Malhoa", "Jos\u00e9 Malhoa", "Santos e Pecadores", "P\u00f3lo Norte", "David Fonseca", "Deolinda", "Madredeus", "Dazkarieh", "Balla", "Her\u00f3is Do Mar", "Humanos", "Jos\u00e9 Cid", "Mafalda Veiga"], "centerDistance": 0.36590104999999995, "angle": 0.0}, {"songs": ["Coisas", "Deixa Morrer"], "artists": ["Ornatos Violeta", "Ornatos Violeta"], "centerDistance": 0.4473745, "angle": 1.2566370614359172}, {"songs": ["Suor e Fantasia", "Valsa Quase Antidepressiva"], "artists": ["Quinteto Tati", "Quinteto Tati"], "centerDistance": 0.445526, "angle": 2.5132741228718345}, {"songs": ["The Dog", "Give me back my gold"], "artists": ["Bunnyranch", "Bunnyranch"], "centerDistance": 0.446243, "angle": 3.7699111843077517}, {"songs": ["Work Me Out", "Hoola-Hoop Woman"], "artists": ["Wraygunn", "Wraygunn"], "centerDistance": 0.4455805, "angle": 5.026548245743669}]