[{"songs": ["Bow E3", "Intro", "Up Your Speed", "Sway", "Wifey", "Freestyle", "Step Bac", "Breathe", "Beast", "Intro Skit", "Roll Wid Us", "Bit By Bit", "Taxman", "Neva Argue", "Coup De Theatre", "Tom, Dick & Harry", "Back Then", "Streets on Lock", "Can't Control It", "Daddy"], "artists": ["Wiley", "Lethal Bizzle", "Sway", "Sway", "Tinie Tempah", "Wretch 32", "Shystie", "Tinchy Stryder", "Chipmunk", "Shystie", "Akala", "Klashnekoff", "Virus Syndicate", "Virus Syndicate", "Haiku D'Etat", "No Lay", "More Fire Crew", "Nasty Jack", "Black The Ripper", "Nemesis & Arrogance"], "centerDistance": 0.0710584, "angle": 0.0}, {"songs": ["B.B Hype (Rev MD Video Mix)", "B.B Hype (DJ Q Hype Remix)", "Rap Folly"], "artists": ["Maxwell D", "Maxwell D", "Fallacy featuring Rodney P"], "centerDistance": 0.12772833333333333, "angle": 1.2566370614359172}, {"songs": ["Scrunch", "Blackmarket Boy"], "artists": ["Fallacy", "Fallacy"], "centerDistance": 0.16431449999999997, "angle": 2.5132741228718345}, {"songs": ["Strong Again", "Love For My Slum"], "artists": ["N-Dubz", "N-Dubz"], "centerDistance": 0.087476, "angle": 3.7699111843077517}, {"songs": ["What R U Fast Remix", "Oh No (Remix) (Mix Album Version)"], "artists": ["Oxide & Neutrino", "So Solid Crew"], "centerDistance": 0.09477449999999998, "angle": 5.026548245743669}]