[{"songs": ["Fabricoh", "Greatest of All Time"], "artists": ["Archers of Loaf", "Archers of Loaf"], "centerDistance": 0.23653800000000003, "angle": 0.0}, {"songs": ["Wall of Doubt", "We's Been Waitin'", "any day now", "Flowers", "Resolve", "Mr. Brown", "Worry Bomb", "Here Comes The Big Rush", "You And I Will Never See Things Eye To Eye", "A Lover's Charm (New Version)", "My First Mine", "And Then She Kissed Her", "What Remains", "Same Mistakes", "Deeper Well", "ribcage", "Bang Bang", "To Breathe", "Hercules", "Curl Up Like A Dead Leaf And Go Where The Wind Blows"], "artists": ["Sebadoh", "As Tall as Lions", "Elbow", "Camper Van Beethoven", "Anup", "Ocean Colour Scene", "Carter the Unstoppable Sex Machine", "Echobelly", "Kingmaker", "Deas Vail", "Pavement", "Phillip Boa & The Voodooclub", "Foals", "Unbelievable Truth", "Nada Surf", "Elbow", "The Sheer", "New London Fire", "The Brute Chorus", "Bombay Bicycle Club"], "centerDistance": 0.22098840000000003, "angle": 1.2566370614359172}, {"songs": ["Laughing Stock", "Under The Western Freeway"], "artists": ["Grandaddy", "Grandaddy"], "centerDistance": 0.20781, "angle": 2.5132741228718345}, {"songs": ["Love Me Like An Alien", "Bliss Disco"], "artists": ["Phillip Boa", "Phillip Boa"], "centerDistance": 0.20347149999999997, "angle": 3.7699111843077517}, {"songs": ["Wasted State Of Mind", "Hello, My Treacherous Friends"], "artists": ["...And You Will Know Us By The Trail Of Dead", "OK Go"], "centerDistance": 0.255516, "angle": 5.026548245743669}]