[{"songs": ["Half on a Sack", "Violent", "The N-I-Double-G-A", "B And W (Clean)", "Petey Pablo", "Tell Me Why (H&F Explicit Album Version)", "Death & Life (Skit)", "Bring It Back", "Da Show", "Got Ya Hot", "F*ck Dat Nigga (Skit)", "Push On featuring Anthony Hamilton (Album version)", "Bitches Aint Shit Ft Snoop Nat", "In The Name Of Love", "Snitches", "Deadly verses", "Outro", "Grandma (Album Version)", "Orange Mound", "47 Mob"], "artists": ["Three 6 Mafia", "Juicy J", "Al Kapone", "Master P", "Petey Pablo", "8Ball & MJG", "Lil Wyte", "Jibbs", "Playa Fly", "Playa Fly", "Chingy", "Nappy Roots", "Lil Jon & The East Side Boyz", "3 Steps Ahead", "Master P", "Gangsta Pat", "La Chat", "Mike Jones", "Prophet Posse", "Criminal Manne"], "centerDistance": 0.375288, "angle": 0.0}, {"songs": ["Sample Dat Ass"], "artists": ["Chingy Featuring Murphy Lee"], "centerDistance": 0.375779, "angle": 1.2566370614359172}, {"songs": ["Feel It", "Lights, Camera, Action"], "artists": ["Bone Crusher", "Bone Crusher"], "centerDistance": 0.39952849999999995, "angle": 2.5132741228718345}, {"songs": ["Cotton Row", "Judy Lynn"], "artists": ["Koopsta Knicca", "Koopsta Knicca"], "centerDistance": 0.42286599999999996, "angle": 3.7699111843077517}, {"songs": ["Kings Of Kings", "Our Nightmare", "Pump It, DJ!", "Crazy"], "artists": ["DJ Paul", "DJ Waxweazle", "DJ Waxweazle", "3 Steps Ahead"], "centerDistance": 0.28704725, "angle": 5.026548245743669}]