[{"songs": ["On the Move", "Hypnotised (Vocals Tiff Lacey) (Deepsky's Radio Reaktor Remix) (Radio Edit)", "Bellissima (Radio Edit)", "Together - 4 Clubbers Radio Alternative Mix", "Nights On Java", "Come Into My Dream", "Discoland", "With You", "Alright", "Punk", "Gigi D'Agostino", "Infected (N\u00fcw Idol Remix)", "Push Down", "Soul Out There", "Butterfly", "Louder & Prouder", "Show Me A Sign", "Friends", "Rhythm Is A Bass (Ray Knox Remix)", "L.E.F."], "artists": ["Barthezz", "Paul Oakenfold", "DJ Quicksilver", "4 Clubbers", "Ian Van Dahl", "Pinball", "Adrima", "Dj Satomi", "Rocco & Bass-T", "Ferry Corsten", "Gigi d'Agostino", "Barthezz", "Warp Brothers", "Nomansland", "Dream Dance Alliance", "Brooklyn Bounce & Sample Rippers", "Kontakt", "Frank Raven", "DJ Yanny", "Ferry Corsten"], "centerDistance": 0.03788585000000001, "angle": 0.0}, {"songs": ["Beat Bangs !!!"], "artists": ["Pulsedriver"], "centerDistance": 0.0, "angle": 1.2566370614359172}, {"songs": ["Feel the Beat", "9pm (Till I Come)", "Better Off Alone"], "artists": ["Darude", "ATB", "Alice DeeJay"], "centerDistance": 0.03576499999999997, "angle": 2.5132741228718345}, {"songs": ["Operation Blade", "The Launch", "Superstring", "Luvstruck"], "artists": ["Public Domain", "DJ Jean", "Cygnus X", "Southside Spinners"], "centerDistance": 0.03655074999999999, "angle": 3.7699111843077517}, {"songs": ["Goodbye", "1000 Kisses"], "artists": ["Ultrabeat", "Ultrabeat"], "centerDistance": 0.061184499999999975, "angle": 5.026548245743669}]