[{"songs": ["Tristes Jardines", "Cuando Estoy Contigo", "Indita Mia", "Aunque Me Duela El Alma"], "artists": ["Los Rurales De Gilberto Parra", "Juan Valentin", "David Zaizar", "Mariachi Arriba Ju\u00e1rez"], "centerDistance": 0.43615125000000005, "angle": 0.0}, {"songs": ["La Rondalla", "La Yaquesita"], "artists": ["Pedro Vargas", "Los Dareyes De La Sierra"], "centerDistance": 0.38061849999999997, "angle": 1.2566370614359172}, {"songs": ["Naci Para Ti", "Boda Negra", "Amaneci En Tus Brazos"], "artists": ["Gerardo Reyes", "Gerardo Reyes", "Lucha Villa;Mariachi Vargas De Tecalitlan"], "centerDistance": 0.33565533333333325, "angle": 2.5132741228718345}, {"songs": ["Cucurrucucu Paloma", "Gorrioncillo pecho amarillo", "Ella", "Mas Alto Que Las Aguilas", "Ojos Tapat\u00edos", "Presentimiento", "Esa Pared", "Que Tal Si Te Compro", "Sufriendo Penas", "Los Laureles", "Que te vaya bonito", "Cancion Mexicana", "Valent\u00edn de la sierra", "Hay Otra En Tu Lugar", "Si Nos Dejan", "Paloma Negra", "Cuando Sale La Luna", "La Valentina", "Las Llaves De Mi Alma", "Y Llegaste T\u00fa"], "artists": ["Miguel Aceves Mej\u00eda", "Miguel Aceves Mej\u00eda", "Jorge Negrete", "Pepe Aguilar", "Alejandro Fern\u00e1ndez", "Pedro Infante", "Julio Preciado", "Cornelio Reyna", "Cornelio Reyna", "Lola Beltr\u00e1n", "Lola Beltr\u00e1n", "Lucha Reyes", "Ana Gabriel", "Pablo Montero", "Lucha Villa", "Amalia Mendoza", "Guadalupe Pineda", "Guadalupe Pineda", "Shaila D\u00farcal", "Shaila D\u00farcal"], "centerDistance": 0.18063305000000002, "angle": 3.7699111843077517}, {"songs": ["El Navegante", "Maria De La Luz"], "artists": ["Chalino Sanchez", "Chalino Sanchez"], "centerDistance": 0.23931950000000002, "angle": 5.026548245743669}]