[{"songs": ["Candela", "Las Muchachas", "Mi Gusto Es", "Margarita", "Mi Corazon", "Tal vez", "Los locos", "Otro Dia Mas (Just Another Day)", "Tal Para Cual", "Me col\u00e9 en una fiesta", "Contigo", "El Molde", "Ser Feliz", "D\u00f3nde Est\u00e1n Los Ladrones", "Vivir As\u00ed Es Morir De Amor", "Tanto Cielo Perdido", "Hacen Falta Dos", "Tengo El Control", "Mil Mariposas", "Dolor, Dolor"], "artists": ["Donato Poveda", "Carlos Argentino", "Graciela Beltr\u00e1n", "Wilkins", "Fran Perea", "Fran Perea", "Caf\u00e9 Quijano", "Yuridia", "Ana Torroja", "Fey", "Bacilos", "Joe Veras", "Ricky Martin", "Shakira", "Shaila D\u00farcal", "Shaila D\u00farcal", "Macaco", "OV7", "Presuntos Implicados", "Amparanoia"], "centerDistance": 0.31448749999999986, "angle": 0.0}, {"songs": ["Libro abierto", "Caminos de la campana"], "artists": ["Celso Pi\u00f1a Y Su Ronda Bogot\u00e1", "Celso Pi\u00f1a Y Su Ronda Bogot\u00e1"], "centerDistance": 0.0, "angle": 1.2566370614359172}, {"songs": ["Torre De Babel (Reggaeton Mix)", "Premonici\u00f3n"], "artists": ["David Bisbal", "David Bisbal"], "centerDistance": 0.319037, "angle": 2.5132741228718345}, {"songs": ["Vuelve A Mi", "Un Dia Mas"], "artists": ["Reik", "Reik"], "centerDistance": 0.3175575, "angle": 3.7699111843077517}, {"songs": ["Me Cai de la Nube"], "artists": ["Los Tremendos Gavilanes"], "centerDistance": 0.20377900000000004, "angle": 5.026548245743669}]