[{"songs": ["Body politic", "Deceit", "Hate You", "In Her House", "R.I.P.", "Lesser Deity", "Never Be", "When Lovers Die", "Power (first mix)", "Sense of Purpose", "Girls & Boys (Floor Slammer Rmx)", "Devils", "The One", "Nosferatu Is Dead", "Winter", "We All Fall Down", "Torquemado", "Shadow", "Sibirian Pandemonium", "Betrayal"], "artists": ["Usherhouse", "Usherhouse", "Creaming Jesus", "Screams for Tina", "The Ghost of Lemora", "G\u00f6tterd\u00e4mmerung", "Screaming Banshee Aircrew", "Children on Stun", "Fields of the Nephilim", "Rosetta Stone", "Fear Cult", "Screams for Tina", "Diva Destruction", "XIII. Stolet\u00ed", "Two Witches", "Two Witches", "XIII. Stolet\u00ed", "Rosetta Stone", "Love Like Blood", "Virgin Prunes"], "centerDistance": 0.0811219, "angle": 0.0}, {"songs": ["Himmel Balsam", "Justine"], "artists": ["Chants of Maldoror", "Chants of Maldoror"], "centerDistance": 0.16832999999999998, "angle": 1.2566370614359172}, {"songs": ["Your Best Nightmare", "Revenge"], "artists": ["London After Midnight", "London After Midnight"], "centerDistance": 0.11364950000000001, "angle": 2.5132741228718345}, {"songs": ["If I Speak", "Scars Forever"], "artists": ["Frank the Baptist", "Frank the Baptist"], "centerDistance": 0.052802000000000016, "angle": 3.7699111843077517}, {"songs": ["Bed of Nails", "Instro"], "artists": ["Big Electric Cat", "Big Electric Cat"], "centerDistance": 0.14205100000000004, "angle": 5.026548245743669}]