[{"songs": ["Old Town (LP Version)", "Ringo", "Lonely Surfer", "Sloop John B.", "The Batmobile (LP Version)", "Vesuvius (LP Version)", "Just Drums (LP Version)", "Wipe Out (LP Version)", "Flight Of The Gull", "Worm Lounge #1 (Worms in Black)", "The Verdict [Dopo la Condanna]", "Adrian (Instrumental) (2006 Digital Remaster)", "Mickey (2006 Digital Remaster)", "Sail Plane Song", "Guatiki", "California Fun", "Surf Nouveau", "Biarritz", "Raoul and Christine", "Farewell/End Title"], "artists": ["Jack Nitzsche", "Jack Nitzsche", "The Ventures", "Dick Dale and His Del-Tones", "The Marketts", "The Centurions", "The Challengers", "The Challengers", "Neil Diamond", "Danny Elfman", "Ennio Morricone", "Bill Conti", "Bill Conti", "The Beach Boys", "Los Tiki Phantoms", "Los Straitjackets", "The Aqua Velvets", "Los Tiki Phantoms", "Nick Glennie-Smith", "John Barry"], "centerDistance": 0.35437995, "angle": 0.0}, {"songs": ["The Palace"], "artists": ["Nick Glennie-Smith"], "centerDistance": 0.43135599999999996, "angle": 1.2566370614359172}, {"songs": ["Banzai Washout", "Batman Theme"], "artists": ["Dick Dale and His Del-Tones", "The Marketts"], "centerDistance": 0.3690855, "angle": 2.5132741228718345}, {"songs": ["Rik-A-Tik (LP Version)", "Hillbillie Surf (aka Old Smokie) (LP Version)"], "artists": ["The Lively Ones", "The Lively Ones"], "centerDistance": 0.33112199999999997, "angle": 3.7699111843077517}, {"songs": ["Bullwinkle Pt. II (LP Version)"], "artists": ["The Centurions"], "centerDistance": 0.37605, "angle": 5.026548245743669}]