[{"songs": ["It Didn't Take Too Long", "Still People Are Moving"], "artists": ["Scott Miller & The Commonwealth", "Scott Miller & The Commonwealth"], "centerDistance": 0.31283649999999996, "angle": 0.0}, {"songs": ["Slow Train", "Texas", "Christine's Tune", "High Fashion Queen", "Keep On Churnin'", "Electric Rodeo", "I Will Walk With You", "I Don't Know You", "Redneck Romeo (LP Version)", "Ripple", "Paper Doll (LP Version)", "Gate of Horn", "Caballo Diablo", "Country Girl", "Keep On Rockin' (LP Version)", "In America", "The Christian Life", "Ain't Love Strange", "Things I Miss The Most", "Up on That Cloud"], "artists": ["Shooter Jennings", "Charlie Daniels Band", "The Flying Burrito Brothers", "The Flying Burrito Brothers", "The Ozark Mountain Daredevils", "Shooter Jennings", "John Fogerty", "New Riders of The Purple Sage", "Confederate Railroad", "New Riders of The Purple Sage", "Jonathan Edwards", "Roger McGuinn", "Charlie Daniels Band", "The Ozark Mountain Daredevils", "Confederate Railroad", "Charlie Daniels", "The Byrds", "Paul Thorn", "Van Zant", "Blue Rodeo"], "centerDistance": 0.09471714999999999, "angle": 1.2566370614359172}, {"songs": ["Better Find Jesus", "Lilly"], "artists": ["Mason Proffit", "Mason Proffit"], "centerDistance": 0.31915800000000005, "angle": 2.5132741228718345}, {"songs": ["San Miguel", "Shake It Off", "Hell Bent"], "artists": ["Charlie Daniels", "The Way-Goners", "The Way-Goners"], "centerDistance": 0.28575733333333336, "angle": 3.7699111843077517}, {"songs": ["Luxury Liner", "Blue Eyes"], "artists": ["The International Submarine Band", "The International Submarine Band"], "centerDistance": 0.13965650000000002, "angle": 5.026548245743669}]