[{"songs": ["N\u00e4r planeterna stannat", "A-Z"], "artists": ["Familjen", "Tracey Thorn"], "centerDistance": 0.204096, "angle": 0.0}, {"songs": ["Unlovable", "Rocket", "Is It Any Wonder", "Kiedy\u015b Ci\u0119 Znajd\u0119", "Sister", "City Lights", "The Way Down", "Waterfall", "Vou Propor", "Criticar por criticar", "So Wrong", "New Shoes", "Don't Be Funny", "Setting Sun", "If You Buy The Blue One", "Close To Love", "Too late (JJ Flores Break Beat Mix)", "Cameltoe (Extended Mix)", "Dollhouse", "We Could Have It All"], "artists": ["R\u00f3is\u00edn Murphy", "Goldfrapp", "Sophie Ellis-Bextor", "Reni Jusis", "Venus Hum", "Stereo MC's", "The White Tie Affair", "Bananarama", "Wanessa", "Fangoria", "Just Jack", "Juliet", "Dragonette", "Darren Hayes", "Bertine Zetlitz", "Girls Aloud", "Tina Ann", "Fannypack", "Priscilla Renea", "Sugababes"], "centerDistance": 0.2134964, "angle": 1.2566370614359172}, {"songs": ["Everything I Hate", "Roll Over"], "artists": ["Holly Valance", "Holly Valance"], "centerDistance": 0.243249, "angle": 2.5132741228718345}, {"songs": ["Imagination", "I Never"], "artists": ["Jessica Simpson", "Jessica Simpson"], "centerDistance": 0.24903050000000004, "angle": 3.7699111843077517}, {"songs": ["Shiny And Warm", "Checkin' on Me", "Show Me (You Can Do It)", "Dancing With Tears In My Eyes", "Disco Friends", "Liar", "Raise The Roof", "Look at me now", "A Little Too Late", "Real Life (LP Version)", "Metropolitan Death 3", "Chess", "Confusion Girl", "We Fight For Diamonds", "Tal Vez", "Turn Immortal", "Blindsided (Scumfrog Dub)", "Obietnica"], "artists": ["Goldfrapp", "R\u00f3is\u00edn Murphy", "One-T", "Ke$ha", "Just Jack", "Dragonette", "Tracey Thorn", "Mira Craig", "Delta Goodrem", "Vitamin C", "Delorean", "Alphabeat", "Frankmusik", "Cut Copy", "Belanova", "Kemopetrol", "Lucy Woodward", "Ramona Rey"], "centerDistance": 0.2258355555555556, "angle": 5.026548245743669}]