[{"songs": ["Archer Prewitt #3", "Walking on the Farm", "Sittin' Pretty", "The False Husband", "Sundress", "We're Not Supposed to Be Lovers", "Devil In The Water (Album Version)", "Nothing Happening", "Now, Now", "If You Ever Need a Stranger", "If The Brakeman Turns My Way", "Bluebirds", "Side 1/Side 2", "Several Thousand (Alt. Mix)", "The Bluebell", "No One's Gonna Come", "Wouldn't Mind The Sunshine", "Oranges In Winter", "City Song (Album Version)", "The Miner Becomes Forgetful"], "artists": ["Archer Prewitt", "Archer Prewitt", "Brendan Benson", "Isobel Campbell & Mark Lanegan", "Ben Kweller", "Adam Green", "Matt Pond PA", "Ben Kweller", "St. Vincent", "Jens Lekman", "Bright Eyes", "Adam Green", "Jim Boggia", "Jim Boggia", "Patrick Wolf", "Sondre Lerche", "B.C. Camplight", "B.C. Camplight", "Matt Pond PA", "Final Fantasy"], "centerDistance": 0.07960234999999997, "angle": 0.0}, {"songs": ["String-a-long Song", "Bowlegged & Starving"], "artists": ["Jay Brannan", "Jay Brannan"], "centerDistance": 0.1249555, "angle": 1.2566370614359172}, {"songs": ["By The Time It Gets Dark", "Ricochet In Time"], "artists": ["Mary Lou Lord", "Mary Lou Lord"], "centerDistance": 0.08130399999999999, "angle": 2.5132741228718345}, {"songs": ["It's Alright", "Break My Bones"], "artists": ["Josh Ottum", "Josh Ottum"], "centerDistance": 0.151953, "angle": 3.7699111843077517}, {"songs": ["Everything Inside Me is Ill", "Dying"], "artists": ["Maximilian Hecker", "Maximilian Hecker"], "centerDistance": 0.046909000000000034, "angle": 5.026548245743669}]