[{"songs": ["We Will Last", "Hello Girl", "Cry Tough", "Gone", "How Long", "Home", "Last Train", "Reckless Love", "Hearts On Fire", "Something More To This", "The Last Time", "Reach", "I Swear To You", "It's All About The Love", "Stand Bside You", "Doin' time", "Blink Of An Eve", "Anymore", "The Cry", "Call In Another Day"], "artists": ["707", "707", "Jimi Jamison", "Pride of Lions", "Harem Scarem", "Seventh Key", "Dare", "Pride of Lions", "Final Frontier", "Final Frontier", "Russ Ballard", "Survivor", "blanc faces", "blanc faces", "91 Suite", "Jeff Scott Soto", "Kelly Keagy", "Mike Tramp", "Fair Warning", "Kelly Keagy"], "centerDistance": 0.3749109, "angle": 0.0}, {"songs": ["At This Time Of Night", "A Kiss To Remember You By"], "artists": ["Jim Peterik", "Jim Peterik"], "centerDistance": 0.41757900000000003, "angle": 1.2566370614359172}, {"songs": ["Top of the World", "Candle in the Dark"], "artists": ["Last Autumn's Dream", "Last Autumn's Dream"], "centerDistance": 0.3426995, "angle": 2.5132741228718345}, {"songs": ["Without Warning", "Say It With Love"], "artists": ["Khymera", "Khymera"], "centerDistance": 0.37188200000000005, "angle": 3.7699111843077517}, {"songs": ["Help", "Made In California"], "artists": ["Johnny Lima", "Johnny Lima"], "centerDistance": 0.3744035, "angle": 5.026548245743669}]