[{"songs": ["Red, White & Blue", "Illuminate", "A Gun", "Die Buying (Album Version)", "Care Too Much", "Waiting", "In Closing", "The Way I Feel (Not Our Master)", "Time", "Cruise Control", "Missing You", "To Peace", "Hard Way", "Long (LP Version)", "Regime Change", "Guilty", "Quitter", "City Of Corpses", "The Flame In All Of Us", "This Old Man"], "artists": ["Mark Farner", "Project 86", "Red", "Blindside", "The Letter Black", "Since October", "12 Stones", "12 Stones", "Bride", "Embodyment", "Big Dismal", "Submersed", "Scott Stapp", "Chevelle", "Disciple", "Since October", "Edgewater", "Hope For The Dying", "Thousand Foot Krutch", "Guardian"], "centerDistance": 0.2505872, "angle": 0.0}, {"songs": ["Ban The Man (LP Version)"], "artists": ["Mark Farner"], "centerDistance": 0.0, "angle": 1.2566370614359172}, {"songs": ["Stand Your Ground", "Restless Minds"], "artists": ["Billion Dollar Babies", "Billion Dollar Babies"], "centerDistance": 0.40444199999999997, "angle": 2.5132741228718345}, {"songs": ["No Bed of Roses", "Hell Child"], "artists": ["Lynch Mob", "Lynch Mob"], "centerDistance": 0.403738, "angle": 3.7699111843077517}, {"songs": ["I'm Sorry", "Red Sam"], "artists": ["Flyleaf", "Flyleaf"], "centerDistance": 0.3712975, "angle": 5.026548245743669}]