[{"songs": ["Milk Skates", "On Tomorrow", "Eddie's Freakout", "ELU of the Nine", "Hoe Yourself Down", "Bad Baby", "Chasing a Bee (4-Track demo)", "C'mon Children", "All This And Hieronymus Bosch", "Red Cave", "Wendigo", "Ship Destroyer", "Wrecking Ball", "Logos", "Seagreen Serenades", "Cellophane Symphony", "The Woods", "Lady Dada's Nightmare", "New Age", "Whaddit I Done"], "artists": ["Black Moth Super Rainbow", "Captain Beefheart & His Magic Band", "The Vocokesh", "Residual Echoes", "Camper Van Beethoven", "The Brian Jonestown Massacre", "Mercury Rev", "The Out Crowd", "The Vocokesh", "Yeasayer", "Crippled Black Phoenix", "Frog Eyes", "Dead Confederate", "Atlas Sound", "Silver Apples", "Tommy James & The Shondells", "Portugal. The Man", "MGMT", "Sleepy Sun", "Animal Collective"], "centerDistance": 0.1814281, "angle": 0.0}, {"songs": ["One Day I Had An Extra Toe (Esopus Magazine)", "Song for the Spirit"], "artists": ["Black Moth Super Rainbow", "Singapore Sling"], "centerDistance": 0.1288225, "angle": 1.2566370614359172}, {"songs": ["Badsang"], "artists": ["Dungen"], "centerDistance": 0.14607499999999995, "angle": 2.5132741228718345}, {"songs": ["Thatcher Hall Blues", "Packing House March"], "artists": ["Amps for Christ", "Amps for Christ"], "centerDistance": 0.13929999999999998, "angle": 3.7699111843077517}, {"songs": ["Atreides", "Sleeping Jiva", "Coney Island Cyclone (4-track demo)", "Saint", "Tin Pan Alley", "Forty One Mosquitoes Flying in Formation", "You're Not Foolin' Me"], "artists": ["The Low Frequency in Stereo", "Kula Shaker", "Mercury Rev", "Feral Children", "Manta Ray", "Tame Impala", "Silver Apples"], "centerDistance": 0.15123828571428571, "angle": 5.026548245743669}]