[{"songs": ["Te parto el alma", "mirame", "Paloma negra", "Pa' Todo El Ano", "Xquenda", "Me Llevaras En Ti", "El D\u00eda Que Me Dijiste", "S\u00e1bado D.F.", "Frente A La Vida", "Del cielo cayo una rosa", "Ay Jalisco No Te Rajes", "Tr\u00f3pico de C\u00e1ncer", "No Soy Monedita de Oro", "Mi Dama", "Morenita De San Luis Potosi", "Serenata Huasteca", "Ya Me Voy", "No Sabemos Amar (Versi\u00f3n Album)", "Fortin", "Casi siempre estoy pensando"], "artists": ["Paquita La Del Barrio", "Julio Preciado", "Chavela Vargas", "Lila Downs", "Lila Downs", "Alejandro Fern\u00e1ndez", "Chavela Vargas", "Chava Flores", "Jos\u00e9 Alfredo Jim\u00e9nez", "Lola Beltr\u00e1n", "Lucha Reyes", "Caf\u00e9 Tacuba", "Gloria Trevi", "Los Pumas Del Norte", "Los Pumas Del Norte", "Tania Libertad", "Ceci Bastida", "El Gran Silencio", "La Barranca", "Mexicanto"], "centerDistance": 0.28210405000000005, "angle": 0.0}, {"songs": ["Eyes Of Your Shadow", "Third Floor"], "artists": ["Improbable People", "Improbable People"], "centerDistance": 0.435369, "angle": 1.2566370614359172}, {"songs": ["La Copa Grande", "Estar Sin Ti"], "artists": ["Pablo Montero", "Pablo Montero"], "centerDistance": 0.08288499999999999, "angle": 2.5132741228718345}, {"songs": ["Ay, Jalisco, No Te Rajes", "Tiene espinas el rosal"], "artists": ["Lucha Reyes", "Beatriz Adriana"], "centerDistance": 0.384365, "angle": 3.7699111843077517}, {"songs": ["Poquita Fe"], "artists": ["Ana Gabriel"], "centerDistance": 0.282915, "angle": 5.026548245743669}]