[{"songs": ["Good Night", "Home", "We Soldiers", "Playaz Club", "It's Goin' Down", "Family Sh%#", "In A Vest", "Sippin' on Hunid Racks", "Here for U Cali", "Fall Down", "Warning Is Mercy", "Callin' Out (Main Version)", "Smokestrumental", "Don't Cross Me", "Yo", "Check Yo Self (feat. RBL And Hitman)", "On That Level", "Crack Baby Anthem", "Deadly Notes", "Do Or Die"], "artists": ["Brotha Lynch Hung", "San Quinn", "San Quinn", "Rappin' 4-Tay", "Celly Cel", "Hobo Junction", "Hobo Junction", "RBL Posse", "J-Diggs", "The Jacka and Berner", "Get Low Playaz", "Lyrics Born", "Ant Banks", "Marvaless", "Husalah", "Guce", "U.D.I.", "Mistah F.A.B.", "Hollow Tip", "Ant Banks"], "centerDistance": 0.1071915, "angle": 0.0}, {"songs": ["Dem' Boys", "Lollipop (feat. Goldie Gold) (West Coast Remix)"], "artists": ["Messy Marv", "Clyde Carson"], "centerDistance": 0.096632, "angle": 1.2566370614359172}, {"songs": ["I Didn't Mean To", "OAKtown"], "artists": ["Casual", "Casual"], "centerDistance": 0.089619, "angle": 2.5132741228718345}, {"songs": ["Smokin' Da Bomb", "Playah Clickin'"], "artists": ["Marvaless", "Hollow Tip"], "centerDistance": 0.20778599999999997, "angle": 3.7699111843077517}, {"songs": ["Jealousy", "Straight Doin' It"], "artists": ["I.M.P.", "Cold World Hustlers"], "centerDistance": 0.1809285, "angle": 5.026548245743669}]