[{"songs": ["On est comme on na\u00eet", "En Attendant La Fin", "Lame s?ur", "Mixeur", "La femmme de mon pote", "La M\u00e9thode Couette  (Live)", "La fianc\u00e9e de l'eau", "La T\u00e9l\u00e9", "La M\u00e9lodie Du Bonheur", "Roberta (Live Acoustique)", "Repenti", "Manneken Pis 1", "L'important, c'est de participer", "Mes amis (tour \u00e0 tour)", "Paris Boulevards", "Sha La La - Live", "A nos actes manqu\u00e9s", "Le Premier Rendez-Vous", "Mon Amour Oublie Que Je L'Aime", "Les amants"], "artists": ["Ridan", "Ridan", "Les Hurlements d'L\u00e9o", "Les Hurlements d'L\u00e9o", "Aldebert", "Aldebert", "La Rue K\u00e9tanou", "Ben Ricour", "Benjamin Biolay", "Cali", "Renan Luce", "Lo\u00efc Lantoine", "Bertrand Betsch", "Daniel Darc", "Mano Solo", "Mano Solo", "Jean-Jacques Goldman", "Patrick Bruel", "Florent Pagny", "Joseph d'Anvers"], "centerDistance": 0.041284, "angle": 0.0}, {"songs": ["Intro/Le quartier"], "artists": ["As de Tr\u00eafle"], "centerDistance": 0.09106400000000003, "angle": 1.2566370614359172}, {"songs": ["J'aurais Voulu \u00catre Un MC", "Peut-\u00catre Bien"], "artists": ["Anis", "Anis"], "centerDistance": 0.05976300000000001, "angle": 2.5132741228718345}, {"songs": ["On s'aime tout de m\u00eame", "Apr\u00e8s 11 heures"], "artists": ["Charlelie Couture", "Charlelie Couture"], "centerDistance": 0.137015, "angle": 3.7699111843077517}, {"songs": ["Georges [Best Of De Poche]", "Pi\u00e8ce Mont\u00e9e Des Grands Jours {Best Of De Poche]"], "artists": ["Thomas Fersen", "Thomas Fersen"], "centerDistance": 0.0, "angle": 5.026548245743669}]