[{"songs": ["Este Sentimiento", "Prestame Tu Mujer", "Me Estoy Muriendo De Amor", "Zodiaco", "Si No Van A Morir Mi Muerte", "Por Ti No Morire", "No Puede Ser", "La Magia Del Amor", "Yo Necesito Un Milagro", "Que Se Sepa", "Voy A Parrandear", "Viceversa", "Para Querer Un Te Quiero", "Guaracha", "Porque Tu", "No Te Desprecio", "A Media Luz", "Cali Pachanguero", "Ave Maria Lola", "UNA NOVIA VALLUNA"], "artists": ["Tito Gomez", "Grupo Gale", "Jerry Rivera", "Los Titanes", "Raulin Rosendo", "Joe Arroyo", "Mimi Ibarra", "Charlie Cruz", "Huey Dunbar", "Tito Allen", "Tito Rojas", "Gilberto Santa Rosa", "El Gran Combo de Puerto Rico", "Willie Col\u00f3n", "Jerry Rivera", "Victor Manuelle", "Maelo Ruiz", "Grupo Niche", "Sonora Carruseles", "Los Nemus Del Pacifico"], "centerDistance": 0.1728733, "angle": 0.0}, {"songs": ["Me Gusta"], "artists": ["Tito Gomez"], "centerDistance": 0.0, "angle": 1.2566370614359172}, {"songs": ["Quiero", "Mi Amigo Ara\u00f1a (El Cigarro)"], "artists": ["Hansel Y Raul", "Hansel Y Raul"], "centerDistance": 0.181987, "angle": 2.5132741228718345}, {"songs": ["Remolino", "Inolvidable"], "artists": ["Frankie Negron", "Frankie Negron"], "centerDistance": 0.18397799999999997, "angle": 3.7699111843077517}, {"songs": ["Sin Ti", "Pero Me Hiciste Tuyo", "Que Duro Me Peg\u00f3 Tu Amor"], "artists": ["Puerto Rican Power", "Cano Estremera", "Eddie Santiago"], "centerDistance": 0.18464666666666665, "angle": 5.026548245743669}]