[{"songs": ["Wedding March", "Doina", "Coney Island White Fish"], "artists": ["Zev Feldman & Andy Statman", "Zev Feldman & Andy Statman", "New Orleans Klezmer All Stars"], "centerDistance": 0.3226116666666667, "angle": 0.0}, {"songs": ["Di Kalle Tants", "Davenen", "A Rumenisher Doyne", "tsu der Khupe Geyn", "Rumanian Fantasy", "Bessaraber Zhok", "Ludo Mlado", "Asi pare'", "Lecha Dodi", "Fihren Di Mechutonim Aheim-Tanz (Escorting the Parents of the Bride and Groom Home)", "Die Reize Nuch Amerika (The Trip To America)", "Mirele", "Rumenishe Doina", "Shnirele Perele", "Someone Always Walks with Me", "Der heimliche Heinrich", "Cocek Manhattan", "Hpkele", "A / Doina Fon Karin B / Mazel Tov For Mark And Karen", "Chasidic in America"], "artists": ["The Flying Bulgar Klezmer Band", "The Klezmatics", "The Klezmer Conservatory Band", "Joel Rubin Jewish Music Ensemble", "Dave Tarras", "Ot Azoj Klezmerband", "Di Grine Kuzine", "Di Grine Kuzine", "Pharaoh's Daughter", "Naftule Brandwein", "Abe Schwartz's Orchestra", "\u05d7\u05d5\u05d4 \u05d0\u05dc\u05d1\u05e8\u05e9\u05d8\u05d9\u05d9\u05df", "Naftule Brandwein", "Pharaoh's Daughter", "Ofra Haza", "Kosmo Koslowski", "Yuri Yunakov Ensemble", "Seymour Rechtzeit", "Ot Azoj Klezmerband", "Moishe Oysher And Florence Weiss"], "centerDistance": 0.23025864999999998, "angle": 1.2566370614359172}, {"songs": ["Moscovitz"], "artists": ["The Flying Bulgar Klezmer Band"], "centerDistance": 0.0, "angle": 2.5132741228718345}, {"songs": ["Holy Devil", "A Light That Never Dies"], "artists": ["Sophie Solomon", "Sophie Solomon"], "centerDistance": 0.38932849999999997, "angle": 3.7699111843077517}, {"songs": ["Tartar Dance", "Rozinkhes"], "artists": ["Budapest Klezmer Band", "Les Yeux Noirs"], "centerDistance": 0.20678649999999998, "angle": 5.026548245743669}]