[{"songs": ["Baby, Baby (I Know You're A Lady)", "Take Good Care Of Her", "Funny Face"], "artists": ["David Houston", "Sonny James", "Donna Fargo"], "centerDistance": 0.3003643333333333, "angle": 0.0}, {"songs": ["A Halfway Chance With You", "I Dreamed Of An Old Love Affair", "I've Used Up All My Doodle Do Do Do's"], "artists": ["Marty Robbins", "Hank Thompson", "Del Reeves"], "centerDistance": 0.294343, "angle": 1.2566370614359172}, {"songs": ["Dip Your Fingers In Some Water", "Where No One Stands Alone", "Take My Breath Away", "There She Goes", "P.T. 109", "Honky Tonk Blues", "That's The Way It Could'Ve Been", "A Long Time Ago", "Spiders and Snakes", "Don't Fall Asleep At The Wheel", "It's Over", "As Long As I'm Dreamin'", "Highway Robbery", "Empty Saddles", "All I Can Do", "Happy Tracks", "(I Can't Help You) I'm Falling Too", "Young Love", "Hillbilly Heaven", "From A Jack To A King"], "artists": ["The Jordanaires", "Jan Howard", "Margo Smith", "Carl Smith", "Jimmy Dean", "Charley Pride", "Kenny Rogers", "Faron Young", "Bellamy Brothers", "Ferlin Husky", "Glen Campbell", "Tanya Tucker", "Tanya Tucker", "Johnny Bond", "Dolly Parton", "Kenny Price", "Skeeter Davis", "Sonny James", "Tex Ritter", "Ricky Van Shelton"], "centerDistance": 0.2774838, "angle": 2.5132741228718345}, {"songs": ["A Fallen Star", "Why Don't They Understand", "Still Loving You"], "artists": ["Ferlin Husky", "George Hamilton IV", "Bob Luman"], "centerDistance": 0.321763, "angle": 3.7699111843077517}, {"songs": ["From A Jack To A King", "Walk On By", "Wolverton Mountain", "Please Help Me, I'm Falling", "Charlie's Shoes", "Once A Day", "Pick Me Up On Your Way Down"], "artists": ["Ned Miller", "Leroy van Dyke", "Claude King", "Hank Locklin", "Billy Walker", "Connie Smith", "Charlie Walker"], "centerDistance": 0.35063814285714284, "angle": 5.026548245743669}]