[{"songs": ["Believe", "Rebound", "Second Bite (Alex Track One Remix)", "The Name Game", "Shake It", "3-Stortion", "Drama (Original Mix)", "Get Lifted", "Sunseeker", "Gear Up", "Black Mamba", "Top Gear", "You Will Never Be Forgotten (Activa Remix)", "Apple", "Alive (Original Mix)", "Funk That (Hit Radio Mix)", "Strings & Guitars", "Addicted", "Twice In A Blue Moon", "Between Us"], "artists": ["Santiago Nino", "Octagen & M.I.D.O.R.", "Marco V", "Tempo Giusto", "Timmy & Tommy", "Marcel Woods", "Marcel Woods", "Kamui", "Pulser", "Ayleon", "Orjan Nilsen", "Rank 1", "Bryan Kearney", "Sander Van Doorn", "Jochen Miller", "Armani & Ghost", "Arctic Quest", "Signum", "Ferry Corsten", "Van Gelder"], "centerDistance": 0.01298654999999999, "angle": 0.0}, {"songs": ["Encounters", "Creature of Habit", "Subby"], "artists": ["Thr3shold", "Hydragen", "Persequor"], "centerDistance": 0.11703199999999998, "angle": 1.2566370614359172}, {"songs": ["Flight 643", "Tear Up", "Calling Earth"], "artists": ["Ti\u00ebsto", "Ali Wilson & Lee Osborne", "Yves Deruyter"], "centerDistance": 0.036656999999999974, "angle": 2.5132741228718345}, {"songs": ["Sonsuz (Original)", "F!lth (Breaks Mix)", "Beats @ Rank 1 Dotcom"], "artists": ["Joop", "Ronald van Gelderen", "Rank 1"], "centerDistance": 0.0525026666666667, "angle": 3.7699111843077517}, {"songs": ["Times square"], "artists": ["Octagen & M.I.D.O.R."], "centerDistance": 0.12979300000000005, "angle": 5.026548245743669}]