[{"songs": ["Life's A Mistery", "The Rebirth (club mix)", "Square Wave"], "artists": ["Luca Antolini DJ", "Luca Antolini DJ", "Andrea Montorsi"], "centerDistance": 0.2589656666666667, "angle": 0.0}, {"songs": ["Requiem", "Straight Ahaid", "Tension", "Brainchild", "Punch Drunk", "Cybertrance", "The Beat", "Die Unendlichkeit", "Wayfarer", "Springworld 2009", "Strike One", "Don't Leave Me", "The Future (Original Mix)", "Back from Sydney", "This Is It", "Clockwork", "Dr. Gorgo", "Silver Key", "Such is Life (Deep Dub)", "Cherry Picker (Original Mix)"], "artists": ["Kan Cold", "Kan Cold", "Marc Dawn", "Nostrum", "Lee Haslam", "Blue Alphabet", "Basshunter", "Space Frog", "Phrenetic System", "Gary D.", "Phil York", "Andrea Montorsi", "Joop", "Angel Beats", "Atomic Junkies", "Descent", "Richard Durand", "Richard Durand", "Rank 1", "Chris & Matt Kidd"], "centerDistance": 0.2885724499999999, "angle": 1.2566370614359172}, {"songs": ["Icarus, The Flight"], "artists": ["Flutlicht"], "centerDistance": 0.43921200000000005, "angle": 2.5132741228718345}, {"songs": ["Whatever It Takes", "Dirty Rocker", "Red Blue Purple", "Sonsuz (Mark Norman remix)"], "artists": ["Simon Patterson", "Ronald van Gelderen", "Marco V", "Joop"], "centerDistance": 0.43798675000000004, "angle": 3.7699111843077517}, {"songs": ["Freestyle", "Beyond the Water"], "artists": ["Luca De Maas", "Luca De Maas"], "centerDistance": 0.436543, "angle": 5.026548245743669}]