[{"songs": ["One Day At A Time", "Amen Amen", "I'm Going Through", "Thats the Way"], "artists": ["Jeannie Seely", "The Saints", "Edwin Hawkins Singers", "Denzil Dennis"], "centerDistance": 0.392166, "angle": 0.0}, {"songs": ["Live Like Jesus", "I Love To Call His Name"], "artists": ["The Harmonizing Four", "The Harmonizing Four"], "centerDistance": 0.40629899999999997, "angle": 1.2566370614359172}, {"songs": ["I Can't Stop Loving You (23 Millennium Classics Album Version)", "Danny Boy (Footprints In The Sand Album Version)", "Something Happened to Daddy", "King of Kings", "How Great Thou Art", "Precious Memories", "Let's Take It", "Close To You", "Just As I Am", "O Holy Night", "Church In The Wildwood", "Born Again", "If I Tell God", "Everything Is Gonna Be Alright", "What Would You Do (If Jesus Came To Your House)", "Power", "Jesus Remembered Me", "I Shall Not Be Moved", "What A Friend We Have In Jesus", "Shooby (Live Version)"], "artists": ["Cristy Lane", "Cristy Lane", "Bill Gaither Trio", "Bill Gaither Trio", "The Jordanaires", "Mark Gray", "V3", "V3", "Jan Howard", "Kenny Rogers", "David Houston", "Evie Karlsson", "Kurt Carr", "Sounds Of Blackness", "Porter Wagoner", "Marvin Sapp", "Hank Williams", "Ricky Van Shelton", "Bobby Helms", "Nicole C. Mullen"], "centerDistance": 0.3230258, "angle": 2.5132741228718345}, {"songs": ["Amazing Grace", "How Great Thou Art"], "artists": ["Charlie Rich", "Ray Price"], "centerDistance": 0.406061, "angle": 3.7699111843077517}, {"songs": ["Jesus Met the Woman at the Well"], "artists": ["The Fairfield Four"], "centerDistance": 0.406339, "angle": 5.026548245743669}]