[{"songs": ["Please Stay Tonight", "Can You Feel the Beat", "EXOTIQUE", "Magic Night", "I Wanted You", "Over and Over", "I Will Survive", "I Want You to Want Me", "Memories Of Love", "Let The Beat Hit 'Em", "Still in Love With You", "You're My Lady (LP Version)", "Don't Treat Me This Way", "If We Never Say Goodbye", "2 Of A Kind", "On The Edge", "LOL (Miss Skinny Jeans)", "Rules of Attraction (Chris Cox)", "Yo DJ", "Don't You Want My Love"], "artists": ["Judy Torres", "Lisa Lisa & Cult Jam", "Safire", "Synthia Figueroa", "Trinere", "Pajama Party", "Giggles", "Trinere", "Giggles", "Lisa Lisa & Cult Jam", "Brenda K. Starr", "Linear", "Fantasia", "Stephanie Marano", "Vanessa Williams", "Tony Moran", "Tina Ann", "Tina Ann", "Liberty X", "\u674e\u739f"], "centerDistance": 0.1952427, "angle": 0.0}, {"songs": ["CRAZY"], "artists": ["STEFANIE BENNETT"], "centerDistance": 0.33607200000000004, "angle": 1.2566370614359172}, {"songs": ["To Be With You", "The way i love you"], "artists": ["Lil Suzy", "Lil Suzy"], "centerDistance": 0.0, "angle": 2.5132741228718345}, {"songs": ["Give Me Tonight", "Let The Music Play"], "artists": ["Shannon", "Shannon"], "centerDistance": 0.285981, "angle": 3.7699111843077517}, {"songs": ["Surrender Me", "Secret Love (Stellar Project Remix)", "Feel Your Love (Extended Mix)"], "artists": ["Danielle Bollinger", "Kim Sozzi", "Kim Sozzi"], "centerDistance": 0.3208413333333333, "angle": 5.026548245743669}]