[{"songs": ["I Think I've Fallen In Love", "Bedford Galleries", "Colourless Colour", "Armour Love", "Znajd\u017a i we\u017a", "Another Runaway", "Travelouge (album cut)", "Oxygen (album cut)", "Morning Dreams", "The Only Ones", "One Day", "Storm In A Teacup (Extended Mix)", "Pop Music is Not a Crime", "Sometimes", "Don't Say Your Love Is Killing Me", "Light Skips Cross Heart", "Second Streets Have No Name (feat. Beta Bow)", "Better Than Love", "Tell no one about tonight", "Delta Bay"], "artists": ["The Mystic Underground", "The Mystic Underground", "La Roux", "La Roux", "Ramona Rey", "Ladyhawke", "Eight to Infinity", "The Dignity of Labour", "Ladyhawke", "Melody Club", "The Juan MacLean", "Erasure", "Freezepop", "Miami Horror", "Erasure", "Filthy Dukes", "The Bloody Beetroots", "Hurts", "Le Sport", "Empire Of The Sun"], "centerDistance": 0.11653100000000001, "angle": 0.0}, {"songs": ["No Stranger 2006 (album cut)"], "artists": ["Astromill"], "centerDistance": 0.21558200000000005, "angle": 1.2566370614359172}, {"songs": ["Bunny", "Cuffs"], "artists": ["Zeigeist", "Zeigeist"], "centerDistance": 0.09789300000000001, "angle": 2.5132741228718345}, {"songs": ["Discotheque Fran\u00e7ais (Hoxton Whores Vocal Remix)", "Discotheque Fran\u00e7ais (Manhattan Clique Extended Remix)"], "artists": ["Matinee Club", "Matinee Club"], "centerDistance": 0.096854, "angle": 3.7699111843077517}, {"songs": ["The Technicolor Phase", "Early Birdie"], "artists": ["Owl City", "Owl City"], "centerDistance": 0.150343, "angle": 5.026548245743669}]