[{"songs": ["Allons \u00e0 lafayette", "Zydeco Boogaloo", "I Got A Woman", "Le Souhait du Veuf (Widower's Wish)", "Lawrence Walker Medley", "Morning Train", "When the Levee Breaks", "Squeeze Box", "Creole Music", "Gator Man", "Every Dog Has His Day", "Cajun Cowboy Two Step", "Wondering", "I'm A Girl Watcher", "Poor Boy Blues", "The Louisiana Two Step", "Chicot Two-Step (feat. Danny Poullard, from the album, Nanc Album Two-Step, Arhoolie #436)", "Joe Pete Got Two Women", "Narration", "La Bas"], "artists": ["Captain Gumbo", "Buckwheat Zydeco", "Rockin' Dopsie", "Steve Riley & The Mamou Playboys", "Steve Riley & The Mamou Playboys", "Beau Jocque", "Buckwheat Zydeco", "Chubby Carrier", "Chubby Carrier", "Myrick \"Freeze\" Guillory", "Rockin' Sidney", "Rockin' Sidney", "The Hackberry Ramblers", "Beau Jocque", "Jude Taylor & His Burning Flames", "Rockin' Dopsie", "California Cajun Orchestra", "Terrance Simien", "Terrance Simien", "Myrick \"Freeze\" Guillory"], "centerDistance": 0.1230504, "angle": 0.0}, {"songs": ["Parlez nous \u00e0 boire"], "artists": ["Captain Gumbo"], "centerDistance": 0.0, "angle": 1.2566370614359172}, {"songs": ["Taunt Aline", "Sugar Bee", "Et L\u00e0 Bas"], "artists": ["Am\u00e9d\u00e9 Ardoin", "Jimmy C. Newman", "Hackberry Ramblers"], "centerDistance": 0.31528399999999995, "angle": 2.5132741228718345}, {"songs": ["Jolie Blonde", "I'm on My Way Back Home"], "artists": ["Fernest Arceneaux", "Fernest Arceneaux"], "centerDistance": 0.15546700000000002, "angle": 3.7699111843077517}, {"songs": ["Hackberry Hop", "Je Pase Durvan Ta Port"], "artists": ["Harry Choates", "Harry Choates"], "centerDistance": 0.3928855, "angle": 5.026548245743669}]