[{"songs": ["Down On My Head (Live In Vegas)", "Eddie's Song", "Here's to You", "All My Fault", "Gypsyqueen", "Aim To Please", "Lemon-Aid", "Butterfly [Acoustic]", "Forget My Name", "I Don't Wanna Know", "Jolly Green Dumbass", "Disappear", "Always You", "Over My Head", "Growing Down", "Like A Movie", "Suspended Animation", "Doin' Time", "Pretty Flamingo", "Stuck Without A Ride"], "artists": ["Yellowcard", "Son of Dork", "Zebrahead", "Fenix TX", "Audio Karate", "Audio Karate", "Gob", "The Ataris", "New Found Glory", "New Found Glory", "Fenix TX", "The Summer Obsession", "Amber Pacific", "Lit", "No Use For A Name", "Midtown", "Dynamite Boy", "Better Luck Next Time", "The Queers", "Useless ID"], "centerDistance": 0.041141500000000004, "angle": 0.0}, {"songs": ["Talk"], "artists": ["Useless ID"], "centerDistance": 0.062211000000000016, "angle": 1.2566370614359172}, {"songs": ["Politically Correct", "Right Now"], "artists": ["SR-71", "SR-71"], "centerDistance": 0.06983299999999998, "angle": 2.5132741228718345}, {"songs": ["Prince Of America", "Masonic"], "artists": ["Craig's Brother", "Craig's Brother"], "centerDistance": 0.05149199999999998, "angle": 3.7699111843077517}, {"songs": ["I Want You To Know", "Turn Around"], "artists": ["Riddlin' Kids", "Riddlin' Kids"], "centerDistance": 0.047387999999999986, "angle": 5.026548245743669}]