[{"songs": ["My Father Is A Husbandman", "Rising High Water Blues", "I'm Climbin' On Top Of The Hill", "Blues for the Lowland", "Custard Pie Blues", "Gold Tailed Bird", "Baby Please Don't Go", "Cigarette Blues", "Army Blues", "Slippin' And Slidin'", "B & O Blues No. 2", "Still Rainin' In My Heart", "Shine On Me", "Someday Baby Blues", "Drop Down Mama", "Cry Before I Go", "Everything's Gonna Be Alright", "What I'd Say (It's All Right)", "Black Mare Blues (Take 2)", "The Son I Never Knew (Take 1)"], "artists": ["Josh White", "Blind Lemon Jefferson", "Blind Boy Fuller", "Sonny Terry & Brownie McGhee", "Sonny Terry", "Jimmy Rogers", "Big Bill Broonzy", "Bo Carter", "Bukka White", "James Cotton", "Blind Willie McTell", "Slim Harpo", "Reverend Gary Davis", "Sleepy John Estes", "Sleepy John Estes", "Jimmy Reed", "Little Walter", "Buddy Guy & Junior Wells", "Tommy Johnson", "Kenny Neal & Billy Branch"], "centerDistance": 0.13325855000000003, "angle": 0.0}, {"songs": ["Playing With The Blues", "Billy Boy's Blues"], "artists": ["Billy Boy Arnold", "Billy Boy Arnold"], "centerDistance": 0.20627799999999996, "angle": 1.2566370614359172}, {"songs": ["Johnny's Boogie (Instrumental)"], "artists": ["Johnny Dyer"], "centerDistance": 0.33715300000000004, "angle": 2.5132741228718345}, {"songs": ["Minglewood Blues", "I Got Mine"], "artists": ["Cannon's Jug Stompers", "Frank Stokes"], "centerDistance": 0.2759215, "angle": 3.7699111843077517}, {"songs": ["More Good Whiskey Blues", "Man Trouble Blues", "Five Long Years"], "artists": ["Peetie Wheatstraw", "Jaybird Coleman", "Pinetop Perkins"], "centerDistance": 0.28526466666666667, "angle": 5.026548245743669}]