[{"songs": ["I'm A Sucker For Your Love", "Party Boys", "Head Hunter (LP Version)", "Mind What You Find", "You're The One For Me", "Give It To Me Baby", "When I Look In Your Eyes", "Behind The Groove", "Let's Start The Dance", "Hang It Up (Remastered Version)", "Heartbeat", "(Busted)", "Baby Doll (LP Version)", "Sweet Kind Of Life", "What Is My Woman For?", "Somebody Else's Guy", "Spank the Baby", "Cosmic Woman", "Burn Hard (LP Version)", "All My Lovin'"], "artists": ["Teena Marie", "Foxy", "Foxy", "Heatwave", "D Train", "Rick James", "The Gap Band", "Teena Marie", "Bohannon", "Patrice Rushen", "Curtis Mayfield", "The Bar-Kays", "Chic", "Cheryl Lynn", "Curtis Mayfield", "Jocelyn Brown", "Fatback Band", "Fatback Band", "Chic", "Cheryl Lynn"], "centerDistance": 0.04477389999999999, "angle": 0.0}, {"songs": ["Do You Wanna Go Party (Album Version)", "Hey There Jim"], "artists": ["KC And The Sunshine Band", "Jimmy 'Bo' Horne"], "centerDistance": 0.11754500000000001, "angle": 1.2566370614359172}, {"songs": ["Party", "Theme From Star Trek"], "artists": ["Van McCoy", "Van McCoy"], "centerDistance": 0.199058, "angle": 2.5132741228718345}, {"songs": ["The Sound Of Music", "Light Of The Universe"], "artists": ["Dayton", "Sun"], "centerDistance": 0.10885700000000004, "angle": 3.7699111843077517}, {"songs": ["Walking Into Sunshine", "Watching You", "Just A Touch Of Love"], "artists": ["Central Line", "Slave", "Slave"], "centerDistance": 0.06671833333333337, "angle": 5.026548245743669}]