[{"songs": ["Bad From Mi Born", "Yad To the East", "Me Want Money", "Sound Of My Tears", "Golden Hen", "Ring The Alarm", "The Truth", "Politician", "Over And Over", "Over You", "This One's For You", "Funky Reggae Party", "Show Your Love", "Punnany", "Harvest Time", "It A Ring", "Girl Next Door", "Ah Murder", "Give A Little Love", "Another Love Song"], "artists": ["Munga", "Queen Ifrica", "Munga", "Tanya Stephens", "Tenor Saw", "Tenor Saw", "Jah Mason", "Clement Irie", "Tami Chynn", "George Nooks", "George Nooks", "Yellowman & Fathead", "Chukki Starr", "Admiral Bailey", "Chezidek", "Tonto Irie", "Ras Shiloh", "Pad Anthony", "Ras Shiloh", "Warrior King"], "centerDistance": 0.13738899999999998, "angle": 0.0}, {"songs": ["Either or Either", "Time Fi Wine"], "artists": ["Patra", "Patra"], "centerDistance": 0.015197000000000016, "angle": 1.2566370614359172}, {"songs": ["Receive", "Loser", "Jah Jah"], "artists": ["Junior Kelly", "Junior Kelly", "Natural Black"], "centerDistance": 0.254802, "angle": 2.5132741228718345}, {"songs": ["If You Need Me", "Shame"], "artists": ["Susan Cadogan", "Susan Cadogan"], "centerDistance": 0.25437350000000003, "angle": 3.7699111843077517}, {"songs": ["Injection", "Get Inna de Mood"], "artists": ["Hawkeye", "Zumjay"], "centerDistance": 0.25014349999999996, "angle": 5.026548245743669}]