[{"songs": ["Arizona Dust", "I'm your man, you're my radio", "Cigarette", "Big American Headliner", "Foggy Night (Written By C.S. Mason)", "Dead and Buried", "The High Way", "Treasure Hunt", "Jimtown", "Le monde tourne fort", "Trichinosis", "On Her Doorstep", "Little Birds", "Glimpse Into Hell", "Water From A Tap", "Radio Plays", "Puzzle I Am", "Hard Line", "Beauty", "The Loner (Live Album Version)"], "artists": ["Blue Rodeo", "Justin Rutledge", "Jeremy Fisher", "Captain Tractor", "The Deep Dark Woods", "The Deep Dark Woods", "Weeping Tile", "Belinda Bruce", "Belinda Bruce", "Vincent Valli\u00e8res", "The Arrogant Worms", "Moxy Fr\u00fcvous", "Melissa McClelland", "Melissa McClelland", "Matthew Barber", "The Hugh Dillon Redemption Choir", "The Hugh Dillon Redemption Choir", "Jill Barber", "Shaye", "Neil Young"], "centerDistance": 0.25630430000000004, "angle": 0.0}, {"songs": ["Angel Jane", "Sleepless"], "artists": ["Sarah Noni Metzner", "Sarah Noni Metzner"], "centerDistance": 0.0, "angle": 1.2566370614359172}, {"songs": ["Pale Moon", "Anytown"], "artists": ["Dayna Manning", "Dayna Manning"], "centerDistance": 0.307102, "angle": 2.5132741228718345}, {"songs": ["Time Of Your Life ('til Your Dead)"], "artists": ["Matt Mays & El Torpedo"], "centerDistance": 0.296079, "angle": 3.7699111843077517}, {"songs": ["Flying", "Bone of Contention"], "artists": ["Blue Rodeo", "Spirit of the West"], "centerDistance": 0.21044349999999995, "angle": 5.026548245743669}]