[{"songs": ["Mix Rap 2", "Yougurt", "Metele Sazon", "Lento Lento", "Flow Natural", "C\u00e1scara", "Let's Do it", "Bartender", "Naki, Naki", "No Bligh", "Desahogo Del Alma", "Mia", "No Hay Nadie Como T\u00fa", "Sandungueoso", "Descontr\u00f3late", "Hacerte Mujer", "Hoy (Chosen Few Remix)", "Chiquitita (Remix)", "Tu Cintura", "Over Di Wall"], "artists": ["Daddy Yankee", "Vico C", "Tego Calderon", "Nicky Jam", "Tito ''El Bambino'' Ft.Beenie Man & Dnes", "Voltio", "Jowell & Randy", "Alexis & Fido", "Tego Calder\u00f3n", "Sean Paul", "Don Dinero", "Tito El Bambino Feat. Daddy Yankee", "Calle 13 Featuring Caf\u00e9 Tacuba", "Tego Calder\u00f3n", "Johnny Prez", "Arcangel y De La Ghetto", "LDA", "Yaga y Mackie", "Tito El Bambino Feat. Don Omar", "Elephant Man"], "centerDistance": 0.0843597, "angle": 0.0}, {"songs": ["Nebuleando"], "artists": ["Johnny Prez"], "centerDistance": 0.13911799999999996, "angle": 1.2566370614359172}, {"songs": ["Se Te Nota", "Shake That Thing"], "artists": ["De La Ghetto", "De La Ghetto"], "centerDistance": 0.01658649999999995, "angle": 2.5132741228718345}, {"songs": ["War", "Dame Tu Numero"], "artists": ["Baby Ranks", "Trebol Clan"], "centerDistance": 0.031686500000000006, "angle": 3.7699111843077517}, {"songs": ["Dejame Hacerlo", "Mambo"], "artists": ["Trebol Clan", "Baby Ranks"], "centerDistance": 0.020284499999999983, "angle": 5.026548245743669}]