[{"songs": ["Book and It's Cover", "Bomb Iraq", "Scalped By Pop", "Don't Conform", "Jimmy Boyle", "Cut-Ups", "Realities Of War", "Nowhere to Go", "Remains unseen", "Breaking Out", "Tsunami Suicide", "I Hate Hate", "What Happened to Hardcore", "Fuck You", "Give you nothing", "Criminals (Album Version)", "Mundo Egoista", "Life", "Seen It All", "Nazi Girlfriend"], "artists": ["Oppressed Logic", "Oppressed Logic", "A Global Threat", "The Varukers", "The Exploited", "A Global Threat", "Discharge", "The Varukers", "The Unseen", "Clit 45", "The Unseen", "Reagan Youth", "Evacuate", "Toxic Narcotic", "Evacuate", "Time Again", "Union 13", "Disorder", "Bombshell Rocks", "Wednesday Night Heroes"], "centerDistance": 0.055465750000000015, "angle": 0.0}, {"songs": ["Better Days", "Gamblin' Time"], "artists": ["Channel 3", "Channel 3"], "centerDistance": 0.16586, "angle": 1.2566370614359172}, {"songs": ["Finding Freedom In Hopelessness", "Fuck 5-0"], "artists": ["Career Soldiers", "Career Soldiers"], "centerDistance": 0.004103499999999982, "angle": 2.5132741228718345}, {"songs": ["From The Ramparts", "Not A Surrender"], "artists": ["Western Addiction", "Western Addiction"], "centerDistance": 0.16409050000000003, "angle": 3.7699111843077517}, {"songs": ["World War III", "Superficial Love"], "artists": ["T.S.O.L.", "T.S.O.L."], "centerDistance": 0.151777, "angle": 5.026548245743669}]