[{"songs": ["Call Me", "Lucy"], "artists": ["Anthony B", "Ward 21"], "centerDistance": 0.461314, "angle": 0.0}, {"songs": ["I Like (Armand's Back In Da Woods Version)"], "artists": ["Skeeta Ranx"], "centerDistance": 0.459495, "angle": 1.2566370614359172}, {"songs": ["Bring Out the Funk", "To You", "Bless Our Land", "Bring Yuh Body Come", "Full Up The Party", "Cool Baby", "Hustle Hard", "Sign", "Dom Perignon", "Don't Make We Hold You", "Girls Anthem", "A Murda", "Do Me a Favour", "Jah never fail i", "Dub De Heart", "Petrol", "Guiltiness", "HOW ABOUT THAT", "Weed Weed Weed", "Raptowne Realia"], "artists": ["Don T", "Innocent Crew", "General Trees", "Voicemail", "Wayne Marshall & Ward 21", "Busy Signal", "Busy Signal", "Voicemail", "T.O.K.", "Assassin", "Elephant Man", "Poison Chang", "Poison Chang", "Starkey Banton", "Starkey Banton", "Ward 21", "Cutty Ranks", "Mr. Vegas", "Bling Dawg", "FU"], "centerDistance": 0.4519685, "angle": 2.5132741228718345}, {"songs": ["Real Jamaican", "Murderer"], "artists": ["Busy Signal (feat. Mykal Roze)", "Busy Signal (feat. Alborosie)"], "centerDistance": 0.472453, "angle": 3.7699111843077517}, {"songs": ["Think Me Did Done", "Ital Man"], "artists": ["Admiral Bailey", "Chaka Demus"], "centerDistance": 0.47386999999999996, "angle": 5.026548245743669}]