[{"songs": ["el tercer jalon", "AZUL CELESTE", "Ella", "Que te vaya bonito", "La Panchita"], "artists": ["Las Voces Del Rancho", "Paquita La Del Barrio", "Miguel Aceves Mej\u00eda", "Chavela Vargas", "Lucha Reyes"], "centerDistance": 0.2872826, "angle": 0.0}, {"songs": ["Mananitas Guadalupanas", "A Mi Raza Malandrina (explicit)", "Comprendi Tu Pena", "Gabino Barrera", "Que Bueno", "Coplas Sure\u00f1as", "mirame", "Serenata Huasteca", "La Malague\u00f1a", "Ella", "Amanec\u00ed en tus Brazos", "Reg\u00e1lame La Felicidad", "Total Ya Se Fue", "Leonel Garcia Olivares", "El Quineno", "Me Cai de la Nube", "Si Nos Dejan", "Eyes Of Your Shadow (2)", "Anoche So\u00f1\u00e9 A Mi Madre", "Inocente Pobre Amigo"], "artists": ["Chayito Valdez", "Los Razos", "Ram\u00f3n Ayala", "Pepe Aguilar", "Alejandro Fern\u00e1ndez", "Ram\u00f3n Ayala", "Julio Preciado", "Jos\u00e9 Alfredo Jim\u00e9nez", "Estela Nu\u00f1ez", "Jos\u00e9 Alfredo Jim\u00e9nez", "Luis Miguel", "Ulises Quintero", "Ulises Quintero", "Beto Quintanilla", "Beto Quintanilla", "Cornelio Reyna", "Lola Beltr\u00e1n", "Improbable People", "Los Razos featuring Don Chema Ram\u00edrez", "Juan Gabriel"], "centerDistance": 0.40628380000000003, "angle": 1.2566370614359172}, {"songs": ["Cubana", "Me Voy Lejos"], "artists": ["Los Pumas Del Norte", "Los Pumas Del Norte"], "centerDistance": 0.294362, "angle": 2.5132741228718345}, {"songs": ["A Que Me Lo Das", "Nomas Por Tu Culpa"], "artists": ["Pablo Montero", "Juan Valentin"], "centerDistance": 0.403902, "angle": 3.7699111843077517}, {"songs": ["Serenata sin luna", "Aunque Me Duela El Alma"], "artists": ["Pedro Infante", "Joan Sebastian"], "centerDistance": 0.349638, "angle": 5.026548245743669}]