[{"songs": ["Entra en mi vida", "Hay Otra En Tu Lugar", "Esta Tristeza M\u00eda", "El D\u00eda Que Me Dijiste"], "artists": ["Beatriz Adriana", "Pablo Montero", "Mariachi Arriba Juarez", "Chavela Vargas"], "centerDistance": 0.18418674999999998, "angle": 0.0}, {"songs": ["Naci Para Ti", "Boda Negra", "Amaneci En Tus Brazos"], "artists": ["Gerardo Reyes", "Gerardo Reyes", "Lucha Villa;Mariachi Vargas De Tecalitlan"], "centerDistance": 0.341099, "angle": 1.2566370614359172}, {"songs": ["Que bonita es mi tierra", "Tiene espinas el rosal", "Que Falta Me Hace Mi Padre", "Ojos Tapat\u00edos", "Tres Consejos", "Cancion Mexicana", "Gata Salvaje", "Los Pilares De La Carcel", "La Malaguena", "Jamas, Jamas, Jamas", "Tampico Hermoso", "Gr\u00edtenme Piedras Del Campo", "Mas Alto Que Las Aguilas", "Amarga Navidad", "Es Differente", "Juan Colorado", "Punalada Trapera", "Juro que nunca volver\u00e9", "De Que Te Quejas Mujer", "La Del Rebozo Blanco"], "artists": ["Miguel Aceves Mej\u00eda", "Beatriz Adriana", "Antonio Aguilar", "Alejandro Fern\u00e1ndez", "Pedro Infante", "Lucha Reyes", "Pablo Montero", "Lucha Reyes", "Mariachi Los Caporales", "Mariachi Los Caporales", "Los Rurales De Gilberto Parra", "Cuco S\u00e1nchez", "Pepe Aguilar", "Mariachi Arriba Juarez", "Ana Gabriel", "Amalia Mendoza", "Amalia Mendoza", "Lucha Villa", "Pepe Aguilar", "Estela Nu\u00f1ez"], "centerDistance": 0.13901460000000002, "angle": 2.5132741228718345}, {"songs": ["El Navegante", "Maria De La Luz"], "artists": ["Chalino Sanchez", "Chalino Sanchez"], "centerDistance": 0.17873599999999995, "angle": 3.7699111843077517}, {"songs": ["Morir Por Tu Amor", "Te Voy A Olvidar", "La Malaguena", "Ojo Por Ojo"], "artists": ["Los Rurales De Gilberto Parra", "Mariachi Veracruz", "Mariachi Oro Juvenil", "Mariachi Arriba Ju\u00e1rez"], "centerDistance": 0.30613475, "angle": 5.026548245743669}]