[{"songs": ["Work Me Out", "Coisas", "Fim Da Can\u00e7\u00e3o", "Our Hearts Will Beat as One", "Gelado De Ver\u00e3o", "A Teia", "Tree", "Fugir? Ficar?", "O Dia Mais Longo", "Hardcore (1\u00ba Escal\u00e3o)", "Explode (E...)", "O Meu Abrigo", "On The Radio", "Mentira", "The Dog", "Suor e Fantasia", "Hora De Acordar", "A Seita Tem Um Radar", "A Danada Do Rock N' Roll", "Cr\u00e9ditos Finais"], "artists": ["Wraygunn", "Ornatos Violeta", "Ornatos Violeta", "David Fonseca", "Humanos", "Humanos", "Blind Zero", "Balla", "Jo\u00e3o Pedro Pais", "GNR", "Balla", "Mafalda Veiga", "X-Wife", "Jo\u00e3o Pedro Pais", "Bunnyranch", "Quinteto Tati", "Cabe\u00e7as No Ar", "Cabe\u00e7as No Ar", "Adelaide Ferreira", "Quinteto Tati"], "centerDistance": 0.23476414999999995, "angle": 0.0}, {"songs": ["Sometimes It's Hard"], "artists": ["Bunnyranch"], "centerDistance": 0.307991, "angle": 1.2566370614359172}, {"songs": ["Viver a Valer", "Dispon\u00edvel Para Amar"], "artists": ["Delfins", "Delfins"], "centerDistance": 0.297616, "angle": 2.5132741228718345}, {"songs": ["Ponte Do Guadiana", "O Dia Do N\u00f3"], "artists": ["Rio Grande", "Rio Grande"], "centerDistance": 0.38116799999999995, "angle": 3.7699111843077517}, {"songs": ["Com Atitude", "Vis\u00e3o Perif\u00e9rica"], "artists": ["Royalistick", "Royalistick"], "centerDistance": 0.267701, "angle": 5.026548245743669}]