[{"songs": ["Quisiera Ser Yo", "Morenita De San Luis Potosi", "Veinte A\u00f1os", "La Malague\u00f1a", "Vuela En Otros Cielos", "Ya Me Voy", "Que Te Vaya Bien", "Marthita la Piadosa", "Palida Rosa", "Destino Cruel", "Contigo", "Para Poder Ser Feliz", "Belludita", "Ya no es as\u00ed", "Casi siempre estoy pensando", "En una semana", "Me Llevaras En Ti", "Fortin", "Alma de B-Boy", "Juan Rulfo"], "artists": ["Los Pumas Del Norte", "Los Pumas Del Norte", "Los Alegres De Ter\u00e1n", "David Zaizar", "Pablo Montero", "Ceci Bastida", "Ram\u00f3n Ayala", "Chava Flores", "Los Cuates de Sinaloa", "El Tigrillo Palma", "Ulises Quintero", "Ulises Quintero", "Mexican Institute of Sound", "Moenia", "Mexicanto", "Jos\u00e9 Luis Rodr\u00edguez", "Alejandro Fern\u00e1ndez", "La Barranca", "El Gran Silencio", "Mexican Institute of Sound"], "centerDistance": 0.2825109499999999, "angle": 0.0}, {"songs": ["Coplas Sure\u00f1as", "El Bronco"], "artists": ["Ram\u00f3n Ayala", "Las Voces Del Rancho"], "centerDistance": 0.364493, "angle": 1.2566370614359172}, {"songs": ["La Noche Y Tu"], "artists": ["Miguel Aceves Mejia Con El Mariachi Vargas De Tecalitlan"], "centerDistance": 0.31996800000000003, "angle": 2.5132741228718345}, {"songs": ["El D\u00eda Que Me Dijiste"], "artists": ["Chavela Vargas"], "centerDistance": 0.125537, "angle": 3.7699111843077517}, {"songs": ["La Cumbia Del Mole (Live) (iTunes Live Session)"], "artists": ["Lila Downs"], "centerDistance": 0.13040200000000002, "angle": 5.026548245743669}]