[{"songs": ["My Kids", "Chiron Beta Prime", "The Night Santa Went Crazy", "Here's Your Sign Christmas", "No So Silent Night (album version)", "La Interesada", "Achy Breaky Heart", "Merry F'n Christmas (LP Version)", "The Christmas Sign (Album Version)", "Katia, Tania, Paulina Y La Kim", "The Lady Bird Song (2005 Digital Remaster)", "Scooby Doo", "Robots", "Lord, Mr. Ford", "Jew Jew Jew Jew Jew", "Not Home", "This Is Our Album, Eh?", "I Keed (Clean Version)", "Drivin' Cross Country (LP Version)", "Killing For God"], "artists": ["Denis Leary", "Jonathan Coulton", "\"Weird Al\" Yankovic", "Bill Engvall", "Bob Rivers", "Chava Flores", "Black Lace", "Denis Leary", "Bill Engvall", "Mexican Institute of Sound", "Mel Blanc", "Eddie Izzard", "Flight of the Conchords", "Jerry Reed", "Doug Stanhope", "Stephen Lynch", "Bob McKenzie", "Triumph the Insult Comic Dog", "Martin Lawrence", "Eric Idle"], "centerDistance": 0.4460395999999999, "angle": 0.0}, {"songs": ["Fuck Her Gently", "United States of Whatever"], "artists": ["Tenacious D", "Liam Lynch"], "centerDistance": 0.48915400000000003, "angle": 1.2566370614359172}, {"songs": ["Sonrie", "Tin Marin De Do Pingue"], "artists": ["Las Ardillitas De Lalo Guerrero", "Las Ardillitas De Lalo Guerrero"], "centerDistance": 0.0, "angle": 2.5132741228718345}, {"songs": ["Idiot Boyfriend", "Personal Information Waltz"], "artists": ["Jimmy Fallon", "Demetri Martin"], "centerDistance": 0.46872149999999996, "angle": 3.7699111843077517}, {"songs": ["It's So Hot (I'm Gonna Have A Heat Stroke)"], "artists": ["Five Iron Frenzy"], "centerDistance": 0.360503, "angle": 5.026548245743669}]