[{"songs": ["La velludita", "Las Clases Del Cha Cha Cha", "La Bala", "El Porro Maganguele\u00f1o", "Hasta Siempre Comandante", "Rehilete", "La Sabrosura", "Winnona", "Capullo y Sorullo", "La Cosecha De Mujeres", "Lamento Del Indio", "Otra Vez El Amor", "Fiesta Negra", "Matilda Variations", "Cumbia Triste", "Cumbia Del Olvido", "Dormir So\u00f1ando", "Comprendi Tu Pena", "La Tracalera", "Tengo Miedo"], "artists": ["Chicos De Barrio", "Rigo Tovar", "Rigo Tovar", "Celso Pi\u00f1a", "Celso Pi\u00f1a", "El Gran Silencio", "Fito Olivares", "Fito Olivares", "La Sonora Dinamita", "Los Wawanco", "Don Medardo y sus Players", "Bronco", "Los Wawanco", "Laura Leon", "Bronco", "Pante\u00f3n Rococ\u00f3", "El Gran Silencio", "Ram\u00f3n Ayala", "Selena", "Ram\u00f3n Ayala"], "centerDistance": 0.26433235, "angle": 0.0}, {"songs": ["La Vaca"], "artists": ["Armando Hernandez y Su Conjunto"], "centerDistance": 0.41261499999999995, "angle": 1.2566370614359172}, {"songs": ["Tanto Amor", "Diganle, Diganle"], "artists": ["Los Humildes", "Los Humildes"], "centerDistance": 0.278517, "angle": 2.5132741228718345}, {"songs": ["EL CANELAZO", "Babilonia", "Siento", "Cumbia infierno", "Soy Campesino", "No Me Desesperes"], "artists": ["Don Medardo y sus Players", "Dusminguet", "Dusminguet", "La Troba Kung-F\u00fa", "Ska Cubano", "Ska Cubano"], "centerDistance": 0.4059181666666667, "angle": 3.7699111843077517}, {"songs": ["El Cuartetazo"], "artists": ["Los Warahuaco"], "centerDistance": 0.41247100000000003, "angle": 5.026548245743669}]