[{"songs": ["Gonna Get Along Without Ya' Now", "Jackson", "Little Miss Lonely", "It's Getting Better", "Where Did My Snowman Go?", "I Found Love With You", "Lord, If You're A Woman", "It's My Party (Album Version)", "See That Boy (aka See That Girl) (Album Version)", "I'll Never Fall In Love Again", "Stay Awhile", "Born A Woman", "Google Eye", "Love Will Find A Way", "Everybody Loves Me But You", "Your Number One Fan", "The More I See You", "You're Singing Our Love Song To Somebody Else", "Paper Tiger", "Thank You For Calling"], "artists": ["Skeeter Davis", "Nancy Sinatra", "Helen Shapiro", "Mama Cass", "Petula Clark", "Dusty Springfield", "Darlene Love", "The Paris Sisters", "The Paris Sisters", "Bobbie Gentry", "Dusty Springfield", "Sandy Posey", "The Nashville Teens", "Jackie DeShannon", "Brenda Lee", "Bobbie Gentry", "Gogi Grant", "Jerry Wallace", "Sue Thompson", "Timi Yuro"], "centerDistance": 0.09538025000000001, "angle": 0.0}, {"songs": ["Free Again"], "artists": ["Martha and The Vandellas"], "centerDistance": 0.077453, "angle": 1.2566370614359172}, {"songs": ["Leader Of The Pack (Remix)", "Give him a great big kiss (remix)"], "artists": ["The Shangri-Las", "The Shangri-Las"], "centerDistance": 0.157397, "angle": 2.5132741228718345}, {"songs": ["A Lover's Concerto", "Tell Him"], "artists": ["The Toys", "The Exciters"], "centerDistance": 0.23802700000000004, "angle": 3.7699111843077517}, {"songs": ["Train And The River", "Orion"], "artists": ["The Stone Poneys", "The Stone Poneys"], "centerDistance": 0.24350499999999997, "angle": 5.026548245743669}]