[{"songs": ["On the Floor", "Evacuating The School"], "artists": ["Brad Fiedel", "Sean Callery"], "centerDistance": 0.16032800000000003, "angle": 0.0}, {"songs": ["The Palace"], "artists": ["Nick Glennie-Smith"], "centerDistance": 0.09679300000000002, "angle": 1.2566370614359172}, {"songs": ["Addiction", "Frankie Machine", "Anything Is Possible", "Heart of a King", "Underground Shelter", "Closing", "Black and White X 5", "Sleepwalkers", "Keep Your Head Down", "Los Olivos", "Trying To Kill Hobbits", "Escape To Rivendell", "So Long Superman", "Dusken", "Night Of The Tiger", "The Eyes You Stole", "Ten Things", "Powers Up!", "Tessa In The Bath", "Empty Nest"], "artists": ["Ramin Djawadi", "Elmer Bernstein", "Don Davis", "Nick Glennie-Smith", "Angelo Badalamenti", "Randy Edelman", "Bill Conti", "Klaus Badelt", "Klaus Badelt", "Alberto Iglesias", "Leonard Rosenman", "Leonard Rosenman", "John Ottman", "Piero Umiliani", "Harald Kloser", "Brad Fiedel", "Rachel Portman", "Paul Haslinger", "Alberto Iglesias", "Marc Shaiman"], "centerDistance": 0.1124515, "angle": 2.5132741228718345}, {"songs": ["Meet Ms Banning", "Il cuore altrove"], "artists": ["Bill Conti", "Riz Ortolani"], "centerDistance": 0.146102, "angle": 3.7699111843077517}, {"songs": ["Climbing Alpine Style", "Starting The Descent"], "artists": ["Alex Heffes", "Alex Heffes"], "centerDistance": 0.2255505, "angle": 5.026548245743669}]