[{"songs": ["Lowdown", "What a Fool Believes", "I Think I Love You", "Rich Girl", "Reminiscing", "I Write The Songs", "If You Leave Me Now", "I Can Help", "Alone Again (Naturally)", "Steal Away", "Him", "Longer", "Weekend In New England", "Ventura Highway", "Just Remember I Love You", "It Never Rains In Southern California", "Saturday Night", "Everything I Own", "Don't Cry Out Loud", "Sister Golden Hair"], "artists": ["Boz Scaggs", "The Doobie Brothers", "The Partridge Family", "Hall & Oates", "Little River Band", "Barry Manilow", "Chicago", "Billy Swan", "Gilbert O'Sullivan", "Robbie Dupree", "Rupert Holmes", "Dan Fogelberg", "Barry Manilow", "America", "Firefall", "Albert Hammond", "Bay City Rollers", "Bread", "Melissa Manchester", "America"], "centerDistance": 0.4394873, "angle": 0.0}, {"songs": ["Love Will Keep Us Together", "Fooled Around And Fell In Love", "Moonlight Feels Right", "Come And Get Your Love"], "artists": ["Captain & Tennille", "Elvin Bishop", "Starbuck", "Redbone"], "centerDistance": 0.336655, "angle": 1.2566370614359172}, {"songs": ["Baby Come Back", "Dance With Me", "Still the One", "On And On", "Drift Away"], "artists": ["Player", "Orleans", "Orleans", "Stephen Bishop", "Dobie Gray"], "centerDistance": 0.3160026, "angle": 2.5132741228718345}, {"songs": ["Lonely Boy", "Thank You for Being a Friend"], "artists": ["Andrew Gold", "Andrew Gold"], "centerDistance": 0.38814550000000003, "angle": 3.7699111843077517}, {"songs": ["Don't Give Up On Us", "Just When I Needed You Most"], "artists": ["David Soul", "Randy VanWarmer"], "centerDistance": 0.30213, "angle": 5.026548245743669}]