[{"songs": ["Be Patient", "All Over Now", "Airwave Raid", "Switzerland", "Overthrow", "Raise Yer Glass", "fcb", "War Is Sick", "Kiss Me Again", "England 5, Germany 1", "Angels With Dirty Faces", "Kids On The Street", "Fuck Hollywood", "Fight to Win", "Brotherhood", "Fatal Blow", "First Day Angry Song", "Every Day Every Weekend", "Watch Your Back", "My Own War"], "artists": ["Cobra", "X", "Lower Class Brats", "Vanilla Muffins", "The Bruisers", "The Bruisers", "Vanilla Muffins", "The Oi! Scouts", "Hi-Standard", "The Business", "The Oppressed", "Angelic Upstarts", "Anti-Heros", "Major Accident", "Forced Reality", "The Oppressed", "Hard Skin", "Hard Skin", "Cock Sparrer", "Bombshell Rocks"], "centerDistance": 0.299366, "angle": 0.0}, {"songs": ["The Bottom Line", "Bad Boy"], "artists": ["The Guttersnipes", "The Guttersnipes"], "centerDistance": 0.32698799999999995, "angle": 1.2566370614359172}, {"songs": ["Chaos", "I Ragazzi Sono Innocenti Part 2", "Running Out of Time", "Boot Down The Doors"], "artists": ["The 4-Skins", "Klasse Kriminale", "The Restarts", "Oi Polloi"], "centerDistance": 0.33141224999999996, "angle": 2.5132741228718345}, {"songs": ["No Satisfaction", "Keep on"], "artists": ["The Partisans", "The Partisans"], "centerDistance": 0.33788799999999997, "angle": 3.7699111843077517}, {"songs": ["Product", "Have You Got 10p"], "artists": ["The Business", "The Ejected"], "centerDistance": 0.32197400000000004, "angle": 5.026548245743669}]