[{"songs": ["auburn morning winds", "The Mello Hippo Disco Show", "Mellomaniac", "Vourvourou", "Aftermath 04", "Crazy Heart", "Resonate Within", "Starcell U.K.", "Red Eye", "It Could Be", "The Answer", "Papua New Guinea", "Everybody Loves The Sunshine", "Unexpected Rain", "Escape Plans", "Thirty", "Summer Mourn", "Lean On Me", "Bothersome (Mother Mix)", "Textures"], "artists": ["Milieu", "The Future Sound of London", "DJ Shah", "George Pallikaris", "Aes Dana", "Bahramji & Maneesh de Moor", "Healer", "Lackluster", "The Album Leaf", "Kuba", "Healer", "The Future Sound of London", "RAMP", "Bombay Dub Orchestra", "Anne Dudley", "Tommy Guerrero", "qpe", "Sounds From The Ground", "Lackluster", "The Amalgamation of Soundz"], "centerDistance": 0.21243425, "angle": 0.0}, {"songs": ["Doors of Perception featuring Gunjan", "Wires and Watchtowers featuring Sista Pat"], "artists": ["Thievery Corporation", "Thievery Corporation"], "centerDistance": 0.2381585, "angle": 1.2566370614359172}, {"songs": ["Still Here", "Intoxicated"], "artists": ["Aural Float", "Groovecatcher"], "centerDistance": 0.25314549999999997, "angle": 2.5132741228718345}, {"songs": ["Aamulla/Illalla", "Thursday"], "artists": ["SlowHill", "SlowHill"], "centerDistance": 0.24748949999999997, "angle": 3.7699111843077517}, {"songs": ["Chance Anthem", "Out Of The Hot"], "artists": ["Minotaur Shock", "Minotaur Shock"], "centerDistance": 0.22069099999999997, "angle": 5.026548245743669}]