[{"songs": ["Va a Llover", "Roena Medley Uno...", "Chotorro", "Coro Miyare", "El Sentimiento Del Latino En Nueva York", "Emergencia De Amor", "A Medellin", "Voy A Parrandear", "Me Estoy Muriendo De Amor", "Ndiabaane", "Sambia", "Amor De Cristal", "Borinquen Tiene Montuno", "groovin' to the afro-twist", "Betece", "Amores Como El Nuestro", "Gandinga", "Timboro", "Gladys", "Tres Lindas Cubanas"], "artists": ["Richie Ray & Bobby Cruz", "Roberto Roena", "Roberto Roena", "Fania All-Stars", "Angel Canales", "Puerto Rican Power", "Conjunto Clasico", "Tito Rojas", "Jerry Rivera", "Africando", "Johnny Pacheco", "Tito Rojas", "Ismael Miranda", "Orchestra Harlow", "Africando All Stars", "Jerry Rivera", "Los Soneros del Barrio", "Los Soneros del Barrio", "Orquesta Arag\u00f3n", "Orquesta Arag\u00f3n"], "centerDistance": 0.13833975, "angle": 0.0}, {"songs": ["El manicero"], "artists": ["Orquesta America"], "centerDistance": 0.212661, "angle": 1.2566370614359172}, {"songs": ["Mambo Inn", "El Bailarin"], "artists": ["Johnny Pacheco", "Orquesta Broadway"], "centerDistance": 0.161217, "angle": 2.5132741228718345}, {"songs": ["Un No S\u00e9 Qu\u00e9", "Te Veo Nena"], "artists": ["El Gran Combo de Puerto Rico", "El Gran Combo de Puerto Rico"], "centerDistance": 0.18855350000000004, "angle": 3.7699111843077517}, {"songs": ["Porque Me Enga\u00f1as", "Lejos De Ti (Puerto Rico)", "Conmigo", "Deseo Salvaje", "Camarones Y Guavaras", "Nunca Contigo", "Bemba Colora"], "artists": ["Charlie Palmieri", "Angel Canales", "Poncho Sanchez", "Eddie Palmieri", "Conjunto Clasico", "Eddie Palmieri", "Celia Cruz"], "centerDistance": 0.12777971428571427, "angle": 5.026548245743669}]