[{"songs": ["Send A Man (Raw Material Album Version)", "Behind Closed Doors (Tunnel Rats Album Version)", "Typical Tunnel Rat Topic (B) (Tunnel Rats Album Version)", "Crime Of The Century", "spare change", "Destination Love", "Headaches and Woes Intro", "Pro Audio (The Ball Point Composer Album Version)", "All Works Together featuring Mouf Warren", "Soul Flower (remix)", "Life", "The Heart Of Worship", "That's What It Is", "Play Hard", "Gunz Yo", "Mass Appeal (Edited)", "Hiero HQ", "Number Nine", "The Last Line Of Defense", "The Building"], "artists": ["Mars ILL", "Tunnel Rats", "Tunnel Rats", "Sev Statik", "Sev Statik", "Mos Def", "Aceyalone", "Freddie Bruno", "JustMe", "The Pharcyde", "Ill Harmonics", "Ill Harmonics", "Immortal Technique", "Masta Ace", "Sage Francis", "Gang Starr", "Souls of Mischief", "Aesop Rock", "Dilated Peoples", "Looptroop Rockers"], "centerDistance": 0.1668915, "angle": 0.0}, {"songs": ["Philistine David", "The Louisiana Purchase"], "artists": ["Brother Ali", "Akir"], "centerDistance": 0.23540300000000003, "angle": 1.2566370614359172}, {"songs": ["Bo Jackson", "Our Way"], "artists": ["Fashawn", "Fashawn"], "centerDistance": 0.2370625, "angle": 2.5132741228718345}, {"songs": ["Don't Do Drugs", "That Brooklyn Shit"], "artists": ["Danger Mouse & Jemini", "Danger Mouse & Jemini"], "centerDistance": 0.22358500000000003, "angle": 3.7699111843077517}, {"songs": ["Rapcha'", "Love Endless"], "artists": ["Abstract Tribe Unique", "Count Bass D"], "centerDistance": 0.21561199999999997, "angle": 5.026548245743669}]