[{"songs": ["Paano", "DJ Don Jeremy", "Goodbye", "Do What I Gotta Do", "I Don't Wanna Be Alone", "Why U Treat Me So Cold", "If You Love Me", "Nights Like This", "No More Fighting (Album Version)", "Just Can't Believe", "The One For Me", "Ticket To Ride (Intro)", "Candy Rain", "Turned Away (Chuckii's mix)", "Breathe", "Round and Round ( LP Version )", "Until I Found You", "What You Need", "Did You Know", "Jungle Club (Retail)"], "artists": ["Silk", "Jodeci", "K-Ci & JoJo", "Ralph Tresvant", "Shai", "Keith Sweat", "Brownstone", "After 7", "Tevin Campbell", "Mint Condition", "Joe", "Blackstreet", "Soul For Real", "Chuckii Booker", "Lee Carr", "Tevin Campbell", "Aaron Hall", "Adina Howard", "Shai", "Ralph Tresvant"], "centerDistance": 0.04463135, "angle": 0.0}, {"songs": ["Intro"], "artists": ["Koffee Brown"], "centerDistance": 0.205943, "angle": 1.2566370614359172}, {"songs": ["The Boy Is Mine (Duet With Monica) (LP Version)"], "artists": ["Brandy & Monica"], "centerDistance": 0.19730899999999996, "angle": 2.5132741228718345}, {"songs": ["Rock On", "Represent Me"], "artists": ["Next", "Next"], "centerDistance": 0.10282150000000001, "angle": 3.7699111843077517}, {"songs": ["Sadder Than Blue", "Secrets"], "artists": ["Az Yet", "Az Yet"], "centerDistance": 0.06305949999999999, "angle": 5.026548245743669}]