[{"songs": ["My Whole Life Depends On You", "You Don't Know", "Heaven (LP Version)"], "artists": ["The Techniques", "The Techniques", "Rude Boys"], "centerDistance": 0.23002066666666665, "angle": 0.0}, {"songs": ["Don't Take That", "I Need Your Sweet Inspiration", "Lightning & Thunder (Album Version)", "Wild Bunch", "Ten To One", "El Cong", "Soul Scorcher", "My boy lollipop", "Check Him Out", "Bad Man", "Grab A Girl", "Sinners", "Last Of The Skinheads", "Sweet Music", "Soul Crash", "Holidays By The Sea", "The Higher The Monkey Climbs", "I'm In The Mood For Love", "Guns Town", "Nuclear Weapon"], "artists": ["Monty Montgomery", "The Pioneers", "The Aggrolites", "Dave & Ansel Collins", "Dave & Ansel Collins", "Harry J Allstars", "Harry J Allstars", "Byron Lee & The Dragonaires", "The Bleechers", "Joe White", "Glen Adams", "Justin Hinds & The Dominoes", "Judge Dread", "Desmond Dekker", "Symarip", "Symarip", "Justin Hinds & The Dominoes", "Lord Tanamo", "Clancy Eccles", "Ansel Collins"], "centerDistance": 0.12515995, "angle": 1.2566370614359172}, {"songs": ["Laura", "In My Memories"], "artists": ["The Debonaires", "The Debonaires"], "centerDistance": 0.23311099999999996, "angle": 2.5132741228718345}, {"songs": ["Fattie Fattie", "Solomon", "John Jones"], "artists": ["Clancy Eccles", "Eric \"Monty\" Morris", "Rudy Mills"], "centerDistance": 0.21065633333333333, "angle": 3.7699111843077517}, {"songs": ["Club Meditation (Bonus Track)", "Nigel (Bonus Track)"], "artists": ["Hepcat", "Hepcat"], "centerDistance": 0.29498800000000003, "angle": 5.026548245743669}]