[{"songs": ["Under My Skin", "Everything'll Be Alright (Will's Lullaby)", "Waterfall", "Birds Encouraged Him", "Good Mother", "Darn That Dream", "Nightlight", "Nada Es Para Siempre", "T\u00fa Que Puedes, Vu\u00e9lvete", "Cellophane Girl", "Airstream Bohemians", "When I Came Home From the Party", "Justine", "Learning How To Fly", "Gone To The Movies", "In The Morning Of The Magicians [KCRW Version] [Live] [Previously Unreleased]"], "artists": ["Peter Bradley Adams", "Joshua Radin", "Griffin House", "Jason Lytle", "Jay Brannan", "Alex de Grassi", "Fountains Of Wayne", "Elefante", "Marta Topferova", "Graham Colton", "John Gorka", "The Clientele", "Ocean Colour Scene", "Tuck & Patti", "Semisonic", "The Flaming Lips"], "centerDistance": 0.38305843749999996, "angle": 0.0}, {"songs": ["Ring Me To Sleep", "The Weight Around", "Solituide (LP Version)", "Quiet", "Always The Good", "Jam Tomorrow", "After Tonight"], "artists": ["Woods", "Umphrey's McGee", "Edwin McCain", "John Mayer", "Neil Halstead", "Adrian Legg", "Justin Nozuka"], "centerDistance": 0.39380771428571426, "angle": 1.2566370614359172}, {"songs": ["Electrical Storm", "The Name", "Starting Over"], "artists": ["Joseph Arthur", "New End Original", "Ashton Allen"], "centerDistance": 0.345451, "angle": 2.5132741228718345}, {"songs": ["Kristina", "Bourr\u00e9e Voltige", "Windmills", "Tomorrow Never Knows", "Hat O'er Eyes"], "artists": ["Howie Day", "Pierre Bensusan", "Blonker", "Michael Hedges", "Neva Dinova"], "centerDistance": 0.39642799999999995, "angle": 3.7699111843077517}, {"songs": ["Rumores de la Caleta"], "artists": ["Muriel Anderson"], "centerDistance": 0.38421000000000005, "angle": 5.026548245743669}]