[{"songs": ["Do it All for You"], "artists": ["The Spectacular Fantastic"], "centerDistance": 0.12529500000000005, "angle": 0.0}, {"songs": ["The Ground Is Pushing Back", "Kiss", "The World Is Mine", "Heater 5:00", "Skinny Nails", "Underpants", "Nothing Seems The Same", "The Bellhop", "Thunder Island", "It's A Bubble Bath of Sharks!!!", "the misanthrope", "Hell", "Washington Monument", "Fast Fashion", "Silverglow", "Call It In The Air", "Jamie's Kisses", "Here Should Be My Home", "Science Fiction", "Mississippi Dream"], "artists": ["Chalk", "Chalk", "The Minor Leagues", "The Sundresses", "Thistle", "Cobra Verde", "Heartless Bastards", "Pomegranates", "Pomegranates", "Beaten Awake", "Tin Armor", "Thomas Jefferson Slave Apartments", "Infinite Number of Sounds", "Infinite Number of Sounds", "Coltrane Motion", "Discover America", "Pep Squad", "No Age", "French Miami", "Timid Tiger"], "centerDistance": 0.3474807999999999, "angle": 1.2566370614359172}, {"songs": ["Baby In A Jar", "Dollar A Day"], "artists": ["Ass Ponys", "Ass Ponys"], "centerDistance": 0.18692399999999998, "angle": 2.5132741228718345}, {"songs": ["Sound Steelers"], "artists": ["Post-Haste"], "centerDistance": 0.06572900000000004, "angle": 3.7699111843077517}, {"songs": ["New Brighton the Mighty"], "artists": ["Post-Haste"], "centerDistance": 0.06493899999999997, "angle": 5.026548245743669}]