[{"songs": ["Typewriter Snare", "World On Wheels", "Step Into the Relm", "That's A Lie", "Our Father", "Seven Day Hustle (Explicit Album Version)", "Not In My House", "Daylight", "Revolution (Another Perspective Mix)", "Cold Call (featuring The Gift of Gab)", "Considerate Brotha", "The INC Intro", "Sydney (Intro)", "Elevator", "Baller Bitch", "Everything Is Fair", "My Name Is Young", "Go Cut Creator Go", "Strip Club", "He's Gangsta"], "artists": ["The Foundation", "Dilated Peoples", "The Roots", "LL Cool J", "Pharrell", "Twista", "Nelly", "Brother Ali", "Arrested Development", "Lyrics Born", "Timbaland & Magoo", "Ja Rule", "Lyrics Born", "Eamon", "Foxy Brown", "A Tribe Called Quest", "Young M.C.", "LL Cool J", "K-Maro", "Dooley-O"], "centerDistance": 0.12637439999999997, "angle": 0.0}, {"songs": ["I've Had You"], "artists": ["The Creators"], "centerDistance": 0.147849, "angle": 1.2566370614359172}, {"songs": ["Canerow Waltz", "The Chapter"], "artists": ["Count Bass D", "The Chapter"], "centerDistance": 0.134768, "angle": 2.5132741228718345}, {"songs": ["Twist Ya Around", "Wrap U Around Me"], "artists": ["Sean Kingston", "Sean Kingston"], "centerDistance": 0.14603549999999998, "angle": 3.7699111843077517}, {"songs": ["Nu Flow", "Self Destruct"], "artists": ["Big Brovaz", "Ms. Dynamite"], "centerDistance": 0.13323049999999997, "angle": 5.026548245743669}]