[{"songs": ["Per Una Delusione In Piu'", "La Ballata Di Li Mammi (1997 Digital Remaster)", "Il Primo Bicchiere Di Vino", "Nessun dolore", "Di Fronte All'Amore", "Al Di La", "Le Ragazze Di Osaka", "Resta...Resta Cu' mme", "Roberta", "Incendiami La Vita", "Sul Vetro", "Il cielo \u00e8 vuoto o il cielo \u00e8 pieno", "Il Corvo Torvo", "E la barca torn\u00f2 sola", "A Prayer", "Ho veduto", "I Ain't Got You", "Sognando la California", "L'Uomo Pi\u00f9 Furbo", "Invisibile"], "artists": ["Zucchero", "I Gufi", "Sergio Endrigo", "Lucio Battisti", "Dusty Springfield", "Jerry Vale", "Eugenio Finardi", "Pino Daniele", "Peppino Di Capri", "Cesare Basile", "Cesare Basile", "Luciano Ligabue", "Vinicio Capossela", "Renato Carosone", "Elisa", "New Trolls", "The Yardbirds", "Dik Dik", "Max Gazz\u00e8", "Cristina Don\u00e0"], "centerDistance": 0.35397500000000004, "angle": 0.0}, {"songs": ["Chiove", "Quanto Sei Bella Roma"], "artists": ["Rita Chiarelli", "Rita Chiarelli"], "centerDistance": 0.448106, "angle": 1.2566370614359172}, {"songs": ["Le Porte Del Sogno", "Apri La Porta"], "artists": ["Sergio Cammariere", "Sergio Cammariere"], "centerDistance": 0.3424745, "angle": 2.5132741228718345}, {"songs": ["What A Sky", "A Casa D'Irene"], "artists": ["Nico Fidenco", "Nico Fidenco"], "centerDistance": 0.357829, "angle": 3.7699111843077517}, {"songs": ["Io che amo solo te", "A chi", "Avevo Un Cuore Che Ti Amava Tanto"], "artists": ["Sergio Endrigo", "Fausto Leali", "Mino Reitano"], "centerDistance": 0.29570033333333334, "angle": 5.026548245743669}]