[{"songs": ["Seasons", "Farewell", "Privilege", "Manic Star", "Odysseus and the Sirens", "The Crusades", "Flight Of Fantasy", "Come Into My World", "Tubastrea Aurea", "Sufi Mali", "Follow Your Dream", "Planet", "The Storyteller Sleeps", "He Is Sailing"], "artists": ["Dancing Fantasy", "Dancing Fantasy", "Balligomingo", "Conjure One", "Cusco", "Cusco", "Yanni", "ERA", "Synaesthesia", "XCultures", "3rd Force", "Beth Quist", "Michael Gettel", "Jon & Vangelis"], "centerDistance": 0.1647967142857143, "angle": 0.0}, {"songs": ["Sanka - Tanayamagahara e", "kokirico"], "artists": ["HIMEKAMI", "HIMEKAMI"], "centerDistance": 0.18882549999999998, "angle": 1.2566370614359172}, {"songs": ["Addiction Day", "L-42"], "artists": ["Trance Atlantic Air Waves", "Trance Atlantic Air Waves"], "centerDistance": 0.118956, "angle": 2.5132741228718345}, {"songs": ["Vol De Nuit"], "artists": ["Paul Schwartz"], "centerDistance": 0.201523, "angle": 3.7699111843077517}, {"songs": ["Jewel In The Sun", "Desert Walk", "Falling", "Redemption", "Echoes", "Winds Of Youth", "Las Salinas", "Arabian Nights", "In The Garden Of Mist", "Hands Across The Ocean", "Spiritual High (feat. Chrissie Hynde)"], "artists": ["Diane Arkenstone", "Deep Forest", "Balligomingo", "Conjure One", "Vangelis", "Kitaro", "B-Tribe", "Uman", "Uman", "3rd Force", "Moodswings"], "centerDistance": 0.14093863636363635, "angle": 5.026548245743669}]