[{"songs": ["Push It", "Smile", "We The Ones", "Welcome Back", "We Thuggin' (Explicit Album Version)", "Get It Up", "Pam", "Run For It", "Can't F**k Wit Me (Explicit Version)", "Mississippi", "Gage Play", "Akickdoe!", "Nothing Is Promised feat. Yung Joc (Explicit Album Version)", "Underground Kingz", "Freedom", "C&S War", "Pimpin' Don't Fail Me Now [Featuring Jazze Pha and Juvenile] (Explicit Album Version)", "Naw Meen", "Time", "Tussle"], "artists": ["Rick Ross", "Jibbs", "Al Kapone", "Young Jeezy", "Boyz N da Hood", "U.S.D.A.", "U.S.D.A.", "Juvenile", "Trick Daddy", "David Banner", "Big Pokey", "C-Murder", "Boyz N da Hood", "UGK", "C-Murder", "Rapid Ric", "8Ball & MJG", "Baby Boy Da Prince", "St. Lunatics", "Big Tuck"], "centerDistance": 0.0990396, "angle": 0.0}, {"songs": ["Touch That Ass", "Get To Poppin'"], "artists": ["Rich Boy", "Rich Boy"], "centerDistance": 0.22254200000000002, "angle": 1.2566370614359172}, {"songs": ["Break Sumthin'"], "artists": ["Disturbing Tha Peace"], "centerDistance": 0.24643199999999998, "angle": 2.5132741228718345}, {"songs": ["You Scared Part II", "Money Didn't Change Me"], "artists": ["Three 6 Mafia", "Three 6 Mafia"], "centerDistance": 0.022612500000000035, "angle": 3.7699111843077517}, {"songs": ["It's Goin' Down (Amended Version)", "I Am The Club (Amended Album Version)", "Do Ya Bad [Explicit Album Version]"], "artists": ["Yung Joc", "Plies", "Yung Joc"], "centerDistance": 0.13241500000000003, "angle": 5.026548245743669}]