[{"songs": ["Satellite Radio (Explicit)", "Suzy Q (Vocal)", "San Fran to the Town", "Calidascope (Beats by Fanatik)", "Head Of The State", "Ripped To Shreds (feat. Vinnie Paz, Celph Titled & Demoz)", "Explosure", "Labor", "M-O-V-E (Interlude)", "22 Years", "Family 1st, Live  (feat.Punchline)", "Son Of A...", "Each Step (beat by Bluemind)", "Deception", "She Said (Mike Caren Remix)", "Speak Your Mind", "Outro", "Sound Bwoy Bureill (Re-Edit)", "NUTTIN' MOVE BUT DA MONEY", "Freestyle Fellowship feat. RBX"], "artists": ["Dilated Peoples", "Skillz", "Rasco", "Planet Asia", "Cali Agents", "Jedi Mind Tricks", "Atmosphere", "Aesop Rock", "Project Move", "Termanology", "Masta Ace", "Camp Lo", "Surreal and DJ Balance", "Blackalicious", "The Pharcyde", "Immortal Technique", "Haiku D'Etat", "Smif-N-Wessun", "Smif-N-Wessun", "Freestyle Fellowship"], "centerDistance": 0.041989149999999996, "angle": 0.0}, {"songs": ["Original Rude Boy", "Voice Of Da Ghetto"], "artists": ["Fu-Schnickens", "Fu-Schnickens"], "centerDistance": 0.07148850000000001, "angle": 1.2566370614359172}, {"songs": ["Never Too Late", "Inside"], "artists": ["Kenn Starr", "Kenn Starr"], "centerDistance": 0.08021100000000003, "angle": 2.5132741228718345}, {"songs": ["Rapid Transit", "Clear Em Out (feat. Tonedeff)", "Bum Rap (I'm Not A Drug Dealer)", "Triumvirate", "People Going Down", "The Who-Del Mix", "FAT LACES", "Leaving the Past", "Livin It Up Pt. 2", "NE DEFinitely"], "artists": ["Dilated Peoples", "KRS-One", "Grand Agent", "Haiku D'Etat", "Hi-Tek", "HIEROGLYPHICS", "Arsonists", "Immortal Technique", "Natural Elements", "Natural Elements"], "centerDistance": 0.05048149999999999, "angle": 3.7699111843077517}, {"songs": ["Seasons"], "artists": ["Freestyle Fellowship"], "centerDistance": 0.05676899999999996, "angle": 5.026548245743669}]