[{"songs": ["Vuelve Otra Vez", "Vareando aceitunas (Canti\u00f1as)", "Mediterraneo", "Un Mundo Raro", "El dulcero (tangos de Triana)", "No va mi ni\u00f1a (Fandango)", "Cuando Nadie Me Ve", "Tangos Del Chavico", "Lo Bueno Y Lo Malo", "Tengo Miedo", "Due\u00f1o De Tu Amor", "Don Toribio", "Esta Hora De Los Besos", "Los Peces En El R\u00edo", "Tu Camisita De Flores", "Al jard\u00edn de la alegr\u00eda", "Buler\u00eda menor", "Aurora", "Romero Verde", "Ojos De La Alhambra"], "artists": ["Maria Jimenez", "Carmen Linares", "Ni\u00f1a Pastori", "Falete", "Roc\u00edo Jurado", "Carmen Linares", "Ni\u00f1a Pastori", "Estrella Morente", "Duquende", "Falete", "Manzanita", "Peret", "Javier Ruibal", "Los Chunguitos", "Duquende", "Son de la frontera", "Son de la frontera", "Javier Ruibal", "Lole Y Manuel", "Vicente Amigo"], "centerDistance": 0.08446635, "angle": 0.0}, {"songs": ["Como La Luna En El Agua", "Alfileres De Colores"], "artists": ["Miguel Poveda", "Miguel Poveda"], "centerDistance": 0.267978, "angle": 1.2566370614359172}, {"songs": ["Ojal\u00e1", "Amor M\u00edo"], "artists": ["Diana Navarro", "Diana Navarro"], "centerDistance": 0.23096699999999998, "angle": 2.5132741228718345}, {"songs": ["Tengo Un Presentimiento", "Las Vueltas Que Da Tu Pelo"], "artists": ["El Arrebato", "El Arrebato"], "centerDistance": 0.17039499999999996, "angle": 3.7699111843077517}, {"songs": ["El Blade", "La Soledad", "Hablame", "Hechicera (Yalla Bina Yalla)", "No Quieras"], "artists": ["Estopa", "Hanna", "Malu", "Mal\u00fa", "Hanna"], "centerDistance": 0.1847924, "angle": 5.026548245743669}]