[{"songs": ["Calm Inside The Storm", "Baby I Lied", "Too Many Walls", "True Blue (The Color mix)", "Giving Up The Ghost", "Why Can't It Wait 'Til Morning", "Angel Eyes (Home And Away)", "True Colors", "Never Surrender", "Do That To Me One More Time", "Words Get In The Way", "Break Me (iTunes Originals Version)", "A Different Corner", "Unconditional Love", "Hold Me In Your Arms", "One Or The Other", "Sweet Surrender", "Strong As Steel", "My Love", "Everytime We Touch"], "artists": ["Cyndi Lauper", "Tracey Ullman", "Cathy Dennis", "Madonna", "T'Pau", "Phil Collins", "Wet Wet Wet", "Cyndi Lauper", "Corey Hart", "Captain & Tennille", "Miami Sound Machine", "Jewel", "George Michael", "Victoria Beckham", "Rick Astley", "Paula Abdul", "Wet Wet Wet", "Five Star", "C\u00e9line Dion", "Maggie Reilly"], "centerDistance": 0.16998885000000002, "angle": 0.0}, {"songs": ["I'm The One Who Really Loves You", "Feel A Whole Lot Better"], "artists": ["Mel & Kim", "Mel & Kim"], "centerDistance": 0.308289, "angle": 1.2566370614359172}, {"songs": ["In Those Days", "Blind Faith"], "artists": ["Beverley Craven", "Beverley Craven"], "centerDistance": 0.23976150000000002, "angle": 2.5132741228718345}, {"songs": ["Alone", "Fueled for Houston"], "artists": ["Wilson Phillips", "Wilson Phillips"], "centerDistance": 0.280368, "angle": 3.7699111843077517}, {"songs": ["Eternal Flame", "Toy Soldiers", "Show Me Heaven", "Take My Breath Away"], "artists": ["The Bangles", "Martika", "Maria McKee", "Berlin"], "centerDistance": 0.313485, "angle": 5.026548245743669}]