[{"songs": ["Maniac", "More Than a Feeling (single edit)", "Summer Of Love (Mysterio Club Mix)", "Move For Freedom"], "artists": ["Topmodelz", "Jan Wayne", "Marc Korn", "Lovestern Galaktika Project"], "centerDistance": 0.36243824999999996, "angle": 0.0}, {"songs": ["The Sign (Pulsedriver single mix)", "Mad World (Radio Edit)", "Outro"], "artists": ["Sven-R-G vs. Bass-T", "Jan Wayne", "DJ Aligator Project"], "centerDistance": 0.3959376666666666, "angle": 1.2566370614359172}, {"songs": ["Barbie Girl", "Ass up"], "artists": ["Rob Mayth", "Baracuda"], "centerDistance": 0.36199200000000004, "angle": 2.5132741228718345}, {"songs": ["Two Princes", "Girl (Uhh Uhh Yeah Yeah) (Single Edit)", "Everywhere", "Feel Free", "Angel in the Night", "Heat Of The Moment", "Love Again", "Hold On", "I'm Always Here", "Come With Me - Extended Mix", "Dancing Nation__Radio_Edit", "Damn! (Remember The Time) - Original Radio", "Take Me to the Top", "With You", "When the rain begins to fall", "Jump Around (Deadmau5 Dub)", "D.E.V.I.L.", "I See Stars (Radio Mix)", "Tekno Jam", "Move Your Body"], "artists": ["Topmodelz", "Aquagen", "Master Blaster", "Marc Korn", "Basshunter", "Manian", "Cascada", "Cascada", "Andrew Spencer", "Special D.", "OverDrive Division", "Baracuda", "DJ Yanny", "Dj Satomi", "Age Pee", "House Of Pain Vs. Micky Slim", "666", "Robin Fox", "Gigi d'Agostino", "2 Eivissa"], "centerDistance": 0.3538307000000001, "angle": 3.7699111843077517}, {"songs": ["Peace", "Free 2009"], "artists": ["Pulsedriver", "Franky Tunes"], "centerDistance": 0.3461165, "angle": 5.026548245743669}]