[{"songs": ["Bel Amour (Vocal Mix)", "Saving Mary", "Follow Me", "Lovebox", "Music Sounds Better With You (12\" Club Mix)", "Miura", "Magic Flight", "Dooms Night (Timo Maas Remix)", "Rendez-Vu", "Bushes", "Sushi", "The Night", "Old School Vibes", "In My Bones", "The Revolution", "Water Psalm II", "Bullet (Bullion)", "Feel What You Want", "Happy People", "Pure (Jay's Nightlife Dub)"], "artists": ["Bel Amour", "Fused", "Aly-Us", "Groove Armada", "Stardust", "Metro Area", "2 Fabiola", "Azzido Da Bass", "Basement Jaxx", "Markus Nikolai", "Deep Dish", "Miguel Migs", "Timo Maas", "Groove Armada", "Superchumbo", "Aquanote", "Fluke", "Kristine W.", "Static Revenger", "Blue Six"], "centerDistance": 0.13514900000000005, "angle": 0.0}, {"songs": ["Visions", "Weekenderstyle", "All I Need (Jimpster Remix)", "All I Need (CJ One Remix)"], "artists": ["Central Living", "Weekender", "Blue Six", "Andy Caldwell"], "centerDistance": 0.16912824999999998, "angle": 1.2566370614359172}, {"songs": ["Push The Feeling On", "King Of My Castle", "Show Me Love"], "artists": ["Nightcrawlers", "Wamdue Project", "Robin S"], "centerDistance": 0.21579833333333331, "angle": 2.5132741228718345}, {"songs": ["Get Get Down", "Lazy", "Intro", "At Night", "Can't Get Enough"], "artists": ["Paul Johnson", "X-Press 2", "Alan Braxe & Fred Falke", "Shakedown", "Soulsearcher"], "centerDistance": 0.1915324, "angle": 3.7699111843077517}, {"songs": ["Good Life", "Big Fun"], "artists": ["Inner City", "Inner City"], "centerDistance": 0.2554925, "angle": 5.026548245743669}]