[{"songs": ["The Front of Luxury", "Life on MTV", "Push", "Walking in the Sunshine", "Professional Distortion", "Professional Distortion (Gods Magnetic Cereal Pamper) (Otto Von Schirach Remix)", "Outta Yer Mind", "Hollywood Blvd, 2.17 AM", "Backlash", "Cocaine", "Hello Celebrity", "Sasha (Sex Secret)", "Cut the Crap", "Wrapped", "Vitamin", "Rock And Roll Machine", "L.A. Song", "Lookin' My Best", "How We Do", "My Teacher Is A Zombie"], "artists": ["Rhythm King and Her Friends", "Miss Kittin & The Hacker", "Zombie Nation", "Miss Kittin & The Hacker", "Miss Kittin", "Miss Kittin", "Krause", "Dirty Sanchez", "Dirty Sanchez", "Spalding Rockwell", "Cobra Killer", "2raumwohnung", "Alice in Videoland", "Alice in Videoland", "Cobra Killer", "Client", "Fischerspooner", "Felix da Housecat", "Mount Sims", "Golden Bug"], "centerDistance": 0.1011813, "angle": 0.0}, {"songs": ["Disco Dance", "Destroy the human race"], "artists": ["David Carretta", "Cr\u00e8me de Menthe"], "centerDistance": 0.1812085, "angle": 1.2566370614359172}, {"songs": ["Break Even", "Get Paid"], "artists": ["$jammie the money", "$jammie the money"], "centerDistance": 0.20883300000000005, "angle": 2.5132741228718345}, {"songs": ["Princesse voiture", "Sexy Ghetto"], "artists": ["Sexy Sushi", "Sexy Sushi"], "centerDistance": 0.169649, "angle": 3.7699111843077517}, {"songs": ["Wordy Rappinghood", "99 Cents"], "artists": ["Chicks on Speed", "Chicks on Speed"], "centerDistance": 0.043267, "angle": 5.026548245743669}]