[{"songs": ["Say Never", "Stop Man Food", "picture you"], "artists": ["Elephant Man", "Mr. Vegas", "Tanto Metro & Devonte"], "centerDistance": 0.3506053333333334, "angle": 0.0}, {"songs": ["Obeah Man", "Won't Stop", "Bruk Out", "Dream On", "A Whochi Wa", "Solid As A Rock", "Fatima", "Come Baby Come", "Picante", "Get Me Mad", "Vibes Is Right", "Respect", "Hot Wuk", "Hunt Fah", "Dem Story", "More Reality", "Earthquake", "Wine", "A So You Move", "Ya Dun No"], "artists": ["Kiprich", "T.O.K.", "Aidonia", "Lady Saw", "Lexxus", "T.O.K.", "Voicemail", "Ward 21", "Busy Signal", "Bounty Killer", "Wayne Marshall", "Shabba Ranks", "Mr. Vegas", "Tanya Stephens", "Junior Kelly", "Ninjaman", "Munga", "Alaine", "Mavado", "Burro Banton"], "centerDistance": 0.3734409, "angle": 1.2566370614359172}, {"songs": ["Blaze The Fire"], "artists": ["Anthony B"], "centerDistance": 0.41724399999999995, "angle": 2.5132741228718345}, {"songs": ["No Noise Please", "Get Up And Run"], "artists": ["Hawkeye", "Bling Dawg"], "centerDistance": 0.424848, "angle": 3.7699111843077517}, {"songs": ["Pure War", "Hot Gal", "Tired Fi See Mi Face"], "artists": ["Beenie Man", "Mad Cobra", "Harry Toddler"], "centerDistance": 0.3771446666666667, "angle": 5.026548245743669}]