[{"songs": ["Bounce, Shake, Move, Swing", "Rose And A Honeycomb", "Christmas Meledy", "Hurry Up", "Good Thing (Bottom Dollar Dub Mix)", "Waitin' On You (Bonus Track)", "Motherlude", "Where Is the Love", "Heaven Knows", "Something About You", "Sally Went Down To The River (Live)", "Bye Bye - Street Mix", "One Mo' Time (LP Version)", "Why Did You Go", "J'ai besoin d'un chum", "I'm A Fool For You", "A Woman's Gonna Try", "Breathless", "Tender Lover", "I'm Not In Love"], "artists": ["Boyz II Men", "Boyz II Men", "Brian McKnight", "Eternal", "Eternal", "En Vogue", "Blackstreet", "SWV", "Lalah Hathaway", "Vonda Shepard", "Bobby Brown", "Randy Crawford", "Queen Latifah", "Ginuwine", "C\u00e9line Dion", "Lloyd", "Sabrina Starke", "Vanessa Williams", "Babyface", "Dee Dee Sharp"], "centerDistance": 0.001982999999999996, "angle": 0.0}, {"songs": ["The Breakthru", "Oh Oh"], "artists": ["Afromental", "Afromental"], "centerDistance": 0.011006000000000016, "angle": 1.2566370614359172}, {"songs": ["Other Plans", "Repertoire"], "artists": ["Marla Glen", "Marla Glen"], "centerDistance": 0.16251350000000003, "angle": 2.5132741228718345}, {"songs": ["Dream", "Old Love", "Men Always Regret"], "artists": ["Sisq\u00f3", "Dru Hill", "Dru Hill"], "centerDistance": 0.08775600000000001, "angle": 3.7699111843077517}, {"songs": ["Magic Touch", "So Close To Love"], "artists": ["Wendy Moten", "Wendy Moten"], "centerDistance": 0.0007510000000000017, "angle": 5.026548245743669}]