[{"songs": ["How High the Moon", "Dracula (Rudy Van Gelder 24-Bit Remastering) (1994 Digital Remaster)"], "artists": ["Charlie Parker & Dizzy Gillespie", "Grant Green"], "centerDistance": 0.3360745, "angle": 0.0}, {"songs": ["I Ain't Got Nobody", "Soppin' The Biscuit", "Let Me Go", "Open Secret (Paris)", "Stevedore Stomp", "Donna Lee"], "artists": ["Louis Armstrong", "Roy Hargrove Quintet", "Benny Bailey", "Jon Hassell", "Chris Barber's Jazz Band", "Wallace Roney"], "centerDistance": 0.3136335, "angle": 1.2566370614359172}, {"songs": ["Embraceable You", "Stardust", "The Man I Love", "East St. Louis Toodel-Oo (Ellington)", "Darbari Bridge", "Ms. Garvey, Ms. Garvey", "Love Potion No. 9", "Onyx Club Spree", "Green Tomatoes (Album Version)", "Swing Me High; Swing Me Low", "You're My Everything", "M\u00e1s Que Nada", "Ande (Digitally Remastered)", "Ladyfingers", "Tenderly", "Le Grand Voyage", "Cristo Redentor", "Every Time We Say Goodbye", "Main Squeeze", "Modest People"], "artists": ["Bobby Hackett", "Louis Armstrong & His Orchestra", "Art Blakey", "New York Trumpet Ensemble", "Jon Hassell", "Roy Hargrove Big Band", "Herb Alpert's Tijuana Brass", "Stuff Smith", "Rick Braun", "Mark Isham", "Miles Davis Quintet", "Al Hirt", "Louis Smith", "Herb Alpert and The Tijuana Brass", "Dizzy Reece", "Marc Moulin", "Donald Byrd", "Roy Hargrove Big Band", "Chuck Mangione", "Motek"], "centerDistance": 0.30705024999999997, "angle": 2.5132741228718345}, {"songs": ["Fancy Pants"], "artists": ["Al Hirt"], "centerDistance": 0.309187, "angle": 3.7699111843077517}, {"songs": ["I Remember You", "Paul's Pal"], "artists": ["Gene Ammons", "Donald Byrd"], "centerDistance": 0.2892285, "angle": 5.026548245743669}]