[{"songs": ["Level The Vibes", "Greetings"], "artists": ["Half Pint", "Half Pint"], "centerDistance": 0.01365649999999996, "angle": 0.0}, {"songs": ["Separation - Original", "Hail The King", "Lion Heart", "Concious Time", "Know Jah", "Zungguzungguguzungguzeng", "Mi Blenda", "What You Looking For", "Give A Little Love", "Play Play Girl", "Molly Molly", "Herbalist", "rastafari is the ruler", "Loser", "Girl Next Door", "Excitement", "power and will", "Love Is", "Never leave You lonely", "Barack Obama"], "artists": ["Tony Tuff", "Fantan Mojah", "Garnett Silk", "Brigadier Jerry", "Tony Rebel", "Yellowman", "Damian Marley", "Tony Rebel", "Ras Shiloh", "Johnny Osbourne", "Pad Anthony", "Chezidek", "Fantan Mojah", "Junior Kelly", "Ras Shiloh", "Admiral Tibet", "Admiral Tibet", "Jah Cure", "Natural Black", "Cocoa Tea"], "centerDistance": 0.015106749999999997, "angle": 1.2566370614359172}, {"songs": ["Conference Table", "Of A Fact"], "artists": ["Terry Ganzie", "Terry Ganzie"], "centerDistance": 0.030730999999999953, "angle": 2.5132741228718345}, {"songs": ["Mind Off Of Me", "Take It Easy"], "artists": ["Richie Spice", "Richie Spice"], "centerDistance": 0.012064999999999992, "angle": 3.7699111843077517}, {"songs": ["Lone Ranger & Tonto", "Love Affair Problem", "Code Red", "Cry Murdah"], "artists": ["Lone Ranger", "Lone Ranger", "Ziggi", "Ziggi"], "centerDistance": 0.04590374999999999, "angle": 5.026548245743669}]