[{"songs": ["Behind Closed Doors", "Once Again She's All Alone", "Ivy Rose", "But You Know I Love You", "El Paso", "The Tip Of My Fingers", "Lucille", "The Bridge Washed Out", "Wolverton Mountain", "The Comancheros", "My Love (Digitally Remastered '89)", "Have I Told You Lately That I Love You", "Forever My Darling", "Timber, I'm Falling", "Trying To Forget", "Sweet, Sweet Judy", "Rollin' With The Flow", "Why Baby Why", "I Recall A Gypsy Woman", "I'll Never Find Another You"], "artists": ["Charlie Rich", "Kenny Rogers", "George Hamilton IV", "Bill Anderson", "Marty Robbins", "Bill Anderson", "Kenny Rogers", "Warner Mack", "Claude King", "Claude King", "Sonny James", "Gene Autry", "David Houston", "Ferlin Husky", "Jim Reeves", "David Houston", "Charlie Rich", "Webb Pierce", "Don Williams", "Sonny James"], "centerDistance": 0.11730565, "angle": 0.0}, {"songs": ["Lovin' The Fool Out Of Me"], "artists": ["Stonewall Jackson"], "centerDistance": 0.15012599999999998, "angle": 1.2566370614359172}, {"songs": ["Aura Lee"], "artists": ["George Hamilton IV"], "centerDistance": 0.05431200000000003, "angle": 2.5132741228718345}, {"songs": ["The Cold Hand Of Fate"], "artists": ["Dottie West"], "centerDistance": 0.24316800000000005, "angle": 3.7699111843077517}, {"songs": ["Have I Been Away Too Long", "Treat Me Mean, Treat Me Cruel", "Baby Jane"], "artists": ["Conway Twitty", "Conway Twitty", "Mitch Ryder"], "centerDistance": 0.10882500000000002, "angle": 5.026548245743669}]