[{"songs": ["You Have No Grace", "Main Titles", "Drifter...In Lax (Brother)", "Passage of Time", "Desert Love", "Vivere", "Tamora's Pastorale", "End Credits", "I'll Go With You", "Across the Mountains", "Halfway Home", "Final Departure", "Brooklyn Heights Part 1", "Passage Of Time", "Archer Pleads", "Harry Tuttle - \"A Man Consumed By Paperwork\"", "Theme From Armageddon", "Alicia Vive", "Memories", "Goodbye"], "artists": ["Clint Mansell", "Rachel Portman", "\u4e45\u77f3\u8b72", "Rachel Portman", "Graeme Revell", "Elliot Goldenthal", "Elliot Goldenthal", "Michael Kamen", "Nick Glennie-Smith", "Vangelis", "John Williams", "Nick Glennie-Smith", "Howard Shore", "Elmer Bernstein", "Elmer Bernstein", "Michael Kamen", "Trevor Rabin", "Alberto Iglesias", "Harold Faltermeyer", "Randy Newman"], "centerDistance": 0.13584985, "angle": 0.0}, {"songs": ["Until the End", "Leo's Theme"], "artists": ["\u6885\u6797\u8302", "\u6885\u6797\u8302"], "centerDistance": 0.19025149999999996, "angle": 1.2566370614359172}, {"songs": ["Ride To Atlantis", "Mojave Club"], "artists": ["Marvin Hamlisch", "Marvin Hamlisch"], "centerDistance": 0.374066, "angle": 2.5132741228718345}, {"songs": ["Un Amor Encontrado", "Chivo Groove"], "artists": ["Gustavo Santaolalla", "Gustavo Santaolalla"], "centerDistance": 0.248649, "angle": 3.7699111843077517}, {"songs": ["The Easy Life In Paris", "Secret Agent Man"], "artists": ["Henry Mancini", "Hugo Montenegro"], "centerDistance": 0.177852, "angle": 5.026548245743669}]