[{"songs": ["Circle", "Kill The Day", "Maybe", "Mouths Of Babes", "Upside Down", "Mountains", "Song For You", "Erase/Replace", "Bring Me Down", "The Riches", "All Is Well", "Suffer Some", "Birth of Death", "Sneer (Blind To You)", "Baptize Me", "Sydney", "Like A Soldier", "It's Been Awhile (Acoustic Version)", "Half-Life", "Come On Over"], "artists": ["Seven Channels", "Filter", "Sick Puppies", "The Smashing Pumpkins", "Seven Mary Three", "Institute", "Fuel", "Foo Fighters", "Puddle Of Mudd", "Jane's Addiction", "Soul Asylum", "Jane's Addiction", "Bullet Lavolta", "Bullet Lavolta", "The Exies", "Puddle Of Mudd", "Live", "Staind", "Local H", "Institute"], "centerDistance": 0.08440105000000002, "angle": 0.0}, {"songs": ["I Don't Care (Album Version)"], "artists": ["Doubledrive"], "centerDistance": 0.15381999999999996, "angle": 1.2566370614359172}, {"songs": ["Reach Down", "Pushin' Forward Back"], "artists": ["Temple Of The Dog", "Temple Of The Dog"], "centerDistance": 0.1905325, "angle": 2.5132741228718345}, {"songs": ["Shame", "Mr. Twilight"], "artists": ["The Voluptuous Horror of Karen Black", "The Voluptuous Horror of Karen Black"], "centerDistance": 0.16155050000000004, "angle": 3.7699111843077517}, {"songs": ["Time is Slipping Away", "Live Again"], "artists": ["Course of Nature", "Course of Nature"], "centerDistance": 0.16504249999999998, "angle": 5.026548245743669}]