[{"songs": ["Should've Been", "L'amour Est Bien Plus Fort Que Nous", "A Beautiful Friendship", "Never To Return", "Holding Back The Years", "But Not For Me", "Alone Together (H. Dietz - A. Schwartz)", "Distance", "I Wish I Knew", "If You Were The Only Boy In The World", "My One And Only Thrill", "We Kiss In A Shadow", "Baby Plays Around", "What Is This Thing Called Love?", "You Don't Know What Love Is", "Trouble", "Do You Know My Love", "Cheek To Cheek", "Sinkin' Soon (Live From Rehearsals.com)", "Just Another Parade"], "artists": ["Kendra Shank", "Kendra Shank", "Cassandre McKinley", "Cassandre McKinley", "Erin Bode", "Ann Hampton Callaway", "Dena DeRose", "Norma Winstone", "Sathima Bea Benjamin", "Sathima Bea Benjamin", "Melody Gardot", "Holly Cole", "Viktoria Tolstoy", "Patricia Barber", "Rachelle Ferrell", "Over the Rhine", "Rebekka Bakken", "Peggy Lee", "Norah Jones", "Cassandra Wilson"], "centerDistance": 0.13389414999999996, "angle": 0.0}, {"songs": ["Cherry Tree", "A Thousand Years"], "artists": ["Anna Maria Jopek", "Anna Maria Jopek"], "centerDistance": 0.23509599999999997, "angle": 1.2566370614359172}, {"songs": ["This Is Always", "I Got It Bad And That Ain't Good"], "artists": ["Roberta Gambarini", "Carol Sloane"], "centerDistance": 0.19050099999999998, "angle": 2.5132741228718345}, {"songs": ["You Don't Know What Love Is", "Count Your Blessings"], "artists": ["Dena DeRose", "Erin Bode"], "centerDistance": 0.152522, "angle": 3.7699111843077517}, {"songs": ["Once I Loved", "I'm a Fool to Want You"], "artists": ["Shirley Horn", "Tierney Sutton"], "centerDistance": 0.1684835, "angle": 5.026548245743669}]