[{"songs": ["Run The Burbz", "Ms. Marseilles", "Got to Get It", "Tender Love", "Still Feelin' You (interlude)", "Daddy", "Teenager In Love", "You Don't Know Me", "Rain", "Bad Like We Bad", "Morning After Dark", "Jimmy", "In the Moment", "Move Tonight", "Lottery", "Look Into My Eyes", "Quickie", "Dry Your Eyes", "Nonplusultra", "Take It Off"], "artists": ["John Brown", "John Brown", "Sisq\u00f3", "Usher", "Blackstreet", "Wyclef Jean", "Razah", "City High", "Razah", "Kardinal Offishall", "Timbaland", "Truth Hurts", "Frankie J", "Brick & Lace", "Chris Brown", "Outlandish", "Nivea", "Sean Kingston", "Valezka", "Omarion"], "centerDistance": 0.07076125, "angle": 0.0}, {"songs": ["Laa Laa", "Without You"], "artists": ["J. Holiday", "J. Holiday"], "centerDistance": 0.176549, "angle": 1.2566370614359172}, {"songs": ["Bye Bye Love", "She Is"], "artists": ["Houston", "Houston"], "centerDistance": 0.175358, "angle": 2.5132741228718345}, {"songs": ["Unbreakable", "Shavaar"], "artists": ["Ms. Dynamite", "Ms. Dynamite"], "centerDistance": 0.07470499999999997, "angle": 3.7699111843077517}, {"songs": ["Make A Change"], "artists": ["Black Buddafly"], "centerDistance": 0.176361, "angle": 5.026548245743669}]