[{"songs": ["evan's shuffle", "She Ain't Nowhere", "That's The Way To Do It", "You're So Fine", "Down With It", "Left Me With A Broken Heart", "Mississippi Freight Train", "Diggin' My Potatoes", "Honeydripper (LP Version)", "Mystery Train", "You Got Me Dizzy", "Kind Hearted Woman", "Love My Baby", "Frog Hop", "Buzzin' (Instrumental)", "So Glad I Found You", "Description Of A Fool", "I Could be You", "You Messed Up", "Get Your Business Straight (Live)"], "artists": ["Johnny Dyer", "Sunnyland Slim", "Snooky Pryor", "Little Walter", "Kim Wilson", "Jimmy Rogers", "James Cotton", "Sonny Terry", "Buddy Guy & Junior Wells", "The Paul Butterfield Blues Band", "Jimmy Reed", "Johnny Shines", "Kim Wilson", "Earl Hooker", "Rod Piazza & The Mighty Flyers", "Johnny Shines", "Rod Piazza & The Mighty Flyers", "Hubert Sumlin", "R.J. Mischo", "Magic Slim"], "centerDistance": 0.15162225000000001, "angle": 0.0}, {"songs": ["Oh Yeah"], "artists": ["Johnny Dyer"], "centerDistance": 0.0, "angle": 1.2566370614359172}, {"songs": ["Flamin' Mamie", "Grown Men Cry"], "artists": ["Billy Branch", "Billy Branch"], "centerDistance": 0.2817595, "angle": 2.5132741228718345}, {"songs": ["I Just Keep Loving Her", "My Babe"], "artists": ["Kenny Neal & Billy Branch", "Kenny Neal & Billy Branch"], "centerDistance": 0.336311, "angle": 3.7699111843077517}, {"songs": ["So Unhappy", "Walked All Night Long"], "artists": ["Byther Smith", "Byther Smith"], "centerDistance": 0.23544749999999998, "angle": 5.026548245743669}]