[{"songs": ["Invader Ska", "Mandingo", "Lullaby", "Embarrassment", "Te Hacen Falta Vitaminas", "Drunk Asshole", "Jump Right In", "the horse", "Free Yourself", "5446 Thats My Number/ Ball And Chain", "Longshot", "Ashes", "Barefoot In Beverley Hills (2004 Digital Remaster)", "You (LP Version)", "The Way", "The Hustler", "Walk Don't Walk ( LP Version)", "Sloopy Seconds (Featuring Bootsy Collins And Bernie Worrell)", "Talkin' Out The Side Of Your Neck", "Don't Take Away My Coconuts"], "artists": ["The Invaders", "The Untouchables", "The Cat Empire", "Madness", "Soda Stereo", "The Urge", "The Urge", "Dexys Midnight Runners", "The Untouchables", "Sublime", "Common Rider", "Pepper", "Grace Jones", "Foxy", "Saigon Kick", "Baker Gurvitz Army", "Prince and the New Power Generation", "George Clinton", "Cameo", "Kid Creole & The Coconuts"], "centerDistance": 0.34164269999999997, "angle": 0.0}, {"songs": ["So Out", "No Home Training"], "artists": ["Bruce Hornsby", "Bruce Hornsby"], "centerDistance": 0.405135, "angle": 1.2566370614359172}, {"songs": ["Luke", "Kablammin' It"], "artists": ["Long Beach Dub All Stars", "Long Beach Dub All Stars"], "centerDistance": 0.39906600000000003, "angle": 2.5132741228718345}, {"songs": ["You Don't Know"], "artists": ["The Techniques"], "centerDistance": 0.41131399999999996, "angle": 3.7699111843077517}, {"songs": ["Gotta Stay Focused", "Minor Details"], "artists": ["Adequate Seven", "Adequate Seven"], "centerDistance": 0.36603, "angle": 5.026548245743669}]