[{"songs": ["Never Enough", "I Don't Know Enough About You/I Don't Know Why Medley", "They Go Wild, Simply Wild Over Me", "Same Ol' Situation (S.O.S.)", "Kickstart My Heart", "Bang Bang", "Blow My Fuse", "One More Day", "I Remember", "Seventeen", "Ten Boots (Stompin')", "All Over Now", "17 Crash", "Little Voice", "I'm Sorry", "Burnin' Bridges", "Shooting You Down (LP Version)", "Gudbuy T' Jane", "GARDEN OF DELIGHT", "Hell's On Fire"], "artists": ["L.A. Guns", "Autograph", "Autograph", "M\u00f6tley Cr\u00fce", "M\u00f6tley Cr\u00fce", "Danger Danger", "Kix", "Bret Michaels", "Bret Michaels", "Winger", "Dangerous Toys", "Great White", "L.A. Guns", "Vixen", "Vixen", "Slaughter", "Faster Pussycat", "Britny Fox", "Steelheart", "Steel Panther"], "centerDistance": 0.017329749999999998, "angle": 0.0}, {"songs": ["Follow The Loser", "Bad Boys", "9 Lives"], "artists": ["Tuff", "Cats in Boots", "Cats in Boots"], "centerDistance": 0.04489166666666666, "angle": 1.2566370614359172}, {"songs": ["48 Hours", "Leather Boyz With Electric Toyz"], "artists": ["Pretty Boy Floyd", "Pretty Boy Floyd"], "centerDistance": 0.03375250000000002, "angle": 2.5132741228718345}, {"songs": ["Hold On I'm A Comin' (Live)", "I Don't Love You Anymore (Live)"], "artists": ["The Quireboys", "The Quireboys"], "centerDistance": 0.18233900000000003, "angle": 3.7699111843077517}, {"songs": ["Need Your Love", "Will to Power"], "artists": ["Shark Island", "Shark Island"], "centerDistance": 0.06577200000000005, "angle": 5.026548245743669}]