[{"songs": ["Magic Touch", "So Close To Love"], "artists": ["Wendy Moten", "Wendy Moten"], "centerDistance": 0.2680925, "angle": 0.0}, {"songs": ["Til You Let Your Heart Win", "Still Not over You", "Are You Sure - Album Version", "Give Me The Night - Mousse T.'s Classic Club Mix", "Golden Oldies", "Every Home Should Have One (Remastered Version)", "Choux Pastry Heart", "Frankie's First Affair", "Trouble Sleeping (Live At Webster Hall)", "Why Should I Cry", "Sleepy Eyes", "4 and 20", "Color My World Blue", "Something Evil", "Pick Somebody Up", "Give Me Time", "You're My Everything", "You've Changed", "You're a Heavenly Thing", "The Sun Has Set"], "artists": ["Lauren Wood", "Lauren Wood", "Randy Crawford", "Randy Crawford", "Patti Austin", "Patti Austin", "Corinne Bailey Rae", "Sade", "Corinne Bailey Rae", "Cultured Pearls", "Cultured Pearls", "Joss Stone", "Ann Sexton", "Daniel Lemma", "Raul Mid\u00f3n", "Chant\u00e9 Moore", "Anita Baker", "Diana Ross", "Cleo Brown", "Ivana Santilli"], "centerDistance": 0.1186559, "angle": 1.2566370614359172}, {"songs": ["I Don't know", "Lullaby For Miles"], "artists": ["Juliet Roberts", "Juliet Roberts"], "centerDistance": 0.21928800000000004, "angle": 2.5132741228718345}, {"songs": ["For The Love Of You", "Fly Me To The Moon"], "artists": ["Regina Belle", "Regina Belle"], "centerDistance": 0.10860350000000002, "angle": 3.7699111843077517}, {"songs": ["Rainbow Child (Little Pas)", "Love to Last"], "artists": ["Angela Bofill", "Angela Bofill"], "centerDistance": 0.26481200000000005, "angle": 5.026548245743669}]