[{"songs": ["Just A'Sittin' and A'Rockin' / All Too Soon", "I'll Be There", "A Fine Romance", "Can Anyone Explain?", "Give Me A Break (Unit 7)", "I'm Thrilled", "Blues In The Night", "I Just Got Back In Town", "A Night in Tunisia (alternate version)", "Ain't She Sweet", "You Are There", "Would You Like to Take a Walk?", "Parole Incerte", "Sad Feeling", "Yesterdays", "Honeysuckle Rose", "Cotton Tail", "My Heart Belongs To Daddy", "For The Time Being (Reprise)", "May I Come In? (20 Bit Mastering) (1998 Digital Remaster)"], "artists": ["Carol Sloane", "Etta Jones", "Billie Holiday", "Ella Fitzgerald & Louis Armstrong", "Karrin Allyson", "June Christy", "Dinah Shore", "Eddie Jefferson", "Lambert, Hendricks & Ross", "Pearl Bailey", "Stacey Kent", "Ella Fitzgerald & Louis Armstrong", "Chiara Civello", "Helen Humes", "Jo Stafford", "Mildred Bailey", "Dee Dee Bridgewater", "Sophie Milman", "Deborah Brown", "Blossom Dearie"], "centerDistance": 0.08597635, "angle": 0.0}, {"songs": ["It Don't Mean A Thing (If It Ain't Got That Swing)"], "artists": ["Deborah Brown"], "centerDistance": 0.15200100000000005, "angle": 1.2566370614359172}, {"songs": ["Mountain Greenery (LP Version)"], "artists": ["Sylvia Syms"], "centerDistance": 0.220221, "angle": 2.5132741228718345}, {"songs": ["Como Fu\u00e9", "Love"], "artists": ["Laura Fygi", "Laura Fygi"], "centerDistance": 0.18545599999999995, "angle": 3.7699111843077517}, {"songs": ["All of You", "Come Take My Hand"], "artists": ["Ann Hampton Callaway", "Ann Hampton Callaway"], "centerDistance": 0.06497600000000003, "angle": 5.026548245743669}]