[{"songs": ["I'll Give It All To You", "Making Time", "My Atonement", "Talk To You", "Try And Stop Me", "Afterglow (Of Your Love)", "Francis", "There Will Never Be Another Day", "Keep The Customer Satisfied", "I'm Alive", "Girl Don't Make Me Wait", "Leave Me Be", "Vacuum Cleaner", "No Milk Today", "Think About Tomorrow Today", "I Can't Stand It", "Gone Is The Sad Man", "Gonna Find Somebody", "You're On Your Own", "I'm The Face"], "artists": ["The Poets", "The Creation", "The Flies", "Small Faces", "The Creation", "Small Faces", "The Embrooks", "The Pretty Things", "Gary Puckett & The Union Gap", "Tommy James & The Shondells", "Timebox", "The Zombies", "Tintern Abbey", "Graham Gouldman", "Masters Apprentices", "The Spencer Davis Group", "Timebox", "The Box Tops", "The In Crowd", "The High Numbers"], "centerDistance": 0.18952430000000003, "angle": 0.0}, {"songs": ["Periscope"], "artists": ["The Poets"], "centerDistance": 0.0, "angle": 1.2566370614359172}, {"songs": ["In the Pits", "Daemon Lover"], "artists": ["Downliners Sect", "Downliners Sect"], "centerDistance": 0.34067099999999995, "angle": 2.5132741228718345}, {"songs": ["Think", "Handbags And Gladrags"], "artists": ["Chris Farlowe", "Chris Farlowe"], "centerDistance": 0.333963, "angle": 3.7699111843077517}, {"songs": ["East Side Story", "Lord Of The Flies", "We Don't Know", "Stop! Stop! Stop!", "Lovingly Yours"], "artists": ["St. Louis Union", "The Flies", "The Attack", "Graham Gouldman", "The Mockingbirds"], "centerDistance": 0.12468039999999998, "angle": 5.026548245743669}]