[{"songs": ["Luedella", "She Don't Know", "Please Don't Go", "Big Town Playboy", "You Got To Love Me", "Too Poor", "Joliet Blues", "Ice Cream Man", "My Sweet Lovin' Woman"], "artists": ["Jimmy Rogers", "J.B. Lenoir", "Floyd Dixon", "Little Johnny Jones", "Billy Boy Arnold", "Detroit Jr.", "Johnny Shines", "John Brim", "Robert Nighthawk"], "centerDistance": 0.37504133333333334, "angle": 0.0}, {"songs": ["Straighten Up Baby", "Boogie Family Style", "Everything Gonna Be Allright", "Boogie Man", "Baby What's Wrong", "Boogin' All Alone", "Sweet Black Angel", "Rock This House", "Why Do Things Have To Change", "Frank Frost Blues", "Cherry Red", "Fast Boogie", "Have You Ever Loved A Woman", "The Woman I'm Lovin'", "Humble Bug", "Woman Wanted", "Waitin' For My Luck To Change", "Wang Dang Doodle", "I'll Play The Blues For You", "Bad Luck City"], "artists": ["Smokey Wilson", "Buddy Guy", "Magic Sam", "Freddie King", "Elmore James", "Hubert Sumlin", "Earl Hooker", "Jimmy Rogers", "Lonnie Brooks", "Jelly Roll Kings", "Mike Bloomfield", "Little Walter", "Freddie King", "Homesick James", "Mark Hummel", "Mark Hummel", "Bill Perry", "Koko Taylor", "Albert King", "R.L. Burnside"], "centerDistance": 0.25652990000000003, "angle": 1.2566370614359172}, {"songs": ["Blinded"], "artists": ["Lamont Cranston Blues Band"], "centerDistance": 0.31977199999999995, "angle": 2.5132741228718345}, {"songs": ["Come On Home", "Blue Shadows", "My Last Go Around"], "artists": ["Eddie Boyd", "Lowell Fulson", "Big Maceo Merriweather"], "centerDistance": 0.3518046666666667, "angle": 3.7699111843077517}, {"songs": ["I'm Mad", "24 Hours"], "artists": ["Willie Mabon", "Eddie Boyd"], "centerDistance": 0.2946645, "angle": 5.026548245743669}]