[{"songs": ["Ce Avem De Spus / What We Have To Say", "Flamedown", "D.N.A.", "Frozen Faces", "Wood Beez (Pray Like Aretha Franklin)", "Girl U Want (live)", "Secret Life", "Let Her Go", "Give Us Back Our Cheap Fares", "Whammy Kiss", "Girls On Film (Live)", "(It's Not Me) Talking", "Paint A Rumour", "Cloudburst At Shingle Street", "Flying North", "Beautiful End", "Clean, Clean", "Run from Love [Remix]", "Love and Money", "We Live So Fast"], "artists": ["Cristina", "Heaven 17", "A Flock Of Seagulls", "Propaganda", "Scritti Politti", "Devo", "Soft Cell", "Strawberry Switchblade", "Bananarama", "The B-52's", "Duran Duran", "A Flock Of Seagulls", "Eurythmics", "Thomas Dolby", "Thomas Dolby", "Strawberry Switchblade", "The Buggles", "Bronski Beat", "Bronski Beat", "Heaven 17"], "centerDistance": 0.02287615, "angle": 0.0}, {"songs": ["Voyage, voyage (PWL - Britmix)", "I'm Afraid of Me (Live)"], "artists": ["Desireless", "Culture Club"], "centerDistance": 0.1428105, "angle": 1.2566370614359172}, {"songs": ["Surface Tension", "Another Stranger"], "artists": ["Rupert Hine", "Rupert Hine"], "centerDistance": 0.03865200000000002, "angle": 2.5132741228718345}, {"songs": ["Being Boiled", "Don't Talk To Me About Love", "Quiet Life", "Love Missile F1-11"], "artists": ["The Human League", "Altered Images", "Japan", "Sigue Sigue Sputnik"], "centerDistance": 0.094394, "angle": 3.7699111843077517}, {"songs": ["Without You", "Pictures Of Bernadette"], "artists": ["Talk Talk", "Talk Talk"], "centerDistance": 0.01886300000000002, "angle": 5.026548245743669}]