[{"songs": ["The Battle Of Walnut Hills (Keep Your Eyes On The Flag)", "Baby Boy", "Hall Clock", "Always Looking (Intro)", "I Really Hope You Get to Retire", "My Secret Life", "Intro To Season", "It Began On Radio", "Interlude", "Last Night", "Taking The Farm", "Foxy End"], "artists": ["The Pit That Became a Tower", "Cold War Kids", "The Jim Yoshii Pile-Up", "Dirty on Purpose", "Ten Kens", "Jonny Polonsky", "Ohbijou", "The Upper Room", "Clinic", "Peter Bjorn And John", "The War on Drugs", "Timid Tiger"], "centerDistance": 0.24768825000000003, "angle": 0.0}, {"songs": ["Airport Ministry Theif (Shalom Y'all)", "There\u2019s Joy To Be Found...The Boy Who Caught All The Breaks", "River Ramble", "World's Gone Mad", "Cut My Hair", "Enough Is Enough", "Radio Coup", "Y'all Come Back Now", "Dead Ends", "3000 Flowers", "Frontiers", "Jamie's Kisses", "Flotando Sobre Loscos", "Purple Prose", "The Operator", "Steal Away"], "artists": ["The Pit That Became a Tower", "The Thrills", "Head of Femur", "The Shaky Hands", "Switches", "Silkworm", "Mobius Band", "Ten Kens", "Headlights", "Destroyer", "Second Hand Stories", "Pep Squad", "Los Planetas", "Mystery Jets", "The Coral", "Murder By Death"], "centerDistance": 0.25300925, "angle": 1.2566370614359172}, {"songs": ["The Day In Review", "One For My Soul (Good Night)"], "artists": ["Her Space Holiday", "Her Space Holiday"], "centerDistance": 0.26812199999999997, "angle": 2.5132741228718345}, {"songs": ["Heaven Can Wait", "Pleasure And Pain And Pride And Me"], "artists": ["These United States", "These United States"], "centerDistance": 0.2681345, "angle": 3.7699111843077517}, {"songs": ["I Want U Back", "The Final Incident", "The White Mask", "Barren Womb"], "artists": ["Shocking Pinks", "Frightened Rabbit", "Thee More Shallows", "Summer Darling"], "centerDistance": 0.26811624999999994, "angle": 5.026548245743669}]