[{"songs": ["Part Time Suckers", "30 Days", "State Of Hip Hop Interlude", "Sex And Violence", "Go Cut Creator Go", "Lyrics Of Fury", "4, 5, 6", "True Fuschnick", "Ghetto Knows", "Intro", "Eric B. Is On The Cut", "Straight Out The Jungle", "I Go To Work", "Can You Feel It", "You Can't Dance", "Rollin'", "Foundation", "Wreck Dem", "Warning - Knife in the Face", "Go See The Doctor"], "artists": ["Boogie Down Productions", "Run-D.M.C.", "Rakim", "Boogie Down Productions", "LL Cool J", "Eric B. & Rakim", "Kool G Rap", "Fu-Schnickens", "Kool G Rap", "AZ", "Eric B. & Rakim", "Jungle Brothers", "Kool Moe Dee", "Fat Boys", "LL Cool J", "Redman", "Brand Nubian", "Akrobatik", "7L & Esoteric", "Kool Moe Dee"], "centerDistance": 0.16911895000000002, "angle": 0.0}, {"songs": ["Bring It Here", "Talk To Me Big Time"], "artists": ["Capone-N-Noreaga", "Capone-N-Noreaga"], "centerDistance": 0.2417625, "angle": 1.2566370614359172}, {"songs": ["Bullshit", "Turn Tha Party Out"], "artists": ["Tha Alkaholiks", "Tha Alkaholiks"], "centerDistance": 0.44880349999999997, "angle": 2.5132741228718345}, {"songs": ["Music Makes Me High", "Jeeps, Lex Coups, Bimaz & Benz"], "artists": ["Lost Boyz", "Lost Boyz"], "centerDistance": 0.352114, "angle": 3.7699111843077517}, {"songs": ["Danger", "Rah Rah Shit"], "artists": ["Marco Polo & Torae", "Marco Polo & Torae"], "centerDistance": 0.436361, "angle": 5.026548245743669}]