[{"songs": ["What Am I Gonna Tell Her", "Let Me Hold & Squeeze You", "Thanks For Loving Me", "Don't Let The Green Grass Fool You (Remastered Single Version)", "You're Gonna Make Me Cry", "Feet Start Walking", "Spending My Life With You", "I'm Back into You", "For Your Precious Love", "Anker werfen - Segel setzen", "I Wish It Was Me", "Can I Change My Mind", "Everybody Knows (The River Song)", "I Never Had It", "Doing Fine", "Stormy Monday Blues", "If I Were Your Man", "The Usual Place (LP Version)", "A Little Bit Of Soap", "It Takes 2"], "artists": ["Z.Z. Hill", "Marvin Sease", "Marvin Sease", "Wilson Pickett", "O.V. Wright", "Doris Duke", "Bobby Bland", "Syl Johnson", "Aaron Neville", "Stefan Gwildis", "Tyrone Davis", "Willie Clayton", "O.V. Wright", "Carl Sims", "The Heavy", "Jimmy Hughes", "Stan Mosley", "Don Covay", "Garnet Mimms", "Johnny \"Guitar\" Watson"], "centerDistance": 0.13840550000000001, "angle": 0.0}, {"songs": ["God Bless The Child", "Johnny I Love You"], "artists": ["Tina Britt", "Tina Britt"], "centerDistance": 0.2928215, "angle": 1.2566370614359172}, {"songs": ["My Baby's Love", "Can't Wait To See You"], "artists": ["Arthur Adams", "Arthur Adams"], "centerDistance": 0.277139, "angle": 2.5132741228718345}, {"songs": ["You Got My Mind Messed Up", "Need Your Love So Bad"], "artists": ["James Carr", "Ruby Johnson"], "centerDistance": 0.24732350000000003, "angle": 3.7699111843077517}, {"songs": ["I Like Your Style", "Let's Get Married"], "artists": ["Syl Johnson", "Al Green"], "centerDistance": 0.23730850000000003, "angle": 5.026548245743669}]