[{"songs": ["Life Goes On (Swallow This Live) (Digitally Remastered 03)", "Never Enough", "Everybody Step/Alexander's Ragtime Band Medley", "I Don't Know Enough About You/I Don't Know Why Medley", "Same Ol' Situation (S.O.S.)", "Kickstart My Heart", "Bang Bang", "Blow My Fuse", "One More Day", "I Remember", "Seventeen", "Ten Boots (Stompin')", "All Over Now", "17 Crash", "I'm Sorry", "Little Voice", "Burnin' Bridges", "Shooting You Down (LP Version)", "Gudbuy T' Jane", "GARDEN OF DELIGHT"], "artists": ["Poison", "L.A. Guns", "Autograph", "Autograph", "M\u00f6tley Cr\u00fce", "M\u00f6tley Cr\u00fce", "Danger Danger", "Kix", "Bret Michaels", "Bret Michaels", "Winger", "Dangerous Toys", "Great White", "L.A. Guns", "Vixen", "Vixen", "Slaughter", "Faster Pussycat", "Britny Fox", "Steelheart"], "centerDistance": 0.0155754, "angle": 0.0}, {"songs": ["In The Alley", "Quick Draw"], "artists": ["Jetboy", "Jetboy"], "centerDistance": 0.09333150000000001, "angle": 1.2566370614359172}, {"songs": ["48 Hours", "Leather Boyz With Electric Toyz"], "artists": ["Pretty Boy Floyd", "Pretty Boy Floyd"], "centerDistance": 0.03375250000000002, "angle": 2.5132741228718345}, {"songs": ["Follow The Loser", "Bad Boys", "9 Lives"], "artists": ["Tuff", "Cats in Boots", "Cats in Boots"], "centerDistance": 0.04489166666666666, "angle": 3.7699111843077517}, {"songs": ["Make Me Bleed", "Do It Up"], "artists": ["Tigertailz", "Tigertailz"], "centerDistance": 0.07723550000000001, "angle": 5.026548245743669}]