[{"songs": ["Ordinary Blues", "He Don't Have the Blues Anymore", "Fool's Paradise", "Nick Of Time", "Blues Improv", "Too Late To Go", "Ten Ton Blocks", "It Hurts Me Too", "Secular Songs", "See You in Hell, Blind Boy", "Long Time Coming", "Big Ten Inch Record", "Me and My Wonderful One", "Slow Poke", "Lovin Sam, The Sheik From Alabam'", "Chop Suey", "Walk On", "Second Time Around", "Tonight", "Blackheart Blues"], "artists": ["Rebecca Pidgeon", "Maria Muldaur", "Maria Muldaur", "Bonnie Raitt", "Joan Baez", "Melanie", "Dana Gillespie", "Karen Dalton", "Joan Armatrading", "Ry Cooder", "Kristin Diable", "Dana Gillespie", "Cleo Brown", "Cleo Brown", "Juanita Hall", "Juanita Hall", "Carolyn Wonderland", "Nell Bryden", "Nell Bryden", "Melissa Forbes"], "centerDistance": 0.12359265, "angle": 0.0}, {"songs": ["Down So Low (LP Version)", "Lay Me Down Easy (LP Version)"], "artists": ["Tracy Nelson", "Tracy Nelson"], "centerDistance": 0.0, "angle": 1.2566370614359172}, {"songs": ["What Would Jesus Do", "Tell Everybody I Know"], "artists": ["Chris Thomas King", "Keb' Mo'"], "centerDistance": 0.15176249999999997, "angle": 2.5132741228718345}, {"songs": ["How's I To Know", "Slidell"], "artists": ["Grayson Capps", "Grayson Capps"], "centerDistance": 0.2118985, "angle": 3.7699111843077517}, {"songs": ["No More Trouble Out Of Me", "I'm Getting 'Long Alright"], "artists": ["Big Maybelle", "Big Maybelle"], "centerDistance": 0.21456200000000003, "angle": 5.026548245743669}]