[{"songs": ["Praises To Jah", "Love Sweeter Everytime", "The Truth", "Wherever You Go", "Position"], "artists": ["Ras Shiloh", "Jah Mali", "Jah Mason", "Norris Man", "Mega Banton"], "centerDistance": 0.10164019999999999, "angle": 0.0}, {"songs": ["Outro"], "artists": ["Lloyd Brown"], "centerDistance": 0.08622700000000005, "angle": 1.2566370614359172}, {"songs": ["Stop The Fussing And Fighting", "Original Mix Up", "What You Looking For", "I Got The Vibe", "Conquer", "We Must Be Free", "When I Call", "Mi Blenda", "One Bright Day", "Will I See You Again", "Hail The King", "Do You Pray", "Give A Little Love", "Herbalist", "Never leave You lonely", "Lion Heart", "Trying Man - Original", "Hold Tight - Original", "Recompence", "Dem Kinda Blackman"], "artists": ["Gyptian", "Tony Rebel", "Tony Rebel", "Frankie Paul", "I Wayne", "Cocoa Tea", "Chezidek", "Damian Marley", "Junior Kelly", "Fantan Mojah", "Fantan Mojah", "Beres Hammond", "Ras Shiloh", "Chezidek", "Natural Black", "Garnett Silk", "Tony Tuff", "Tony Tuff", "Lutan Fyah", "Macka B"], "centerDistance": 0.07011989999999999, "angle": 2.5132741228718345}, {"songs": ["My People Calling", "My Time", "Play Play Girl", "Strickly Bubbling"], "artists": ["Jah Cure", "Barrington Levy", "Johnny Osbourne", "Earl Sixteen"], "centerDistance": 0.07778550000000001, "angle": 3.7699111843077517}, {"songs": ["Parables", "One Two Order"], "artists": ["Tarrus Riley", "Tarrus Riley"], "centerDistance": 0.126911, "angle": 5.026548245743669}]