[{"songs": ["Eudemon", "Olivia", "Shine", "Intercooler", "Loner", "Green And Grey", "Sister", "celebrate your youth (featuring modereko)", "So Far Gone", "Arctic Song", "Bellwether", "Broken Picture Window", "Mutha Fucka", "Welcome To The Basement", "Hate Frame", "Psychedelic Sex Machine", "Shakedown Street", "Merl's Tune", "Never Had It", "Miss America"], "artists": ["Steve Kimock Band", "Trey Anastasio", "Trey Anastasio", "Monkey Business", "Ekoostik Hookah", "Virginia Coalition", "Dave Matthews & Tim Reynolds", "Keller Williams", "Strangefolk", "Ekoostik Hookah", "Lotus", "New Monsoon", "Babas\u00f3nicos", "Jerry Garcia", "Benevento/Russo Duo", "North Mississippi Allstars", "Phil Lesh & Friends", "Merl Saunders", "Flobots", "Agents of Good Roots"], "centerDistance": 0.29282935, "angle": 0.0}, {"songs": ["Break Dance", "On The Dance Floor"], "artists": ["56 Hope Road", "56 Hope Road"], "centerDistance": 0.0, "angle": 1.2566370614359172}, {"songs": ["Carbohydrates Are The Enemy", "Welcome to the Donkey Show"], "artists": ["RAQ", "RAQ"], "centerDistance": 0.3323025, "angle": 2.5132741228718345}, {"songs": ["Nebraska", "Stranger Than Fiction"], "artists": ["moe.", "moe."], "centerDistance": 0.2957895, "angle": 3.7699111843077517}, {"songs": ["40 Reasons"], "artists": ["Assembly of Dust"], "centerDistance": 0.09373200000000004, "angle": 5.026548245743669}]