[{"songs": ["Let Me Go", "She Blinded Me With Science", "Election Day", "Cars", "I Could Be Happy", "New Song", "Underpass", "Europa and the Pirate Twins", "Perfect Way", "Wishing (If I Had A Photograph Of You)", "Mexican Radio", "Making Plans For Nigel", "I Got You", "Love My Way", "Whistle Down The Wind", "Happy Birthday", "Enola Gay", "Jerkin' Back 'n' Forth", "(We Don't Need This) Fascist Groove Thang", "Sensoria"], "artists": ["Heaven 17", "Thomas Dolby", "Arcadia", "Gary Numan", "Altered Images", "Howard Jones", "John Foxx", "Thomas Dolby", "Scritti Politti", "A Flock Of Seagulls", "Wall of Voodoo", "XTC", "Split Enz", "The Psychedelic Furs", "Nick Heyward", "Altered Images", "Orchestral Manoeuvres In The Dark", "Devo", "Heaven 17", "Cabaret Voltaire"], "centerDistance": 0.33510825, "angle": 0.0}, {"songs": ["Fade To Grey", "Tainted Love", "Too Shy", "You Spin Me Round (Like A Record)"], "artists": ["Visage", "Soft Cell", "Kajagoogoo", "Dead Or Alive"], "centerDistance": 0.34396174999999996, "angle": 1.2566370614359172}, {"songs": ["True Faith", "Bizarre Love Triangle"], "artists": ["New Order", "New Order"], "centerDistance": 0.463011, "angle": 2.5132741228718345}, {"songs": ["The Politics Of Dancing", "Turning Japanese", "Wot", "Voices Carry"], "artists": ["Re-Flex", "The Vapors", "Captain Sensible", "'Til Tuesday"], "centerDistance": 0.33815175, "angle": 3.7699111843077517}, {"songs": ["The Sound Of The Crowd", "Open Your Heart"], "artists": ["The Human League", "The Human League"], "centerDistance": 0.411338, "angle": 5.026548245743669}]