[{"songs": ["Oh My Stars [featuring Musiq Soulchild] (Amended Version)", "Number Nine", "Love Endless", "The Last Trumpet Halou Remix (feat Lateef)", "Sky Box", "Uptown (Remix)", "Act Like You Know", "Global", "Fed Up Wit The Bullshit", "Won't Trade", "Make It Fresh", "You Can't Hide, You Can't Run", "Gunz Yo", "The One And Only (Explicit)", "You And I", "Flow Forever", "Happiness ('s Unit of Measurement)", "Rock Rock Y'all", "Anthem", "Ya Playin' Yaself"], "artists": ["Talib Kweli", "Aesop Rock", "Count Bass D", "Lyrics Born", "Camp Lo", "Camp Lo", "Pete Rock & C.L. Smooth", "Bahamadia", "Big L", "Q-Tip", "Project Move", "Dilated Peoples", "Sage Francis", "Dilated Peoples", "Murs", "Rakim", "Busdriver", "A Tribe Called Quest", "Project Move", "Jeru the Damaja"], "centerDistance": 0.03961954999999999, "angle": 0.0}, {"songs": ["Eat To Live (Amended Version)", "Hiding Place (Amended Version)", "Hahaha", "Hold", "Son Get Wrec", "Lovesick (Edited)", "It Takes Time To Build", "Kon Karne", "3 Card Molly", "Big Head Scientist", "And This Is For...", "Not Your Average Joe (Radio)", "Sunsets & Waterfalls (feat. Otherwize & Pterradacto)", "Dr. Bombay", "Fresstyle Dedication feat. Supernatural"], "artists": ["Talib Kweli", "Little Brother", "Tanya Morgan", "KRS-One", "Black Moon", "Gang Starr", "Beastie Boys", "MF DOOM", "C-Rayz Walz", "Scienz of Life", "Murs", "Joe Budden", "Aceyalone", "Del tha Funkee Homosapien", "Freestyle Fellowship"], "centerDistance": 0.04627206666666666, "angle": 1.2566370614359172}, {"songs": ["FAT LACES", "Physical Stamina"], "artists": ["Arsonists", "Jeru the Damaja"], "centerDistance": 0.06047150000000001, "angle": 2.5132741228718345}, {"songs": ["Remind My Soul"], "artists": ["Akrobatik"], "centerDistance": 0.06666399999999995, "angle": 3.7699111843077517}, {"songs": ["Supermagic", "Grown Ass Man", "Wrektime"], "artists": ["Mos Def", "Outerspace", "Smif-N-Wessun"], "centerDistance": 0.056883666666666666, "angle": 5.026548245743669}]