[{"songs": ["Dream Warrior", "You Might Be Surprised"], "artists": ["Dr John and the Lower 911", "Dr John and the Lower 911"], "centerDistance": 0.47519, "angle": 0.0}, {"songs": ["Boogie Woogie Mama", "Ding Dong School", "Everybody's Carried Away", "Great Googa Mooga", "What Is Success? (Album Version)", "Happy Times", "I Hear You Knocking", "Dancin' Jones", "Sneakin' Sally Through the Alley", "Scoop Scoobie Doobie", "I'm Angry", "Party", "Rock Down In My Shoe", "Louisiana", "I Done Got Over It", "Lost Mind", "Candy", "Easy Easy Baby", "Little By Little", "What'cha Say"], "artists": ["Tommy Ridgley", "Tommy Ridgley", "Earl King", "Lee Dorsey", "Allen Toussaint", "Allen Toussaint", "Smiley Lewis", "The Neville Brothers", "Lee Dorsey", "Jessie Hill", "The Subdudes", "The Wild Magnolias", "Clarence \"Frogman\" Henry", "Percy Mayfield", "Irma Thomas", "Percy Mayfield", "Big Maybelle", "Ann Cole", "Nappy Brown", "The Meters"], "centerDistance": 0.25938120000000003, "angle": 1.2566370614359172}, {"songs": ["Hey Pocky A-Way", "Hey Mama (Wild Tchoupitoulas)"], "artists": ["The Wild Tchoupitoulas", "The Wild Tchoupitoulas"], "centerDistance": 0.35870599999999997, "angle": 2.5132741228718345}, {"songs": ["Roll On", "In the Middle of It All", "Here We Go", "Get The Hump Out Yo Back"], "artists": ["Benny Spellman", "Irma Thomas", "New Birth Brass Band", "New Birth Brass Band"], "centerDistance": 0.318798, "angle": 3.7699111843077517}, {"songs": ["The Rain", "Have Faith / Speak To Me  / Nadine", "A Tribute To My Friend Joe"], "artists": ["The Subdudes", "Aaron Neville", "Ernie K-Doe"], "centerDistance": 0.401801, "angle": 5.026548245743669}]