[{"songs": ["It's Never Been So Quiet", "Self Defiance", "Hey Dude!", "Sailing In The Dark Isn't Smart Kid!", "Closed Eyes, Open Hands (Bonus Track)", "(We Cry Mercy)", "Lines Full of Lies and a Thousand Roses", "Some Like It Cold", "Let's Whisper", "Cannibal Vs. Cunning", "Heaven", "Fool Me Once", "Ex Machina", "The Flood", "Knights Of Columbus", "The Risk", "Thrive Time", "Goodbye My Love", "Stuck Inside My Head", "Tallahassee's For Hookers"], "artists": ["Tonight Is Glory", "Cry Of The Afflicted", "Before Their Eyes", "Emarosa", "Emery", "Dear Whoever", "Upon Beauty Rests", "Hopes Die Last", "Across Five Aprils", "Dead Poetic", "A Skylit Drive", "Burden of a Day", "A Skylit Drive", "akissforjersey", "The Subtle Way", "LoveHateHero", "Dividing The Line", "LoveHateHero", "Hopes Die Last", "Across Five Aprils"], "centerDistance": 0.24749534999999998, "angle": 0.0}, {"songs": ["Give Her A Pill To Shut Her Up Or Make Her A Mute", "I'm A Man Of My Word"], "artists": ["Paddock Park", "Paddock Park"], "centerDistance": 0.4269155, "angle": 1.2566370614359172}, {"songs": ["Masada: The Spiral Staircase", "Redemption: A Grief Observed"], "artists": ["A Hope For Home", "A Hope For Home"], "centerDistance": 0.4461185, "angle": 2.5132741228718345}, {"songs": ["Borderline Stalker", "Anxiety Is Setting In"], "artists": ["Signal the Escape", "So They Say"], "centerDistance": 0.298163, "angle": 3.7699111843077517}, {"songs": ["Silence", "Stabbing Backwards"], "artists": ["The Beautiful Mistake", "The Beautiful Mistake"], "centerDistance": 0.410425, "angle": 5.026548245743669}]