[{"songs": ["First Position", "Angriest Introduction", "Bounce Hard", "As It Dun Load It Back", "Bun Fi Bun"], "artists": ["Mega Banton", "Mavado", "Voicemail", "Jigsy King", "Captain Barkey"], "centerDistance": 0.03267640000000001, "angle": 0.0}, {"songs": ["Bad From Mi Born", "Hotta", "Give It To Her", "Dutty Wine", "Middle Finger", "Wah Dat Fah", "Sound Boy Crucifixion", "How It Feel", "Platinum", "Passa Passa", "Don't Test", "Here Comes The Hot Stepper(remix)", "Fake", "Life Sweet", "Punnany", "My Woman", "You Keep Looking Up", "Ghetto Youth's Levity", "Feel My Pain", "Grow Proper"], "artists": ["Munga", "T.O.K.", "Tanto Metro & Devonte", "Tony Matterhorn", "Baby Cham", "Baby Cham", "Mega Banton", "Konshens", "Mad Cobra", "Leftside & Esco", "Super Cat", "Ini Kamoze", "Kiprich", "Vybz Kartel", "Admiral Bailey", "Cutty Ranks", "Tanya Stephens", "Chukki Starr", "Jah Mason", "I Wayne"], "centerDistance": 0.014097249999999988, "angle": 1.2566370614359172}, {"songs": ["Right Now"], "artists": ["Frisco Kid"], "centerDistance": 0.14665499999999998, "angle": 2.5132741228718345}, {"songs": ["Tek Time", "Caribbean Striptease"], "artists": ["Kiprich", "Zumjay"], "centerDistance": 0.07682850000000002, "angle": 3.7699111843077517}, {"songs": ["Bandelero", "A Who Seh Ne Dun (Wake De Man)", "Kuff", "Call The Police"], "artists": ["Pinchers", "Cutty Ranks", "Shelly Thunder", "John Wayne"], "centerDistance": 0.08011850000000001, "angle": 5.026548245743669}]