[{"songs": ["Long Dead Train", "Jane Became Insane [Live - Das Fest/Karlsruhe]", "Psychic Rainy Nights", "Friday on My Knees", "Elation [Remastered Version]", "Country Day", "buildings", "Guru / Sinnerman", "Sorry For The Record", "Perfect [7:00] (Perfecto Mix)", "Darling, Be Here", "Joy!", "The Northern Jetstream", "Leave Us Here", "puppies", "Mermaids After Midnight", "Sliver of Moon", "Fire and Rain", "Slugrace", "I Would Do Anything"], "artists": ["Hugh Cornwell", "Beatsteaks", "Seafood", "The Fine Arts Showcase", "Levellers", "The Tragically Hip", "General Fiasco", "Plants and Animals", "Kerbdog", "The Smashing Pumpkins", "Bodies of Water", "Gay Dad", "The Ocean Blue", "On Histories of Rosenberg", "7 Year Rabbit Cycle", "The Aqua Velvets", "The Aqua Velvets", "Don Grusin", "Gomer Pyle", "Kenny Loggins"], "centerDistance": 0.2212363, "angle": 0.0}, {"songs": ["Perfect [7:04] (Perfecto Dub)"], "artists": ["The Smashing Pumpkins"], "centerDistance": 0.07167299999999999, "angle": 1.2566370614359172}, {"songs": ["My Everafter", "Invisible"], "artists": ["Enchant", "Enchant"], "centerDistance": 0.40008, "angle": 2.5132741228718345}, {"songs": ["House of Sorrow"], "artists": ["Hugh Cornwell"], "centerDistance": 0.0009350000000000191, "angle": 3.7699111843077517}, {"songs": ["Bottom Feeder", "Ghost Limb"], "artists": ["Dazzling Killmen", "Dazzling Killmen"], "centerDistance": 0.40007899999999996, "angle": 5.026548245743669}]