[{"songs": ["Come Into My Life", "Still In Love", "Friends", "She Left Me Out", "At Last I Am Free  (LP Version)", "Zing Went the Strings of My Heart", "Flashback", "You Know How To Love Me", "Come On", "Look At You", "It Only Takes a Minute", "Don't Let Go", "Young Hearts Run Free", "Love Epidemic", "Razzamatazz", "Easy to be Hard", "Too Many Fish in the Sea", "Contact", "Echo", "Put a Little Love On Me"], "artists": ["Rick James", "Rose Royce", "Amii Stewart", "Skyy", "Chic", "The Trammps", "Imagination", "Phyllis Hyman", "Barry White", "George McCrae", "Tavares", "Isaac Hayes", "Candi Staton", "The Trammps", "Quincy Jones", "Melba Moore", "Melba Moore", "Edwin Starr", "The Emotions", "Delegation"], "centerDistance": 0.030902449999999998, "angle": 0.0}, {"songs": ["All My Love (LP Version)"], "artists": ["KC And The Sunshine Band"], "centerDistance": 0.0, "angle": 1.2566370614359172}, {"songs": ["Nowhere To Run", "Hey There Jim"], "artists": ["The Dynamic Superiors", "Jimmy 'Bo' Horne"], "centerDistance": 0.12116850000000001, "angle": 2.5132741228718345}, {"songs": ["Lady I Love You All The Time"], "artists": ["The Real Thing"], "centerDistance": 0.053022000000000014, "angle": 3.7699111843077517}, {"songs": ["Two Little Kids", "I Want To Stay Here"], "artists": ["Peaches & Herb", "Peaches & Herb"], "centerDistance": 0.029676999999999953, "angle": 5.026548245743669}]