[{"songs": ["Primitiva", "Non me la menare", "Una Sporca Poesia", "Raso E Chiome Bionde", "Ragazzo Triste", "Run 2 U (Album Version)", "Come (Live PBS Version)", "Beloved", "If Only", "The Gunman", "You", "I'll Take It From Here (Album Version)", "A Room for Everything", "Indifferent", "Stay Awhile", "Stay Now", "Where Have All The Cowboys Gone? (Sylkscreen Dream Mix Version)", "The Be All And End All", "Sanoja", "Silence"], "artists": ["Irene Grandi", "883", "Fiordaliso", "Cristina Don\u00e0", "Patty Pravo", "Jewel", "Fleetwood Mac", "Minnie Driver", "Amy Studt", "Cher", "Jennifer Love Hewitt", "Jonatha Brooke", "10,000 Maniacs", "Lisa Marie Presley", "Edie Brickell", "Jem", "Paula Cole", "Bic Runga", "Indica", "Lara Fabian"], "centerDistance": 0.28392965000000003, "angle": 0.0}, {"songs": ["The Girl You Lost To Cocaine", "Playground"], "artists": ["Sia", "Sia"], "centerDistance": 0.31456649999999997, "angle": 1.2566370614359172}, {"songs": ["The Miller's Son", "Not a Day Goes By", "Du Drehst Dich Um"], "artists": ["Anne Kerry Ford", "Anne Kerry Ford", "Juli"], "centerDistance": 0.07111366666666667, "angle": 2.5132741228718345}, {"songs": ["Pinne, Fucile Ed Occhiali", "Crescerai"], "artists": ["Edoardo Vianello", "Nomadi"], "centerDistance": 0.324496, "angle": 3.7699111843077517}, {"songs": ["Culpada (Mas Mala Que Tu)"], "artists": ["Wanessa"], "centerDistance": 0.31631600000000004, "angle": 5.026548245743669}]