[{"songs": ["Theme Song", "Gone Before We Know", "A Simple Prayer", "Red Mask", "Hard Sock Dance", "Remembering (LP Version)", "Candy", "Taking A Chance On Love", "The Wind", "This Here", "Dacor", "India", "Hymn-Song", "Letsby", "Remember", "Netcha's Dream", "Trigger Happy", "Come Rain Or Come Shine", "Begin The Beguine (Alternate Take)", "125th St. And 7th Ave."], "artists": ["Art Blakey", "Malene Mortensen", "Dave Weckl Band", "Tony Williams", "Benny Bailey", "Lenny White", "Lee Morgan", "Chico Hamilton Quintet", "Chico Hamilton Quintet", "Cannonball Adderley Sextet", "Art Taylor", "Jack DeJohnette", "McCoy Tyner", "Tony Williams", "Lennie Tristano", "Coleman Hawkins", "Dave Weckl", "Clifford Brown", "Art Pepper", "Oliver Nelson"], "centerDistance": 0.37504589999999993, "angle": 0.0}, {"songs": ["Inaugural Balls", "Loss"], "artists": ["Kenny Werner", "Kenny Werner"], "centerDistance": 0.11196999999999996, "angle": 1.2566370614359172}, {"songs": ["Bessie's Blues", "Committed"], "artists": ["Alex Riel", "Alex Riel"], "centerDistance": 0.0, "angle": 2.5132741228718345}, {"songs": ["Heaven's Doors Are Wide Open", "Lady Bird"], "artists": ["Fats Navarro", "Fats Navarro"], "centerDistance": 0.466804, "angle": 3.7699111843077517}, {"songs": ["Say That To Say This", "Double Exposure"], "artists": ["Lucky Thompson", "Herbie Nichols"], "centerDistance": 0.4668765, "angle": 5.026548245743669}]