[{"songs": ["As Long As I Live", "Mexican Joe", "Night Life", "You Done Me Wrong", "Anytime", "Misery Loves Company", "Are You Teasing Me", "'Cause I Love YOu", "Before The Next Teardrop Falls", "Sea Of Heartbreak", "Great Speckle Bird", "A Fooler, a Faker", "That Heart Belongs To Me", "She's Gone Gone Gone", "Don't Worry", "Wishful Thinking", "It Wasn't God Who Made Honky Tonk Angels", "Ain't Had No Lovin'", "Yesterday Once More"], "artists": ["Kitty Wells", "Jim Reeves", "Ray Price", "Ray Price", "Eddy Arnold", "Porter Wagoner", "Carl Smith", "Webb Pierce", "Freddy Fender", "Don Gibson", "Roy Acuff", "Hank Thompson", "Webb Pierce", "Lefty Frizzell", "Marty Robbins", "Wynn Stewart", "Dolly Parton", "Connie Smith", "Moe Bandy"], "centerDistance": 0.4010133157894737, "angle": 0.0}, {"songs": ["Walk On By", "Oh, Lonesome Me", "Singing the Blues", "Pop A Top"], "artists": ["Leroy van Dyke", "Don Gibson", "Marty Robbins", "Jim Ed Brown"], "centerDistance": 0.40338149999999995, "angle": 1.2566370614359172}, {"songs": ["Fraulein", "It's A Little More Like Heaven", "Geisha Girl"], "artists": ["Bobby Helms", "Hank Locklin", "Hank Locklin"], "centerDistance": 0.4026526666666667, "angle": 2.5132741228718345}, {"songs": ["You're The Reason I'm In Love", "Midnight", "Rub-A-Dub-Dub", "Almost", "One By One"], "artists": ["Sonny James", "Red Foley", "Hank Thompson", "George Morgan", "Red Foley"], "centerDistance": 0.216913, "angle": 3.7699111843077517}, {"songs": ["The Easy Part's Over", "I Know One"], "artists": ["Charley Pride", "Charley Pride"], "centerDistance": 0.3209175, "angle": 5.026548245743669}]