[{"songs": ["One Little Star", "Confidential", "The Bells Ring Out", "My Eyes Adored You", "You Were Sent For Me To Love (1995 Digital Remaster)", "A Tear (1995 Digital Remaster)", "Cindy's Birthday (LP Version)", "Party Doll", "C'mon Marianne", "There She Goes", "Six Nights A Week", "Right or Wrong", "I'll Touch A Star", "I Have Something To Give You", "Never On Sunday", "How Important Can It Be", "Rubber Ball", "Tell Him No", "I'm Yours", "Charms"], "artists": ["The Fleetwoods", "The Fleetwoods", "The Spaniels", "Frankie Valli & The Four Seasons", "Gene McDaniels", "Gene McDaniels", "Johnny Crawford", "Steve Lawrence", "The Four Seasons", "Jerry Wallace", "The Crests", "Ronnie Dove", "Terry Stafford", "Ronnie Dove", "The Chordettes", "Joni James", "The Avons", "Travis & Bob", "Eddie Fisher", "Bobby Vee"], "centerDistance": 0.167015, "angle": 0.0}, {"songs": ["Darling, Je Vous Aime Beaucoup"], "artists": ["The Four Preps"], "centerDistance": 0.0, "angle": 1.2566370614359172}, {"songs": ["Mother's Son"], "artists": ["Dee Clark"], "centerDistance": 0.291146, "angle": 2.5132741228718345}, {"songs": ["Spring Is Here", "I Gotta Right To Sing The Blues"], "artists": ["Frank Stallone", "Frank Stallone"], "centerDistance": 0.290825, "angle": 3.7699111843077517}, {"songs": ["Everybody's Somebody's Fool", "Let It Be Me"], "artists": ["Sandy Posey", "Sandy Posey"], "centerDistance": 0.1625915, "angle": 5.026548245743669}]