[{"songs": ["Wonderful Girl", "That's My Desire"], "artists": ["Dion & The Belmonts", "Dion & The Belmonts"], "centerDistance": 0.22513899999999998, "angle": 0.0}, {"songs": ["Romance In The Dark"], "artists": ["The Hollywood Flames"], "centerDistance": 0.0, "angle": 1.2566370614359172}, {"songs": ["Ride Helen Ride", "Please Believe Me (LP Version)", "For All We Know", "I'll Be Forever Loving You", "I", "High Heeled Sneakers", "Pain In My Heart", "Thrill Me", "We Go Together", "The Angels Sang", "Mary Lee", "Tell Me So", "The Only One I Love", "Maybe", "Don't Ask Me (To Be Lonely)", "I'll Be True", "So Much", "These Golden Rings", "Speedo (LP Version)", "Would You Love Me (LP Version)"], "artists": ["The Hollywood Flames", "The Elegants", "The Orioles", "The El Dorados", "The Velvets", "Maurice Williams & The Zodiacs", "The Dells", "The Mello-Kings", "The Moonglows", "The Solitaires", "The Rainbows", "The Orioles", "The Miracles", "The Chantels", "The Dubs", "The Orlons", "Little Anthony & The Imperials", "The Jive Five", "The Cadillacs", "Barbara Lewis"], "centerDistance": 0.05570335, "angle": 2.5132741228718345}, {"songs": ["That's Why (LP Version)"], "artists": ["Ivory Joe Hunter"], "centerDistance": 0.14124199999999998, "angle": 3.7699111843077517}, {"songs": ["Come Back My Love", "Been So Long"], "artists": ["The Wrens", "The Pastels"], "centerDistance": 0.20768150000000002, "angle": 5.026548245743669}]