[{"songs": ["Takes More Than Words", "Tell Me You Love Me", "Making Love", "Song For Sandra", "When I Found You (Remastered Version)", "Stoned Preacher", "The Masquerade Is Over (I'm Afraid)", "Poor Boy", "Save My Life", "Tomorrow (A Better You, Better Me)", "Work Song", "Everything Must Change (Album Version)", "Tacos", "Loran's Dance", "I Wish It Would Rain", "Sweet Baby", "Memory Band", "Minha Mae", "Soul Cha", "Save The Day (LP Version)"], "artists": ["Jon Lucien", "Jon Lucien", "Herbie Hancock", "Raul Mid\u00f3n", "Patrice Rushen", "The Diplomats of Solid Sound", "George Benson", "Joe Bataan", "Raul Mid\u00f3n", "Quincy Jones", "Oscar Brown Jr.", "Randy Crawford", "The Jazz Crusaders", "Grover Washington, Jr.", "The Soulful Strings", "Stanley Clarke & George Duke", "Minnie Riperton", "Tania Maria", "Joe Torres", "Young-Holt Unlimited"], "centerDistance": 0.2201997, "angle": 0.0}, {"songs": ["Love to Last", "Rainbow Child (Little Pas)"], "artists": ["Angela Bofill", "Angela Bofill"], "centerDistance": 0.32549700000000004, "angle": 1.2566370614359172}, {"songs": ["We've Only Just Begun (LP Version)"], "artists": ["Young-Holt Unlimited"], "centerDistance": 0.278378, "angle": 2.5132741228718345}, {"songs": ["I Can't Sleep", "You're My Everything"], "artists": ["Anita Baker", "Anita Baker"], "centerDistance": 0.3495835, "angle": 3.7699111843077517}, {"songs": ["Maw Latin Blues", "Shoshana"], "artists": ["Nuyorican Soul", "Nuyorican Soul"], "centerDistance": 0.3340715, "angle": 5.026548245743669}]