[{"songs": ["Uncle Joe The Ice Cream Man", "Schoolgirl", "I Wish I Could Dance", "Johnny Remember Me", "Without You It Is Night", "He's in Town", "This Magic Moment", "Rag Doll", "Leaning On A Lamp Post", "Our Day Will Come", "If I Had a Hammer", "Hats Off To Larry", "Baby, Come Back", "Bend Me, Shape Me", "Sheila", "Viva Bobby Joe", "Do You Wanna Dance", "You", "(Baby) You Don't Have To Tell Me", "Keep Searchin'"], "artists": ["The Mindbenders", "The Mindbenders", "Brian Poole & The Tremeloes", "John Leyton", "The Honeycombs", "The Rockin' Berries", "Jay & The Americans", "The Four Seasons", "Herman's Hermits", "The Honeycombs", "Trini Lopez", "Del Shannon", "The Equals", "The American Breed", "Tommy Roe", "The Equals", "Cliff Richard & The Shadows", "The Buckinghams", "The Walker Brothers", "Del Shannon"], "centerDistance": 0.15315875, "angle": 0.0}, {"songs": ["Long Days", "Walk Away"], "artists": ["The Marbles", "The Marbles"], "centerDistance": 0.17019900000000004, "angle": 1.2566370614359172}, {"songs": ["There Goes My Heart Again"], "artists": ["The Rattles"], "centerDistance": 0.167199, "angle": 2.5132741228718345}, {"songs": ["Gypsy Woman", "Red Roses For A Blue Lady", "Corinna, Corinna", "Wild One", "Teen Angel", "Echame a mi La Culpa", "Peppermint Twist"], "artists": ["Brian Hyland", "Vic Dana", "Ray Peterson", "Bobby Rydell", "Mark Dinning", "Albert Hammond", "Joey Dee & The Starliters"], "centerDistance": 0.18972085714285716, "angle": 3.7699111843077517}, {"songs": ["A Little Loving", "Hello Little Girl", "Juliet", "The Crying Game"], "artists": ["The Fourmost", "The Fourmost", "The Four Pennies", "Dave Berry"], "centerDistance": 0.17175149999999997, "angle": 5.026548245743669}]