[{"songs": ["Respect (Explicit Version)", "The Way Life Is", "That's It That's All"], "artists": ["Fabolous", "Drag-On", "Beastie Boys"], "centerDistance": 0.266895, "angle": 0.0}, {"songs": ["Pyrexx Vision / Angel Dust", "We Got That Crack", "The Ruga Show", "17 Shot Kid", "Take Me Home", "U R The One", "300 Brolic", "Pop Champagne", "The Heist", "Wind Blow", "Do It", "Watch Those", "Battle", "Nothin'", "As The Rhyme Goes On", "Out Here (featuring Juvenile & Speedknot Mobstaz)  (Explicit Chopped & Screwed Version)", "Unanimous Decision", "What the F**k Is This", "X-Change", "Talk To Me Big Time"], "artists": ["40 Cal.", "40 Cal.", "Hell Rell", "Duke Da God", "Terror Squad", "D12", "Fat Joe", "Jim Jones & Ron Browz featuring Juelz Santana", "Big L", "Bone Thugs-N-Harmony", "Q-Tip", "Big Punisher", "Gang Starr", "N.O.R.E.", "Eric B. & Rakim", "Twista", "Mr. Cheeks", "Mr. Cheeks", "Snoop Dogg", "Capone-N-Noreaga"], "centerDistance": 0.23037069999999998, "angle": 1.2566370614359172}, {"songs": ["Fucked Up", "Back Up Offa Me"], "artists": ["KRS-One", "Talib Kweli"], "centerDistance": 0.25513399999999997, "angle": 2.5132741228718345}, {"songs": ["Breaktime", "High And Mighty Joe"], "artists": ["Rev Run", "Rev Run"], "centerDistance": 0.274743, "angle": 3.7699111843077517}, {"songs": ["Action Guranteed", "Get Wit This"], "artists": ["O.C.", "EPMD"], "centerDistance": 0.2770535, "angle": 5.026548245743669}]