[{"songs": ["This Magic Moment", "Gypsy Woman", "Leaning On A Lamp Post", "You Were On My Mind", "Rag Doll", "Bend Me, Shape Me", "Red Roses For A Blue Lady", "Hats Off To Larry", "Lucky Lips", "Wildwood Days", "The Young Ones", "Just Like A Woman", "Where Did You Come From", "Shady Lady", "That Girl Belongs To Yesterday", "If I Had a Hammer", "Little Snow White Coupe", "I Want You to Know", "Sweet Little Sixteen", "A Perfect Love"], "artists": ["Jay & The Americans", "Brian Hyland", "Herman's Hermits", "Crispian St. Peters", "The Four Seasons", "The American Breed", "Vic Dana", "Del Shannon", "Cliff Richard & The Shadows", "Bobby Rydell", "Cliff Richard & The Shadows", "Manfred Mann", "The Buckinghams", "Gene Pitney", "Gene Pitney", "Trini Lopez", "The Tokens", "Ronnie Self", "Ronnie Self", "Frankie Avalon"], "centerDistance": 0.012507849999999992, "angle": 0.0}, {"songs": ["Long Days"], "artists": ["The Marbles"], "centerDistance": 0.015623000000000054, "angle": 1.2566370614359172}, {"songs": ["Hello Little Girl", "He's in Town", "A Little Loving", "Juliet", "(If Paradise Is) Half As Nice"], "artists": ["The Fourmost", "The Rockin' Berries", "The Fourmost", "The Four Pennies", "Amen Corner"], "centerDistance": 0.022219599999999985, "angle": 2.5132741228718345}, {"songs": ["One Way Love (Mono)", "Hold me"], "artists": ["Cliff Bennett & The Rebel Rousers", "P.J. Proby"], "centerDistance": 0.06251250000000003, "angle": 3.7699111843077517}, {"songs": ["Viva Bobby Joe", "The Loco-Motion", "A Groovy Kind Of Love", "Baby Come Back", "Games People Play", "Hang On Sloopy", "Good Lovin'", "Wooly Bully", "The Letter", "A World Without Love"], "artists": ["The Equals", "Little Eva", "The Mindbenders", "The Equals", "Joe South", "The McCoys", "The Young Rascals", "Sam The Sham & The Pharaohs", "The Box Tops", "Peter & Gordon"], "centerDistance": 0.034402100000000005, "angle": 5.026548245743669}]