[{"songs": ["Tennessee Waltz", "Born to Lose"], "artists": ["Floyd Cramer", "Floyd Cramer"], "centerDistance": 0.39705450000000003, "angle": 0.0}, {"songs": ["The Thorn Birds Theme", "Illya", "A Dance To Summer", "Watch What Happens", "The Elegant Rag", "Coney Island/ Up Cherry Street", "Jump In The Line", "Acapulco 1922", "La ragazza dalla pelle di luna", "Poor Butterfly", "The Embassy Waltz", "Lance \u00e0 incendie - \"le gendarme et les extraterrestres\"", "G\u00e9n\u00e9rique - \"le gendarme et les gendarmettes\"", "The Look Of Love", "Old Friends", "Alcazar (LP Version)", "Up Where We Belong", "A Man And A Woman (1996 Digital Remaster)", "Movin' At Midnight (1996 Digital Remaster)", "If I Ruled The World"], "artists": ["Henry Mancini", "Hugo Montenegro", "Horst Jankowski", "Denny McLain", "Baja Marimba Band", "Baja Marimba Band", "Bert Kaempfert", "Herb Alpert and The Tijuana Brass", "Piero Umiliani", "Al Hirt", "Percy Faith & His Orchestra", "Raymond Lef\u00e8vre", "Raymond Lef\u00e8vre", "Burt Bacharach", "Paul Desmond", "David Sanborn", "Acker Bilk", "Sir Julian", "Sir Julian", "Jamie Cullum"], "centerDistance": 0.34728305000000004, "angle": 1.2566370614359172}, {"songs": ["Suspicion", "I'll Walk Alone"], "artists": ["Alfred Hitchcock, Jeff Alexander", "Alfred Hitchcock, Jeff Alexander"], "centerDistance": 0.0, "angle": 2.5132741228718345}, {"songs": ["Mister Cuckoo"], "artists": ["Edmundo Ros & His Orchestra"], "centerDistance": 0.280578, "angle": 3.7699111843077517}, {"songs": ["A Taste Of Honey"], "artists": ["Herb Alpert and The Tijuana Brass"], "centerDistance": 0.32397299999999996, "angle": 5.026548245743669}]