[{"songs": ["It's Your Body", "Fly Like An Eagle"], "artists": ["The Space Cadets", "The Space Cadets"], "centerDistance": 0.0, "angle": 0.0}, {"songs": ["Monkey See - Monkey Do", "Liquor Store", "3 Minutes To Dead Time", "Please Give Me Something", "Chicken Shit Farmer", "Rock This Town", "Show Down In Flames", "Blast Off", "Heatseeker", "Whole Lotta Things", "Undisputed Kings Of F.A.", "High N Mighty", "Rockabilly World", "Boy Next Door", "Atomic", "Big Toy", "Out For The Weekend", "New Club", "Long Time No See", "Iron Lung Oompah"], "artists": ["13 Cats", "7 Shot Screamers", "P. Paul Fenech", "13 Cats", "Southern Culture On The Skids", "Lee Rocker", "Full Blown Cherry", "Stray Cats", "Full Blown Cherry", "Southern Culture On The Skids", "Blue Demon", "Gorilla", "Stray Cats", "The Frantic Flattops", "Tiger Army", "Batmobile", "Coffin Nails", "King Kurt", "Coffin Nails", "Th' Legendary Shack*Shakers"], "centerDistance": 0.26032985000000003, "angle": 1.2566370614359172}, {"songs": ["Black-Eyed Blues"], "artists": ["The Frantic Flattops"], "centerDistance": 0.303806, "angle": 2.5132741228718345}, {"songs": ["Runaway Boys", "Jack The Ripper", "9 Lives"], "artists": ["Rezurex", "The Sharks", "Koffin Kats"], "centerDistance": 0.30583066666666664, "angle": 3.7699111843077517}, {"songs": ["Just Dropped In To See What Condition My Condition Was In", "When The Levee Breaks"], "artists": ["Mojo Nixon", "Mojo Nixon"], "centerDistance": 0.33969499999999997, "angle": 5.026548245743669}]