[{"songs": ["From Now Until Then", "Calling Out For Love (At Crying Time) (Remastered LP Version)", "Another Girl Another Planet (Live)", "Boulevard of Broken Dreams (Live)", "I Never Did No Hitler", "Best Thing In The World", "Take My Love", "Showdown", "Ask For Jill", "A Night Like This", "I Got It If You Want It", "Lucinda", "Time And Time Again", "She Goes To Bed (LP Version)", "Don't Wanna Talk", "Last Chance Town", "Yesterday's Love", "Can't Stop It But I'm Gonna Try", "In Little Ways", "Foolish Pride"], "artists": ["Marshall Crenshaw", "Marshall Crenshaw", "Greg Kihn", "Greg Kihn", "20/20", "20/20", "The Spongetones", "Off Broadway", "The dB's", "The Romantics", "The Romantics", "The Knack", "The Smithereens", "Jason Falkner", "Brendan Benson", "Let's Active", "Any Trouble", "Cheap Trick", "Let's Active", "Any Trouble"], "centerDistance": 0.13780845, "angle": 0.0}, {"songs": ["Maneaters (Get Off the Road)", "Black Klansman"], "artists": ["Josie Cotton", "Josie Cotton"], "centerDistance": 0.33325299999999997, "angle": 1.2566370614359172}, {"songs": ["crack boom bam", "Misery Loves Company"], "artists": ["Stiv Bators", "Stiv Bators"], "centerDistance": 0.29013999999999995, "angle": 2.5132741228718345}, {"songs": ["No Tears", "Mr. Jones"], "artists": ["The Psychedelic Furs", "The Psychedelic Furs"], "centerDistance": 0.470349, "angle": 3.7699111843077517}, {"songs": ["Evening Standards", "Party Games"], "artists": ["The Jags", "The Jags"], "centerDistance": 0.45191800000000004, "angle": 5.026548245743669}]