[{"songs": ["Share Your Love (Album Version)", "Time (Album Version)", "Rumors", "Spotlight", "Don't Wanna Fall In Love (Album Version)", "Que Locura", "Had Enough", "Let's Wait Awhile", "Next To You", "The Entertainer Man (Live)", "Solid", "Se La", "Dynamite", "Say What You Want", "Do Me Baby", "Only For Love", "Midnight Reservation", "Standing On The Edge", "Find The Time", "Stay Out Of My Life"], "artists": ["Club Nouveau", "Club Nouveau", "Timex Social Club", "Stacy Lattisaw", "Jane Child", "Lisa Lisa", "Lisa Lisa", "Janet Jackson", "Paula Abdul", "Bobby Brown", "Ashford & Simpson", "Lionel Richie", "Jermaine Jackson", "Adina Howard", "Meli'sa Morgan", "Limahl", "Bucks Fizz", "Paul Young", "Five Star", "Five Star"], "centerDistance": 0.29118805000000003, "angle": 0.0}, {"songs": ["Honey I (I'll Live My Life For You)", "Now I'm Gonna Make Love To You"], "artists": ["George McCrae", "Barry White"], "centerDistance": 0.310576, "angle": 1.2566370614359172}, {"songs": ["It Would Take A Strong Strong Man", "Don't Say Goodbye"], "artists": ["Rick Astley", "Rick Astley"], "centerDistance": 0.3493735, "angle": 2.5132741228718345}, {"songs": ["Symptoms Of True Love", "All Cried Out", "Dope! (aka She's Dope!)", "Man Size Love"], "artists": ["Tracie Spencer", "Lisa Lisa & Cult Jam", "Bell Biv DeVoe", "Klymaxx"], "centerDistance": 0.34542925, "angle": 3.7699111843077517}, {"songs": ["The Lion Sleeps Tonight", "A Good Heart", "Kids In America", "Mary's Prayer", "(Feels Like) Heaven"], "artists": ["Tight Fit", "Feargal Sharkey", "Kim Wilde", "Danny Wilson", "Fiction Factory"], "centerDistance": 0.3698092, "angle": 5.026548245743669}]