[{"songs": ["Notwithstanding", "All Gates Open", "Another Piece Of Cake", "Desperate Graves", "Several Species Of Small Furry Animals Gathered Together In A Cave And Grooving With A Pict", "Shopping (Radio Edit)", "Ilyena", "Diesel Spaceship", "She Loves To Hurt", "Never Leave Me", "L=SD\u00b2", "All The Seats Were Occupied", "Prelude - Nightmare", "Sacrifice", "Seduction", "You Always Stand In My Way", "4:30AM (Apparently They Were Travelling Abroad)", "Time Is Passing", "Make Yourself Heard for the Rest of the World", "L'Ethique (Part 3)"], "artists": ["Gilgamesh", "Can", "Kingston Wall", "The Mars Volta", "Pink Floyd", "Supersister", "The Mars Volta", "Ship of Fools", "The Wilde Flowers", "The Wilde Flowers", "Ship of Fools", "Aphrodite's Child", "Arthur Brown", "Black Widow", "Black Widow", "Aphrodite's Child", "Roger Waters", "Blonde on Blonde", "First Band from Outer Space", "Richard Pinhas"], "centerDistance": 0.25336499999999995, "angle": 0.0}, {"songs": ["Queen Quotes Crowley", "Footprints", "You'll Never Know / Release"], "artists": ["Porcupine Tree", "Porcupine Tree", "Blonde on Blonde"], "centerDistance": 0.22627599999999995, "angle": 1.2566370614359172}, {"songs": ["Standing In The Ruins", "Vibe #8"], "artists": ["The Vocokesh", "The Vocokesh"], "centerDistance": 0.32688300000000003, "angle": 2.5132741228718345}, {"songs": ["Removing", "Like a flower"], "artists": ["Moving Gelatine Plates", "Moving Gelatine Plates"], "centerDistance": 0.14789699999999995, "angle": 3.7699111843077517}, {"songs": ["Love me", "No Next Time"], "artists": ["Ten Wheel Drive", "Ten Wheel Drive"], "centerDistance": 0.320168, "angle": 5.026548245743669}]