[{"songs": ["Ohne Dich", "All Die Jahre", "Nachts Wenn Alles Schl\u00e4ft (Remix)", "Beate", "Istanbul", "Hand In Hand (Maxi Version) (Bonus Track)", "Tr\u00e4ume", "Autopilot", "High", "Wenn ich wollte", "Drachen Sollen Fliegen", "stunts", "Bleib bei mir", "Schuitog (Schooldays)", "St\u00fcckchen Ewigkeit", "Ich liebe jede Stunde (Remake 2000)", "Fang mich", "Seilt\u00e4nzertraum", "Besoffen Von Dir", "Viva la Rock 'n' Roll"], "artists": ["Christina St\u00fcrmer", "Herbert Gr\u00f6nemeyer", "Howard Carpendale", "Illegal 2001", "Klaus Lage Band", "Klaus Lage Band", "Rio Reiser", "Thomas Godoj", "Selig", "Selig", "Pur", "Karpatenhund", "M\u00fcnchener Freiheit", "Spider Murphy Gang", "Thomas Godoj", "Karat", "B\u00f6hse Onkelz", "Pur", "Illegal 2001", "Spider Murphy Gang"], "centerDistance": 0.0711219, "angle": 0.0}, {"songs": ["Liebmichhassmich", "Letzte Minute"], "artists": ["Killerpilze", "Killerpilze"], "centerDistance": 0.09898400000000002, "angle": 1.2566370614359172}, {"songs": ["Unzertrennlich", "Nichts bereuen", "Miss You"], "artists": ["Revolverheld", "Revolverheld", "Samajona"], "centerDistance": 0.09646366666666666, "angle": 2.5132741228718345}, {"songs": ["K\u00fcss Mich", "Du Bist Sch\u00f6n", "Sag mal weinst du"], "artists": ["LaFee", "LaFee", "J\u00f6rn Schl\u00f6nvoigt"], "centerDistance": 0.07982633333333333, "angle": 3.7699111843077517}, {"songs": ["You'll Never Walk Alone", "Wenn Das Alles Ist"], "artists": ["Klaus Lage", "Klaus Lage"], "centerDistance": 0.01236499999999996, "angle": 5.026548245743669}]