[{"songs": ["All We Need Is Love", "Too Young", "All My Heart", "If I...", "Round in Circles", "This Time I Know It's For Real", "What Goes On", "It's Raining Men", "I Don't Believe In Miracles", "Lady Unforgettable", "More Than Physical", "Such A Shame", "Love In The First Degree", "Upside Down", "Hello Rio", "S.T.O.P.", "Self Control", "We Are the Young", "Something About My Baby", "Cross My Broken Heart"], "artists": ["Kelly Marie", "Blue System", "Irene Cara", "Modern Talking", "Hazell Dean", "Donna Summer", "Mai Tai", "The Weather Girls", "Sinitta", "Blue System", "Bananarama", "Sandra", "Bananarama", "Diana Ross", "Ottawan", "Dolly Dots", "Laura Branigan", "Dan Hartman", "Five Star", "Sinitta"], "centerDistance": 0.0964095, "angle": 0.0}, {"songs": ["Walking In The Rain", "Pull Up To The Bumper"], "artists": ["Grace Jones", "Grace Jones"], "centerDistance": 0.08008100000000001, "angle": 1.2566370614359172}, {"songs": ["Let's Hear It For The Boy", "Rhythm Of The Night"], "artists": ["Deniece Williams", "DeBarge"], "centerDistance": 0.14445950000000002, "angle": 2.5132741228718345}, {"songs": ["Frankie", "Searching", "Respectable", "I'm Not Scared", "I Feel The Earth Move", "The Only Way Is Up", "If Only I Could"], "artists": ["Sister Sledge", "Hazell Dean", "Mel & Kim", "Eighth Wonder", "Martika", "Yazz", "Sydney Youngblood"], "centerDistance": 0.13636528571428572, "angle": 3.7699111843077517}, {"songs": ["Just An Illusion", "Funkytown", "Last Night A DJ Saved My Life", "Let The Music Play"], "artists": ["Imagination", "Lipps, Inc.", "Indeep", "Shannon"], "centerDistance": 0.22760049999999998, "angle": 5.026548245743669}]