[{"songs": ["Keep It a Crime", "Rigged on a Fix (Album Version)", "In This Jungle", "Every Day", "One Dead Cop", "I'm Weak Inside", "Infested: Lindane Conspiracy Pt. 1", "Vulnerability", "Fucked Reality", "...And The World Files For Chapter 11", "Civil Disobedients", "I'm Gonna Rape You", "Sailin' On (Live)", "Let Me Help (Live)", "Strange Movies (Groin Thunder Comp)", "Conciencia", "Why Should You (Album Version)", "Fugitive Surfer", "The Stories Are True (Featuring Tim Armstrong) (Album Version)", "Run Your Pockets"], "artists": ["The Suicide Machines", "Rancid", "Articles of Faith", "Articles of Faith", "Left\u00f6ver Crack", "Against All Authority", "Choking Victim", "Operation Ivy", "Choking Victim", "The Flatliners", "Capdown", "GG Allin", "Bad Brains", "Bad Brains", "Dwarves", "Los Kung-Fu Monkeys", "Gang Green", "Smut Peddlers", "Time Again", "No Cash"], "centerDistance": 0.13426695, "angle": 0.0}, {"songs": ["Apology", "Take Another Look"], "artists": ["Big D and the Kids Table", "Big D and the Kids Table"], "centerDistance": 0.14615499999999998, "angle": 1.2566370614359172}, {"songs": ["Queen For A Day (Live)", "Go (Live)"], "artists": ["Dance Hall Crashers", "Dance Hall Crashers"], "centerDistance": 0.1845985, "angle": 2.5132741228718345}, {"songs": ["Doing Time (Album Version)", "Latch Key Kids (Album Version)"], "artists": ["Bad Religion", "Bad Religion"], "centerDistance": 0.18362, "angle": 3.7699111843077517}, {"songs": ["Hit and Run", "Book and It's Cover"], "artists": ["Ill Repute", "Ill Repute"], "centerDistance": 0.1848325, "angle": 5.026548245743669}]