[{"songs": ["Il presidente", "L'artista sadico"], "artists": ["Fabio Celi", "Fabio Celi"], "centerDistance": 0.0, "angle": 0.0}, {"songs": ["Via Lumiere", "Education Story", "Ritorno", "Notturno Breve (2006 Digital Remaster)", "Time Control", "Take Off", "Realt\u00e0", "Morning Comes", "Animale Senza Respiro", "Non Chiudere A Chiave Le Stelle", "Canto", "No!", "Fuga E Morte", "Sogno Di Estunno", "My Little Cloud Land", "Cimitero Di Guerra", "Ognuno Sa", "Come Vorrei Essere Uguale A Te", "The Secret Passage", "Country Grave-Yard"], "artists": ["Premiata Forneria Marconi", "Acqua Fragile", "Festa Mobile", "Banco del Mutuo Soccorso", "Sangiuliano", "Sangiuliano", "Quella Vecchia Locanda", "Acqua Fragile", "Osanna", "Locanda Delle Fate", "Festa Mobile", "Jumbo", "De De Lind", "Locanda Delle Fate", "Cherry Five", "De De Lind", "Reale Accademia di Musica", "Jumbo", "Greenwall", "Cherry Five"], "centerDistance": 0.15427870000000002, "angle": 1.2566370614359172}, {"songs": ["Fiori", "Lady Ligeia", "Il Re Di Raipure"], "artists": ["Alunni del Sole", "Pierrot Lunaire", "Pierrot Lunaire"], "centerDistance": 0.3527133333333334, "angle": 2.5132741228718345}, {"songs": ["Alone", "War Games"], "artists": ["Morgan", "Morgan"], "centerDistance": 0.339527, "angle": 3.7699111843077517}, {"songs": ["Cuori In Tempesta", "In Te"], "artists": ["Nek", "Nek"], "centerDistance": 0.34621799999999997, "angle": 5.026548245743669}]