[{"songs": ["Jam Up Jelly Tight", "Little Bitty Pretty One"], "artists": ["Tommy Roe", "Dee Clark"], "centerDistance": 0.0614035, "angle": 0.0}, {"songs": ["Mother's Son"], "artists": ["Dee Clark"], "centerDistance": 0.06463200000000002, "angle": 1.2566370614359172}, {"songs": ["Diamonds And Pearls", "She Lets Her Hair Down", "Please Don't Be Mad", "The Gypsy Cried", "Many Tears Ago", "Blue Moon", "I'll Never Dance Again", "Let's Lock The Door (And Throw Away The Key)", "I Beg Your Pardon", "Looking Glass", "A Thousand Stars", "I Can't Stop", "Baby I'm Sorry", "Why Can't The Dark Leave Me Alone?", "Dawn (Go Away)", "Something's Happening", "Only You", "Do You Wanna Dance", "My Own True Love", "Don't Break The Heart"], "artists": ["The Tokens", "The Tokens", "Bobby Rydell", "Lou Christie", "Connie Francis", "Frankie Avalon", "Bobby Rydell", "Jay & The Americans", "Johnny Burnette", "Gary Puckett & The Union Gap", "Billy Fury", "The Honeycombs", "Ricky Nelson", "Toni Fisher", "Frankie Valli & The Four Seasons", "Herman's Hermits", "Joe Dolan", "Del Shannon", "Jimmy Clanton", "Sandy Posey"], "centerDistance": 0.03112029999999999, "angle": 2.5132741228718345}, {"songs": ["Bad Boy", "No Place To Go"], "artists": ["The Equals", "The Equals"], "centerDistance": 0.06329099999999999, "angle": 3.7699111843077517}, {"songs": ["Teen Angel", "God, Country And My Baby", "Itsy Bitsy Teenie Weenie Yellow Polka Dot Bikini", "Ya Ya", "Red Roses For A Blue Lady"], "artists": ["Mark Dinning", "Johnny Burnette", "Brian Hyland", "Joey Dee & The Starliters", "Vic Dana"], "centerDistance": 0.04717119999999999, "angle": 5.026548245743669}]