[{"songs": ["Heaven and Earth", "Won't You Come Home", "Lips Of Wine", "Don't Cut Off Your Dreadlocks", "Lot Wife", "Ms. Grace", "Blinded By Love", "Shank I Sheck", "Hand Cuff", "Street Life", "Red Gold And Green", "Musical Explosion", "When You Are Wrong", "Mr Landlord", "Stars", "SWALK", "Crazy Joe", "Always Around", "The Conquering Gorgon", "I Shall Be Released"], "artists": ["The Paragons", "Delroy Wilson", "Dennis Brown", "Linval Thompson", "The Ethiopians", "Delroy Wilson", "Slim Smith", "Sugar Minott", "Gregory Isaacs", "Don Carlos", "I-Roy", "I-Roy", "The Techniques", "Half Pint", "Cornell Campbell", "Mikey Dread", "Jah Stitch", "Third World", "Cornell Campbell", "Jacob Miller"], "centerDistance": 0.4332247500000001, "angle": 0.0}, {"songs": ["There's a Fire"], "artists": ["The Gaylads"], "centerDistance": 0.453593, "angle": 1.2566370614359172}, {"songs": ["Broken Contract", "A Place Called Africa"], "artists": ["Zap Pow", "Junior Byles"], "centerDistance": 0.47203350000000005, "angle": 2.5132741228718345}, {"songs": ["Lead Us Jah Jah", "Play Play Girl"], "artists": ["Barry Brown", "Johnny Osbourne"], "centerDistance": 0.46923800000000004, "angle": 3.7699111843077517}, {"songs": ["Wave Of War"], "artists": ["Joe Higgs"], "centerDistance": 0.44620400000000005, "angle": 5.026548245743669}]