[{"songs": ["Does Jesus Care", "Have You Someone (in Heaven Waiting)", "Elijah", "That's All", "Church In The Wildwood", "When The Roll Is Called Up Yonder", "You Don't Have Nothing", "Jesus Remembered Me", "What A Friend We Have In Jesus", "If The Lord Be For You", "Precious Lord Take My Hand", "When They Ring Those Golden Bells", "When I Lay My Burden Down", "Gonna Be Free One Day", "Jesus Loves Me", "Mother Pray", "Working On A Building", "You Don't Love God If You Don't Love Your Neighbor", "I Am Ready", "Move Along Train"], "artists": ["The Blind Boys of Alabama", "The Stanley Brothers", "Dorothy Love Coates", "Sister Rosetta Tharpe", "David Houston", "Jim Ed Brown", "The Dixie Hummingbirds", "Hank Williams", "Bobby Helms", "Reverend Gary Davis", "Mavis Staples", "David Houston", "Roy Acuff", "Sounds Of Blackness", "Whitney Houston", "Ben Harper and The Blind Boys of Alabama", "The Swan Silvertones", "Rhonda Vincent", "Dolly Parton", "The Staple Singers"], "centerDistance": 0.26926664999999994, "angle": 0.0}, {"songs": ["Let Your Light Shine On Me", "John the Revelator"], "artists": ["Blind Willie Johnson", "Blind Willie Johnson"], "centerDistance": 0.330648, "angle": 1.2566370614359172}, {"songs": ["All The Way", "Ezekial"], "artists": ["The Fairfield Four", "The Fairfield Four"], "centerDistance": 0.0, "angle": 2.5132741228718345}, {"songs": ["One-Two-Three"], "artists": ["The Chosen Gospel Singers"], "centerDistance": 0.41587300000000005, "angle": 3.7699111843077517}, {"songs": ["The Old Rugged Cross", "Amazing Grace", "I Shall Not Be Moved"], "artists": ["Ricky Van Shelton", "Charlie Rich", "Ricky Van Shelton"], "centerDistance": 0.4149093333333333, "angle": 5.026548245743669}]