[{"songs": ["Someone Else", "In My Mind", "Alienated", "Continuous Mix", "The Cube", "Flowtation", "Radio Crash", "3rd Dimension", "Answer the Question (original mix)", "4 Ever And 1 Night", "Human Nature", "Like This Like That", "Man In The Moon - DJ Kadozer Remix", "We Know What You Did (DJ Tiesto Remix)", "Overflow (E sound & DJ Pm Remix)", "Outsiders", "Top Gear", "Accelerate (Mix One extended)", "Stranger In Lamastre", "Mutterkorn"], "artists": ["Savon", "Antiloop", "Earth Nation", "Ti\u00ebsto", "Richard Durand", "Vincent de Moor", "Ferry Corsten", "Angel Beats", "Svenson & Gielen", "Andy Jay Powell", "Van Der Karsten", "Mauro Picotto", "Fragma", "Svenson & Gielen", "Jaron Inc.", "Yves Deruyter", "Rank 1", "Marcel Woods", "Praga Khan", "Flutlicht"], "centerDistance": 0.03309534999999999, "angle": 0.0}, {"songs": ["High Volume"], "artists": ["DJ Yanny"], "centerDistance": 0.06883099999999998, "angle": 1.2566370614359172}, {"songs": ["Fifth Dimensional Craft"], "artists": ["Evolution"], "centerDistance": 0.041934999999999945, "angle": 2.5132741228718345}, {"songs": ["Cjax", "Wave Intruder"], "artists": ["Salt Tank", "Salt Tank"], "centerDistance": 0.101377, "angle": 3.7699111843077517}, {"songs": ["Universal Nation", "ResuRection", "Superstring", "On the Move", "Gouryella"], "artists": ["Push", "PPK", "Cygnus X", "Barthezz", "Gouryella"], "centerDistance": 0.0566058, "angle": 5.026548245743669}]