[{"songs": ["Statued", "For The Love Of Art And The Making", "Periscope", "Lace"], "artists": ["MullMuzzler", "Beyond Twilight", "Andromeda", "MullMuzzler"], "centerDistance": 0.029073250000000023, "angle": 0.0}, {"songs": ["Interlude1"], "artists": ["Ark"], "centerDistance": 0.0, "angle": 1.2566370614359172}, {"songs": ["Parts of Me", "Colors (2007 edit)", "Rule the World ((unreleased demo))", "Panic Attack", "Alive", "Into The Dementia", "A Lesson Before Dying", "The Prophecy", "In The Hopes Of A Dream", "A Pleasant Shade of Gray Part IV", "School Of Pain", "Notes from Africa", "March Into Hell", "Two Seconds in Life", "Babysong", "I Will Remember (MTV Unplugged)", "The Dark Side", "Excessit", "Spellbound", "Deep Peace"], "artists": ["Threshold", "Shadow Gallery", "Shadow Gallery", "Dream Theater", "Circus Maximus", "Symphony X", "Symphony X", "Circus Maximus", "Symphorce", "Fates Warning", "Dominici", "The Devin Townsend Band", "Dominici", "Green Carnation", "The Devin Townsend Band", "Queensr\u00ffche", "Beyond Twilight", "Spiral Architect", "Poverty's No Crime", "Devin Townsend"], "centerDistance": 0.02629959999999999, "angle": 2.5132741228718345}, {"songs": ["Feed Part 1 \"Stone By Stone\"", "Feed Part 2 \"The Awakening\""], "artists": ["Deadsoul Tribe", "Deadsoul Tribe"], "centerDistance": 0.13673599999999997, "angle": 3.7699111843077517}, {"songs": ["Instrumentality", "Silent Rage"], "artists": ["Planet X", "Planet X"], "centerDistance": 0.14566049999999997, "angle": 5.026548245743669}]