[{"songs": ["A Song For Mama", "Do What I Gotta Do", "Sadder Than Blue", "Think Of You", "Goodbye", "Birdseye", "Cool Like That", "Goin' Outta Business", "Baby Luv", "I'm Going For Mine (LP Version)", "Take Him Back", "Rope Burn", "Sittin' Up In My Room", "Give U My Heart", "Love Will Be Waiting At Home", "Still Feelin' You (interlude)", "Happy ( LP Version )", "All The Way (Freaky Style)", "If She Breaks Your Heart (Andy Marvel Mix)", "Silent Nite"], "artists": ["Boyz II Men", "Ralph Tresvant", "Az Yet", "Usher", "K-Ci & JoJo", "The Tony Rich Project", "The Tony Rich Project", "Babyface", "Groove Theory", "Keith Sweat", "Monica", "Janet Jackson", "Brandy", "Toni Braxton", "For Real", "Blackstreet", "Brandy", "Color Me Badd", "Eternal", "Babyface"], "centerDistance": 0.018913199999999984, "angle": 0.0}, {"songs": ["The Boy Is Mine (Duet With Monica) (LP Version)"], "artists": ["Brandy & Monica"], "centerDistance": 0.04691599999999996, "angle": 1.2566370614359172}, {"songs": ["True to Me", "Fruit Of Life"], "artists": ["Brownstone", "Brownstone"], "centerDistance": 0.015670499999999976, "angle": 2.5132741228718345}, {"songs": ["Lights Out", "That's My Word"], "artists": ["Next", "Next"], "centerDistance": 0.024243000000000015, "angle": 3.7699111843077517}, {"songs": ["Come Closer", "Outside My Window"], "artists": ["Puff Johnson", "Puff Johnson"], "centerDistance": 0.052636000000000016, "angle": 5.026548245743669}]