[{"songs": ["EXtenZ", "Road Rage", "Friends"], "artists": ["adam richmond", "Greg Vaccariello", "Josh Mullins"], "centerDistance": 0.0, "angle": 0.0}, {"songs": ["Liposucked (Live)", "Duckhunt", "Mushrooms", "Drinks", "Intro: Dwayne Gill Live In Lansing", "I'm From Detroit", "Metro Cowboy", "Fart", "Drinking", "Allergy", "Amish People", "Drinking Tips For Men And Women", "My Underwear Grew", "The Big \"O\"", "Define Big", "Willie Barcena", "Getting High", "My Wife And Her Husband", "Eight-day rafting trip - part 2", "The Cat Duet (Duetto Buffo Di Due Gatti) (2000 Digital Remaster)"], "artists": ["Rhonda Shear", "Adam Ray", "Adam Ray", "Rocky Whatule", "Dwayne Gill", "Dwayne Gill", "Rocky Whatule", "Josh Mullins", "Whitney Cummings", "Whitney Cummings", "Tammy Pescatelli", "Tammy Pescatelli", "Brett Eidman", "Al Toomer", "Al Toomer", "Willie Barcena", "Dezz White", "Dezz White", "Jeanne Robertson", "Hinge & Bracket"], "centerDistance": 0.014625749999999993, "angle": 1.2566370614359172}, {"songs": ["Intro", "So Sorry"], "artists": ["Paul Ogata", "Paul Ogata"], "centerDistance": 0.0, "angle": 2.5132741228718345}, {"songs": ["Home Run", "Mi Dik"], "artists": ["The Harvard Lampoon Comedians", "Brett Eidman"], "centerDistance": 0.002008999999999983, "angle": 3.7699111843077517}, {"songs": ["Gates of Heaven"], "artists": ["The Harvard Lampoon Comedians"], "centerDistance": 0.0, "angle": 5.026548245743669}]