[{"songs": ["Cry On", "Blessings And Honor (Reprise)", "Changed", "You Can Depend On Me", "Who Shall Separate Us", "Goin' Up Yonder", "Running Back To You", "What Love", "God In Me", "One Minute", "Bless The Lord", "Wade In The Water", "So in Love", "Right There", "Shout Unto God (Psalm 47)", "Glory To The King", "Purple (Intro.)", "Beyond The Veil (Beyond The Veil Album Version)", "When Sunday Comes  (Bible Stories Album Version)", "Hallelujah Lord!"], "artists": ["Commissioned", "Fred Hammond", "Tramaine Hawkins", "Andra\u00e9 Crouch", "Walter Hawkins", "Ruben Studdard", "Ruben Studdard", "Deitrick Haddon", "Mary Mary featuring Kierra 'Kiki' Sheard", "Mary Mary", "Richard Smallwood", "Mary Mary", "Donnie McClurkin", "Lisa McClendon", "Fred Hammond & Radical for Christ", "Anthony Evans", "Donnie McClurkin", "Daryl Coley", "Daryl Coley", "Sounds Of Blackness"], "centerDistance": 0.1715176, "angle": 0.0}, {"songs": ["Afterwhile", "Could've Been"], "artists": ["Kirk Franklin", "Kirk Franklin"], "centerDistance": 0.20693299999999998, "angle": 1.2566370614359172}, {"songs": ["The Pressure Part 1", "Goin' Up Yonder"], "artists": ["Sounds Of Blackness", "Tramaine Hawkins"], "centerDistance": 0.309774, "angle": 2.5132741228718345}, {"songs": ["You Will Survive", "Alright"], "artists": ["Myron Butler & Levi", "Myron Butler & Levi"], "centerDistance": 0.1661935, "angle": 3.7699111843077517}, {"songs": ["Simply Redeemed", "Here I Am To Worship", "The Grace Of God", "He's Been Good"], "artists": ["Heather Headley", "Heather Headley", "Patti Austin", "Virtue"], "centerDistance": 0.32177600000000006, "angle": 5.026548245743669}]