[{"songs": ["Ain't No Punks", "Black And Ugly", "Savage Intelligence (Original Mix)", "Intro", "Nitro (feat. Young RJ)", "Sly We Fly (feat Motion Man)", "Amore", "Planet Rock 2k (Down South Mix)", "Nobody (Featuring Jakki Tha Mota Mouth)", "You Devil You (Remixed By Odd Nosdam)", "Time Machine", "Lost - Blockhead Remix (Clean)", "Go Off Go On", "Big Ups", "What's Going On!", "Let Us Pray", "Lov-N-Disses (Tough Luve series #1)", "Too Dark 2 See", "Blown Bubble", "June 26th, 1999 - Slight"], "artists": ["Sabotawj", "Atllas", "Konceptual Dominance", "Tech N9ne", "Slum Village", "Kool Keith", "C-Rayz Walz", "Tech N9ne", "Copywrite", "Themselves", "Smoke DZA", "Cool Calm Pete", "Little Brother", "Zion I", "Masta Ace", "Killah Priest", "Darc Mind", "Guru", "Hangar 18", "Deep Puddle Dynamics"], "centerDistance": 0.16085814999999998, "angle": 0.0}, {"songs": ["Thinking About Me", "Snowgoons Sonata"], "artists": ["Snowgoons", "Snowgoons"], "centerDistance": 0.173881, "angle": 1.2566370614359172}, {"songs": ["Difference", "Cock Suckers"], "artists": ["Black Milk", "Phat Kat"], "centerDistance": 0.17377150000000002, "angle": 2.5132741228718345}, {"songs": ["March", "Keep It Moving"], "artists": ["Hi-Tek", "Hi-Tek"], "centerDistance": 0.17398400000000003, "angle": 3.7699111843077517}, {"songs": ["Rap Name (Freeverse)", "If You Only Knew (Feat. Anetra & KRS-One)"], "artists": ["CunninLynguists", "CunninLynguists"], "centerDistance": 0.17195549999999998, "angle": 5.026548245743669}]