[{"songs": ["I'm A Loser (Live At The Roundhouse, London 25/4/76)", "It's Getting Dangerous", "Imagination", "Ain't Talkin' 'Bout Love (Remastered Live Version)", "Finding My Way", "Hoodoo Woman", "The Pressure Will Blow", "River Deep Mountain High", "Cosmic Egg", "General Hospital", "Living (LP Version)", "Have Love Will Travel", "Sleeping For Years", "Wait Until The Summer's Gone", "Rock Fever", "21st Century Schizoid Man", "Makin' Love", "Hooligan's Holiday", "Out Ta Get Me", "All Our Dreams Are Sold"], "artists": ["UFO", "Thin Lizzy", "Uriah Heep", "Van Halen", "Michael Schenker", "Krokus", "Thin Lizzy", "Eric Burdon & The Animals", "Wolfmother", "Alcatrazz", "Alice Cooper", "Ian Gillan", "Atomic Rooster", "Zebra", "Rainbow", "Greg Lake", "Rainbow", "M\u00f6tley Cr\u00fce", "Guns N' Roses", "Procol Harum"], "centerDistance": 0.16391145000000001, "angle": 0.0}, {"songs": ["Ana mar\u00eda"], "artists": ["Lone Star"], "centerDistance": 0.0, "angle": 1.2566370614359172}, {"songs": ["Talked Too Much", "Can't Resist"], "artists": ["Kingdom Come", "Kingdom Come"], "centerDistance": 0.248732, "angle": 2.5132741228718345}, {"songs": ["Inheritance", "Lonesome Crow"], "artists": ["Scorpions", "Scorpions"], "centerDistance": 0.12389150000000004, "angle": 3.7699111843077517}, {"songs": ["Busy Bee", "Don't Go"], "artists": ["Ugly Kid Joe", "Ugly Kid Joe"], "centerDistance": 0.2569805, "angle": 5.026548245743669}]