[{"songs": ["Breach Birth", "The Majors", "Green is the Color", "Make a Mark", "The Bay (feat C. Holliday & The Poets of Rhythm)", "Say Something", "If It Ain't Rough, It Ain't Right", "Questions And Answers", "Pay Attention", "The Art of Easing", "Rob Swift Meets Charlie Parker", "Tribute to Obabi", "Take It EZ", "Feel It (LP Version)", "Y? (Be Like That) (Jay Dee Remix)", "Push It Along", "Brown Liquor (by: Kev Brown)", "Common Dust", "Dilltastic Vol Won(derful)", "So High"], "artists": ["Prince Ali", "Prince Ali", "Raw Produce", "Raw Produce", "Lyrics Born", "Asamov", "Pete Rock & C.L. Smooth", "Boogie Down Productions", "Dilated Peoples", "Digable Planets", "Rob Swift", "The Last Poets", "Common", "House Of Pain", "The Pharcyde", "A Tribe Called Quest", "Kev Brown", "The Roots", "The Roots", "Loer Velocity"], "centerDistance": 0.10327710000000001, "angle": 0.0}, {"songs": ["Physical Form", "7th Seal"], "artists": ["Freestyle Fellowship", "Freestyle Fellowship"], "centerDistance": 0.09764099999999998, "angle": 1.2566370614359172}, {"songs": ["Next Levels", "Glen Close", "New Hip Hop"], "artists": ["King Geedorah", "Binary Star", "Binary Star"], "centerDistance": 0.05299266666666665, "angle": 2.5132741228718345}, {"songs": ["Jealous Love", "Coming Back"], "artists": ["Iomos Marad", "Iomos Marad"], "centerDistance": 0.09337900000000005, "angle": 3.7699111843077517}, {"songs": ["Pseudo", "Postmeridian", "Out Souf"], "artists": ["Emanon", "Count Bass D", "Count Bass D"], "centerDistance": 0.1438286666666667, "angle": 5.026548245743669}]