[{"songs": ["The Man I Love", "Like a Lover", "Safely In Your Arms", "The Girl From Ipanema (Garota De Ipanema)/Manha De Carnaval (Medley)", "Vai de Vez (Live At El Matador, San Francisco)", "Una Mujer", "Samba Da Minha Terra", "Alguem", "Pixinguinha No Arpoador", "How Insensitive", "Carta Ao Tom 74", "Caminhos Cruzados", "Meu Piao", "Azul", "S'Wonderful", "Slow Motion Bossa Nova", "Me liga", "The More I See You", "Tim Dom Dom", "Another Way"], "artists": ["Brazilian Tropical Orchestra", "S\u00e9rgio Mendes & Brasil '66", "Marcos Valle", "Laurindo Almeida", "S\u00e9rgio Mendes", "Jo\u00e3o Gilberto", "Jo\u00e3o Gilberto", "Bebel Gilberto", "Jo\u00e3o Donato", "Eliane Elias", "Toquinho", "Leila Pinheiro", "Astrud Gilberto", "Bebel Gilberto", "Rosa Passos", "Celso Fonseca", "Cris Delanno", "Eliane Elias", "Jorge Ben", "Ive Mendes"], "centerDistance": 0.28802544999999996, "angle": 0.0}, {"songs": ["Fim Da Linha", "Na Gafieira Do Vidigal", "Bassamba"], "artists": ["Baden Powell;Joaquim Paes Henriques", "Baden Powell;Joaquim Paes Henriques", "Baden Powell;Joaquim Paes Henriques;Eberhard Weber"], "centerDistance": 0.422738, "angle": 1.2566370614359172}, {"songs": ["Capim", "O Falso Mendigo", "Maria Ningu\u00e9m", "Voc\u00ea E Eu"], "artists": ["Os Cariocas", "Vin\u00edcius de Moraes", "Carlos Lyra", "Carlos Lyra"], "centerDistance": 0.41259175, "angle": 2.5132741228718345}, {"songs": ["Olha", "s\u00e1bado morto"], "artists": ["Erasmo Carlos", "Erasmo Carlos"], "centerDistance": 0.4120805, "angle": 3.7699111843077517}, {"songs": ["Folha Morta", "Na Ilha de Lia, No Barco de Rosa"], "artists": ["Jamel\u00e3o", "Edu Lobo"], "centerDistance": 0.41384099999999996, "angle": 5.026548245743669}]