[{"songs": ["Irresistible (Remix Instrumental) (Remix Instrumental)", "Addicted", "Sinner Burning", "Made Of", "Calme Et Temp\u00eate", "My God Is Real", "Gallop Song", "People Get Ready", "Cherry Brandy", "Natty Roots Man", "Joy and Blues", "Light Up", "Are You Satisfied", "Warn Dem", "Tell Me If You Still Care", "Gangsta (feat. The Specializtz)", "For So Long", "Harder", "Psalm 131", "Put Down The Weapon"], "artists": ["Brian & Tony Gold", "Angel Doolas", "Cocoa Tea", "Sizzla", "Sir Samuel", "Thriller U", "Frisco Kid", "Burning Spear", "Tanya Stephens", "Barry Brown", "Ziggy Marley & The Melody Makers", "Kid Fareigna", "Ras Shiloh", "Tanya Stephens", "T.O.K.", "Spectacular", "Spectacular", "Garnett Silk", "Rootz Underground", "Yami Bolo & Capleton"], "centerDistance": 0.07749295, "angle": 0.0}, {"songs": ["Don't Be Cruel"], "artists": ["Brian & Tony Gold"], "centerDistance": 0.0, "angle": 1.2566370614359172}, {"songs": ["Dem Story", "Youths Dem Nah Cool"], "artists": ["Junior Kelly", "Junior Kelly"], "centerDistance": 0.06398099999999995, "angle": 2.5132741228718345}, {"songs": ["Wife Already", "Gun Pop Off", "One Day In Your Life"], "artists": ["Mad Cobra", "Mad Cobra", "Thriller U"], "centerDistance": 0.077605, "angle": 3.7699111843077517}, {"songs": ["J'ai Fait Tout Ce Que Je Pouvais", "M\u00e9galotrip"], "artists": ["Nuttea", "Nuttea"], "centerDistance": 0.112767, "angle": 5.026548245743669}]