[{"songs": ["Pop A Top", "Heartaches By The Number", "Crazy Arms"], "artists": ["Jim Ed Brown", "Ray Price", "Ray Price"], "centerDistance": 0.25722533333333336, "angle": 0.0}, {"songs": ["A Full Time Job", "I Wonder If You Told Her About Me", "Nine Pound Hammer", "Four Walls", "Am I Losing You", "Coming Home Soon", "Let Me Live in the Light of His Love", "I Wish Somebody Loved Me", "Make The World Go Away", "Making Believe", "The Auctioneer", "Big Bad John", "Your Cheatin' Heart", "From A Jack To A King", "Stand By Your Man", "Tulsa Time", "Rose Marie", "Before The Next Teardrop Falls", "Sea Of Heartbreak", "Rose Garden"], "artists": ["Eddy Arnold", "Conway Twitty", "Jimmy Dean", "Jim Reeves", "Jim Reeves", "Freddy Fender", "Charley Pride", "Marty Robbins", "Eddy Arnold", "Kitty Wells", "Leroy van Dyke", "Jimmy Dean", "Hank Williams", "Ned Miller", "Tammy Wynette", "Don Williams", "Slim Whitman", "Freddy Fender", "Don Gibson", "Lynn Anderson"], "centerDistance": 0.23891075000000006, "angle": 1.2566370614359172}, {"songs": ["Send Me The Pillow You Dream On", "Gone", "Waterloo"], "artists": ["Hank Locklin", "Ferlin Husky", "Stonewall Jackson"], "centerDistance": 0.322631, "angle": 2.5132741228718345}, {"songs": ["Young Love", "Oh Lonesome Me", "Walking The Floor Over You"], "artists": ["Sonny James", "Don Gibson", "Ernest Tubb"], "centerDistance": 0.24377333333333331, "angle": 3.7699111843077517}, {"songs": ["Abilene", "Walk On By", "Please Help Me, I'm Falling", "Once A Day"], "artists": ["George Hamilton IV", "Leroy van Dyke", "Hank Locklin", "Connie Smith"], "centerDistance": 0.2681715, "angle": 5.026548245743669}]