[{"songs": ["Texas Tommy", "Boweevil", "Night Rambling Woman", "Jelly Jelly", "Every Day in the Week Blues", "Diddle-Da-Diddle", "Back Door Stranger", "You Got To Go Down", "Lord, Stand By Me", "Mean Old Frisco", "Last Go Round", "Church Bell Blues", "Yonder Comes My Mother (When The Roll Is Called Up Yonder)", "Shiney Town Blues", "Downtown Blues (Take 1)", "Unhappy Blues", "Ground Hog Blues", "I Got A Home", "Sugar Mama", "The Honeydripper (Instrumental)"], "artists": ["Yank Rachell", "Pink Anderson", "Blind Boy Fuller", "Josh White", "Pink Anderson", "Barbecue Bob", "Brownie McGhee", "Reverend Gary Davis", "Reverend Gary Davis", "Sonny Terry & Brownie McGhee", "Bo Carter", "Mississippi Sheiks", "Son House", "Frank Stokes", "Frank Stokes", "Mississippi Sheiks", "Ramblin' Thomas", "Peg Leg Sam", "Walter Horton", "Walter Horton"], "centerDistance": 0.22572385, "angle": 0.0}, {"songs": ["Mr. Tom's Blues"], "artists": ["Sleepy John Estes"], "centerDistance": 0.15721799999999997, "angle": 1.2566370614359172}, {"songs": ["Key To The Highway", "Tickling The Strings", "Denomination Blues"], "artists": ["Jesse Fuller", "Jesse Fuller", "Bishop Perry Tillis"], "centerDistance": 0.27497533333333335, "angle": 2.5132741228718345}, {"songs": ["Bad Luck", "Holding My Pillow"], "artists": ["Robert Belfour", "Robert Belfour"], "centerDistance": 0.33050100000000004, "angle": 3.7699111843077517}, {"songs": ["How Many Mo' Years", "Hell Bound Train", "back in my home town"], "artists": ["Othar Turner & The Rising Star Fife & Drum Band", "Frank Hutchison", "Frank Hutchison"], "centerDistance": 0.4164143333333334, "angle": 5.026548245743669}]