[{"songs": ["Du Mauvais Au Bon", "Machine", "Where Do We Go", "Live @ Dodger Stadium", "Ya Mama (Kenny Dope Remix)", "Annalillia?", "Righteous Kill", "The Prophecy", "Creation & Destruction", "Giant", "Freedom Ain't Free", "Bad Day", "Family 1st, Live  (feat.Punchline)", "Nowhere Fast", "Unity (Produced by R.Thentic)", "Reality Check", "Allstar Feat the Grouch", "Break Up [Remix] (The OJ Song)", "The Believer (feat. Slug)", "What Does It All Mean"], "artists": ["akissa", "akissa", "Talib Kweli", "The Pharcyde", "The Pharcyde", "Aceyalone", "Vinnie Paz", "Immortal Technique", "Immortal Technique", "Slum Village", "Brother Ali", "Vinnie Paz", "Masta Ace", "Blackalicious", "Wordsworth", "Binary Star", "Living Legends", "Murs", "Brother Ali", "Scienz of Life"], "centerDistance": 0.1721839, "angle": 0.0}, {"songs": ["The Score (Bonus Track)", "Breathe (Bonus Track)"], "artists": ["Fashawn", "Fashawn"], "centerDistance": 0.208967, "angle": 1.2566370614359172}, {"songs": ["Nothing But Time", "Inside"], "artists": ["Kenn Starr", "Kenn Starr"], "centerDistance": 0.21352099999999996, "angle": 2.5132741228718345}, {"songs": ["Rules of Engagement (ft. J-Live, Count Bass D)", "Terrorist's Cell (produced by Stoupe of Jedi Mind Tricks)"], "artists": ["7L & Esoteric", "7L & Esoteric"], "centerDistance": 0.12307800000000002, "angle": 3.7699111843077517}, {"songs": ["Issawn", "Pervert"], "artists": ["Tonedeff", "Tonedeff"], "centerDistance": 0.1886355, "angle": 5.026548245743669}]