[{"songs": ["Casser La Voix", "Tout perdu", "Croque", "Les voyageurs", "PickPocket", "Me voil\u00e0 bien", "Vitrier", "Ch\u00e8re inconnue", "J'Ai Chang\u00e9", "La hache", "Mieux vaut se taire", "Je Renais", "L\u00e0 O\u00f9 Je Suis N\u00e9e", "Un Peu C'Est Tout", "Pas Si Vieille", "Temps Beau", "C'est Quand Le Bonheur ?", "Si tu disais", "1000 c\u0153urs debout", "Les Petits Mammif\u00e9res (Version Piano)"], "artists": ["Patrick Bruel", "Les Ogres de Barback", "Thomas Fersen", "Les Ogres de Barback", "Thomas Fersen", "Benjamin Biolay", "Olivia Ruiz", "Benjamin Biolay", "Albin de la Simone", "Lo\u00efc Lantoine", "As de Tr\u00eafle", "Lo\u00efc Lantoine", "Camille", "Daniel Darc", "Olivia Ruiz", "Bertrand Betsch", "Cali", "Fran\u00e7oiz Breut", "Cali", "Bertrand Betsch"], "centerDistance": 0.08987645, "angle": 0.0}, {"songs": ["Entract", "Je ne m'aime plus"], "artists": ["Pascal Parisot", "Pascal Parisot"], "centerDistance": 0.0, "angle": 1.2566370614359172}, {"songs": ["Fabulous and Luxury Holidays for Todos in Barbados", "La Piave"], "artists": ["Les Hurlements d'L\u00e9o", "Les Hurlements d'L\u00e9o"], "centerDistance": 0.099279, "angle": 2.5132741228718345}, {"songs": ["Le quotidien", "Pauvre Con"], "artists": ["Ridan", "Ridan"], "centerDistance": 0.1055005, "angle": 3.7699111843077517}, {"songs": ["Y'a une fille qu'habite chez moi", "Porcelaine", "Mademoiselle From Armentieres"], "artists": ["B\u00e9nabar", "B\u00e9nabar", "Line Renaud"], "centerDistance": 0.109339, "angle": 5.026548245743669}]