[{"songs": ["One", "The Day She Left Tulsa (In a Chevy)", "Workin' For the Weekend", "Then Came The Night"], "artists": ["Ricky Lynn Gregg", "Wade Hayes", "Ken Mellons", "Trace Adkins"], "centerDistance": 0.24390549999999997, "angle": 0.0}, {"songs": ["Tornado", "Bobbie Ann Mason", "Prayer For You", "Tell Me", "What's It Gonna Take", "I've Got My Pride but I Got to Feed the Kids", "I Know You're Married", "Angels (LP Version)", "Home In My Heart (North Carolina) (LP Version)", "What's The Matter With You Baby (LP Version)", "Stand By Your Man", "Right Where I Need To Be", "Ain't No Ordinary Love", "Love's Funny That Way", "Country Rock Star", "Tarpoleon Napoleon", "Hace Quanto He Dicho Que Te Amo  (Have I Told You Lately)", "Life Is Good", "Come From The Heart", "I Already Do"], "artists": ["Ricky Lynn Gregg", "Rick Trevi\u00f1o", "Hanna-McEuen", "Hanna-McEuen", "Wade Hayes", "Rodney Crowell", "Rodney Crowell", "Randy Travis", "Claudia Church", "Claudia Church", "David Allan Coe", "Gary Allan", "Alecia Elliott", "Kellie Coffey", "Marcel", "Shelby Lynne", "Emilio", "Emilio", "Kathy Mattea", "Chely Wright"], "centerDistance": 0.42205779999999987, "angle": 1.2566370614359172}, {"songs": ["Why Wait", "Baby Believe"], "artists": ["Kristy Lee Cook", "Kristy Lee Cook"], "centerDistance": 0.471641, "angle": 2.5132741228718345}, {"songs": ["Makin' Hay", "Save A Horse [Ride A Cowboy] (Dance Mix)"], "artists": ["Clay Davidson", "Big & Rich"], "centerDistance": 0.435695, "angle": 3.7699111843077517}, {"songs": ["Mr. Miller", "I Always Will"], "artists": ["Paul Overstreet", "Paul Overstreet"], "centerDistance": 0.420713, "angle": 5.026548245743669}]