[{"songs": ["That's How Heartaches Are Made", "Open the Door to Your Heart (Single/LP Version)", "Baby What'Cha Got (For Me) (LP Version)", "Don't Wait Too Long", "There You Go", "Leave Me Alone", "Voice Your Choice", "Memphis Soul Stew", "Look At Me Now", "The Real Thing", "I Ain't Gonna Cry No More", "Just A Little Misunderstanding", "Run For Cover", "Lover's Holiday", "The \"In\" Crowd", "Burning Spear", "Seesaw (Single/LP Version)", "I Don't Need No Doctor", "Tell Me It's Just A Rumor Baby", "Here Comes The Judge"], "artists": ["Baby Washington", "Darrell Banks", "Darrell Banks", "Johnny Adams", "Edwin Starr", "Baby Washington", "The Radiants", "King Curtis", "Terry Callier", "Tina Britt", "Timi Yuro", "The Contours", "The Dells", "Peggy Scott & Jo Jo Benson", "Dobie Gray", "The Soulful Strings", "Don Covay", "Ray Charles", "The Isley Brothers", "Shorty Long"], "centerDistance": 0.17785089999999998, "angle": 0.0}, {"songs": ["As Long As You Need Me (Want Me, Love Me)"], "artists": ["Theola Kilgore"], "centerDistance": 0.28130900000000003, "angle": 1.2566370614359172}, {"songs": ["Clown (Album Version)"], "artists": ["The Spinners"], "centerDistance": 0.27692300000000003, "angle": 2.5132741228718345}, {"songs": ["Cards On The Table"], "artists": ["The Diplomats"], "centerDistance": 0.30025900000000005, "angle": 3.7699111843077517}, {"songs": ["Let Love Come Between Us", "That's What I Want To Know", "Shake a Tail Feather"], "artists": ["James & Bobby Purify", "James Carr", "James & Bobby Purify"], "centerDistance": 0.24023966666666666, "angle": 5.026548245743669}]