[{"songs": ["God Of My Hopes  (Dream Album Version)", "Blessings Flow  (Dream Album Version)", "How Is It Between Us", "A Little More", "Nothing (Without You)", "Hesitation", "Come To Me", "He's Alive", "Until I Find You", "No Less", "Postcards", "Is This What You Wanted", "Second Nature", "Not The Only One", "Forevermore", "I Am Not Alone", "Crawl", "Any Kind Of Light", "A Little More (Key-Db-Premiere Performance Plus)", "Jesus Of Nazareth"], "artists": ["Michelle Tumes", "Michelle Tumes", "Sara Groves", "Jennifer Knapp", "Derek Webb", "Stacie Orrico", "Jill Paquette", "Don Francisco", "Stacie Orrico", "Joy Williams", "Cindy Morgan", "Jill Phillips", "Joy Williams", "Jill Paquette", "ZOEgirl", "Natalie Grant", "Margaret Becker", "Margaret Becker", "Jennifer Knapp", "Don Francisco"], "centerDistance": 0.18217079999999997, "angle": 0.0}, {"songs": ["Fragrance Of Pink  ()", "Tears Like Flowers  ()"], "artists": ["Sarah Masen", "Sarah Masen"], "centerDistance": 0.0, "angle": 1.2566370614359172}, {"songs": ["No Other One", "You Never Know"], "artists": ["Rachael Lampa", "Rachael Lampa"], "centerDistance": 0.12163649999999998, "angle": 2.5132741228718345}, {"songs": ["Here I Go Again", "Holy Sunlight"], "artists": ["Steven Delopoulos", "Steven Delopoulos"], "centerDistance": 0.2692, "angle": 3.7699111843077517}, {"songs": ["Baptize Me (LP Version)", "Thief Of Always (LP Version)"], "artists": ["Jaci Velasquez", "Jaci Velasquez"], "centerDistance": 0.2254815, "angle": 5.026548245743669}]