[{"songs": ["For Your Good (Prelude)", "Won't Walk Away", "Rise In Love", "Chances Are", "Call On Me", "Halfway Tree", "Keep on Grooving", "Roots Ragga", "Memphis", "Lock Down", "Rottweiler", "Caring And Sharing", "Just The Other Day", "Bet You Never Know", "Them Thing Deh", "Good Loving", "Jah Fire", "Revolution Song", "More Love: Mandingo Riddim", "All Fruits Ripe"], "artists": ["Blessed", "Blessed", "Alaine", "Bob Marley & The Wailers", "Jah Cure", "Damian Marley", "Damian Marley", "Macka B", "Bob Marley", "Junior Kelly", "Macka B", "Natural Black", "Richie Spice", "Richie Spice", "Ini Kamoze", "Barrington Levy", "George Boswell", "Louie Culture", "Kulcha Knox", "Junior Reid"], "centerDistance": 0.25255730000000004, "angle": 0.0}, {"songs": ["Nah Draw Nil"], "artists": ["I Wayne"], "centerDistance": 0.34383300000000006, "angle": 1.2566370614359172}, {"songs": ["A Fool Say in His Heart", "Is It Own"], "artists": ["Sister Nancy", "Calibe"], "centerDistance": 0.289273, "angle": 2.5132741228718345}, {"songs": ["Cool It Off"], "artists": ["Ini Kamoze"], "centerDistance": 0.286783, "angle": 3.7699111843077517}, {"songs": ["Pick Up the Phone"], "artists": ["Desmond Dekker"], "centerDistance": 0.32050900000000004, "angle": 5.026548245743669}]