[{"songs": ["Staines Morris", "Yarrow", "The Bonnie Banks Of Fordie", "Reynardine", "Albion Heart", "Acres Of Ground", "It's All Your World", "Variation's On My Lady Carey's Dompe", "How Much", "Lovely On The Water", "The Bonny Boy", "Here's To Belief", "The Game Of Cards", "One Penny", "I Wish I Wish", "Polly Vaughan", "Locks and Bolts", "Now Be Thankful", "Cruel Sister", "The Poor Little Fisherboy"], "artists": ["Martin Carthy & Dave Swarbrick", "Bert Jansch", "Nic Jones", "June Tabor", "The Albion Band", "Eliza Carthy", "Seth Lakeman", "John Renbourn", "Seth Lakeman", "Steeleye Span", "Ruth Notman", "Ruth Notman", "Levi Smith", "Levi Smith", "Martha Tilston", "Martha Tilston", "Nancy Kerr & James Fagan", "Fairport Convention", "The Pentangle", "Micho Russell"], "centerDistance": 0.20403325000000003, "angle": 0.0}, {"songs": ["Blood And Gold / Mohacs", "What Will We do?"], "artists": ["Silly Sisters", "Silly Sisters"], "centerDistance": 0.05425550000000001, "angle": 1.2566370614359172}, {"songs": ["Twelve Joys Of Mary", "Young Alvin"], "artists": ["Tim Van Eyken", "Tim Van Eyken"], "centerDistance": 0.19943150000000004, "angle": 2.5132741228718345}, {"songs": ["The Teetotallers Medley", "The Cuckoo's Nest"], "artists": ["Dave Swarbrick", "Dave Swarbrick"], "centerDistance": 0.12346049999999997, "angle": 3.7699111843077517}, {"songs": ["The Snow It Melts the Soonest", "The Bird in the Bush"], "artists": ["Anne Briggs", "Frankie Armstrong"], "centerDistance": 0.11677150000000003, "angle": 5.026548245743669}]