[{"songs": ["Wait A Minute", "My Crime", "Stop Messin' Around", "I Want You to Love Me", "Crawlin' King Snake", "Mary Open The Door", "Still a Fool", "Horse & Cart", "Good Morning Little School Girl", "Reconsider Baby", "Gone Back Home", "I Feel So Good (Part 1)", "Act Nice And Gentle", "Back Door Friend", "Kind Hearted Woman Blues", "Hi-Heel Sneakers", "23 Hours Too Long", "No Idea", "Johnny B. Goode", "Who's Been Talking"], "artists": ["The Blues Band", "Canned Heat", "Gary Moore", "Robin Trower", "Peter Green Splinter Group", "Alexis Korner", "Groundhogs", "Chicken Shack", "Jonny Lang", "Chicken Shack", "Brunning Sunflower Blues Band", "Taste", "The Black Keys", "Johnny Winter", "Eric Clapton", "Alexis Korner", "The Yardbirds", "Brunning Sunflower Blues Band", "Johnny Winter", "Jon Lord with the Hoochie Coochie Men"], "centerDistance": 0.0501987, "angle": 0.0}, {"songs": ["Buddy's Advice (LP  Version )"], "artists": ["The Paul Butterfield Blues Band"], "centerDistance": 0.20266399999999996, "angle": 1.2566370614359172}, {"songs": ["Talk To Me Baby", "Tell Me"], "artists": ["Tony Sarno", "Wes Jeans"], "centerDistance": 0.18099550000000003, "angle": 2.5132741228718345}, {"songs": ["Baltimore", "I've Got News For You", "Wicked Ways", "I'll Find My Way"], "artists": ["Roy Buchanan", "Edgar Winter", "Eric Sardinas", "The Derek Trucks Band"], "centerDistance": 0.15817199999999998, "angle": 3.7699111843077517}, {"songs": ["I'll Play American Music", "Baby What You Want Me to Do"], "artists": ["Bugs Henderson", "Bugs Henderson"], "centerDistance": 0.1571865, "angle": 5.026548245743669}]