[{"songs": ["Brenda", "So In Love", "After All", "The Further You Look, The Less You See", "Hurt A Little Everyday", "Come And Get These Memories", "I'll Keep Holding On", "You've Changed Me", "I Gotta Dance To Keep From Crying", "What A Good Man He Is", "Malinda", "You Keep Running Away", "Money And Me", "Hitch Hike", "Steal Away Tonight", "I Understand My Man", "Heaven Must Have Sent You", "Don't Put Off Till Tomorrow What You Can Do Today", "All For Someone", "A Bird In The Hand (Is Worth Two In The Bush)"], "artists": ["Eddie Holland", "Paula Greer", "The Marvelettes", "The Temptations", "Brenda Holloway", "Martha Reeves & The Vandellas", "The Marvelettes", "Brenda Holloway", "The Miracles", "Tammi Terrell", "Bobby Taylor", "The Four Tops", "Barrett Strong", "Marvin Gaye", "Barbara McNair", "The Elgins", "The Elgins", "The Monitors", "The Monitors", "The Velvelettes"], "centerDistance": 0.43415504999999993, "angle": 0.0}, {"songs": ["Pa (I Need A Car)", "It Must Be Love", "Stevie", "I Couldn't Cry If I Wanted To"], "artists": ["The Contours", "The Contours", "Patrice Holloway", "Eddie Holland"], "centerDistance": 0.313436, "angle": 1.2566370614359172}, {"songs": ["Function At The Junction", "Mickey's Monkey", "Twenty-Five Miles", "Devil With The Blue Dress"], "artists": ["Shorty Long", "The Miracles", "Edwin Starr", "Shorty Long"], "centerDistance": 0.4633965, "angle": 2.5132741228718345}, {"songs": ["Lone, Lonely Town", "Forget You Ever Met Me Baby"], "artists": ["Tammi Terrell", "Barbara McNair"], "centerDistance": 0.4715895, "angle": 3.7699111843077517}, {"songs": ["Your Old Stand By", "Two Wrongs Don't Make A Right"], "artists": ["Mary Wells", "Mary Wells"], "centerDistance": 0.2603355, "angle": 5.026548245743669}]