[{"songs": ["Ca Me Vexe (Live Paris 2009)", "Jamais La Paix (Live Paris 2009)", "Elle Va O\u00f9 Elle Veut", "Fatigante", "Tostaky", "La Brune", "Lola", "Comment Certains Vivent", "Hygiaphone", "Starlight", "Marilyn", "Tous Des Anges", "Don't look back", "Loser", "Consolation Prizes (remix by l'Aiglon)", "Les Dingues Et Les Paum\u00e9s", "Rue De M\u00e9nilmontant (Live)", "Au Fond Du Couloir", "T\u00e9l\u00e9gramme 2003", "Quelque Chose De Tennessee - La Cigale 2006"], "artists": ["Mademoiselle K", "Mademoiselle K", "Noir D\u00e9sir", "Louise Attaque", "Noir D\u00e9sir", "Louise Attaque", "Superbus", "Dominique A", "Louis Bertignac", "Indochine", "Indochine", "Zazie", "Naast", "Plastiscines", "Phoenix", "Hubert-F\u00e9lix Thi\u00e9faine", "Camille", "Les Rita Mitsouko", "Hubert-F\u00e9lix Thi\u00e9faine", "Johnny Hallyday"], "centerDistance": 0.1086, "angle": 0.0}, {"songs": ["Cowabunga", "Feelin' Allright"], "artists": ["Second Sex", "Second Sex"], "centerDistance": 0.15292999999999995, "angle": 1.2566370614359172}, {"songs": ["Tu Semblante", "International"], "artists": ["Tarmac", "Tarmac"], "centerDistance": 0.13096050000000004, "angle": 2.5132741228718345}, {"songs": ["Confusions Printani\u00e8res [live]", "You Belong To Me [demo]"], "artists": ["BB Brunes", "BB Brunes"], "centerDistance": 0.04642199999999996, "angle": 3.7699111843077517}, {"songs": ["Rester En Ville", "Toy Boy"], "artists": ["Prohom", "Stuck in the Sound"], "centerDistance": 0.1444705, "angle": 5.026548245743669}]