[{"songs": ["I'm Nuts About That Gal", "Walking My Troubles Away", "Lightnin's Boogie", "Telephone Blues", "Cat Man Blues", "New Orleans Streamline", "Atlanta Special", "What I'd Say (It's All Right)", "Buddy's Boogie", "I Love You Baby", "Blues Is A Woman", "Black Angel Blues", "River Boat Song", "Vitamin A", "Match Box Blues #2", "Someday We'll All Be Free", "It Hurts Me Too", "San Francisco Blues", "Dallas", "Fannin Street"], "artists": ["Lonnie Johnson", "Blind Boy Fuller", "Lightnin' Hopkins", "Kokomo Arnold", "Blind Boy Fuller", "Bukka White", "Bukka White", "Buddy Guy & Junior Wells", "Buddy Guy", "Sonny Terry & Brownie McGhee", "T-Bone Walker", "Tampa Red", "J.J. Cale", "Big Joe Williams", "Blind Lemon Jefferson", "Keb' Mo'", "Keb' Mo'", "Lowell Fulson", "Johnny Winter", "Leadbelly"], "centerDistance": 0.34935514999999995, "angle": 0.0}, {"songs": ["House Dance Blues", "Early In The Morning"], "artists": ["Speckled Red", "Speckled Red"], "centerDistance": 0.412535, "angle": 1.2566370614359172}, {"songs": ["I Got My Eyes on You(DNU!)"], "artists": ["Canned Heat & John Lee Hooker"], "centerDistance": 0.45159499999999997, "angle": 2.5132741228718345}, {"songs": ["I'm In The Mood", "I Love Her Just the Same"], "artists": ["Arthur \"Big Boy\" Crudup", "Arthur \"Big Boy\" Crudup"], "centerDistance": 0.39399300000000004, "angle": 3.7699111843077517}, {"songs": ["Crash Head on into Love", "Reconsider Baby"], "artists": ["Lonnie Brooks", "Lonnie Brooks"], "centerDistance": 0.404407, "angle": 5.026548245743669}]