[{"songs": ["The Swing Doctor", "Trece", "Take This City", "The Fool", "Lightning & Thunder (Album Version)", "The Higher The Monkey Climbs", "Rub Up Push Up", "Big Nine", "Tin Tin Deo", "Propaganda", "President Kennedy", "Riding the Region", "The Only Problem With Wishful Thinking", "I'm Alive", "Check Him Out", "Grab A Girl", "You're My Everything", "Holidays By The Sea", "Capo", "Sammy No Dead"], "artists": ["The Untouchables", "Todos Tus Muertos", "Tim Armstrong", "Hepcat", "The Aggrolites", "Justin Hinds & The Dominoes", "Justin Hinds & The Dominoes", "Judge Dread", "The Slackers", "The Slackers", "Roland Alphonso", "Hepcat", "Belvedere", "Monty Montgomery", "The Bleechers", "Glen Adams", "The Techniques", "Symarip", "The Hippy Boys", "Clancy Eccles"], "centerDistance": 0.2297186, "angle": 0.0}, {"songs": ["Woman Capture Man", "The Whip"], "artists": ["The Ethiopians", "The Ethiopians"], "centerDistance": 0.24212649999999997, "angle": 1.2566370614359172}, {"songs": ["Know Your Enemy", "I Will Always Do", "Bottomed Out"], "artists": ["The Code", "Screeching Weasel", "The Suicide Machines"], "centerDistance": 0.270225, "angle": 2.5132741228718345}, {"songs": ["Na Na Hey Hey (Kiss Him Goodbye)", "Get Ready"], "artists": ["The Pioneers", "The Pioneers"], "centerDistance": 0.24746650000000003, "angle": 3.7699111843077517}, {"songs": ["Fattie Fattie", "Come Into My Parlour"], "artists": ["Clancy Eccles", "The Bleechers"], "centerDistance": 0.2741805, "angle": 5.026548245743669}]