[{"songs": ["Bette Davis Eyes", "Sunglasses At Night", "Break My Stride", "Never Ending Story", "Self Control", "Take My Breath Away"], "artists": ["Kim Carnes", "Corey Hart", "Matthew Wilder", "Limahl", "Laura Branigan", "Berlin"], "centerDistance": 0.35526349999999995, "angle": 0.0}, {"songs": ["Tangled", "We Close Our Eyes", "Faithful", "Shattered Dreams", "Heaven Is A Place On Earth", "Oh Sherrie", "(I Just) Died In Your Arms", "Wouldn't It Be Good", "Maneater", "Hold On", "Together Forever", "Out Of Touch", "Danger Zone", "The Power Of Love", "Missing You", "Something About You", "Over My Shoulder", "Let's Hear It For The Boy", "Gold", "Hungry Eyes"], "artists": ["Jane Wiedlin", "Go West", "Go West", "Johnny Hates Jazz", "Belinda Carlisle", "Steve Perry", "Cutting Crew", "Nik Kershaw", "Hall & Oates", "Wilson Phillips", "Rick Astley", "Hall & Oates", "Kenny Loggins", "Huey Lewis & The News", "John Waite", "Level 42", "Mike & The Mechanics", "Deniece Williams", "Spandau Ballet", "Eric Carmen"], "centerDistance": 0.30238860000000006, "angle": 1.2566370614359172}, {"songs": ["Nothing's Gonna Stop Us Now", "Waiting For A Star To Fall", "Footloose", "Jessie's Girl", "You're The Voice", "We Built This City"], "artists": ["Starship", "Boy Meets Girl", "Kenny Loggins", "Rick Springfield", "John Farnham", "Starship"], "centerDistance": 0.293744, "angle": 2.5132741228718345}, {"songs": ["I Can Dream About You", "Make Me Lose Control", "Don't Forget Me (When I'm Gone)"], "artists": ["Dan Hartman", "Eric Carmen", "Glass Tiger"], "centerDistance": 0.43698299999999995, "angle": 3.7699111843077517}, {"songs": ["Mary's Prayer", "Rush Hour", "A Good Heart", "Love Changes (Everything)", "China In Your Hand"], "artists": ["Danny Wilson", "Jane Wiedlin", "Feargal Sharkey", "Climie Fisher", "T'Pau"], "centerDistance": 0.40518540000000003, "angle": 5.026548245743669}]