[{"songs": ["Arabian Eyes", "One of These Nights", "Honesty", "Her Name Was Truly", "Secrets", "Waiting", "Wednesday Night", "Water Psalm I", "One Wish For Me", "Radium c4", "Flight (Scott Wozniak Remix)", "Psycho Killer", "My Absolution", "Swimming Pool", "Rosa Blu", "Mes Vacances A Rio", "Your Heart Your Soul", "Glow & Glare (\u00c2me Remix)", "I'll Be There (70s Delight Version)", "Thinking About You"], "artists": ["Julius Papp", "Julius Papp", "Kaskade", "Aquanote", "Ananda Project", "Miguel Migs", "Dubtribe Sound System", "Aquanote", "Miguel Migs", "el farouki", "Studio Apartment", "Black Mighty Wax", "Rhian Sheehan", "Rae & Christian", "Planet Funk", "Rin\u00f4\u00e7\u00e9r\u00f4se", "Ino", "Jazzanova", "Seductive Souls", "Goloka"], "centerDistance": 0.15958345, "angle": 0.0}, {"songs": ["Grace (Freedom Dub)", "Yeah"], "artists": ["Blue Six", "Blue Six"], "centerDistance": 0.048211000000000004, "angle": 1.2566370614359172}, {"songs": ["Glamour Girl", "Save Me Tonight"], "artists": ["Louie Austen", "Goloka"], "centerDistance": 0.31801999999999997, "angle": 2.5132741228718345}, {"songs": ["Little By Little", "My Friend"], "artists": ["Groove Armada", "Groove Armada"], "centerDistance": 0.320429, "angle": 3.7699111843077517}, {"songs": ["The Child", "You, My Baby & I"], "artists": ["Alex Gopher", "Alex Gopher"], "centerDistance": 0.2654865, "angle": 5.026548245743669}]