[{"songs": ["Que Seas Feliz", "Espinita", "Perhaps, Perhaps, Perhaps", "Lamberto Quintero", "Vengo Averte Otra Vez", "De Cigarro En Cigarro", "Aquel", "El Rey", "Las Ciudades", "De Mil Maneras", "Derrumbes", "El Huerfanito", "en la soledad", "Santa Lucia", "Alg\u00fan dia volver\u00e1s", "Luna de Abril", "Vete De Mi", "Comprensi\u00f3n", "Sombras Nada M\u00e1s", "Perdida"], "artists": ["Los Tres Ases", "Trio Los Panchos", "Lila Downs", "Antonio Aguilar", "Jorge Negrete", "Julio Jaramillo", "Leo Marini", "Luis Miguel", "Chavela Vargas", "La Sonora Santanera", "Olimpo C\u00e1rdenas", "Antonio Mach\u00edn", "Tito Rodriguez", "Ricardo Montaner", "Roberto Faz", "Mar\u00eda Dolores Pradera", "Olga Guillot", "Roberto Faz", "Luis Enrique", "Alfredo Sadel"], "centerDistance": 0.34519055, "angle": 0.0}, {"songs": ["Como Poder Saber Si Te Amo", "Las Manos"], "artists": ["Leonardo Favio", "Sandro"], "centerDistance": 0.419514, "angle": 1.2566370614359172}, {"songs": ["NO TE VAYAS", "Empate"], "artists": ["Gilberto Santa Rosa", "Gilberto Santa Rosa"], "centerDistance": 0.3462825, "angle": 2.5132741228718345}, {"songs": ["La Nave Del Olvido", "Quisiera Decir tu Nombre"], "artists": ["Jos\u00e9 Jos\u00e9", "Jos\u00e9 Luis Perales"], "centerDistance": 0.35580300000000004, "angle": 3.7699111843077517}, {"songs": ["Piel Canela (Alternate Mix)", "Casi Un Bolero", "Mi Vida"], "artists": ["Bobby Capo", "Ricky Martin", "Jos\u00e9 Jos\u00e9"], "centerDistance": 0.39537666666666665, "angle": 5.026548245743669}]