[{"songs": ["La Malaguena"], "artists": ["Mariachi Oro Juvenil"], "centerDistance": 0.35267899999999996, "angle": 0.0}, {"songs": ["Pa' Todo El A\u00f1o", "No te la vas a acabar", "Me dedique a perderte", "Que Falta Me Hace Mi Padre", "Hay Otra En Tu Lugar", "Ojos Tapat\u00edos", "Tres Consejos", "Cancion Mexicana", "Gata Salvaje", "Sonaron 4 Balazos", "Caminero", "Virgen De Medianoche", "Sabes Una Cosa", "La Malaguena", "Norma Irene", "Tampico Hermoso", "Mas Alto Que Las Aguilas", "Cre\u00ed", "Es Differente", "Punalada Trapera"], "artists": ["Jos\u00e9 Alfredo Jim\u00e9nez", "Beatriz Adriana", "Beatriz Adriana", "Antonio Aguilar", "Pablo Montero", "Alejandro Fern\u00e1ndez", "Pedro Infante", "Lucha Reyes", "Pablo Montero", "Jos\u00e9 Alfredo Jimenez Con Mariachi Vargas De Tecalitlan", "Lucha Reyes", "Juan Valentin", "Mariachi Los Caporales", "Mariachi Los Caporales", "Los Rurales De Gilberto Parra", "Los Rurales De Gilberto Parra", "Pepe Aguilar", "Mariachi Arriba Juarez", "Ana Gabriel", "Amalia Mendoza"], "centerDistance": 0.11685175, "angle": 1.2566370614359172}, {"songs": ["Naci Para Ti", "Boda Negra", "Amaneci En Tus Brazos"], "artists": ["Gerardo Reyes", "Gerardo Reyes", "Lucha Villa;Mariachi Vargas De Tecalitlan"], "centerDistance": 0.341099, "angle": 2.5132741228718345}, {"songs": ["La Del Rebozo Blanco", "La Malague\u00f1a", "Los Frijolitos", "La Yaquesita"], "artists": ["Estela Nu\u00f1ez", "Estela Nu\u00f1ez", "Los Dareyes De La Sierra", "Los Dareyes De La Sierra"], "centerDistance": 0.339504, "angle": 3.7699111843077517}, {"songs": ["El Navegante", "Maria De La Luz"], "artists": ["Chalino Sanchez", "Chalino Sanchez"], "centerDistance": 0.17873599999999995, "angle": 5.026548245743669}]