[{"songs": ["El Andariego", "La Cecilia", "La Espiga", "La Fiesta Del Mariachi", "Oficiales Y Parranderos", "Es Differente", "No Se Porque", "Si Tu Te Enamoraras De Mi", "Ojos Tapat\u00edos", "Gritenme Piedras Del Campo", "Maldicion Ranchera", "Bonita, Bonita", "Por Mi Orgullo", "Aun Se Acuerda De Mi", "Me Saludas A La Tuya", "La Hierbita", "El D\u00eda Que Me Dijiste", "La Cumbia Del Mole (Live) (iTunes Live Session)", "Alfonsina Y El Mar", "Guitarras Lloren Guitarras"], "artists": ["Juan Valentin", "Miguel Aceves Mejia Con El Mariachi Vargas De Tecalitlan", "Miguel Aceves Mejia Con El Mariachi Vargas De Tecalitlan", "Mariachi Oro Juvenil", "Los Rurales De Gilberto Parra", "Ana Gabriel", "Jorge Negrete", "Jorge Negrete", "Alejandro Fern\u00e1ndez", "Amalia Mendoza", "Amalia Mendoza", "Pablo Montero", "Juan Gabriel Con Mariachi America De Jesus Rodriguez De Hijar", "Pepe Aguilar", "Paquita La Del Barrio", "Los Tipicos De Abasolo De Tilantongo, Oaxaca", "Chavela Vargas", "Lila Downs", "Lucha Villa Con El Mariachi Vargas De Tecalitlan", "Cuco S\u00e1nchez"], "centerDistance": 0.26444535, "angle": 0.0}, {"songs": ["El Ausente", "Caminos De Michoacan"], "artists": ["Mariachi Los Caporales", "Mariachi Los Caporales"], "centerDistance": 0.01518699999999995, "angle": 1.2566370614359172}, {"songs": ["La Raspa", "Indita Mia", "La Bikina"], "artists": ["Mariachi Oro Juvenil", "David Zaizar", "Mariachi Arriba Ju\u00e1rez"], "centerDistance": 0.12079866666666665, "angle": 2.5132741228718345}, {"songs": ["Amor del Alma", "Cielo Rojo", "Un Nuevo Nido"], "artists": ["Jos\u00e9 Alfredo Jim\u00e9nez", "Pepe Aguilar", "Joan Sebastian"], "centerDistance": 0.2882723333333333, "angle": 3.7699111843077517}, {"songs": ["Club Verde"], "artists": ["Los Rurales De Gilberto Parra"], "centerDistance": 0.13887400000000005, "angle": 5.026548245743669}]