[{"songs": ["A Pie Van Mis Suspiros", "Asunci\u00f3n Y Pastora", "Michael", "Floricanto", "Hora Meiga", "El Portugues (Tanguillos)", "Libre como el viento", "Mi Luis", "Jorgue", "No me dejes", "The Flowing Bowl / Maire Breathnach's #1 / The Doon / The Mason's Men", "The Maid On The Shore", "Danzando nos confins", "An tSean Bhean Bhocht / The Fairies' Hornpipe", "Highlander", "Lowground", "The Best of Friends Must Part", "N\u00e4cken", "Tattar intro", "The Dutchman"], "artists": ["Clara Montes", "Los Del R\u00edo", "Gipsy Kings", "Lhasa", "Camerata Meiga", "Ni\u00f1a Pastori", "Muchachito Bombo Infierno", "Remedios Amaya", "M\u00e1rtires del Comp\u00e1s", "El Sue\u00f1o de Morfeo", "Solas", "Frankie Armstrong", "Luar na Lubre", "The Chieftains", "Darko Rundek & Cargo Orkestar", "Solas", "The Irish Rovers", "Afenginn", "Afenginn", "Tommy Makem & Liam Clancy"], "centerDistance": 0.4482752499999999, "angle": 0.0}, {"songs": ["Gray Goose", "La Recepta", "Se chove"], "artists": ["Sweet Honey In The Rock", "Dusminguet", "Treixadura"], "centerDistance": 0.44109, "angle": 1.2566370614359172}, {"songs": ["Wassail Song"], "artists": ["The Albion Dance Band"], "centerDistance": 0.452693, "angle": 2.5132741228718345}, {"songs": ["Bakhtimdan"], "artists": ["Sevara Nazarkhan"], "centerDistance": 0.47283299999999995, "angle": 3.7699111843077517}, {"songs": ["Ansui\u00f1a / Mi\u00f1as Cousas", "Xanahar\u00ed"], "artists": ["Treixadura", "Susana Baca"], "centerDistance": 0.41013750000000004, "angle": 5.026548245743669}]