[{"songs": ["Loin Du Rivage", "Boule De Neige 2001", "La Valse De J\u00e9richo"], "artists": ["Nessbeal", "Oxmo Puccino", "Oxmo Puccino"], "centerDistance": 0.3003593333333333, "angle": 0.0}, {"songs": ["C'est humain", "Mon Rap Perdure", "La course \u00e0 l'argent", "Samurai", "J'Attends", "mc quebec city", "Ma Tabati\u00e8re (Chronique D'Un Dealer)", "On s'invite", "Rien N't'appartient", "Du berceau au tombeau", "One Love", "Ce soir on sort [Feat. J-Mi Sissoko]", "En France", "Repr\u00e9sente Ta Rue", "Freestyle 6", "Elle", "Extra Extra !!!", "Ma G\u00e9n\u00e9ration", "Zonarisk", "Mon opinion"], "artists": ["Futur Proche", "Futur Proche", "Nysay", "Shurik'N", "Hocus Pocus", "Fatal Bazooka", "La Fouine", "Fonky Family", "Sexion D'Assaut", "Iron Sy", "Youssoupha", "L'Skadrille", "Nysay", "Les Sales Blancs", "Sidi omar", "Sniper", "St\u00e9 Strausz", "St\u00e9 Strausz", "Sa\u00efan Supa Crew", "Iron Sy"], "centerDistance": 0.28991315, "angle": 1.2566370614359172}, {"songs": ["Freestyle 1 (feat. Diomay, Granit)", "M\u00eame si \u00e7a Paie pas"], "artists": ["La Brigade", "La Brigade"], "centerDistance": 0.36995500000000003, "angle": 2.5132741228718345}, {"songs": ["Cr\u00eapes Au Froment feat. Finistere Amer", "Night out"], "artists": ["Fatal Bazooka", "Dee Nasty"], "centerDistance": 0.39608899999999997, "angle": 3.7699111843077517}, {"songs": ["Pas De Place", "Intro"], "artists": ["Soklak", "Soklak"], "centerDistance": 0.34854050000000003, "angle": 5.026548245743669}]