[{"songs": ["Till It Shines (LP Version)", "Song With No Words (Tree With No Leaves)", "Quand le soleil", "Down To The Water (Album Version)", "Fire's Alive (2004 Digital Remaster)", "Ain't That Peculiar (2004 Digital Remaster)", "Rise Up (Easy Rider)", "Don't Play Games", "Blues In The Bottle", "A Castle Far", "Thoughts for a Friend", "Otis And Marlena (LP Version)", "Land O' Freelove & Goodbye", "Ecology Song  (LP Version)", "Lovely Night (Album Version)", "Sitting On Top Of The World (1991 Digital Remaster)", "Through Your Hands (LP Version)", "Earlybird (LP Version)", "Medley: Coming Down Off The Money Bag/Song Of The Dog", "Take The Devil (LP Version)"], "artists": ["Crosby, Stills & Nash", "David Crosby", "Crazy Horse", "America", "Terry Reid", "Terry Reid", "Brewer & Shipley", "The Youngbloods", "The Lovin' Spoonful", "Matthews' Southern Comfort", "Matthews' Southern Comfort", "Joni Mitchell", "Cat Stevens", "Stephen Stills", "America", "Don McLean", "David Crosby", "Eagles", "The Guess Who", "Eagles"], "centerDistance": 0.0727032, "angle": 0.0}, {"songs": ["Jungle Love", "Jet Airliner"], "artists": ["Steve Miller", "Steve Miller"], "centerDistance": 0.24701649999999997, "angle": 1.2566370614359172}, {"songs": ["Does This Bus Stop At 82nd Street?", "Mary Queen Of Arkansas"], "artists": ["Bruce Springsteen", "Bruce Springsteen"], "centerDistance": 0.14686149999999998, "angle": 2.5132741228718345}, {"songs": ["Find Out About Love", "Flat Broke Love"], "artists": ["Bachman-Turner Overdrive", "Bachman-Turner Overdrive"], "centerDistance": 0.1751495, "angle": 3.7699111843077517}, {"songs": ["It's Not My Cross To Bear", "Lead Me On"], "artists": ["The Gregg Allman Band", "The Gregg Allman Band"], "centerDistance": 0.239444, "angle": 5.026548245743669}]