[{"songs": ["Why We Slosh So (For S. & L.)", "Chew Raw Meat", "The Coughing Show", "Tension", "Magic Kingdom", "Fuck It Out", "Love Und Romance", "Instant Hit", "Do The Lurd!!", "Spaceship", "Enough Time", "The Ocean", "Something's Wrong", "Fake Contest", "Whip In My Valise", "Low Life", "Toiler On The Sea", "Shot By Both Sides"], "artists": ["The Yips", "Human Eye", "Noah's Ark Was A Spaceship", "Vivian Girls", "Half Japanese", "Beehive & The Barracudas", "The Slits", "The Slits", "Dexter Romweber", "Suicide", "The Stranglers", "Fluf", "Fluf", "Minutemen", "Adam and the Ants", "Public Image Ltd.", "The Stranglers", "Magazine"], "centerDistance": 0.451096, "angle": 0.0}, {"songs": ["MMM", "BIRDSSING"], "artists": ["Margarita", "Margarita"], "centerDistance": 0.4842135, "angle": 1.2566370614359172}, {"songs": ["Green Hornet", "Happy Electronics"], "artists": ["1929", "1929"], "centerDistance": 0.47956299999999996, "angle": 2.5132741228718345}, {"songs": ["Hymn Books", "Sex (Acoustic)", "Mr. Encore (Live)", "Light Eden On Fire", "Time Continuum", "Sailor Dive", "Untitled", "Never Been To Church", "Rooms And Bags", "Inside Outpost", "HP Superstar", "Curami", "Progress", "Academy Fight Song", "Vertical Slum", "Final Request", "The Light Pours Out of Me", "Brave Exhibitions", "Indian Winter", "Destroy the New Rock"], "artists": ["The Yips", "Urinals", "Urinals", "Beehive & The Barracudas", "Human Eye", "The Intelligence", "Japanther", "Meth Teeth", "The Intelligence", "V-3", "Harry Pussy", "CCCP Fedeli alla linea", "Mission of Burma", "Mission of Burma", "Swell Maps", "Josef K", "Magazine", "The Boys Next Door", "Times New Viking", "Big In Japan"], "centerDistance": 0.44444595, "angle": 3.7699111843077517}, {"songs": ["Full Circle", "Thickskin"], "artists": ["Venom P. Stinger", "Venom P. Stinger"], "centerDistance": 0.386012, "angle": 5.026548245743669}]