[{"songs": ["No Need For Machines", "Waterfalls", "49 Percent (Angello & Ingrosso remix)", "Lucidia", "Limits", "Tito's Way", "Rage in the Cage", "Landline", "We 1, 2 Rock", "Glitterball", "Lost Love", "I Won't Let You Down", "Teachers (extended mix)", "Too Long / Steam Machine", "Hypnotized", "Your Dirty Habit (Computer club mix)", "Foals", "Shiloh remix", "Finger Food", "Cross The Dancefloor"], "artists": ["Dada Life", "Tom Snare", "R\u00f6yksopp", "Nick Chacona", "Calvin Harris", "The Juan MacLean", "Steve Porter", "Morgan Page", "Moonbootica", "FC/Kahuna", "Rin\u00f4\u00e7\u00e9r\u00f4se", "Audio Bullys", "Daft Punk", "Daft Punk", "Lexy & K. Paul", "Your Dirty Habit", "Shinichi Osawa", "James Harcourt", "Benny Benassi", "Treasure Fingers"], "centerDistance": 0.21123150000000007, "angle": 0.0}, {"songs": ["Get Down"], "artists": ["Eric Laville"], "centerDistance": 0.0, "angle": 1.2566370614359172}, {"songs": ["Come Together", "We Are Your Friends (Original Mix)"], "artists": ["Pnau", "Justice vs. Simian"], "centerDistance": 0.235585, "angle": 2.5132741228718345}, {"songs": ["A Cambria Heights Affair", "Original Mix"], "artists": ["Nick Chacona", "James Harcourt"], "centerDistance": 0.214461, "angle": 3.7699111843077517}, {"songs": ["Dream About Me (Sebastian Ingrosso Remix)"], "artists": ["Moby"], "centerDistance": 0.05498800000000004, "angle": 5.026548245743669}]