[{"songs": ["Antidiplomate", "Freestyle 21", "Zone rouge", "Faites du Bruit", "Freestyle 27", "Paroles d'escroc (feat. Diamonds)", "Je Me Fais Vieux (1999)", "Ma Destin\u00e9e", "Les larmes du soleil", "Le C\u0153ur du Probl\u00e8me", "1 pour la plume", "Radio Taulard", "A la page r\u00e9volutionnaire", "Impasse D\u00e9sillusion", "L'amour Est Mort", "La frappe", "\u00e7a fait du bien d'le dire", "Trop Puissant", "Comme on d\u00e9barque", "Insolence Millenium"], "artists": ["Oxmo Puccino - S Kiv", "Chiens de Paille", "KDD", "Svinkels", "La Cliqua", "Unit\u00e9 2 Feu", "La Rumeur", "Youssoupha", "Alpha 5.20", "La Fouine", "Flynt", "113", "Scred Connexion", "Oxmo Puccino", "Oxmo Puccino", "Sefyu", "Flynt", "113", "Fonky Family", "Despo Rutti"], "centerDistance": 0.09888045000000001, "angle": 0.0}, {"songs": ["Freestyle 43", "Live 3"], "artists": ["Chiens de Paille", "La Rumeur"], "centerDistance": 0.07177700000000004, "angle": 1.2566370614359172}, {"songs": ["Le son des bestioles (feat. Rabakar, Gaby, Hamess)"], "artists": ["Unit\u00e9 2 Feu"], "centerDistance": 0.089225, "angle": 2.5132741228718345}, {"songs": ["Combat de femme", "Victory"], "artists": ["Medine", "Medine"], "centerDistance": 0.20331900000000003, "angle": 3.7699111843077517}, {"songs": ["Les Miens", "J'attends"], "artists": ["Shurik'N", "Shurik'N"], "centerDistance": 0.10365249999999998, "angle": 5.026548245743669}]