[{"songs": ["Sweetsmoke", "Welcome (Intro)", "We Become One", "Le Voyage de P\u00e9n\u00e9lope", "Retaliation Suite", "Jazz Cafe", "Burned old oak tree", "Tiny Kangaroo Dolphin (from Hell)", "Stare", "EARTH", "Alice Springs", "Even Balance", "One Sure Curative", "Travel Inside", "Be Free"], "artists": ["Mr. Scruff", "Ralph Myerz", "Junkie XL", "Air", "Thievery Corporation", "Alex S", "Chokai", "Funki Porcini", "qpe", "Darkel", "Thomas Fehlmann", "UNKLE", "Slackbaba", "The Starseeds", "The Starseeds"], "centerDistance": 0.1800150666666667, "angle": 0.0}, {"songs": ["There's A Sea In Your Body", "Behind Closed Doors (Edit)", "Fisticuffs At Dawn", "Sea Mammal", "Theme Dream", "Jello Dart", "Hey Blondie", "Easy Does It", "Unspoken", "Figment", "Relic", "Tea Leaf Dancers", "Funny Break (One Is Enough) Layo And Bushwacka! Down Remix Edit", "My Kingdom (2006 Edit)", "Pavo Real Plucked", "Harmony One", "The Dead Bears", "Rosa", "Fragment Eleven - The Day After Yesterday II", "Fragment Eleven - The Day After Yesterday III"], "artists": ["Kelpe", "Little People", "Little People", "Mr. Scruff", "William Orbit", "Mocean Worker", "Amon Tobin", "Lackluster", "Four Tet", "Lusine", "Beats Antique", "Flying Lotus", "Orbital", "The Future Sound of London", "Savath & Savalas", "Four Tet", "Newworldaquarium", "Tosca", "Kenneth Bager", "Kenneth Bager"], "centerDistance": 0.16894155000000002, "angle": 1.2566370614359172}, {"songs": ["Maniac Melody", "Sniffer Dog"], "artists": ["Howie B", "Howie B"], "centerDistance": 0.1887775, "angle": 2.5132741228718345}, {"songs": ["What's Your Version?"], "artists": ["Groove Armada"], "centerDistance": 0.16236300000000004, "angle": 3.7699111843077517}, {"songs": ["Strange Hours (2010 Digital Remaster)"], "artists": ["Recoil"], "centerDistance": 0.13499000000000005, "angle": 5.026548245743669}]