[{"songs": ["Money Up (Explicit Album Version)", "Money Man (Explicit Album Version)", "Yung Nigga - Interlude [Feat. A.D. \"Griff\" Griffin] [Explicit Album Version]", "Bricks 4 The High (Screwed & Chopped)", "Hustle", "Roun' The Globe (Amended)", "Pimpin' Interlude (Explcit Album Version)", "Bl*w J*b Interlude (Explicit Album Version)", "Still Makin' Moves (Feat. Master P)", "Let's Go", "I'm A Rhino", "La pilule", "Get Yern", "Ain't Life Grand (Edited Version) (feat. Scar)", "Dude (skit)", "B.o.B Speaks", "Time Machine (feat. Chamillionaire)", "White Gutz", "This Can't Be Love", "Grandma (Screwed & Chopped Version)"], "artists": ["Gorilla Zoe", "Gorilla Zoe", "Yung Joc", "Dem Franchize Boyz", "YoungBloodZ", "Nappy Roots", "8Ball & MJG", "8Ball & MJG", "C-Murder", "Shawnna", "Jibbs", "Diomay", "Da Muzicianz", "Bubba Sparxxx", "Shawnna", "B.o.B", "Big K.R.I.T.", "Dungeon Family", "Mike Jones", "Mike Jones"], "centerDistance": 0.16218249999999998, "angle": 0.0}, {"songs": ["Hustlenomics (Amended Album Version)"], "artists": ["Yung Joc"], "centerDistance": 0.15734199999999998, "angle": 1.2566370614359172}, {"songs": ["Chain Hang Low", "Pop, Lock & Drop It", "Stanky Legg", "Walk It Out"], "artists": ["Jibbs", "Huey", "GS Boyz", "Unk"], "centerDistance": 0.19477325, "angle": 2.5132741228718345}, {"songs": ["Sample Dat Ass"], "artists": ["Chingy Featuring Murphy Lee"], "centerDistance": 0.25051100000000004, "angle": 3.7699111843077517}, {"songs": ["Get To Poppin'", "Touch That Ass"], "artists": ["Rich Boy", "Rich Boy"], "centerDistance": 0.233896, "angle": 5.026548245743669}]