[{"songs": ["La Malague\u00f1a", "El Asesino del Aire", "Sigamos Pecando", "Ramona", "Asi Es La Vida", "En el camino", "Me Cai de la Nube", "Eso Nomas", "Apolonia la Bonita", "Las gaviotas", "Entre suspiro y suspiro", "Nueve Viento", "La Martiniana", "Presentacion", "24 Horas", "Paloma negra", "Con un Beso Peque\u00f1isimo", "A\u00f1icos", "El Pu\u00f1al y El Coraz\u00f3n", "Me Llevaras En Ti"], "artists": ["David Zaizar", "Los Intocables del Norte", "Los Tres Diamantes", "Los Rurales De Gilberto Parra", "Los Rurales De Gilberto Parra", "Mexicanto", "Los Tremendos Gavilanes", "Jos\u00e9 Jos\u00e9", "Chava Flores", "Antonio Bribiesca", "Antonio Bribiesca", "Lila Downs", "Lila Downs", "Chava Flores", "Caf\u00e9 Tacuba", "Chavela Vargas", "Angelica Maria", "Daniela Romo", "Caf\u00e9 Tacuba", "Alejandro Fern\u00e1ndez"], "centerDistance": 0.3657911, "angle": 0.0}, {"songs": ["Los Sue\u00f1os y Malos (Bonus Track)", "El Cascabel - Huye Animalito"], "artists": ["Los Cojolites", "Los Cojolites"], "centerDistance": 0.41741799999999996, "angle": 1.2566370614359172}, {"songs": ["Mira La Chica", "La Tounga"], "artists": ["Gipsy Kings", "Gipsy Kings"], "centerDistance": 0.421659, "angle": 2.5132741228718345}, {"songs": ["Mejor Me Voy (Versi\u00f3n Ac\u00fastica)", "Yo No (Versi\u00f3n Ac\u00fastica)"], "artists": ["Ely Guerra", "Ely Guerra"], "centerDistance": 0.24841000000000002, "angle": 3.7699111843077517}, {"songs": ["La Puerta"], "artists": ["Los Montejo"], "centerDistance": 0.0, "angle": 5.026548245743669}]