[{"songs": ["The Danish Girl", "She Says", "Welcome to Our Big Rock Show", "Coming Toward (Illuminate Album)", "A New Beginning", "My Last Amen", "A Friend In The World", "Like A Racecar", "Hungry", "Not Finished", "Colors In Array", "Waiting For You", "The Day Before You", "I'm Not Letting Go", "I See Stars", "Endure", "Kingdom Come (LP Version)", "Let Go (Pray For Rain Album Version)", "Placement", "Free Me"], "artists": ["Steve Taylor", "Steve Taylor", "All Star United", "David Crowder Band", "Smalltown Poets", "Downhere", "Matthew West", "Hawk Nelson", "Kutless", "Vota", "Future Of Forestry", "Chris Sligh", "Matthew West", "The Violet Burning", "The Violet Burning", "Plumb", "PFR", "PFR", "PlankEye", "PlankEye"], "centerDistance": 0.1620232, "angle": 0.0}, {"songs": ["Bring Me To My Knees", "Heal My Heart"], "artists": ["Three Crosses", "Three Crosses"], "centerDistance": 0.215003, "angle": 1.2566370614359172}, {"songs": ["Sunlight & Shadows", "Now"], "artists": ["Poor Old Lu", "Poor Old Lu"], "centerDistance": 0.1498565, "angle": 2.5132741228718345}, {"songs": ["Come Around", "The Great Love Story"], "artists": ["Jimmy Needham", "Jimmy Needham"], "centerDistance": 0.17984899999999998, "angle": 3.7699111843077517}, {"songs": ["Look To The Hills", "For The Life Of Me"], "artists": ["Ever Stays Red", "This Beautiful Republic"], "centerDistance": 0.27917749999999997, "angle": 5.026548245743669}]