[{"songs": ["Que Sera", "Pressure Content", "Man vs. Ape"], "artists": ["Earthworms", "Mood Ruff", "Eyedea & Abilities"], "centerDistance": 0.317342, "angle": 0.0}, {"songs": ["Rozryt\u00e1", "Uptown", "I've Been Thinking featuring Cat Power (Album Version)", "Bomb The World / (Armageddon Mix)", "Dune Methane", "Bore Me", "The Man", "Satisfaction", "Wayfarin' Stranger", "Bump (Radio Mix)", "Lieder gegen Schmerz", "Druidry", "Piovono Angeli", "Mosquito (aka Hobo Scratch)", "Triple Stage Darkness", "Early to Rise", "We Scrape, We Scoot", "Being Broke (Fantasy Remix)", "Kingspitter", "We Kno"], "artists": ["Budo\u00e1r star\u00e9 d\u00e1my", "qpe", "Handsome Boy Modeling School", "Michael Franti", "HIEROGLYPHICS", "Kinnie Starr", "Attica Blues", "Eve", "Spearhead", "Fun Lovin' Criminals", "Sabrina Setlur", "Gruf the Druid", "La Pina", "West Street Mob", "3rd Bass", "Nice & Smooth", "Big Rich", "Hip-Hop Wieners", "Bigg Jus", "Polyrhythm Addicts"], "centerDistance": 0.28248515, "angle": 1.2566370614359172}, {"songs": ["Let Me Bang 2009", "You Ain't Really Down"], "artists": ["Kid Sister", "Kid Sister"], "centerDistance": 0.16565650000000004, "angle": 2.5132741228718345}, {"songs": ["Back Then", "Appreciatin'", "Selfish (I Want U 2 Myself)"], "artists": ["Ms. Dynamite", "Outlandish", "Fantasia featuring Missy Elliot"], "centerDistance": 0.3173536666666667, "angle": 3.7699111843077517}, {"songs": ["Intro", "Flashbacks"], "artists": ["MC Breed", "MC Breed"], "centerDistance": 0.3173425, "angle": 5.026548245743669}]