[{"songs": ["Laisse Le Poisson Agir", "Nuit De Stress", "Si je les avais \u00e9cout\u00e9s", "Afrika", "93 Deboule", "Le mot d'Ordre (Feat.Endo,Remo Williamz)", "Les larmes du soleil", "Avec Juste Un Mic", "Nous le sommes tous", "La grande crasse", "Comme on d\u00e9barque", "Trop Puissant", "Freestyle 35 (feat. Les Sp\u00e9cialistes)", "A la page r\u00e9volutionnaire", "Orange M.", "\u00e7a fait du bien d'le dire", "Insolence Millenium", "Pose Ton Gun", "Pitbull", "Il Est Fou Ce Monde"], "artists": ["La Rumeur", "Oxmo Puccino", "Fonky Family", "La Fouine", "JoeyStarr", "Smoker", "Alpha 5.20", "113", "Al Peco", "Al Peco", "Fonky Family", "113", "Scred Connexion", "Scred Connexion", "KDD", "Flynt", "Despo Rutti", "Supr\u00eame NTM", "Booba", "Le Rat Luciano"], "centerDistance": 0.04548575, "angle": 0.0}, {"songs": ["Faut arr\u00eater de pleurer, petit fr\u00e8re"], "artists": ["Unit\u00e9 2 Feu"], "centerDistance": 0.16227999999999998, "angle": 1.2566370614359172}, {"songs": ["Freestyle 43"], "artists": ["Chiens de Paille"], "centerDistance": 0.02087300000000003, "angle": 2.5132741228718345}, {"songs": ["L'arme pour changer (feat. Ibrah)"], "artists": ["Medine"], "centerDistance": 0.126386, "angle": 3.7699111843077517}, {"songs": ["Les Miens", "Oncle Shu"], "artists": ["Shurik'N", "Shurik'N"], "centerDistance": 0.023884499999999975, "angle": 5.026548245743669}]