[{"songs": ["Just A Friend", "Pop Goes The Weasel", "Style (Peter Gunn Theme) (Extended Remixed Version))", "It's On (LP Version)", "Sleepin' On Jersey (Featuring Queen Latifah) (LP Version)", "One-Two-Five (Main Street Harlem U.S.A.)", "The New Style", "Three MC's and One DJ", "Party Started", "I Use To Think I Was Run", "Go See The Doctor", "Take A Tour", "Break It Down (Featuring India and G. Sallah) (Explicit LP Version)", "Scenario", "Way Out (LP Version)", "Now Really (LP Version)", "The Best", "Talkin' All That Jazz (Dominoes Instrumental Remix)", "Jail House Rap", "FAT BOYS (DISCO 3)"], "artists": ["Biz Markie", "3rd Bass", "Grandmaster Flash", "Naughty By Nature", "Naughty By Nature", "Kurtis Blow", "Beastie Boys", "Beastie Boys", "Ultramagnetic MC's", "Rev Run", "Kool Moe Dee", "Rev Run", "MC Lyte", "A Tribe Called Quest", "J.J. Fad", "J.J. Fad", "Kool Moe Dee", "Stetsasonic", "Fat Boys", "Fat Boys"], "centerDistance": 0.06042225000000001, "angle": 0.0}, {"songs": ["Vice (From Miami Vice)", "Dreams"], "artists": ["Grandmaster Flash & Melle Mel", "Mr. Magic"], "centerDistance": 0.13131149999999997, "angle": 1.2566370614359172}, {"songs": ["Say What - Say What"], "artists": ["Capital Tax"], "centerDistance": 0.097665, "angle": 2.5132741228718345}, {"songs": ["Slave", "Son Get Wrec"], "artists": ["Black Moon", "Black Moon"], "centerDistance": 0.1959285, "angle": 3.7699111843077517}, {"songs": ["Wonder (Clean)"], "artists": ["Black Sheep"], "centerDistance": 0.16691, "angle": 5.026548245743669}]