[{"songs": ["I'll Come Home", "Love"], "artists": ["Billie Davis", "Billie Davis"], "centerDistance": 0.3300015, "angle": 0.0}, {"songs": ["Little Miss Lonely", "I Found Love With You", "In The Cool, Cool, Cool Of The Evening", "Lord, If You're A Woman", "Ronnie, Call Me When You Get a Chance", "It's Getting Better", "It's My Party (Album Version)", "See That Boy (aka See That Girl) (Album Version)", "Save Me", "Gonna Get Along Without Ya' Now", "Heebie Jeebies", "A Time To Dream (Previously Unreleased Demo)", "Thank You (Previously Unreleased Demo)", "Keep Your Hands Off Of Him", "Silver Dollar", "Like A Rolling Stone", "I Met Him on a Sunday", "Brighton Hill", "Thank You For Calling", "El Condor Pasa"], "artists": ["Helen Shapiro", "Dusty Springfield", "Bette Midler", "Darlene Love", "Shelley Fabares", "Mama Cass", "The Paris Sisters", "The Paris Sisters", "Merrilee Rush", "Skeeter Davis", "The Puppini Sisters", "Marcie Blane", "Marcie Blane", "Damita Jo", "Damita Jo", "Cher", "The Shirelles", "Jackie DeShannon", "Timi Yuro", "Billy Vaughn"], "centerDistance": 0.37790075000000006, "angle": 1.2566370614359172}, {"songs": ["Free Again"], "artists": ["Martha and The Vandellas"], "centerDistance": 0.49280900000000005, "angle": 2.5132741228718345}, {"songs": ["Leader Of The Pack (Remix)", "Give him a great big kiss (remix)"], "artists": ["The Shangri-Las", "The Shangri-Las"], "centerDistance": 0.4583315, "angle": 3.7699111843077517}, {"songs": ["The Look Of Love", "I'll Never Fall In Love Again"], "artists": ["Dusty Springfield", "Bobbie Gentry"], "centerDistance": 0.2982055, "angle": 5.026548245743669}]