[{"songs": ["Biscuits 'n' Molasses", "Argue, Fuss 'n' Fight", "Jockey Blues", "Back Door Stranger", "Off The Wall", "Drop Down Mama", "Sittin' On Top Of The World", "Love Makin' Mama # 2", "Diddle-Da-Diddle", "Dorina y Abel", "Three Woman Blues", "Decatur Street 81", "Every Day in the Week Blues", "Ain't Nobody Home But Me", "Someday Baby Blues", "Going Down to the River", "I Walked All Night Long", "Skoodle Um Skoo", "Shake That Thing", "Twistin' Your Stuff"], "artists": ["Big George Jackson", "Big George Jackson", "Jazz Gillum", "Brownie McGhee", "Little Walter", "Sleepy John Estes", "Sonny Terry & Brownie McGhee", "Blind Willie McTell", "Barbecue Bob", "Real de Catorce", "Blind Willie McTell", "The Georgia Browns", "Pink Anderson", "Pink Anderson", "Sleepy John Estes", "Mississippi Fred McDowell & Johnny Woods", "Mississippi Fred McDowell & Johnny Woods", "Papa Charlie Jackson", "Papa Charlie Jackson", "Barbecue Bob"], "centerDistance": 0.35764875000000007, "angle": 0.0}, {"songs": ["What's The Matter With You"], "artists": ["Walter Horton"], "centerDistance": 0.0, "angle": 1.2566370614359172}, {"songs": ["I Just Keep Loving Her", "My Babe"], "artists": ["Kenny Neal & Billy Branch", "Kenny Neal & Billy Branch"], "centerDistance": 0.393826, "angle": 2.5132741228718345}, {"songs": ["Good Gal"], "artists": ["Charlie Spand"], "centerDistance": 0.43978700000000004, "angle": 3.7699111843077517}, {"songs": ["Back To The Woods Blues"], "artists": ["Charlie Spand"], "centerDistance": 0.43978700000000004, "angle": 5.026548245743669}]