[{"songs": ["He Touched Me", "Jesus, Lover of My Soul", "Rise Up Sheperd And Follow", "If That Isn't Love", "Be Grateful", "Nightmare #71", "God don't like it", "Real Life", "Lead Me On (Acoustic)", "Jesus I Love You", "Friend Of A Wounded Heart (LP Version)", "In My Home Over There", "The Ballad Of Cain And Abel", "And Noah Found Grace", "Dirt", "The Voice of God", "God Didn't Give Up", "The Way You Love Me", "Fast Freight (LP Version)", "Long Way Home"], "artists": ["The Bill Gaither Trio", "Edwin Hawkins Singers", "Odetta", "Dottie Rambo", "Walter Hawkins", "Larry Norman", "Bishop Perry Tillis", "Silers Bald", "Amy Grant", "Scott Wesley Brown", "Wayne Watson", "Mahalia Jackson", "Don Francisco", "Don Francisco", "Mary Mary", "4HIM", "Deitrick Haddon", "Anthony Evans", "Tim Hardin", "Ginny Owens"], "centerDistance": 0.3640599500000001, "angle": 0.0}, {"songs": ["It's Not Over (LP Version)", "God Is Able"], "artists": ["Karen Clark Sheard", "Smokie Norful"], "centerDistance": 0.4347755, "angle": 1.2566370614359172}, {"songs": ["Silver Lining", "The Lord Is A Busy Man"], "artists": ["The Lewis Family", "The Lewis Family"], "centerDistance": 0.446974, "angle": 2.5132741228718345}, {"songs": ["Pray To God", "Thrown Away", "North"], "artists": ["Dogs Of Peace", "Dogs Of Peace", "John Dickson"], "centerDistance": 0.4201243333333333, "angle": 3.7699111843077517}, {"songs": ["Every Time", "His Strength Is Perfect"], "artists": ["CeCe Winans", "CeCe Winans"], "centerDistance": 0.3927965, "angle": 5.026548245743669}]