[{"songs": ["Goodbye Mr. Love - Original", "Rockin' Little Angel", "Start Movin'"], "artists": ["Warren Smith", "Ray Smith", "Sal Mineo"], "centerDistance": 0.23964833333333332, "angle": 0.0}, {"songs": ["Alright Okay You Win"], "artists": ["The Marcels"], "centerDistance": 0.17429700000000004, "angle": 1.2566370614359172}, {"songs": ["Honey! Honey!"], "artists": ["Charlie Gracie"], "centerDistance": 0.054397999999999946, "angle": 2.5132741228718345}, {"songs": ["Hip Shakin' Baby", "We're Goin' Rockin' Tonight"], "artists": ["Roy Brown", "Roy Brown"], "centerDistance": 0.11808400000000002, "angle": 3.7699111843077517}, {"songs": ["Okefenokee", "Back To Memphis", "All Shook Up", "I'm Ready", "Mr. Tenor Man", "Fanny Mae", "Be Bop A Lula", "Good Love", "Blue Ribbon Baby", "Common Man", "Come Back Baby", "Sweet Suzie", "Rockabilly Daddy", "Dimples", "Yes Tonight Josephine", "Help You Dream", "Why", "Believe What You Say", "Queen Of The Hop", "C'mon Everybody"], "artists": ["Freddy Cannon", "Chuck Berry", "Elvis Presley", "Fats Domino", "Lou Christie", "Joey Dee & The Starliters", "Gene Vincent", "Janis Martin", "Tommy Sands", "The Blasters", "Buddy Holly", "Johnny Burnette", "Alvis Wayne", "The Spencer Davis Group", "Johnnie Ray", "The Blasters", "Lloyd Price", "Ricky Nelson", "Bobby Darin", "Stray Cats"], "centerDistance": 0.10324549999999999, "angle": 5.026548245743669}]