[{"songs": ["Someday Forever", "Skinhead BBQ", "Bankshot", "40 Winks", "Bad Town", "Hands Tied", "Here In Your Bedroom", "New Nail Bed", "Cousin Cleotis", "My Girlfriend's On Drugs", "What Goes Around Comes Around", "Positivity", "Sexo y Religi\u00f3n", "Temporary Trip", "Quick", "Rock Daddy Rock (demo)", "November Rain", "Royale Fuck Deluxe", "That's Just The Way It Is Now", "Food for Soul"], "artists": ["The Berlin Project", "Dance Hall Crashers", "Operation Ivy", "Howards Alias", "Operation Ivy", "The Suicide Machines", "Goldfinger", "Big D and the Kids Table", "Capdown", "Big D and the Kids Table", "Catch 22", "Capdown", "Ska-P", "The Mighty Mighty Bosstones", "MU330", "Jesse James", "The Arrogant Sons of Bitches", "The Arrogant Sons of Bitches", "Rancid", "Bim Skala Bim"], "centerDistance": 0.049447950000000004, "angle": 0.0}, {"songs": ["Thank You"], "artists": ["The Berlin Project"], "centerDistance": 0.0, "angle": 1.2566370614359172}, {"songs": ["Mistake", "Worst Day"], "artists": ["The Forces of Evil", "The Forces of Evil"], "centerDistance": 0.16186850000000003, "angle": 2.5132741228718345}, {"songs": ["Look What Happened"], "artists": ["Less Than Jake"], "centerDistance": 0.007923000000000013, "angle": 3.7699111843077517}, {"songs": ["Valerie (Live)"], "artists": ["Reel Big Fish"], "centerDistance": 0.01615500000000003, "angle": 5.026548245743669}]