[{"songs": ["Get Money", "I Get Money", "You Ain't Gotta Lie To Kick It", "Talk About Me", "Keepin It Gangsta (Early Fade Amended Remix)  ( Bonus Track)", "Pimp Like Me", "Brooklyn's Finest", "What's Up?", "Here We Go", "Dogghouse Ridaz", "Conceited (There's Something About Remy)", "Words From Mr. Len Part Two", "On & On", "The Revolution", "Intro (Call From The Doctor)", "Intro"], "artists": ["Junior M.A.F.I.A.", "50 Cent", "Silkk the Shocker", "50 Cent", "Fabolous", "D12", "JAY-Z", "Clipse", "Dirtbag", "Bad Azz", "Remy Ma", "Jedi Mind Tricks", "MIMS", "Outerspace", "Darc Mind", "Cali Agents"], "centerDistance": 0.1917468125, "angle": 0.0}, {"songs": ["Intro (Sticky Fingaz/Black Trash)", "Tormented", "That's Coke (Original Mix)", "Rap Is Still Outta Control", "Gimme The Loot", "Intro (B.A.R.S. vs. Da Hustla)", "Bad Bitch (Amended Version)", "I Don't Do Much", "Re-Up Intro", "Notorious Kim", "Real Niggas (Featuring The Notorious B.I.G. & Lil' Kim)", "Reign Of Terror", "Oh Baby", "The Heist", "Do It", "Real Niggaz Don't Die", "Here We Come", "In This Life... (Edited) (Feat. Snoop Dogg & Uncle Reo)", "Rock Stars (Feat. Chapter 13)", "Tattle Teller"], "artists": ["Sticky Fingaz", "Tech N9ne", "La Coka Nostra", "EPMD", "The Notorious B.I.G.", "Cassidy", "Fabolous", "Beanie Sigel", "Clipse", "Lil' Kim", "Puff Daddy", "Riviera Regime", "Memphis Bleek", "Big L", "Q-Tip", "N.W.A", "Mr. Cheeks", "Gang Starr", "CunninLynguists", "Tony Yayo"], "centerDistance": 0.17575269999999998, "angle": 1.2566370614359172}, {"songs": ["Fucked Up", "No Mo Soopaman Luva (Skit)"], "artists": ["KRS-One", "Redman"], "centerDistance": 0.21817800000000004, "angle": 2.5132741228718345}, {"songs": ["Maria"], "artists": ["Wu-Tang Clan"], "centerDistance": 0.18184599999999995, "angle": 3.7699111843077517}, {"songs": ["Chosen One: Papi N.O.R.E. (Edited)"], "artists": ["N.O.R.E"], "centerDistance": 0.2257, "angle": 5.026548245743669}]