[{"songs": ["Electra 225", "Rooster Blues", "Every Day I Have The Blues", "A Sleepin' Bee", "Wonder", "Hold 'em Hootie", "River Was Green", "Ma He's Making Eyes At Me", "Pace of the Race", "Organ Man", "Deja Vu (Uptown Baby)", "Dead End Kid", "Chantilly Rock"], "artists": ["Mark Lemhouse", "Lightning Slim", "Count Basie and Joe Williams", "Nancy Wilson/Cannonball Adderley", "I Marc 4", "Jay McShann", "David Jacobs-Strain", "Johnny Otis", "AllRise", "Clapan", "Lord Tariq", "The Sharpshooters", "68 Comeback"], "centerDistance": 0.32333584615384614, "angle": 0.0}, {"songs": ["Macro", "Get Some Sleep"], "artists": ["Junior Varsity KM", "Junior Varsity KM"], "centerDistance": 0.2481695, "angle": 1.2566370614359172}, {"songs": ["Tired Of Crying Over You"], "artists": ["Morris Pejoe"], "centerDistance": 0.436766, "angle": 2.5132741228718345}, {"songs": ["Hub-Tones", "C'est Si Triste", "Pinto Pony", "Vesna Velovic", "Mercury Blues", "Mercy, Mercy, Mercy (Live)", "Fine And Mellow", "Beb\u00ea", "Truckin' Thru Traffic", "What Is This Thing Called Love?", "Good-Bye Now", "Bluff City Ruckus", "Crazy Times Ahead", "Indochine Kru (Come and See)"], "artists": ["Ray Vega", "Ann Savoy", "The Candy Snatchers", "The Blondes", "K.C. Douglas", "Cannonball Adderley", "Alberta Hunter", "Eumir Deodato", "Peetie Wheatstraw", "Les Paul", "Brownie McGhee", "Porch Ghouls", "Psychotic Turnbuckles", "I Live the Life of a Movie Star Secret Hideout"], "centerDistance": 0.3653322142857142, "angle": 3.7699111843077517}, {"songs": ["All That Wine Is Gone"], "artists": ["Big Jay McNeely"], "centerDistance": 0.23546500000000004, "angle": 5.026548245743669}]