[{"songs": ["So Sweet", "Praying Women (Gods Leading Ladies Album Version)", "Never Felt Like This Before K.O! Remix (Commercial)", "House Is Not A Home - The Remixes (Moran/Rigg Anthem Club)", "Come Over Interlude (Album Version)", "What's Not Being Said", "You Light Up My Life", "I'll Live For You", "Dreamland (LP Version)", "Go Light Your World", "A Little Sunshine", "Chaperone", "Rain (Album Version)", "Healing Rain", "Ride", "Nothing To Lose", "What Shall I Render", "You Move Me (A Distant Call Album Verison)", "10 Minute High", "Wrote This Song"], "artists": ["Kelly Price", "The Winans", "Shaznay Lewis", "Deborah Cox", "Danity Kane", "Heather Headley", "Bianca Ryan", "CeCe Winans", "Cindy Morgan", "Kathy Troccoli", "Sunshine Anderson", "Lisa Bevill", "Leela James", "Sheila Walsh", "Truth Hurts", "Des'ree", "Vanessa Bell Armstrong", "Susan Ashton", "Groove Theory", "Lori Perry"], "centerDistance": 0.26826885, "angle": 0.0}, {"songs": ["Army Of One", "Into The Blue"], "artists": ["Cass Fox", "Cass Fox"], "centerDistance": 0.331273, "angle": 1.2566370614359172}, {"songs": ["Know When to Hold Em", "God Is Watching (Album Version)", "Someone Watching Over You (Album Version)", "Can I Stay With You (Album Version)", "Everything (original R&B version)", "Glory Be", "Unoriginal Sin", "Glue", "The Old Fashioned Way", "Esa Chica De Ayer"], "artists": ["Bloodlined Calligraphy", "Paula Cole", "Yolanda Adams", "Karyn White", "Stephanie Cooke", "Cheri Keaggy", "Holly Beth Vincent", "Jen Gloeckner", "Rosey", "Merche"], "centerDistance": 0.2830007, "angle": 2.5132741228718345}, {"songs": ["Here's To Believe", "Here"], "artists": ["Aslyn", "Aslyn"], "centerDistance": 0.3312715, "angle": 3.7699111843077517}, {"songs": ["The Verdant Braes Of Skreen", "Fil, Fil A Run \u00d3"], "artists": ["Cara Dillon", "Cara Dillon"], "centerDistance": 0.33127049999999997, "angle": 5.026548245743669}]