[{"songs": ["Life Coach (feat. Gino Green)", "U R The One", "The Brouhaha", "Happy Birthday", "Yellow Brick Road", "Meltdown (Amended Album Version)", "Intro Interview", "X-Change", "Splurge", "Where'd You Go (Featuring Holly Brook & Jonah Matranga) (Album Version)", "B And W (Clean)", "Can I Get a Witness", "Paul, With Da 45", "Whistle On It", "Fly In", "Ms. Parker", "That's It That's All", "Crazy Girls Interlude", "We Want Weezy (intro)", "Jesse (Album Version)"], "artists": ["J-Kwon", "D12", "Beastie Boys", "Flipsyde", "Eminem", "Missy Elliott", "Kris Kross", "Snoop Dogg", "Nelly", "Fort Minor", "Master P", "Run-D.M.C.", "Three 6 Mafia", "Khia", "Lil' Wayne", "Young Money", "Beastie Boys", "Lil Bow Wow", "Lil Bow Wow", "Grandmaster Flash & Melle Mel"], "centerDistance": 0.038718499999999996, "angle": 0.0}, {"songs": ["Vice (From Miami Vice)"], "artists": ["Grandmaster Flash & Melle Mel"], "centerDistance": 0.060629000000000044, "angle": 1.2566370614359172}, {"songs": ["Introduction (Hot Boyz/Let Em Burn)"], "artists": ["Hot Boy$"], "centerDistance": 0.09590900000000002, "angle": 2.5132741228718345}, {"songs": ["Sample Dat Ass"], "artists": ["Chingy Featuring Murphy Lee"], "centerDistance": 0.09775800000000001, "angle": 3.7699111843077517}, {"songs": ["She's My", "I Ain't Playing"], "artists": ["Bow Wow", "Bow Wow"], "centerDistance": 0.062012500000000026, "angle": 5.026548245743669}]