[{"songs": ["Stars Fell On Alabama", "Just Enough", "Salt Song", "God Bless The Child", "Space Flight", "New Day New Way", "Night On The Town", "Joy Ride (Edit)", "Mary Ann (2000 Digital Remaster) (The Rudy Van Gelder Edition)", "Sweetville (2000 Digital Remaster) (The Rudy Van Gelder Edition)", "The Man I Love (2004 Digital Remaster) (Rudy Van Gelder Edition)", "I Want You", "A Bientot", "In My Father's Eyes", "This Can't Be Love", "Out Of Nowhere", "Hoe Down", "You Don't Know What Love Is", "This Here", "Blott En Dag (Album Version)"], "artists": ["Cannonball Adderley", "Grover Washington Jr.", "Stanley Turrentine", "Sonny Rollins", "Hank Mobley", "Walter Beasley", "Eric Darius", "Eric Darius", "George Braith", "George Braith", "Ike Quebec", "Gato Barbieri", "Oliver Nelson", "Everette Harp", "Sonny Criss", "Sonny Criss", "Oliver Nelson", "John Coltrane Quartet", "Cannonball Adderley Sextet", "Kirk Whalum"], "centerDistance": 0.11930624999999997, "angle": 0.0}, {"songs": ["Good Bait"], "artists": ["Hank Crawford"], "centerDistance": 0.0, "angle": 1.2566370614359172}, {"songs": ["Stompin' At The Savoy", "Diane's Dilemma"], "artists": ["Art Pepper", "Art Pepper"], "centerDistance": 0.0315955, "angle": 2.5132741228718345}, {"songs": ["Right On", "Home"], "artists": ["Mindi Abair", "Mindi Abair"], "centerDistance": 0.10971900000000001, "angle": 3.7699111843077517}, {"songs": ["Grab The World"], "artists": ["Hank Crawford"], "centerDistance": 0.0, "angle": 5.026548245743669}]