[{"songs": ["Good Life", "Tell Me Now", "People Make The World Go Round"], "artists": ["Cocoa Tea", "Marcia Griffiths", "Ruddy Thomas"], "centerDistance": 0.13282000000000002, "angle": 0.0}, {"songs": ["Am I Losing You", "Chatty Chatty Mouth", "Good Thing Going", "Feel The Power", "Same Way", "Turn Me On", "Send A Moses", "Love So Nice", "Warriors Don't Cry", "Chopper", "I Don't Like Reggae", "Do You Remember", "Try If You Want", "Curly Locks", "Do You Know", "Rise In Love", "Need Your Love", "The Half", "Breaking Up", "Something Strong"], "artists": ["Mikey Spice", "Sugar Minott", "Sugar Minott", "Cocoa Tea", "Jah Cure", "Johnny Osbourne", "Barrington Levy", "Junior Kelly", "Beres Hammond", "Johnny Osbourne", "Macka B", "Eek-A-Mouse", "Beres Hammond", "Yami Bolo", "Mr. Vegas", "Alaine", "Ras Shiloh", "Dennis Brown", "Glen Washington", "Tarrus Riley"], "centerDistance": 0.06334095, "angle": 1.2566370614359172}, {"songs": ["Outro"], "artists": ["Lloyd Brown"], "centerDistance": 0.19754899999999997, "angle": 2.5132741228718345}, {"songs": ["Hold The Faith", "Everyday"], "artists": ["Warrior King", "Warrior King"], "centerDistance": 0.11790100000000003, "angle": 3.7699111843077517}, {"songs": ["Welcome the Grey", "Amazing Love", "Sleeping Chariots"], "artists": ["Macka B", "Michael Prophet", "Augustus Pablo"], "centerDistance": 0.16284033333333334, "angle": 5.026548245743669}]