[{"songs": ["It's A Grand Night For Singing", "I've Got My Love To Keep Me Warm"], "artists": ["Dick Haymes", "Kay Starr"], "centerDistance": 0.264833, "angle": 0.0}, {"songs": ["Puttin' On The Ritz", "Blue Skies", "It's Sad But True", "Yaller", "Just The Two Of Us", "It Don't Mean A Thing (If It Ain't Got That Swing)", "The Road To Morocco", "Jeepers Creepers", "Blues in the Night", "(You'll Have To Swing It) Mr. Paganini", "Let\u2019s Go Around Together", "Jelly, Jelly", "Lonely Love", "Bell Bottom Trousers", "Let There Be Love", "Criswell Predicts", "Harlem Nocturne", "Ornithology", "A Man Is Like A Tree", "Hamp's Boogie Woogie"], "artists": ["Fred Astaire", "Frank Sinatra", "Una Mae Carlisle", "Cab Calloway", "Jack Jones", "Tony Bennett", "Bing Crosby", "Louis Armstrong", "Woody Herman", "Ella Fitzgerald", "Bob Crosby and the Bobcats", "Billy Eckstine", "Andy Williams", "Guy Lombardo", "June Christy", "Mae West", "Johnny Otis", "Babs Gonzales", "Albert Ayler", "Lionel Hampton"], "centerDistance": 0.25120515, "angle": 1.2566370614359172}, {"songs": ["That Teasin' Rag/Toddling The Todalo", "She's A Lady (with Perry Como)"], "artists": ["Betty Hutton", "Betty Hutton"], "centerDistance": 0.23187750000000001, "angle": 2.5132741228718345}, {"songs": ["Ain't Misbehavin'", "Comes Love"], "artists": ["Peter Cincotti", "Peter Cincotti"], "centerDistance": 0.2821725, "angle": 3.7699111843077517}, {"songs": ["Huggin' and Chalkin'", "Ole Buttermilk Sky"], "artists": ["Hoagy Carmichael", "Hoagy Carmichael"], "centerDistance": 0.2714335, "angle": 5.026548245743669}]