[{"songs": ["Digo Yo", "Contigo", "Descarga En Do", "El Mana", "Barranquillera", "No La Descuides", "Beso a beso", "Tu la pagaras", "Fue Candela", "La Lengua Viperina", "Castigala", "Tierra Tradicional", "Aminata", "Bugalu (LP Version)", "Cuando Me Digas Que Si", "Haci\u00e9ndolas", "Bella y Cruel", "Compadre Pedro Juan", "Isla Del Encanto", "Para Que Gocen Todos"], "artists": ["Grupo Niche", "The Latin Brothers", "Sonora Carruseles", "Joe Arroyo", "Joe Arroyo", "Grupo Gale", "Grupo Gale", "Los Titanes", "Los Titanes", "Los Nemus Del Pacifico", "Los Nemus Del Pacifico", "Africando", "Africando", "Charlie Palmieri", "Richie Ray & Bobby Cruz", "Conjunto Clasico", "Eddie Santiago", "Billo's Caracas Boys", "Orquesta Broadway", "Vieja Trova Santiaguera"], "centerDistance": 0.0466744, "angle": 0.0}, {"songs": ["Descarga Fania", "Anacaona"], "artists": ["Fania All-Stars", "Fania All-Stars"], "centerDistance": 0.13334000000000001, "angle": 1.2566370614359172}, {"songs": ["Pesadilla", "Cazador"], "artists": ["Ocho Y Media", "Ocho Y Media"], "centerDistance": 0.1826025, "angle": 2.5132741228718345}, {"songs": ["La Bamba"], "artists": ["Billo's Caracas Boys"], "centerDistance": 0.16086299999999998, "angle": 3.7699111843077517}, {"songs": ["Arrepentios Pecadores", "El Cantante Y La Orquesta", "El guateque de ciprian", "Ahora me da pena"], "artists": ["Willie Rosario", "Angel Canales", "Henry Fiol", "Henry Fiol"], "centerDistance": 0.23521625, "angle": 5.026548245743669}]