[{"songs": ["Redeemed", "Plenty of Room In The Family", "Be Happy", "What Love", "No Fear", "When Sunday Comes  (Bible Stories Album Version)", "He Reigns", "Praise Him", "In The Midst Of It All (Live Version)", "I Believe God (featuring Timiney Figueroa-Caton)", "Don't Let Your Light Go Out", "You Will Survive", "You Can Depend On Me", "Praisin' My Lord/I Feel Good", "Changed", "My Soul Has Been Anchored", "Why", "God Didn't Give Up", "Lord, You're Holy", "Get Ready Church"], "artists": ["Myron Butler & Levi", "The Bill Gaither Trio", "Mary Mary", "Deitrick Haddon", "Daryl Coley", "Daryl Coley", "Byron Cage", "Byron Cage", "Yolanda Adams", "Kurt Carr & The Kurt Carr Singers", "Kurt Carr & The Kurt Carr Singers", "Myron Butler & Levi", "Andra\u00e9 Crouch", "Soul Seekers", "Tramaine Hawkins", "Douglas Miller", "Kirk Franklin with Stevie Wonder", "Deitrick Haddon", "Helen Baylor", "Nelons"], "centerDistance": 0.31459145000000005, "angle": 0.0}, {"songs": ["Calvary", "Lean On You"], "artists": ["Maurette Brown Clark", "Maurette Brown Clark"], "centerDistance": 0.403246, "angle": 1.2566370614359172}, {"songs": ["Afterwhile", "Could've Been"], "artists": ["Kirk Franklin", "Kirk Franklin"], "centerDistance": 0.3516645, "angle": 2.5132741228718345}, {"songs": ["How Do We", "I'm In Love With You"], "artists": ["Bebe Winans", "Bebe Winans"], "centerDistance": 0.40701, "angle": 3.7699111843077517}, {"songs": ["Can't Give Up Now", "We Fall Down", "God Blocked It", "God In Me"], "artists": ["Mary Mary", "Donnie McClurkin", "Kurt Carr", "Mary Mary featuring Kierra 'Kiki' Sheard"], "centerDistance": 0.34340875000000004, "angle": 5.026548245743669}]