[{"songs": ["Weather Forecast", "Are You Still There?"], "artists": ["Un Rodo Cora", "Un Rodo Cora"], "centerDistance": 0.21300799999999998, "angle": 0.0}, {"songs": ["Big Old Wind", "Knocking On Heaven's Door", "This Is A Song (Radio Edit)", "Flame", "Let Me Into Yours", "Gone For A Burton", "I Wonder Who We Are", "Runnin' Out", "The Rest Is Noise", "Effortlessly", "Passchendaele", "We Are The Pipettes", "Ghost", "Sounds", "The Hymn for Berlin", "Free at Last", "Seeing Other People", "Kidnapping An Heiress", "I.C. One Female", "Love Without Lies"], "artists": ["The Jazz Butcher", "The Jazz Butcher", "The Magic Numbers", "Lowgold", "Lowgold", "The Lilac Time", "The Clientele", "The Magic Numbers", "Field Music", "Field Music", "GoodBooks", "The Pipettes", "Bombay Bicycle Club", "Earlimart", "Hefner", "Coparck", "Belle and Sebastian", "Black Box Recorder", "Black Box Recorder", "Comet Gain"], "centerDistance": 0.10073119999999999, "angle": 1.2566370614359172}, {"songs": ["Kettle's On", "Ros\u00e9"], "artists": ["The Feeling", "The Feeling"], "centerDistance": 0.10876750000000002, "angle": 2.5132741228718345}, {"songs": ["Introduction", "Ghost"], "artists": ["Voxtrot", "Voxtrot"], "centerDistance": 0.20367449999999998, "angle": 3.7699111843077517}, {"songs": ["Partie Traumatic", "I Wanna Be Your Limousine"], "artists": ["Black Kids", "Black Kids"], "centerDistance": 0.1598175, "angle": 5.026548245743669}]