[{"songs": ["Irremediable", "Si No Est\u00e1s T\u00fa", "Ma\u00f1ana, Ma\u00f1ana", "Perdoname", "Un Poco Loco"], "artists": ["Yuridia", "Kalimba", "Los \u00c1ngeles", "Shaila", "Sergio Denis"], "centerDistance": 0.3022968, "angle": 0.0}, {"songs": ["Cuando Calienta el Sol", "Te Acuerdas Mar\u00eda", "Del Altar A La Tumba", "No Me Preguntes M\u00e1s", "A Buena Hora", "Sigo Enamorado (Version Balada)", "Siempre En Mi Mente", "Un Nuevo Amor", "Caricias en tu espalda (Version Piano)", "1000 Pedazos", "Dime", "Nada es igual sin ti", "Margarita", "Se que menti", "A Escondidas", "Me Enamor\u00e9 Sin Darme Cuenta", "Somebody Knew", "Soledad (Solidao)", "Luna de Abril", "El Cielo En La Tierra"], "artists": ["Manolo Otero", "Nino Bravo", "Jos\u00e9 Jos\u00e9", "Yuridia", "Sergio Dalma", "Limi-T 21", "Juan Gabriel", "Tranzas", "Despistaos", "Christina Rosenvinge", "Jos\u00e9 Luis Perales", "Jaime Camil", "Wilkins", "Carlos Baute", "Sergio Rivero", "Sergio Denis", "Rhett Akins", "Ana Gabriel", "Mar\u00eda Dolores Pradera", "La Uni\u00f3n"], "centerDistance": 0.29684465, "angle": 1.2566370614359172}, {"songs": ["Fin De Capitulo", "Pegadito"], "artists": ["Tommy Torres", "Tommy Torres"], "centerDistance": 0.402044, "angle": 2.5132741228718345}, {"songs": ["Adonde Vayas", "A TI"], "artists": ["Elefante", "Motel"], "centerDistance": 0.36188149999999997, "angle": 3.7699111843077517}, {"songs": ["El Tiempo De Ti", "No Fue Suficiente"], "artists": ["Playa Limbo", "Paty Cant\u00fa"], "centerDistance": 0.29856249999999995, "angle": 5.026548245743669}]