[{"songs": ["Peaches 2004", "New Town Animal In A Furnished Cage (2001 Digital Remaster)", "Heatwave (2001 Digital Remaster)", "Cold City", "2000 A.D.", "Fall", "Personal Hygiene", "I Know I'll Never Know", "From the Nursery", "The Place I Love", "Trains", "Mars", "Holy War", "Germ Free Adolescents", "Is Vic There?", "Sex & Drugs & Rock & Roll", "Only A Game", "Standards", "Action Time Vision", "Eve of Destruction"], "artists": ["The Stranglers", "XTC", "XTC", "Spizz Energi", "The Rezillos", "The Psychedelic Furs", "Wreckless Eric", "Jilted John", "Wire", "The Jam", "The Vapors", "Television", "The Lords of the New Church", "X-Ray Spex", "Department S", "Ian Dury and the Blockheads", "The Psychedelic Furs", "The Jam", "atv", "Red Rockers"], "centerDistance": 0.07118199999999998, "angle": 0.0}, {"songs": ["Prince Among Men", "Born To Be"], "artists": ["Scritti Politti", "Scritti Politti"], "centerDistance": 0.14857599999999999, "angle": 1.2566370614359172}, {"songs": ["Zerox", "Beat My Guest"], "artists": ["Adam and the Ants", "Adam and the Ants"], "centerDistance": 0.018899500000000014, "angle": 2.5132741228718345}, {"songs": ["Le Petit Tortillard", "Le Pantin"], "artists": ["Plastic Bertrand", "Plastic Bertrand"], "centerDistance": 0.09549999999999997, "angle": 3.7699111843077517}, {"songs": ["I Might Be Lying", "Me And The Boys"], "artists": ["Eddie & The Hot Rods", "The Inmates"], "centerDistance": 0.148629, "angle": 5.026548245743669}]