[{"songs": ["Wonder (Clean)"], "artists": ["Black Sheep"], "centerDistance": 0.13566500000000004, "angle": 0.0}, {"songs": ["Nottz [VOX Only]"], "artists": ["Ultramagnetic MC's"], "centerDistance": 0.0, "angle": 1.2566370614359172}, {"songs": ["Step Into A World (Rapture's Delight)", "Mona Lisa", "Oh My God", "We Are No. 1", "Scenario", "Down With The King", "Car Thief", "Bo! Bo! Bo!", "Passing Me By", "BK Mentality", "Pop Goes The Weasel", "Breathe And Stop", "Talkin' All That Jazz (Dominoes Instrumental Remix)", "Talkin' All That Jazz (Dominoes Vocal Remix)", "I Use To Think I Was Run", "Punks Jump Up To Get Beat Down (Explicit LP Version)", "Ya Mama", "Come And Get Some Of This (LP Version)", "Son Get Wrec", "Skeezer"], "artists": ["KRS-One", "Slick Rick", "A Tribe Called Quest", "Nice & Smooth", "A Tribe Called Quest", "Run-D.M.C.", "Beastie Boys", "Boogie Down Productions", "The Pharcyde", "Big Daddy Kane", "3rd Bass", "Q-Tip", "Stetsasonic", "Stetsasonic", "Rev Run", "Brand Nubian", "The Pharcyde", "House Of Pain", "Black Moon", "Roxanne Shant\u00e9"], "centerDistance": 0.06732104999999998, "angle": 2.5132741228718345}, {"songs": ["At The Party (LP Version)"], "artists": ["Grandmaster Flash and the Furious Five"], "centerDistance": 0.06527099999999997, "angle": 3.7699111843077517}, {"songs": ["La Schmoove", "True Fuschnick"], "artists": ["Fu-Schnickens", "Fu-Schnickens"], "centerDistance": 0.07533200000000001, "angle": 5.026548245743669}]