[{"songs": ["Ai Jiang Wo Men Fen Kai (Love Tear Us Apart)", "Ting Ting", "Whatever", "Suave Manner", "Qing Gui Yu Jin (Piano Version)", "Promises (Interlude)", "Jiang Qing Chu", "Sa Ta Si", "Zhan Hou Yu Sheng", "Er Jian Zhong Qing", "Fly Away", "Rang Ni Ma Ma New Yi Xia", "Stay Right Here", "I Will Be Your Friend", "Forever Love", "Ming Zhi Zuo Xi", "Ni De Wai Xiao", "Mi Die Xiang", "Shi Fen.Ai", "Little Star"], "artists": ["\u76e7\u5de7\u97f3", "\u9673\u5955\u8fc5", "\u694a\u5343\u5b05", "\u694a\u5343\u5b05", "\u9ece\u660e", "\u9ece\u660e", "Ping Pung", "Ping Pung", "\u6881\u6f22\u6587", "\u6881\u6f22\u6587", "F.I.R.", "\u5ebe\u6f84\u6176", "JS", "\u674e\u739f", "\u738b\u529b\u5b8f", "Kary Ng", "F.I.R.", "\u5468\u6770\u502b", "Stephy Tang", "\u738b\u5fc3\u51cc"], "centerDistance": 0.2229289, "angle": 0.0}, {"songs": ["Big City", "Different"], "artists": ["\u5f35\u60e0\u59b9", "\u9676\u5586"], "centerDistance": 0.3867065, "angle": 1.2566370614359172}, {"songs": ["Zi Xin"], "artists": ["\u8449\u84a8\u6587"], "centerDistance": 0.08601800000000004, "angle": 2.5132741228718345}, {"songs": ["Bei Wei Qi De Gong Zhu", "Hong Zu Jia You"], "artists": ["Stephy Tang", "Cookies"], "centerDistance": 0.3368485, "angle": 3.7699111843077517}, {"songs": ["Dong Mian", "Xin Ao Bie Lian"], "artists": ["Fiona Sit", "Kary Ng"], "centerDistance": 0.28519300000000003, "angle": 5.026548245743669}]