[{"songs": ["Came Home This Morning", "Back To Bogalusa"], "artists": ["Chicago Bob Nelson", "Chicago Bob Nelson"], "centerDistance": 0.03459800000000002, "angle": 0.0}, {"songs": ["Rock This House (Memphis Slim)"], "artists": ["Willie \"Big Eyes\" Smith"], "centerDistance": 0.0, "angle": 1.2566370614359172}, {"songs": ["Honey Bee (McKinley Morganfield)", "Biscuits 'n' Molasses", "Argue, Fuss 'n' Fight", "The Son I Never Knew (Take 1)", "Billy And Kenny's Stomp", "Too Late", "The Moon Is Rising", "Blue Mood", "St. Louis Blues (Instrumental)", "Don't Worry 'bout Me", "I'm Gone", "Humble Bug", "So Tired Living By Myself", "Poison Woman Blues", "I Don't Know (LP Version)", "I Hear You Knockin'", "Ain't That A Lot Of Love (LP Version)", "All In A Day (Live @ The Troubadour, LosAngeles)", "I'm Your Bread Maker Baby", "Jockey Blues"], "artists": ["Willie \"Big Eyes\" Smith", "Big George Jackson", "Big George Jackson", "Kenny Neal & Billy Branch", "Kenny Neal & Billy Branch", "Little Walter", "Jimmy Reed", "Little Walter", "Carey Bell", "Snooky Pryor", "Mark Hummel", "Mark Hummel", "Frank Frost", "Sonny Terry & Brownie McGhee", "Buddy Guy & Junior Wells", "Lazy Lester", "The Paul Butterfield Blues Band", "The Paul Butterfield Blues Band", "Slim Harpo", "Jazz Gillum"], "centerDistance": 0.009890999999999983, "angle": 2.5132741228718345}, {"songs": ["Johnny's Boogie (Instrumental)"], "artists": ["Johnny Dyer"], "centerDistance": 0.00668599999999997, "angle": 3.7699111843077517}, {"songs": ["Run Here Mama", "Pistol In Your Face"], "artists": ["Charlie Musselwhite", "Charlie Musselwhite"], "centerDistance": 0.012716000000000005, "angle": 5.026548245743669}]