[{"songs": ["Barclay", "We Didn't Clap When This Man Played (and neither did that lady) (and neither did that lady /Barmitzvah Brothers)", "Les OS", "End of the World", "Inoculate The Innocuous", "What I'm Trying To Say Pt. 1", "Frantic", "Astro Girls", "Arms Akimbo", "Alice", "Lydia", "Will You Come And Fetch Me (LP Version)", "Streets of Fire", "silence of the mind", "Life 2: The Unhappy Ending", "Raw Sugar", "Just Another Day (Radio Mix)", "He Is The Boss Of Me", "Prologue", "Poetaster"], "artists": ["The Barmitzvah Brothers", "The Barmitzvah Brothers", "The Unicorns", "Dog Day", "The Unicorns", "Stars", "The Lovely Feathers", "Spiral Beach", "Two Hours Traffic", "Howie Beck", "Dog Day", "of Montreal", "The New Pornographers", "True Love Always", "Stars", "Metric", "Serena Ryder", "The Hidden Cameras", "The Most Serene Republic", "Miracle Fortress"], "centerDistance": 0.25288285, "angle": 0.0}, {"songs": ["Turn The Radio Off (Maps Remix)", "Felt Tip (Hot Chip Remix)"], "artists": ["Love Is All", "Love Is All"], "centerDistance": 0.36778500000000003, "angle": 1.2566370614359172}, {"songs": ["Come And See", "Outside The City"], "artists": ["Young Galaxy", "Young Galaxy"], "centerDistance": 0.361117, "angle": 2.5132741228718345}, {"songs": ["Time & Place", "Letting Go"], "artists": ["In-Flight Safety", "In-Flight Safety"], "centerDistance": 0.36328800000000006, "angle": 3.7699111843077517}, {"songs": ["Find Our Way To Freedom", "You And I Are A Gang Of Losers (Radio Edit)"], "artists": ["The Dears", "The Dears"], "centerDistance": 0.349477, "angle": 5.026548245743669}]