[{"songs": ["Bisabuelo", "Skalibur", "A Eso Voy", "Vendedora De Caricias", "El Penitente", "Borracho", "Champion Sound", "Edurne", "Mirarte a los ojos", "Mal Romance", "La Bolsa", "Skabanana", "Arbol Palmera", "El Fantasma", "Me Arde", "Ilogic World", "Flasheadito", "Soul Man", "Trece", "Magia Veneno (Acustico)"], "artists": ["Kapanga", "Karamelo Santo", "Abuela Coca", "Pante\u00f3n Rococ\u00f3", "Abuela Coca", "Genitallica", "King Chang\u00f3", "Un Kuartito", "No te va Gustar", "2 Minutos", "Bersuit Vergarabat", "Seguridad Social", "Babas\u00f3nicos", "Vicentico", "Andr\u00e9s Calamaro", "Tijuana No", "Los Tipitos", "Los Pericos", "Todos Tus Muertos", "Catupecu Machu"], "centerDistance": 0.21432545000000003, "angle": 0.0}, {"songs": ["Susi"], "artists": ["Los Fabulosos Cadillacs"], "centerDistance": 0.0, "angle": 1.2566370614359172}, {"songs": ["Palabras De Amor(En Vivo)", "Portuaria Mix(En Vivo)"], "artists": ["La Portuaria", "La Portuaria"], "centerDistance": 0.250595, "angle": 2.5132741228718345}, {"songs": ["Flow Connection", "Ya"], "artists": ["El Gran Silencio", "El Gran Silencio"], "centerDistance": 0.208459, "angle": 3.7699111843077517}, {"songs": ["Dame Una Alegr\u00eda", "El Demonio (Est\u00e1 En Esa Mujer)"], "artists": ["La Mosca Ts\u00e9-Ts\u00e9", "La Mosca Ts\u00e9-Ts\u00e9"], "centerDistance": 0.03275300000000003, "angle": 5.026548245743669}]