[{"songs": ["Man with Blue Dolphin", "Tiny Fish for Japan"], "artists": ["Stan Rogers", "Stan Rogers"], "centerDistance": 0.20887050000000001, "angle": 0.0}, {"songs": ["Willie Fraser (Strathspeys And Reels Medley)", "Rites of Man", "Big American Headliner", "Home for a Rest", "Jigs: Ard Baithen/ The Mooncoin / The King Of The Pipers", "Wee Weaver", "Granuaile's Dance", "Reels: The Colliers / Bob McQuillen's / The Spike Island Lassies", "King Of The Fairies", "The Folk Police", "Moving Thru", "A Night In Summer Long Ago", "High Germany", "Dignity", "Jig / Kid on the Mountain", "Little Brigid Flynn", "Japan Con Pan", "Vasos Rotos", "Captain Carswell, The Green Hills Of Tyrol, The Trip To Windsor", "Lake Of Shadows (Live)"], "artists": ["Natalie MacMaster", "Spirit of the West", "Captain Tractor", "Spirit of the West", "Tommy Peoples", "Steeleye Span", "Celtic Woman", "Tommy Peoples", "Horslips", "Peatbog Faeries", "Clannad", "Mark Knopfler", "Cherish the Ladies", "Solas", "Tin Cup Prophette", "The Irish Rovers", "El Alquimista Loco", "El Alquimista Loco", "Boys of the Lough", "Moving Hearts"], "centerDistance": 0.24407595000000004, "angle": 1.2566370614359172}, {"songs": ["Hey  Johnny Cope (March And Reels Medley)"], "artists": ["Natalie MacMaster"], "centerDistance": 0.04886999999999997, "angle": 2.5132741228718345}, {"songs": ["La Gallega", "Cat in a Bag"], "artists": ["Skyedance", "Skyedance"], "centerDistance": 0.291665, "angle": 3.7699111843077517}, {"songs": ["Conlon's Jig", "The Banks of The Quay"], "artists": ["De Dannan", "De Dannan"], "centerDistance": 0.281425, "angle": 5.026548245743669}]