[{"songs": ["A Taste Of Honey", "Song From Moulin Rouge", "La ragazza dalla pelle di luna", "Poor Butterfly", "No Can Do", "The Embassy Waltz", "Let's Face The Music And Dance", "Fly Me To The Moon", "Love Is A Many Splendored Thing", "A Letter To Mr. B", "Serendipity", "The Look Of Love", "Old Friends", "Alcazar (LP Version)", "YOUNG AT HEART", "Havana", "I Say A Little Prayer", "Harbor Lights", "Waltzing Bugle Boy", "Somethin' Stupid"], "artists": ["Herb Alpert and The Tijuana Brass", "Percy Faith & His Orchestra", "Piero Umiliani", "Al Hirt", "Xavier Cugat", "Percy Faith & His Orchestra", "Nelson Riddle", "Horst Jankowski", "Eddie Calvert", "Horst Jankowski", "Eumir Deodato", "Burt Bacharach", "Paul Desmond", "David Sanborn", "Ray Conniff", "Kenny G", "Paul Brown", "Guy Lombardo", "Frank Chacksfield", "Caravelli"], "centerDistance": 0.28251610000000005, "angle": 0.0}, {"songs": ["Happy Trumpeter", "Tootie Flutie"], "artists": ["Bert Kaempfert", "Bert Kaempfert"], "centerDistance": 0.2132615, "angle": 1.2566370614359172}, {"songs": ["Watch What Happens", "You Gotta Taste All The Fruit"], "artists": ["Denny McLain", "Leroy Holmes"], "centerDistance": 0.315347, "angle": 2.5132741228718345}, {"songs": ["The Elegant Rag", "El Abondonado"], "artists": ["Baja Marimba Band", "Baja Marimba Band"], "centerDistance": 0.30691100000000004, "angle": 3.7699111843077517}, {"songs": ["Tell Me On A Sunday (from \"Song And Dance\")", "Lover Come Back to Me", "I'll Walk Alone"], "artists": ["Hollywood Studio Orchestra", "Alfred Hitchcock, Jeff Alexander", "Alfred Hitchcock, Jeff Alexander"], "centerDistance": 0.22461566666666666, "angle": 5.026548245743669}]