[{"songs": ["Crazy", "Is There Anybody There?", "Blue glove", "Belfast", "Great Equalizer (Boomer Version)", "Dirty Squatters", "Mentally Murdered", "Biafra", "Revolution", "Someone", "Anarcheest (69)", "Off with their heads", "Last Train to Nowhere", "Dead Weight Falls (Album Version)", "Papercuts (from King of Hearts)"], "artists": ["The Profit$", "Flux of Pink Indians", "Emma's Mini", "Rubella Ballet", "JFA", "Zounds", "Icons of Filth", "Zounds", "Citizen Fish", "Dirt Poor Robins", "The Epileptics", "Inner Terrestrials", "Anti-Pasti", "The Unseen", "Korby Lenker"], "centerDistance": 0.40862073333333343, "angle": 0.0}, {"songs": ["Genocide", "Get in the Coffin"], "artists": ["The Varukers", "A Global Threat"], "centerDistance": 0.430309, "angle": 1.2566370614359172}, {"songs": ["Seven", "Vista"], "artists": ["Mangataot", "Mangataot"], "centerDistance": 0.429628, "angle": 2.5132741228718345}, {"songs": ["This Year's War"], "artists": ["Subhumans"], "centerDistance": 0.426998, "angle": 3.7699111843077517}, {"songs": ["Profit Over People", "She's Gone", "Bitter Youth", "Under 18", "I'm From LA", "Death Is The Only Release", "The wait is over", "Great Vacation", "Big Picture", "I Am Mentle", "Man With the Dogs"], "artists": ["The Profit$", "Blanks 77", "Naked Aggression", "Naked Aggression", "Go Betty Go", "Icons of Filth", "Emma's Mini", "Dirt Poor Robins", "Subhumans", "The Epileptics", "Dead Kennedys"], "centerDistance": 0.35684254545454547, "angle": 5.026548245743669}]