[{"songs": ["Come Over Here (Previously Unissued Track)", "Amazing Grace", "Didn't It Rain", "Precious Lord", "how i got over", "I'm On The Firing Line", "The First Face I Want To See", "A Whole Nation", "Mother Pray", "I Found Love (Cindy's Song)", "We Sing Glory", "Just A Little While To Stay Here", "Jesus Is The Way", "Just One Moment", "Precious Lord Take My Hand", "Hold On (Part 2)", "Whatcha Gon Do", "It Is Well With My Soul", "Does Jesus Care", "Climbing Higher Mountains"], "artists": ["Harmonizing Four", "Charlie Rich", "Sister Rosetta Tharpe", "The Blind Boys of Alabama", "Clara Ward", "Sam Cooke & the Soul Stirrers", "Candi Staton", "Kirk Franklin", "Ben Harper and The Blind Boys of Alabama", "Bebe & Cece Winans", "Fred Hammond", "Irma Thomas", "James Morrison", "Clara Ward", "Mavis Staples", "Sounds Of Blackness", "Kelly Price", "Jennifer Holliday", "The Blind Boys of Alabama", "Ann Nesby"], "centerDistance": 0.3836749, "angle": 0.0}, {"songs": ["Thankful", "For My Good"], "artists": ["Byron Cage", "Byron Cage"], "centerDistance": 0.40544899999999995, "angle": 1.2566370614359172}, {"songs": ["Simply Redeemed", "Here I Am To Worship"], "artists": ["Heather Headley", "Heather Headley"], "centerDistance": 0.405335, "angle": 2.5132741228718345}, {"songs": ["You're My Everything", "King Of Kings"], "artists": ["Maurette Brown Clark", "Maurette Brown Clark"], "centerDistance": 0.4060085, "angle": 3.7699111843077517}, {"songs": ["God In Me", "Can't Give Up Now"], "artists": ["Mary Mary featuring Kierra 'Kiki' Sheard", "Mary Mary"], "centerDistance": 0.40493, "angle": 5.026548245743669}]