[{"songs": ["Crumb Begging Baghead", "Showroom", "Little Scissors (Previously Un-Released)", "Morden", "Half In Love With Elizabeth", "Small Town Girl", "Lost Art Of Murder", "I Don't Like You Anymore", "The Time Has Come Again", "The Next Untouchable", "7th Seal", "Pass It On", "Death on the Stairs", "This Must Be Love", "Stephanie [Single Version]", "Right Wrong [Single Version]", "Cops and Robbers", "This Song Is About You [Rollo and Sister Bliss Remix]", "Edshould", "I'm A Realist"], "artists": ["Babyshambles", "Milburn", "Baddies", "Good Shoes", "Mystery Jets", "Good Shoes", "Babyshambles", "The Last Shadow Puppets", "The Last Shadow Puppets", "Cajun Dance Party", "Brakes", "The Coral", "The Libertines", "Little Man Tate", "Switches", "Switches", "The Hoosiers", "The Enemy", "Larrikin Love", "The Cribs"], "centerDistance": 0.0216818, "angle": 0.0}, {"songs": ["This Song Is About You [Hugo Nicolson Remix]"], "artists": ["The Enemy"], "centerDistance": 0.032904000000000044, "angle": 1.2566370614359172}, {"songs": ["Boring Lifestyles [South Central Remix]"], "artists": ["Twisted Charm"], "centerDistance": 0.08875500000000003, "angle": 2.5132741228718345}, {"songs": ["Aftershow", "Bide Your Time"], "artists": ["The Courteeners", "The Courteeners"], "centerDistance": 0.021547499999999997, "angle": 3.7699111843077517}, {"songs": ["Secret Decoder Ring", "Study Hall"], "artists": ["Yeti", "Yeti"], "centerDistance": 0.021413000000000015, "angle": 5.026548245743669}]