[{"songs": ["Norma Irene", "La Joaquinita", "Tata dios", "La Cecilia", "La Espiga", "Mi Ranchito", "San Lu\u00eds Polosi", "El Asesino del Aire", "Cielo Rojo", "Gata Salvaje", "Ojos Tapat\u00edos", "No Lo Van A Impedir", "Amor", "Guitarras Lloren Guitarras", "La Cama De Piedra", "S\u00f3lo El Infinito", "Cuando Escucho Tu Nombre", "Paloma Guarumera", "El Navegante", "Apolonia la Bonita"], "artists": ["Los Rurales De Gilberto Parra", "Los Rurales De Gilberto Parra", "Miguel Aceves Mej\u00eda", "Miguel Aceves Mejia Con El Mariachi Vargas De Tecalitlan", "Miguel Aceves Mejia Con El Mariachi Vargas De Tecalitlan", "Jos\u00e9 Alfredo Jim\u00e9nez", "Jorge Negrete", "Los Intocables del Norte", "Pepe Aguilar", "Pablo Montero", "Alejandro Fern\u00e1ndez", "Guadalupe Pineda", "Guadalupe Pineda", "Cuco S\u00e1nchez", "Cuco S\u00e1nchez", "Los Dos Oros", "Los Dos Oros", "Los Super Seven", "Chalino Sanchez", "Chava Flores"], "centerDistance": 0.22129935, "angle": 0.0}, {"songs": ["Mo\u00f1o Negro", "Caminos De Michoacan", "El Ausente", "Te Voy A Olvidar"], "artists": ["Juan Valentin", "Mariachi Los Caporales", "Mariachi Los Caporales", "Mariachi Veracruz"], "centerDistance": 0.17919700000000002, "angle": 1.2566370614359172}, {"songs": ["Tu Siempre Seras Mi Amor (Amor Inolvidable)", "Veinte A\u00f1os"], "artists": ["Juan Gabriel Con Mariachi America De Jesus Rodriguez De Hijar", "Juan Gabriel Con Mariachi America De Jesus Rodriguez De Hijar"], "centerDistance": 0.338133, "angle": 2.5132741228718345}, {"songs": ["Marcha De Zacatecas", "Indita Mia", "Me Voy A Quitar De Enmedio", "La Mitad De Mi Orgullo"], "artists": ["Mariachi Oro Juvenil", "David Zaizar", "Mariachi Arriba Ju\u00e1rez", "Jos\u00e9 Alfredo Jimenez Con Mariachi Vargas De Tecalitlan"], "centerDistance": 0.22782474999999996, "angle": 3.7699111843077517}, {"songs": ["Toda una vida", "A Prisi\u00f3n Perpetua"], "artists": ["Chavela Vargas", "Chavela Vargas"], "centerDistance": 0.24355899999999997, "angle": 5.026548245743669}]