[{"songs": ["Dropneck polo", "Fa Show (Remix Clean/Radio)", "The Warning", "The Last Trumpet Halou Remix (feat Lateef)", "San Fran to the Town", "Booty Clap", "Fresstyle Dedication feat. Supernatural", "Hillcrest", "Head Of The State", "Freedom", "The Matrix (feat. Grouch, PSC, And BFAP)", "TV Show", "Why", "Sweet Science", "Rush", "Everything Is Beautiful", "(more) Pawns (than) Dons", "The Facility", "In Las Vegas", "I Know You Wanna Feel"], "artists": ["Pigeon John", "Lifesavas", "Lifesavas", "Lyrics Born", "Rasco", "Kool Keith", "Freestyle Fellowship", "Freestyle Fellowship", "Cali Agents", "Fashawn", "Living Legends", "Abstract Rude", "Fashawn", "Chali 2na", "Talib Kweli", "Inverse", "LMNO", "Evidence", "The Gift of Gab", "The Grouch & Eligh"], "centerDistance": 0.0697716, "angle": 0.0}, {"songs": ["Doing To Much"], "artists": ["Phil da Agony"], "centerDistance": 0.15562900000000002, "angle": 1.2566370614359172}, {"songs": ["Interlude 1", "Telegram"], "artists": ["Strong Arm Steady", "Strong Arm Steady"], "centerDistance": 0.10901300000000003, "angle": 2.5132741228718345}, {"songs": ["Deformed Pretty Boyz (Instrumental)"], "artists": ["Ras Kass"], "centerDistance": 0.026712999999999987, "angle": 3.7699111843077517}, {"songs": ["The One And Only (Explicit)"], "artists": ["Dilated Peoples"], "centerDistance": 0.020403999999999978, "angle": 5.026548245743669}]