[{"songs": ["Xia", "My Prayer (Probspot Mix)", "Flight", "Hard Or Soft", "Able To Forget", "This Is That", "Latin Static", "Heaven Scent", "Obsession", "Cosmic Flight (Nick Warren remix)", "Passion (Domestic Technology Remix)", "My lexicon", "Radiosonic (Original)", "Killa", "Red Feather", "Hold That Sucker Down", "I Was Just Leaving", "Far Away from You", "Hopeless", "Subliminal (Komytea Remix)"], "artists": ["YUAN", "Noel Sanger feat. Dauby", "Taras Bazeev", "Probspot", "Alex Stealthy", "Gareth Emery", "Sound 5", "Bedrock", "Probspot", "Glenn Morrison", "Aleete", "Sander Kleinenberg", "Johan Vermeulen", "Way Out West", "Max Gueli", "Jerome Isma-Ae", "Derek Howell", "Chicane", "Starecase", "Komytea"], "centerDistance": 0.01395585000000001, "angle": 0.0}, {"songs": ["Distortion"], "artists": ["Taras Bazeev"], "centerDistance": 0.0, "angle": 1.2566370614359172}, {"songs": ["Trilogy (Invisible Sounds Remix)", "Ether Dawn"], "artists": ["Aleete", "Max Gueli"], "centerDistance": 0.018688499999999997, "angle": 2.5132741228718345}, {"songs": ["Crayons (Original mix)", "If I Could Fly"], "artists": ["Starkid", "Matthew Dekay"], "centerDistance": 0.02141599999999999, "angle": 3.7699111843077517}, {"songs": ["Something Is Wrong", "Told You So"], "artists": ["Alex Stealthy", "Tom Cloud"], "centerDistance": 0.045254000000000016, "angle": 5.026548245743669}]