[{"songs": ["Y Despu\u00e9s De Nuevo Amigos", "Nuestra Historia", "Cuenta Conmigo", "Por Amarte As\u00ed", "Mentira", "A Las Doce Menos Diez", "Sin Voluntad", "Eres Mi Vida", "Herida", "Juguete", "Mi Jaragual", "Como Un Gorri\u00f3n", "Republica de la Alegria", "Hagamos Lo Que Diga El Coraz\u00f3n", "Mess Around", "Miente", "Rio De La Plata", "Mi Primer Millon", "Inalcanzable", "La Mujer Es Para Quererla"], "artists": ["Victor Manuelle", "Victor Manuelle", "Jerry Rivera", "Rey Ruiz", "Gilberto Santa Rosa", "Carlos Vives", "Gilberto Santa Rosa", "DLG", "Brenda K. Starr", "Cheo Feliciano", "Ismael Rivera", "Grupo Compay Segundo", "Ricardo Montaner", "Grupo Niche", "Orchestra Harlow", "Enrique Iglesias", "Natalia Oreiro", "Bacilos", "Enrique Iglesias", "Los Nemus Del Pacifico"], "centerDistance": 0.34271000000000007, "angle": 0.0}, {"songs": ["Dame Un Besito", "Un Rinconcito Al Sur"], "artists": ["Andy & Lucas", "Andy & Lucas"], "centerDistance": 0.253392, "angle": 1.2566370614359172}, {"songs": ["Luz de Cumbia", "Cumbia De Mi Tierra"], "artists": ["Sonora Carruseles", "Sonora Carruseles"], "centerDistance": 0.486161, "angle": 2.5132741228718345}, {"songs": ["Fria como el viento", "Agua pasada"], "artists": ["Frankie Negron", "Frankie Negron"], "centerDistance": 0.33953900000000004, "angle": 3.7699111843077517}, {"songs": ["Busco Una Mujer", "Calculadora", "Yo No Soy Igual", "Sin Ti", "Con Cada Beso", "Sensual", "Vamonos Pal Monte"], "artists": ["Carlos Ponce", "Oscar D'Le\u00f3n", "Brenda K. Starr", "Puerto Rican Power", "Huey Dunbar", "Tito Rojas", "Eddie Palmieri"], "centerDistance": 0.3854642857142857, "angle": 5.026548245743669}]