[{"songs": ["Seeing is Believing", "Paperthin Hymn", "Music Box Superhero", "In The Shadows (Live)", "Black Lines to Battlefields", "Drowning Lessons", "Futures", "Better Sense", "Constellation", "Masterpiece", "Fall From Grace", "american typewriter", "Sing My Best", "This Is A Forgery", "Just Until Sundown", "Why Worry", "I Refuse", "Game Over", "Till We Have Faces", "Beatles Song"], "artists": ["Acceptance", "Anberlin", "The Juliana Theory", "Story of the Year", "Acceptance", "My Chemical Romance", "Jimmy Eat World", "Hot Water Music", "The Juliana Theory", "Bayside", "The Get Up Kids", "Braid", "Plain White T's", "Dashboard Confessional", "Further Seems Forever", "The All-American Rejects", "Sense Field", "Noise Ratchet", "Noise Ratchet", "Sense Field"], "centerDistance": 0.09382740000000002, "angle": 0.0}, {"songs": ["Freeway", "Jesus Candle"], "artists": ["Slowride", "Slowride"], "centerDistance": 0.18037499999999995, "angle": 1.2566370614359172}, {"songs": ["Stratus (Radio Edit)", "The Silencing Truth"], "artists": ["Moments in Grace", "Moments in Grace"], "centerDistance": 0.0, "angle": 2.5132741228718345}, {"songs": ["Boxing Gloves", "Simple Favor"], "artists": ["Knapsack", "Knapsack"], "centerDistance": 0.17302300000000004, "angle": 3.7699111843077517}, {"songs": ["The Promise", "Ligeia"], "artists": ["BEDlight for blueEYES", "BEDlight for blueEYES"], "centerDistance": 0.2014015, "angle": 5.026548245743669}]