[{"songs": ["She Spoke 2 Me ( Extended Remix LP Version)", "Downhearted Blues"], "artists": ["Prince", "Juanita Hall"], "centerDistance": 0.2014665, "angle": 0.0}, {"songs": ["Sermonette", "You\u00b4re fired", "I Lost My Man", "Like Young", "Show You The Way To Love", "Inner Crisis", "You Don't Know What Love Is", "Please Send Me Someone To Love", "That Party", "Clean Water", "Lover Come Back To Me", "You Don't Know Me (Album Version)", "Time", "My Prayer", "The Man From Harlem", "Wouldn't It Be Loverly", "Into my soul", "Just Squeeze Me But Don't Tease Me", "Work Song", "Karina"], "artists": ["Quincy Jones", "Cultured Pearls", "Cultured Pearls", "Buddy Greco", "Philip Bailey", "Blood, Sweat & Tears", "Kitty Margolis", "Kitty Margolis", "Harry Connick, Jr.", "Dr. John", "Mildred Bailey", "Michael Bubl\u00e9", "Lizzy Parks", "Glenn Miller", "Cab Calloway", "Shirley Horn", "Gabin feat. Dee Dee Bridgewater", "Count Basie Orchestra", "Oscar Brown Jr.", "Menahan Street Band"], "centerDistance": 0.17409960000000002, "angle": 1.2566370614359172}, {"songs": ["Hey Now, Hey Now", "Calloway Boogie"], "artists": ["Big Bad Voodoo Daddy", "Big Bad Voodoo Daddy"], "centerDistance": 0.15675300000000003, "angle": 2.5132741228718345}, {"songs": ["Between Love & Magic", "Lost in a Thought"], "artists": ["Stanley Clarke", "Stanley Clarke"], "centerDistance": 0.2087585, "angle": 3.7699111843077517}, {"songs": ["Cotton Boy Blues", "Butterfly"], "artists": ["Jimmy McGriff", "Jimmy McGriff"], "centerDistance": 0.15427200000000002, "angle": 5.026548245743669}]