[{"songs": ["Come on Let's Praise Him", "Why Can't We Be More Than Just Friends", "We Should Never Be Lonely My Love", "The Way You Move", "All Day Sucker", "The Easiest Way To Fall", "This World Has Music", "For The Love Of Money", "Got To Give It Up, Part 1", "When the Sun Comes Shining Through (The Ladder)", "Startin' All Over Again", "Damn Right It's Good", "I Love You So", "Express Yourself", "Dazz", "They Say I'm Different", "Groove Me", "I Get Lifted", "Engine Number 9", "Try A Piece Of My Love"], "artists": ["Jackson Sisters", "Jackson Sisters", "Yvonne Fair", "Earth, Wind & Fire", "Stevie Wonder", "Freda Payne", "Average White Band", "The O'Jays", "Marvin Gaye", "LaBelle", "Brass Construction", "Gwen McCrae", "Fat Larry's Band", "Charles Wright & the Watts 103rd Street Rhythm Band", "Brick", "Betty Davis", "King Floyd", "George McCrae", "Wilson Pickett", "Wild Cherry"], "centerDistance": 0.10657744999999999, "angle": 0.0}, {"songs": ["All My Love"], "artists": ["The Chi-Lites"], "centerDistance": 0.228402, "angle": 1.2566370614359172}, {"songs": ["Think"], "artists": ["Lyn Collins"], "centerDistance": 0.18815700000000002, "angle": 2.5132741228718345}, {"songs": ["Across 110th Street", "Street Life"], "artists": ["Bobby Womack", "Randy Crawford"], "centerDistance": 0.21656950000000003, "angle": 3.7699111843077517}, {"songs": ["Just A Touch Of Love", "Watching You"], "artists": ["Slave", "Slave"], "centerDistance": 0.21353149999999999, "angle": 5.026548245743669}]