[{"songs": ["Sally Ann/Muleskinner Blues/Old Joe Clark (Medley) (Live) (1992 Digital Remaster)", "Maybe Baby", "Ghost Town", "Hurricane (Album Version)", "Are You There (Album Version)", "Phoenix", "The Ark", "High Rolling Man", "Get to You", "Farewell", "The Sound of Silence", "Seasons", "Down Home Town", "Don't Make Promises", "Sad Letter", "Let The Sky Fall", "So Hard To Believe", "Jackie Wilson Said (I'm In Heaven When You Smile)", "Serenade", "Poor House (2007 Remastered LP Version)"], "artists": ["Don McLean", "Don McLean", "Cat Stevens", "America", "America", "Dan Fogelberg", "Gerry Rafferty", "Neil Diamond", "707", "Rod Stewart", "Art Garfunkel", "Dave Mason", "Electric Light Orchestra", "Joan Baez", "Grin", "Ten Years After", "Peter Frampton", "Van Morrison", "Steve Miller Band", "Traveling Wilburys"], "centerDistance": 0.13826464999999996, "angle": 0.0}, {"songs": ["What Are Their Names (2006 Remastered LP Version)"], "artists": ["David Crosby"], "centerDistance": 0.22826400000000002, "angle": 1.2566370614359172}, {"songs": ["What Is Life (Live) (2004 Digital Remaster)", "If I Needed Someone (Live) (2004 Digital Remaster)"], "artists": ["George Harrison", "George Harrison"], "centerDistance": 0.11952799999999997, "angle": 2.5132741228718345}, {"songs": ["Sundown", "River's Risin'"], "artists": ["The Edgar Winter Group", "The Edgar Winter Group"], "centerDistance": 0.2280935, "angle": 3.7699111843077517}, {"songs": ["Clouds In My Sunshine", "Message From a Drum"], "artists": ["Redbone", "Redbone"], "centerDistance": 0.11948800000000004, "angle": 5.026548245743669}]