[{"songs": ["Appreciatin'", "Selfish (I Want U 2 Myself)"], "artists": ["Outlandish", "Fantasia featuring Missy Elliot"], "centerDistance": 0.400014, "angle": 0.0}, {"songs": ["Zou Yin", "zhu jun hao", "Pullin' Me In", "Uptowners (skit)", "Everybody Ona Move", "Fulton County Correctional Call (Interlude)", "Give It To 'Em", "EveryGirl In The World", "Live And Die For Hip Hop", "Crazy Rap (Cold 45 & 2 Zig Zags)", "De Perder", "Fire Fire [Mix]", "Tyzilla", "I'm Landing", "First Place", "Shiny Suit Man (Album Version)", "Baby Girl Interlude/Intro (Featuring Mary J. Blige)  (Amended Album Version)", "We Don't Care", "Talk To Me", "Los Dangerous"], "artists": ["Justin", "Justin", "Wyclef Jean", "Sean Paul", "Michael Franti & Spearhead", "Nivea", "Chops", "Young Money", "Kris Kross", "Afroman", "elbicho", "Fannypack", "Tyga", "Tinchy Stryder", "Tinchy Stryder", "P. Diddy", "Missy Elliott", "Akon", "Attica Blues", "Haiku D'Etat"], "centerDistance": 0.34729755000000007, "angle": 1.2566370614359172}, {"songs": ["Doing It Way Big (Edited album version)"], "artists": ["Lil' Kim"], "centerDistance": 0.400085, "angle": 2.5132741228718345}, {"songs": ["Crazy", "Numba 1 (Tide Is High)"], "artists": ["Lumidee", "Kardinal Offishall"], "centerDistance": 0.3821735, "angle": 3.7699111843077517}, {"songs": ["I Don't Wanna Go To Sleep", "Shoulda Put Something On"], "artists": ["N-Dubz", "N-Dubz"], "centerDistance": 0.266668, "angle": 5.026548245743669}]