[{"songs": ["When I Found You", "Nothin' To Lose", "Silent Night", "Boss Jack", "Got It Right This Time", "My Joy", "Easy Look", "She's My Ever Lovin' Machine", "Once Again She's All Alone", "Let Me Be the One", "Houston Solution", "Po' Folks", "Your Old Cold Shoulder", "Cowboy Boots", "Fly Me To The Moon", "You Never Miss A Real Good Thing ('Till He Says Goodbye)", "Little Red Rodeo", "Old Brush Arbors", "Amazing Love", "Am I That Easy To Forget"], "artists": ["Jerry Reed", "Hoyt Axton", "Roger Miller", "Johnny Cash", "Keith Urban", "Charlie Rich", "Charlie Rich", "Bobby Bare", "Kenny Rogers", "Hank Locklin", "Ronnie Milsap", "Bill Anderson", "Crystal Gayle", "Dave Dudley", "Willie Nelson", "Crystal Gayle", "Phil Vassar", "George Jones", "Charley Pride", "Jim Reeves"], "centerDistance": 0.07492924999999999, "angle": 0.0}, {"songs": ["Walk Out Backwards", "Already It's Heaven", "Little Black Book", "Still Loving You"], "artists": ["Bill Anderson", "David Houston", "Jimmy Dean", "Bob Luman"], "centerDistance": 0.09644675, "angle": 1.2566370614359172}, {"songs": ["I've Got a Tender Heart", "Tell Me Twice"], "artists": ["Eleni Mandell", "Eleni Mandell"], "centerDistance": 0.21838850000000004, "angle": 2.5132741228718345}, {"songs": ["Fool Like Me", "My Many Hurried Southern Trips"], "artists": ["Porter Wagoner", "Porter Wagoner"], "centerDistance": 0.197434, "angle": 3.7699111843077517}, {"songs": ["Shoeshine Man", "Salute To A Switchblade"], "artists": ["Tom T. Hall", "Tom T. Hall"], "centerDistance": 0.075519, "angle": 5.026548245743669}]