[{"songs": ["Never The Same", "Recluse", "Dry River", "Evil Man", "Waitin' Around To Die", "Car Wheels On A Gravel Road", "Houses On The Hill", "Right In Time", "What The Devil Wanted", "Election Day", "Jenny Reprise", "I'm Your Daddy Now", "Long tall glass of water", "Still Be Around", "No Depression", "I Can't Dance (Alternate Version)", "Waitin' Round To Die", "Birds And Ships (Remastered Album Version)", "Where Are You?", "Red Carpet"], "artists": ["Chris Berardo & The DesBerardos", "DeSoto Rust", "Dave Alvin", "Shelby Lynne", "Townes Van Zandt", "Lucinda Williams", "Whiskeytown", "Lucinda Williams", "Whiskeytown", "Lyle Lovett", "Chip Taylor & Carrie Rodriguez", "Paul Burch & the WPA Ballclub", "Paul Burch & the WPA Ballclub", "Uncle Tupelo", "Uncle Tupelo", "Gram Parsons", "Townes Van Zandt", "Billy Bragg & Wilco", "Cub Country", "Cub Country"], "centerDistance": 0.07647949999999999, "angle": 0.0}, {"songs": ["So Good, So Far", "Jim Beam"], "artists": ["Chris Berardo & The DesBerardos", "DeSoto Rust"], "centerDistance": 0.014614000000000016, "angle": 1.2566370614359172}, {"songs": ["Love Hurts (w/ Emmylou Harris) (Remastered Version)"], "artists": ["Gram Parsons"], "centerDistance": 0.182597, "angle": 2.5132741228718345}, {"songs": ["When I Crossover", "Branble Rose"], "artists": ["Tift Merritt", "Tift Merritt"], "centerDistance": 0.15079699999999996, "angle": 3.7699111843077517}, {"songs": ["Pass You By", "Only One And Only"], "artists": ["Gillian Welch", "Gillian Welch"], "centerDistance": 0.06652399999999997, "angle": 5.026548245743669}]