[{"songs": ["Boogie Wonderland (Album Version)", "Khadafi", "Ballet", "Cruisin' With Pedro de Pacas", "TV", "Almost Fucked a Midget", "Bees and Wasps", "Superbleeder (Album Version)", "My Necklace (LP Version)", "Smackie The Frog (LP Version)", "Work Ethic", "Ft. Polk", "Tattoo (Amended Album Version)", "Oprah (Album Version)", "Suicide", "Door To Door Comic", "Animal Love", "My Family Is Weird (Album Version)", "Bob Barker (Album Version)", "The Jokes With Guitar (These Are Jokes)"], "artists": ["Brittany Murphy", "Robin Williams", "Robin Williams", "Cheech & Chong", "Eddie Murphy", "Eddie Murphy", "Eddie Izzard", "Dane Cook", "Mitch Hedberg", "Mitch Hedberg", "Ron White", "Ron White", "Kathleen Madigan", "Kathleen Madigan", "Martin Lawrence", "Martin Lawrence", "Wanda Sykes", "Larry the Cable Guy", "Triumph The Insult Comic Dog (Featuring Jack Black)", "Demetri Martin"], "centerDistance": 0.19853825, "angle": 0.0}, {"songs": ["Fabio And The Suicidal Goose (LP Version)", "Hunters Are Gay (LP Version)"], "artists": ["Bobcat Goldthwait", "Bobcat Goldthwait"], "centerDistance": 0.345152, "angle": 1.2566370614359172}, {"songs": ["Sports (Album Version)", "Holidays (Album Version)"], "artists": ["Henry Cho", "Henry Cho"], "centerDistance": 0.34516100000000005, "angle": 2.5132741228718345}, {"songs": ["Animals", "Spider Webs & Bees"], "artists": ["Brian Regan", "Brian Regan"], "centerDistance": 0.212065, "angle": 3.7699111843077517}, {"songs": ["Mother's Day (bonus live version)", "Lullaby (Live)"], "artists": ["Stephen Lynch", "Stephen Lynch"], "centerDistance": 3.799999999998249e-05, "angle": 5.026548245743669}]