[{"songs": ["Preacherman's Daughter", "Valdivia", "Serendipity", "The Look Of Love", "Julia", "The Man From Thrush", "A Divine Image", "Venus", "Bebop Love Song", "Those Were The Days", "Cuban Love Song", "Autumn In New York", "You're Driving Me Crazy", "Yesterday (2001 Digital Remaster)", "Grazing In The Grass", "Hungarian Dance #5", "The Boulevard Of Broken Dreams/Fever (Medley)", "Havana", "Caravan", "Misty"], "artists": ["Horst Jankowski", "Horst Jankowski", "Eumir Deodato", "Burt Bacharach", "Eddie Calvert", "Hugo Montenegro", "David Axelrod", "Deodato", "Bill Perkins", "Paul Mauriat", "Xavier Cugat", "Harry Connick, Jr.", "Billy May", "David McCallum", "Willie Bobo", "Roger Williams", "Sam Butera", "Kenny G", "Gordon Jenkins", "Fausto Papetti"], "centerDistance": 0.21261190000000002, "angle": 0.0}, {"songs": ["The Queen of Tonga"], "artists": ["Edmundo Ros"], "centerDistance": 0.0, "angle": 1.2566370614359172}, {"songs": ["Don't Cry For Me Argentina (from \"Evita\")", "Watch What Happens", "Stand By Your Man", "Our Man Flint", "Lucky Seven"], "artists": ["Hollywood Studio Orchestra", "Denny McLain", "James Last", "Hugo Montenegro", "Syd Dale"], "centerDistance": 0.21878760000000003, "angle": 2.5132741228718345}, {"songs": ["A Taste Of Honey"], "artists": ["Herb Alpert and The Tijuana Brass"], "centerDistance": 0.063083, "angle": 3.7699111843077517}, {"songs": ["Moi, Lolita"], "artists": ["Caravelli"], "centerDistance": 0.31507799999999997, "angle": 5.026548245743669}]