[{"songs": ["Bad Alchemy", "Europa"], "artists": ["Slapp Happy", "Slapp Happy"], "centerDistance": 0.341436, "angle": 0.0}, {"songs": ["Scherzaaaaaaahhhh", "Home", "Cat 2: Seige On Hamburger City", "Another Ginger Tea", "Redskin", "Meandres (Meanderings)", "Christine", "Opa!", "Entertainment Woes", "L'Ethique (Part 2)", "Where'd Mom Go?", "Hands Of Production", "Bee (John Peel Session)", "The Ugly Buttling", "Jacaranda", "Ralis", "FC: The Freedom Club", "Kiss Tomorrow Goodbye / The Red Chowder Trenchcoat Conspiracy", "Ten Pence / Bridges", "Hail"], "artists": ["Zaar", "Hamster Theatre", "Hamster Theatre", "U Totem", "U Totem", "Univers Zero", "Etron Fou Leloublan", "Nimal", "Time of Orchids", "Richard Pinhas", "The Book of Knots", "The Book of Knots", "Henry Cow", "The Muffins", "KTU", "Boud Deun", "Sleepytime Gorilla Museum", "Estradasphere", "Boud Deun", "Ruins"], "centerDistance": 0.23337310000000003, "angle": 1.2566370614359172}, {"songs": ["10", "8"], "artists": ["Shub-Niggurath", "Shub-Niggurath"], "centerDistance": 0.346936, "angle": 2.5132741228718345}, {"songs": ["Frommage De Tete", "Plactypus"], "artists": ["Rattlemouth", "Rattlemouth"], "centerDistance": 0.358542, "angle": 3.7699111843077517}, {"songs": ["Sometimes I Feel Like A Motherless Child", "Joshua Fit The Battle Of Jericho"], "artists": ["Birdsongs of the Mesozoic", "Birdsongs of the Mesozoic"], "centerDistance": 0.07535999999999998, "angle": 5.026548245743669}]