[{"songs": ["The Greatest Love (Remix)", "To Fall In Love", "All That I Have (Is Love)", "Just A Little Bit Longer", "Show Your Love", "No Time To Linger", "That's the Way It Is", "Giving Thanks", "Dog World", "In Paradise", "Waiting For You", "Serious Tragedy", "Substitute Lover", "For The Love Of You", "On My Life", "Love You Higher", "Keep It Like It Is", "My Woman", "Your Love Is My Love (spanish Mix)", "Turn Back Hands By Time"], "artists": ["Peter Hunnigale", "Bitty McLean", "Bitty McLean", "Maxi Priest", "Benjy Myaz", "Terry Linen", "Beres Hammond", "Beres Hammond", "Lukie D", "Jackie Edwards", "Anthony Que", "Singing Melody", "Half Pint", "John Holt", "Jimmy Cliff", "Benjy Myaz", "Louisa Marks", "Barrington Levy", "Terry Linen", "Glen Ricks"], "centerDistance": 0.2368935, "angle": 0.0}, {"songs": ["Music (It Will Never Die)", "A Happy Song"], "artists": ["Carroll Thompson", "Carroll Thompson"], "centerDistance": 0.26762699999999995, "angle": 1.2566370614359172}, {"songs": ["Don't Be Cruel"], "artists": ["Chaka Demus & Pliers"], "centerDistance": 0.42886100000000005, "angle": 2.5132741228718345}, {"songs": ["Cottage In Negril", "Members Only", "Good Thing Going"], "artists": ["Tyrone Taylor", "Tyrone Taylor", "Sugar Minott"], "centerDistance": 0.35333533333333333, "angle": 3.7699111843077517}, {"songs": ["Silly Games", "Lovin' You"], "artists": ["Janet Kay", "Janet Kay"], "centerDistance": 0.4037445, "angle": 5.026548245743669}]