[{"songs": ["She Watch Channel Zero?!", "Chin Check", "Lip Gloss/ No Music (Main Version - clean)", "I Use To Think I Was Run", "Take A Tour", "As The Rhyme Goes On", "Step Into A World (Rapture's Delight)", "We Are No. 1", "The Doo Doo", "Netty's Girl (Explicit) (2009 Digital Remaster)", "Drunken Praying Mantis Style (Instrumental) (2009 Digital Remaster)", "Dettrimentally Stable", "Punks Jump Up To Get Beat Down (Explicit LP Version)", "Juicy", "Nothin'", "Lovesick (Edited)", "The Heist", "Turn It Up", "Respect (Explicit Version)", "Kill That Nigga (Kill That)"], "artists": ["Public Enemy", "N.W.A", "Lil Mama", "Rev Run", "Rev Run", "Eric B. & Rakim", "KRS-One", "Nice & Smooth", "Biz Markie", "Beastie Boys", "Beastie Boys", "Monie Love", "Brand Nubian", "The Notorious B.I.G.", "N.O.R.E.", "Gang Starr", "Big L", "Masta Ace", "Fabolous", "Mobb Deep"], "centerDistance": 0.08374074999999999, "angle": 0.0}, {"songs": ["I'm Chillin", "One-Two-Five (Main Street Harlem U.S.A.)"], "artists": ["Kurtis Blow", "Kurtis Blow"], "centerDistance": 0.11110550000000002, "angle": 1.2566370614359172}, {"songs": ["Original Rude Boy", "Voice Of Da Ghetto"], "artists": ["Fu-Schnickens", "Fu-Schnickens"], "centerDistance": 0.1371465, "angle": 2.5132741228718345}, {"songs": ["We Fly High", "Intro"], "artists": ["Jim Jones", "Jadakiss"], "centerDistance": 0.11314849999999999, "angle": 3.7699111843077517}, {"songs": ["The Flute Song (LaLaLa)", "Global"], "artists": ["Tha Alkaholiks", "Bahamadia"], "centerDistance": 0.11185499999999998, "angle": 5.026548245743669}]