[{"songs": ["Elevator Music (instr)", "It's You (I Think)", "Amazing", "Forgive Me", "Stand Strong", "Why", "Yawning Zeitgeist Intro (Freestyle)", "One Of A Kind", "Blindsided (Instrumental)", "U Will", "Great God", "All About Crime", "Washed in the Blood of the Lamb", "Intro", "Tight Rope", "Feed The Hungry", "No City", "Be Careful (Clean)", "Fresh Air", "Two Step Blues feat. Darien Brockington"], "artists": ["Asheru and Blue Black Of The Unspoken Heard", "Substantial", "Opus Akoben", "Opus Akoben", "Smif-N-Wessun", "Organized Konfusion", "Busdriver", "Blackalicious", "Pete Rock", "Kenn Starr", "PackFM", "Apathy", "Vinnie Paz", "Lone Catalysts", "Brother Ali", "Guru", "Aesop Rock", "Black Sheep", "Brother Ali", "Little Brother"], "centerDistance": 0.05013304999999999, "angle": 0.0}, {"songs": ["Think About (instr)"], "artists": ["Asheru and Blue Black Of The Unspoken Heard"], "centerDistance": 0.0, "angle": 1.2566370614359172}, {"songs": ["Badabing", "Let Me In"], "artists": ["Copywrite", "Copywrite"], "centerDistance": 0.06630999999999998, "angle": 2.5132741228718345}, {"songs": ["I Heard It Today", "Hatred", "The Louisiana Purchase"], "artists": ["Mr. Lif", "Mr. Lif", "Akir"], "centerDistance": 0.06727433333333337, "angle": 3.7699111843077517}, {"songs": ["The Answer", "Step It Up"], "artists": ["Oddisee", "Supastition"], "centerDistance": 0.0682255, "angle": 5.026548245743669}]