[{"songs": ["You Can Run But You Can't Hide (LP Version)", "(If I Never Sing) My Song (LP Version)", "Room To Move", "Parchman Farm", "Carolina Blues", "My Crime", "Lucky In Love", "Still a Fool", "Wrong Man For Me", "I Wanna Will My Love to You", "Walking in the Park", "Reconsider Baby", "Horse & Cart", "I Need A Real Man", "Empty Arms", "Anyway The Wind Blows", "Leavin' Blues", "Got To Find My Baby", "I Feel So Good (Part 1)", "Midnight In Her Eyes"], "artists": ["The Paul Butterfield Blues Band", "The Paul Butterfield Blues Band", "John Mayall", "John Mayall & The Bluesbreakers", "Blues Traveler", "Canned Heat", "Debbie Davies", "Groundhogs", "Debbie Davies", "Carey Bell", "Carey Bell", "Chicken Shack", "Chicken Shack", "E.C. Scott", "Stevie Ray Vaughan And Double Trouble", "J.J. Cale & Eric Clapton", "Taste", "Rod Piazza & The Mighty Flyers", "Taste", "The Black Keys"], "centerDistance": 0.09799655000000003, "angle": 0.0}, {"songs": ["Bad Luck Baby", "Buried Alive in the Blues"], "artists": ["Mike Bloomfield", "Mike Bloomfield"], "centerDistance": 0.17976550000000002, "angle": 1.2566370614359172}, {"songs": ["Liar's Dice Blues", "Sleeping In The Ground", "I've Got News For You"], "artists": ["Eric Sardinas", "Blind Faith", "Edgar Winter"], "centerDistance": 0.16303900000000002, "angle": 2.5132741228718345}, {"songs": ["Talk To Me Baby", "Walkin' blues"], "artists": ["Tony Sarno", "Tony Sarno"], "centerDistance": 0.21824749999999998, "angle": 3.7699111843077517}, {"songs": ["Don't Stay Out All Night", "Don't Lie To Me (Live)", "Nine Below Zero"], "artists": ["Billy Boy Arnold", "Deborah Coleman", "Snooky Pryor"], "centerDistance": 0.14208233333333334, "angle": 5.026548245743669}]