[{"songs": ["Honda Betty", "Who Does She Think She Is", "Further On Up The Road", "Mumbling Word", "Two Bugs and a Roach", "What Have I Done Wrong", "I Got To Love My Woman", "Shak Bully", "Dry Throat", "She Thinks I Still Care", "I Get The Blues So Easy", "Letter To My Girlfriend", "Purple", "Eyesight", "Sweet And Mean", "Angel On My Shoulder", "I Can Stand To See You Die", "Think", "Light of day", "On The Run"], "artists": ["Arthur Adams", "Arthur Adams", "Freddie King", "Joe Bonamassa", "Earl Hooker", "Magic Sam", "Barry Goldberg", "Larry Garner", "John Mayall", "Bugs Henderson", "Debbie Davies", "Chris Duarte", "Shuggie Otis", "Todd Wolfe Blues Project", "Bugs Henderson", "Popa Chubby", "Shuggie Otis", "Magic Slim & The Teardrops", "Todd Wolfe", "Todd Wolfe Blues Project"], "centerDistance": 0.3855120500000001, "angle": 0.0}, {"songs": ["Lost Love"], "artists": ["Barry Goldberg"], "centerDistance": 0.418455, "angle": 1.2566370614359172}, {"songs": ["Killing Floor", "Texas"], "artists": ["The Electric Flag", "The Electric Flag"], "centerDistance": 0.460293, "angle": 2.5132741228718345}, {"songs": ["I'Ve Got Love On The Line", "Devils in the Head"], "artists": ["E.C. Scott", "Ace Moreland"], "centerDistance": 0.48367699999999997, "angle": 3.7699111843077517}, {"songs": ["Lifetime Thing", "The B.P. Blues", "Step On It"], "artists": ["Robben Ford", "Larry Carlton", "Robben Ford & The Blue Line"], "centerDistance": 0.4833873333333334, "angle": 5.026548245743669}]