[{"songs": ["Sorry My Friend", "Knowing", "Freeze Frame", "One Million Reasons", "Foolin Me", "Dress Like a Pimp", "Plaza Gorria", "Unity", "Chicago", "MC. Dolar", "Lonely Starts & Broken Hearts (Album Version)", "No Se Vende Rockroll", "She's Lovely", "So Far", "Cancion De Mala Suerte", "The Shape of Funk to Come", "La Marxa", "Sota El Seu Cel", "Difflam", "Pay to Cum"], "artists": ["Save Ferris", "The Slackers", "Less Than Jake", "The Mighty Mighty Bosstones", "The Robustos", "Kenisia", "Skalariak", "Operation Ivy", "Big D and the Kids Table", "Ska-P", "Left Alone", "Boikot", "Big D and the Kids Table", "MU330", "Voodoo Glow Skulls", "Adequate Seven", "Obrint Pas", "Obrint Pas", "Howards Alias", "Skankin' Pickle"], "centerDistance": 0.2599574, "angle": 0.0}, {"songs": ["Jambalaya"], "artists": ["Los Hooligans"], "centerDistance": 0.0, "angle": 1.2566370614359172}, {"songs": ["I Call It Crime", "Five Reasons"], "artists": ["Skaos", "Skaos"], "centerDistance": 0.29194, "angle": 2.5132741228718345}, {"songs": ["Old and Grey", "Fight All Night"], "artists": ["Dance Hall Crashers", "Dance Hall Crashers"], "centerDistance": 0.291914, "angle": 3.7699111843077517}, {"songs": ["Blank Stare"], "artists": ["The Planet Smashers"], "centerDistance": 0.135714, "angle": 5.026548245743669}]