[{"songs": ["She's Gone", "I'm From LA", "Is There Anybody There?", "The wait is over", "Blue glove", "Belfast", "This Year's War", "Great Equalizer (Boomer Version)", "Mentally Murdered", "Revolution", "Someone", "Off with their heads", "Man With the Dogs", "Dead Weight Falls (Album Version)"], "artists": ["Blanks 77", "Go Betty Go", "Flux of Pink Indians", "Emma's Mini", "Emma's Mini", "Rubella Ballet", "Subhumans", "JFA", "Icons of Filth", "Citizen Fish", "Dirt Poor Robins", "Inner Terrestrials", "Dead Kennedys", "The Unseen"], "centerDistance": 0.4183178571428572, "angle": 0.0}, {"songs": ["Seven", "Vista"], "artists": ["Mangataot", "Mangataot"], "centerDistance": 0.429628, "angle": 1.2566370614359172}, {"songs": ["Genocide", "Get in the Coffin"], "artists": ["The Varukers", "A Global Threat"], "centerDistance": 0.430309, "angle": 2.5132741228718345}, {"songs": ["Under 18", "Death Is The Only Release", "Dirty Squatters", "Anarcheest (69)"], "artists": ["Naked Aggression", "Icons of Filth", "Zounds", "The Epileptics"], "centerDistance": 0.4082745, "angle": 3.7699111843077517}, {"songs": ["Another Day", "Fleas", "Bitter Youth", "Great Vacation", "Biafra", "Big Picture", "I Am Mentle", "Last Train to Nowhere", "Papercuts (from King of Hearts)"], "artists": ["The Profit$", "The Profit$", "Naked Aggression", "Dirt Poor Robins", "Zounds", "Subhumans", "The Epileptics", "Anti-Pasti", "Korby Lenker"], "centerDistance": 0.3324476666666667, "angle": 5.026548245743669}]