[{"songs": ["Mamacita", "Dutty Wine", "Miss Fatty"], "artists": ["Collie Buddz", "Tony Matterhorn", "Million Stylez"], "centerDistance": 0.030777999999999972, "angle": 0.0}, {"songs": ["What"], "artists": ["Wayne Wonder"], "centerDistance": 0.03950799999999999, "angle": 1.2566370614359172}, {"songs": ["Pure War", "Powder No Man", "Mama Man", "Murder She Wrote", "More Gal", "The Stopper", "Da Rolling", "Fat Till It Swell", "Own Place", "Dancehall Vibes", "One Lick", "Bloodstain", "How It Feel", "Bandelero", "Trouble and War", "Baby Why", "Wild Out", "Jump Up And Down", "Length & Strength", "Woman Mi Name"], "artists": ["Beenie Man", "Ninjaman", "Shabba Ranks", "Chaka Demus & Pliers", "T.O.K.", "Cutty Ranks", "Vybz Kartel", "Alozade", "Mega Banton", "Little John", "Cutty Ranks", "Mr. Vegas", "Konshens", "Pinchers", "Chaka Demus & Pliers", "Turbulence", "Collie Buddz", "Jigsy King", "Macka Diamond", "Macka Diamond"], "centerDistance": 0.016211099999999996, "angle": 2.5132741228718345}, {"songs": ["Special"], "artists": ["Junior Reid"], "centerDistance": 0.09679499999999996, "angle": 3.7699111843077517}, {"songs": ["Big Belly Man", "Original Kuff", "What The Hell"], "artists": ["Admiral Bailey", "Chaka Demus", "Echo Minott"], "centerDistance": 0.048946333333333314, "angle": 5.026548245743669}]