[{"songs": ["Rasta Communication", "A Place Called Africa", "Broken Contract"], "artists": ["Keith Hudson", "Junior Byles", "Zap Pow"], "centerDistance": 0.22303266666666666, "angle": 0.0}, {"songs": ["Nena Te Amo", "En El Rio", "Love Song", "Pupilas Lejanas", "Carbine", "Deliver Me From My Enemies", "Kiss Somebody", "Global Warning", "Sodom And Gomorrow", "10 Commandments", "Repatriation", "Fever", "Melt Away", "If I Were You", "ababa john (father majesty)", "Mandela", "Live Good", "God Bless", "Jah Calling", "Temptation"], "artists": ["Fidel Nadal", "Nonpalidece", "Nonpalidece", "Los Pericos", "Black Uhuru", "Yabby You", "Johnny Osbourne", "Steel Pulse", "The Congos", "Lee \"Scratch\" Perry", "Burning Spear", "Horace Andy", "Max Romeo", "Wailing Souls", "Don Carlos", "The Abyssinians", "Johnny Osbourne", "Eek-A-Mouse", "The Itals", "The Itals"], "centerDistance": 0.19390775000000002, "angle": 1.2566370614359172}, {"songs": ["What A Great Day", "Last Train To Africa"], "artists": ["Lacksley Castell", "Prince Alla"], "centerDistance": 0.24074449999999997, "angle": 2.5132741228718345}, {"songs": ["Fort Augustus", "Walk With Jah", "Need a Man Like Me", "Country Boy"], "artists": ["Junior Delgado", "Hugh Mundell", "Earl Sixteen", "The Heptones"], "centerDistance": 0.2238105, "angle": 3.7699111843077517}, {"songs": ["Merry Go Round", "Let Your Heart Be Pure", "Mary Ann"], "artists": ["Junior Delgado", "Leroy Smart", "Tony Tuff"], "centerDistance": 0.23753433333333332, "angle": 5.026548245743669}]