[{"songs": ["El Carretero", "Primero y Que", "Mi Mama Me Ha Dicho", "Mas Que Amor", "Nada Puedo Hacer", "Mosaico Se Boto/ La Comey/ Que Suene Mi Campana/ Al Son De Los Cueros (Medley)", "El Picaflor", "Playa Brisa Y Mar", "Ndiabaane", "Por Ti No Morire", "Zodiaco", "Dalaka", "Son Fo", "Camarones Y Guavaras", "A Medellin", "Bemba Colora", "El Brujo", "Quiero Volver Contigo", "Juan En La Ciudad", "Mi Mayoral"], "artists": ["The Latin Brothers", "Grupo Niche", "Grupo Niche", "Grupo Gale", "Grupo Gale", "Sonora Carruseles", "Los Nemus Del Pacifico", "Los Nemus Del Pacifico", "Africando", "Joe Arroyo", "Los Titanes", "Africando", "Africando All Stars", "Conjunto Clasico", "Conjunto Clasico", "Celia Cruz", "Billo's Caracas Boys", "Puerto Rican Power", "Richie Ray & Bobby Cruz", "Richie Ray & Bobby Cruz"], "centerDistance": 0.08510979999999999, "angle": 0.0}, {"songs": ["La Bamba", "No Pidas M\u00e1s"], "artists": ["Billo's Caracas Boys", "El Combo De Las Estrellas"], "centerDistance": 0.21566599999999997, "angle": 1.2566370614359172}, {"songs": ["Gandinga", "Evelio Y La Rumba"], "artists": ["Los Soneros del Barrio", "Los Soneros del Barrio"], "centerDistance": 0.17498400000000003, "angle": 2.5132741228718345}, {"songs": ["Para Que Gocen Todos", "Maria Cristina"], "artists": ["Vieja Trova Santiaguera", "Vieja Trova Santiaguera"], "centerDistance": 0.21806199999999998, "angle": 3.7699111843077517}, {"songs": ["Cote Pa la Cola (LP Version)", "Bitter Sweet (LP Version)"], "artists": ["Charlie Palmieri", "Charlie Palmieri"], "centerDistance": 0.18564800000000004, "angle": 5.026548245743669}]