[{"songs": ["Bazaar Of The Caravans", "Autumn Leaves", "Mexican Shuffle", "Happiness Cocktail", "Once Upon A Dream", "Born Free/Star Wars", "In Old Lisbon", "Please", "Moonlight serenade", "Laura / More (Medley) (1996 Digital Remaster)", "The Girl From Ipanema / Meditation (Medley) (1996 Digital Remaster)", "They Say It's Wonderful", "Alley Cat", "Spanish Flea/ Fond Play (Medley)", "Serendipity", "No Can Do", "Gay Spirits", "Cuban Love Song (Canci\u00f3n Cubana)", "Always Taking Aim", "The Look Of Love"], "artists": ["Percy Faith & His Orchestra", "Bill Pursell", "Herb Alpert and The Tijuana Brass", "Gordon Jenkins", "Gordon Jenkins", "Roger Williams", "Frank Chacksfield", "Ray Conniff", "Ray Conniff", "Denny McLain", "Denny McLain", "Henry Jerome", "Baja Marimba Band", "Baja Marimba Band", "Eumir Deodato", "Xavier Cugat", "David Rose & His Orchestra", "Edmundo Ros & His Orchestra", "Burt Bacharach", "Burt Bacharach"], "centerDistance": 0.19087215000000002, "angle": 0.0}, {"songs": ["Cast Your Fate To The Wind"], "artists": ["Sounds Orchestral"], "centerDistance": 0.24132600000000004, "angle": 1.2566370614359172}, {"songs": ["Valdivia", "A Letter To Mr. B"], "artists": ["Horst Jankowski", "Horst Jankowski"], "centerDistance": 0.12264900000000001, "angle": 2.5132741228718345}, {"songs": ["That Old Black Magic"], "artists": ["David Rose"], "centerDistance": 0.27143399999999995, "angle": 3.7699111843077517}, {"songs": ["The Golden Tango"], "artists": ["Frank Chacksfield"], "centerDistance": 0.11016099999999995, "angle": 5.026548245743669}]