[{"songs": ["Talkin Sh*t", "Judgement Night", "Judy Lynn", "Broke B*tch", "Skit (Luv 2 Hate Me)", "The Life", "Veteran", "Mack Maine Supreme", "Walk With It", "Sell A Lot Of Things", "Down wtih Clique", "Already", "Die Nigga Die", "W.O.W.", "Chewin'", "Everyday Thang", "We Komin'", "Head Bussaz", "Ruffest Niggaz Out", "So What U Workin' Out"], "artists": ["Prophet Posse", "Prophet Posse", "Koopsta Knicca", "Koopsta Knicca", "Playa Fly", "Indo G", "Indo G", "Yo Gotti", "Al Kapone", "Juicy J", "Gangsta Blac", "Nasty Nardo", "Tommy Wright III", "Kia Shine", "Frayser Boy", "Frayser Boy", "M-Child", "Da Headbussaz", "Da Headbussaz", "Yo Gotti"], "centerDistance": 0.12322199999999998, "angle": 0.0}, {"songs": ["Zero Tolerance (F*ck Them Laws)", "Death & Life (Skit)"], "artists": ["Lil Wyte", "Lil Wyte"], "centerDistance": 0.38705599999999996, "angle": 1.2566370614359172}, {"songs": ["Talkin Trash", "Thuggish Ruggish Bustaz"], "artists": ["Playa Fly", "Tommy Wright III"], "centerDistance": 0.10252900000000004, "angle": 2.5132741228718345}, {"songs": ["Funroom", "Live Debaco"], "artists": ["Petey Pablo", "Petey Pablo"], "centerDistance": 0.43851, "angle": 3.7699111843077517}, {"songs": ["God Please", "Robbin"], "artists": ["Gangsta Pat", "Gangsta Pat"], "centerDistance": 0.20405300000000004, "angle": 5.026548245743669}]