[{"songs": ["I'm Sorry", "Ooh Rockin' Daddy", "Baby Please", "Oh Happy Day", "Weeping Willow", "That's Why I Love You So / I'll Be Satisfied (Live)", "Wonderful Girl", "Come Go With Me", "The Angels Listened In", "Jessie Mae", "Tears On My Pillow", "These Golden Rings", "Maybe", "She's My Angel", "True Love Affair (Alternate Take)", "Thrill Me", "Bim Bam Boom", "The Only One I Love", "Why Do Kids Grow Up", "Now I Pray"], "artists": ["The Platters", "The Moonglows", "The Moonglows", "The Five Satins", "The Five Satins", "The Cleftones", "Dion & The Belmonts", "The Del-Vikings", "The Crests", "The Spaniels", "Little Anthony & The Imperials", "The Jive Five", "The Chantels", "Randy & The Rainbows", "The Elegants", "The Mello-Kings", "The El Dorados", "The Miracles", "Randy & The Rainbows", "The Dells"], "centerDistance": 0.040516699999999996, "angle": 0.0}, {"songs": ["Much Too Much", "That's Why (LP Version)"], "artists": ["The Hollywood Flames", "Ivory Joe Hunter"], "centerDistance": 0.081988, "angle": 1.2566370614359172}, {"songs": ["Come Back My Love", "Hully Gully", "Been So Long"], "artists": ["The Wrens", "The Hollywood Argyles", "The Pastels"], "centerDistance": 0.10401, "angle": 2.5132741228718345}, {"songs": ["One Summer Night", "Could This Be Magic", "Gloria", "Teardrops"], "artists": ["The Danleers", "The Dubs", "The Cadillacs", "Lee Andrews & The Hearts"], "centerDistance": 0.13771, "angle": 3.7699111843077517}, {"songs": ["Tonight I Fell In Love", "Hushabye", "Baby Talk", "Oh Rose Marie"], "artists": ["The Tokens", "The Mystics", "Jan & Dean", "The Fascinators"], "centerDistance": 0.14232725000000002, "angle": 5.026548245743669}]