[{"songs": ["Trainwreck of Emotion", "Mandolin Rain", "To Tell You The Truth", "Either Way", "Getting There", "Calico Plains", "Forever Love", "Without Love", "I'm Thinking Tonight Of My Blue Eyes", "Lonesome Standard Time", "Men & Mascara", "The Look Of Love", "You're The Man (That Brings The Woman Out Of Me)", "I Wish For You", "Family"], "artists": ["Lorrie Morgan", "Pam Tillis", "Gretchen Wilson", "Lee Ann Womack", "Terri Clark", "Pam Tillis", "Reba McEntire", "Mindy McCready", "Dolly Parton", "Kathy Mattea", "Julie Roberts", "Shelby Lynne", "Jessica Andrews", "Jessica Andrews", "LeAnn Rimes"], "centerDistance": 0.3834057333333333, "angle": 0.0}, {"songs": ["The Hard Way", "I Take My Chances"], "artists": ["Mary Chapin Carpenter", "Mary Chapin Carpenter"], "centerDistance": 0.351059, "angle": 1.2566370614359172}, {"songs": ["Heart Wrenching Lovesick Memories", "Last Time Loving You"], "artists": ["Rhonda Vincent", "Rhonda Vincent"], "centerDistance": 0.3247765, "angle": 2.5132741228718345}, {"songs": ["Better Than You", "If These Walls Could Talk", "Anything's Better Than Feelin' The Blues", "Guys Do It All The Time", "Stronger (Live)", "Politically Uncorrect", "Nothing Wrong - Duet with Marc Broussard", "Love Travels", "A Bridge That's Burning", "Why Have You Left The One You Left For Me"], "artists": ["Terri Clark", "Lee Ann Womack", "Martina McBride", "Mindy McCready", "Faith Hill", "Gretchen Wilson", "LeAnn Rimes", "Kathy Mattea", "Julie Roberts", "Crystal Gayle"], "centerDistance": 0.37238080000000007, "angle": 3.7699111843077517}, {"songs": ["Never Comin' Down", "Brand New Key"], "artists": ["Deana Carter", "Deana Carter"], "centerDistance": 0.329708, "angle": 5.026548245743669}]