[{"songs": ["Luckiest Man Alive", "God Spoke His Name", "Wild Bill", "Unequal Love", "Good Man Like Me", "Get Off This", "Nothing Short of Thankful", "Precious Jewel", "Savoy Special", "Rod McNeil", "No Letter In The Mail", "Too Much Time", "Baby Blue Eyes", "Sally Ann", "Hello Stranger", "Riding Alone", "Buck Hill", "Out of Hand", "Lyin' Down The Middle", "Let's Say Goodbye (Like We Said Hello)"], "artists": ["The Nashville Bluegrass Band", "Claire Lynch", "Blue Highway", "The Del McCoury Band", "The Del McCoury Band", "Leftover Salmon", "The Avett Brothers", "Rhonda Vincent", "Chatham County Line", "Tim O'Brien", "Bill Monroe and the Bluegrass Boys", "The Hackensaw Boys", "Lester Flatt & Earl Scruggs", "The Hackensaw Boys", "The Flatlanders", "The Nitty Gritty Dirt Band", "Blue Highway", "Rhonda Vincent", "Dillard & Clark", "The Coal Porters"], "centerDistance": 0.2554497500000001, "angle": 0.0}, {"songs": ["Dark As The Night,Blue As The Day"], "artists": ["The Nashville Bluegrass Band"], "centerDistance": 0.0, "angle": 1.2566370614359172}, {"songs": ["Goodbye Old Paint", "On the Rock Where Moses Stood"], "artists": ["Harry McClintock", "The Carter Family"], "centerDistance": 0.286337, "angle": 2.5132741228718345}, {"songs": ["Like a Melody", "What You Are"], "artists": ["The Greencards", "The Greencards"], "centerDistance": 0.27329349999999997, "angle": 3.7699111843077517}, {"songs": ["Dixie Breakdown"], "artists": ["Don Reno"], "centerDistance": 0.275223, "angle": 5.026548245743669}]