[{"songs": ["Tocan Las Zambombas", "Mi Mal NoTiene Cura (Soleares)", "Merengue Passion", "Prefiero La Muerte (Malague\u00f1a)", "Fandangos De Huelva", "De Contrabando", "We Wish You A Merry Christmas", "Buler\u00edas (Sole\u00e1)", "Caminos de soledad \"Soleares de Jose Bergamin\" (solea)", "\u00a1Que buena gitana! (seguirilla)", "Loko", "Entre Col Y Col (Buler\u00edas)", "Latino", "Silver Bells", "Quiero Ser Libre", "Zorongo Gitano", "La canci\u00f3n del mariquita", "Silueta", "Ventanas Al Alma", "Buler\u00edas"], "artists": ["Manuel Vallejo", "Fernanda de Utrera", "Camino De Lobo", "Enrique Morente", "Sabicas", "Duquende", "Lara & Reyes", "Fernanda de Utrera", "Jos\u00e9 Menese", "Jos\u00e9 Menese", "Ketama", "Lola Flores", "Oscar Lopez", "Lara & Reyes", "Los Chichos", "Lola Flores", "Diego Carrasco", "Strunz & Farah", "Vicente Amigo", "Manuel de Paula"], "centerDistance": 0.29980065000000006, "angle": 0.0}, {"songs": ["Fiesta", "MI Jardanay"], "artists": ["La Tobala", "La Tobala"], "centerDistance": 0.410764, "angle": 1.2566370614359172}, {"songs": ["Santa Ana repica (Seguiriyas)", "Vareando aceitunas (Canti\u00f1as)"], "artists": ["Carmen Linares", "Carmen Linares"], "centerDistance": 0.4112815, "angle": 2.5132741228718345}, {"songs": ["Como La Luna En El Agua", "Alfileres De Colores"], "artists": ["Miguel Poveda", "Miguel Poveda"], "centerDistance": 0.41170199999999996, "angle": 3.7699111843077517}, {"songs": ["De La Torre De La Vela (Fandangos)"], "artists": ["Juan Carmona"], "centerDistance": 0.28647199999999995, "angle": 5.026548245743669}]