[{"songs": ["Long Walk From Childhood", "In My Life", "What We're Fighting For", "I Love", "Salute To A Switchblade", "Am I Losing You", "You Win Again", "Why Baby Why", "Numbers", "No Home", "Knee Deep In The Blues", "When Something Is Wrong With My  Baby", "Abilene", "Pop A Top", "I Ain't Never", "I Don't Ever Want Her To Feel That Way Again", "Sure Hit Songwriters Pen", "Don't Tell Mamma", "Cowboys And Clowns", "Someone Loves You Honey"], "artists": ["Don Williams", "Don Williams", "Dave Dudley", "Tom T. Hall", "Tom T. Hall", "Jim Reeves", "George Jones", "Webb Pierce", "Bobby Bare", "Charlie Rich", "Marty Robbins", "Charlie Rich", "George Hamilton IV", "Jim Ed Brown", "Webb Pierce", "Travis Tritt", "Bobby Bare", "Doug Stone", "Ronnie Milsap", "Charley Pride"], "centerDistance": 0.1955489, "angle": 0.0}, {"songs": ["Teddy Bear Song", "Country Bumpkin", "Satin Sheets"], "artists": ["Barbara Fairchild", "Cal Smith", "Jeanne Pruett"], "centerDistance": 0.344271, "angle": 1.2566370614359172}, {"songs": ["Soul Song", "Walk Out Backwards", "You're The Only World I Know", "She's Not Really Cheatin'", "Charlie's Shoes"], "artists": ["Joe Stampley", "Bill Anderson", "Sonny James", "Moe Bandy", "Billy Walker"], "centerDistance": 0.249106, "angle": 2.5132741228718345}, {"songs": ["Wasted Days And Wasted Nights", "Before The Next Teardrop Falls"], "artists": ["Freddy Fender", "Freddy Fender"], "centerDistance": 0.28623099999999996, "angle": 3.7699111843077517}, {"songs": ["Three Hearts In A Tangle", "Still", "Chiseled In Stone", "There Goes My Everything", "You Are My Sunshine"], "artists": ["Roy Drusky", "Bill Anderson", "Vern Gosdin", "Jack Greene", "Jimmie Davis"], "centerDistance": 0.2547822, "angle": 5.026548245743669}]