[{"songs": ["Say Nothing", "Mother Instinct", "Colibri", "Na Mangueira", "Sunchild", "Cosmic Gypsy", "Balada de Chusy", "No Me Pagan", "Batucada de carioca", "What's Up", "Sweet Nothing", "Less Than One", "Do It Right", "Woman Thing", "Let My Dreams Come True", "Queen Bee", "Grand Groove", "Yeah Yeah", "This Time", "Gotcha!"], "artists": ["Heavy Merge", "Heavy Merge", "Incognito", "Zuco 103", "Incognito", "United Future Organization", "Los Amigos Invisibles", "Los Amigos Invisibles", "Reminiscence Quartet", "Count Basic", "Working Week", "The Grassy Knoll", "Chris Ballin", "Brooklyn Funk Essentials", "Us3", "Medeski, Martin and Wood", "Us3", "Soulive", "Working Week", "Down To The Bone"], "centerDistance": 0.3426243, "angle": 0.0}, {"songs": ["Only Clave", "Bermuda Triangle"], "artists": ["Dapp Theory", "Dapp Theory"], "centerDistance": 0.27932199999999996, "angle": 1.2566370614359172}, {"songs": ["Bossa Interlude"], "artists": ["Liquid Soul"], "centerDistance": 0.39143700000000003, "angle": 2.5132741228718345}, {"songs": ["Breathe"], "artists": ["Addison Groove Project"], "centerDistance": 0.40192000000000005, "angle": 3.7699111843077517}, {"songs": ["Worlds' on a leash", "Pick Up The Pieces (LP Version)"], "artists": ["Liquid Soul", "Average White Band"], "centerDistance": 0.3914125, "angle": 5.026548245743669}]