[{"songs": ["Ai Zai 85 Du C (OT:What's It Gonna Take)", "Sui Chuan Sui Dao"], "artists": ["\u674e\u739f", "\u65b9\u529b\u7533"], "centerDistance": 0.130648, "angle": 0.0}, {"songs": ["Get High", "Zai Zhe Li Deng Ni (OT:No Escape)", "Da Hui Tang Yan Zou Ting", "Bai Ri Meng", "Zuo You Ming", "Jin Sheng Jin Shi", "I Gotta Go", "Diva", "Ji Xiang Wu"], "artists": ["B.A.D.", "F4", "\u674e\u514b\u52e4", "\u6881\u6f22\u6587", "Kary Ng", "\u9673\u5c0f\u6625", "\u9ec3\u7acb\u884c", "\u6797\u61b6\u84ee", "\u76e7\u5de7\u97f3"], "centerDistance": 0.29277755555555557, "angle": 1.2566370614359172}, {"songs": ["Crescent Bay", "Xu Yao Ni De Ai"], "artists": ["F.I.R.", "F.I.R."], "centerDistance": 0.20948199999999995, "angle": 2.5132741228718345}, {"songs": ["Oh!I", "Our X'mas", "Bao Xue", "Shou Hu Shen", "Hong Fen Fei Fei", "Wo De Sheng Cun Zhi Dao", "Duo Shi Xin", "Ti Yan (OT:Goodbye)", "Player Solo (2002 Concert Version)", "Shi Fen.Ai", "Stay Right Here", "Yan Hua San Yue", "Lian Lian Feng Chun", "Xin Ao Bie Lian", "Lang Lai Liao (OT: Heartbreaker)"], "artists": ["B.A.D.", "\u9ece\u660e", "\u5f35\u5b78\u53cb", "\u65b9\u529b\u7533", "\u738b\u83f2", "\u694a\u5343\u5b05", "\u6797\u61b6\u84ee", "F4", "\u5f35\u60e0\u59b9", "Stephy Tang", "JS", "\u6881\u8a60\u742a", "Priscilla Chan", "Kary Ng", "Rainie Yang"], "centerDistance": 0.2646441333333333, "angle": 3.7699111843077517}, {"songs": ["Airport in 10:30", "Hu Die Fei Liao"], "artists": ["\u9676\u5586", "Stephy Tang"], "centerDistance": 0.2369015, "angle": 5.026548245743669}]