[{"songs": ["Hide Away (Mutilated By Project-X)", "Crying all the way to the pawnshop", "Music Makes Me Sick", "Faith", "Between the lines", "How Come We", "Just Locals", "The Way I Feel Tonite", "Heartattack", "I'm Leaving You Because I Don't Love You", "It Was a Strange Time in My Life", "The last days of August", "One final call", "K-L-M Line", "It's All Good", "Bang\u00e5rdsgatan", "Here Comes That Feeling", "So You Want Me to Bleed", "The City, the Airport", "Your Eyes"], "artists": ["The Legends", "Pelle Carlberg", "The Charade", "The Charade", "Sambassadeur", "Popsicle", "The Concretes", "Moto Boy", "Bad Cash Quartet", "Jens Lekman", "Jens Lekman", "Airliner", "Airliner", "The Fairways", "El Perro del Mar", "Vapnet", "El Perro del Mar", "Billie the Vision & The Dancers", "Loney, dear", "Weeping Willows"], "centerDistance": 0.0572994, "angle": 0.0}, {"songs": ["A Side In A Bed", "Again, Again"], "artists": ["Love Is All", "Love Is All"], "centerDistance": 0.17176599999999997, "angle": 1.2566370614359172}, {"songs": ["Innan Vi Faller", "H\u00f6gsta taket, h\u00f6gsta v\u00e5ningen"], "artists": ["Jonathan Johansson", "Jonathan Johansson"], "centerDistance": 0.098694, "angle": 2.5132741228718345}, {"songs": ["Nervous Wreck", "Tiger Teeth"], "artists": ["Call and Response", "Call and Response"], "centerDistance": 0.20142499999999997, "angle": 3.7699111843077517}, {"songs": ["Knee Deep at the NPL", "Let Me Go Home"], "artists": ["Camera Obscura", "Camera Obscura"], "centerDistance": 0.19410300000000003, "angle": 5.026548245743669}]