[{"songs": ["Reflect", "Cybertrance", "Calling Earth", "Timerider (Club Mix)", "Take a Ride", "Like This Like That", "Proximus medley with Adiemus", "Lost In Love (Sunbeam Single Cut)", "Beat the Drums", "The Citrus Juicer", "Awakening (Radio Edit)", "Anything Is Possible", "Far From Over", "100", "Ocean Drive", "Flash", "A melody", "Advanced (Filterheadz Love Distortion Remix)", "Twisted (Svenson & Gielen Energy mix)", "Control"], "artists": ["Three 'N One", "Blue Alphabet", "Yves Deruyter", "DJ Quicksilver", "Brooklyn Bounce", "Mauro Picotto", "Mauro Picotto", "Trance Allstars", "Van Der Karsten", "Rank 1", "Rank 1", "Accuface", "Kamaya Painters", "Van Der Karsten", "DJ Shog", "BBE", "Groovezone", "Marcel Woods", "Svenson & Gielen", "Junk Project"], "centerDistance": 0.40751945, "angle": 0.0}, {"songs": ["On The Move (Radio Edit)", "Infected (Radio Edit)"], "artists": ["Barthezz", "Barthezz"], "centerDistance": 0.44919000000000003, "angle": 1.2566370614359172}, {"songs": ["Ayla", "1998", "1998 (Paul Van Dyk Remix)", "Luvstruck", "Gouryella"], "artists": ["Ayla", "Binary Finary", "Binary Finary", "Southside Spinners", "Gouryella"], "centerDistance": 0.41925080000000003, "angle": 2.5132741228718345}, {"songs": ["Strange World", "Superstring (Rank 1 Remix)", "Sunset on Ibiza"], "artists": ["Push", "Cygnus X", "Three Drives"], "centerDistance": 0.39051300000000005, "angle": 3.7699111843077517}, {"songs": ["Flowtation", "Dreamland"], "artists": ["Vincent de Moor", "Nu NRG"], "centerDistance": 0.442137, "angle": 5.026548245743669}]