[{"songs": ["Just A Friend", "Pop Goes The Weasel", "Style (Peter Gunn Theme) (Extended Remixed Version))", "It's On (LP Version)", "Sleepin' On Jersey (Featuring Queen Latifah) (LP Version)", "One-Two-Five (Main Street Harlem U.S.A.)", "The New Style", "Three MC's and One DJ", "Delta 2006", "I Use To Think I Was Run", "Go See The Doctor", "Take A Tour", "King Of Rock (Explicit LP Version)", "Scenario", "Way Out (LP Version)", "Make Room For The Dub.B.U.", "Blame It On The Muzick (LP Version)", "The Best", "You And Me", "Talkin' All That Jazz (Dominoes Vocal Remix)"], "artists": ["Biz Markie", "3rd Bass", "Grandmaster Flash", "Naughty By Nature", "Naughty By Nature", "Kurtis Blow", "Beastie Boys", "Beastie Boys", "Ultramagnetic MC's", "Rev Run", "Kool Moe Dee", "Rev Run", "MC Lyte", "A Tribe Called Quest", "J.J. Fad", "Low Profile", "J.J. Fad", "Kool Moe Dee", "Capital Tax", "Stetsasonic"], "centerDistance": 0.058484, "angle": 0.0}, {"songs": ["Kick it Live From 9-5 [4SM Mix]"], "artists": ["The Sugarhill Gang"], "centerDistance": 0.0, "angle": 1.2566370614359172}, {"songs": ["Super Rappin' No 1"], "artists": ["Grandmaster Flash and the Furious Five"], "centerDistance": 0.034995, "angle": 2.5132741228718345}, {"songs": ["Vice (From Miami Vice)", "Dreams"], "artists": ["Grandmaster Flash & Melle Mel", "Mr. Magic"], "centerDistance": 0.13131149999999997, "angle": 3.7699111843077517}, {"songs": ["Wonder (Clean)"], "artists": ["Black Sheep"], "centerDistance": 0.16691, "angle": 5.026548245743669}]