[{"songs": ["Refried Dreams", "One Life Story"], "artists": ["Cheater Slicks", "Cheater Slicks"], "centerDistance": 0.1630415, "angle": 0.0}, {"songs": ["Sixteen Tons", "You Could Call Me Job", "I Don't Want To Laugh At You", "She's Bored With You", "Wake Me, Shake Me", "I Need Your Lovin'", "Hey Now! Hey Now!", "I'm So Thankful", "Enemy", "Come In & Come On", "Eight-Track Mind", "She's From Outer Space", "Which Way to Go", "Sheena Is A Parasite", "Too Much Adrenaline (Fair)", "Frustration Rocket", "Head Held High", "Never Gonna Kill Myself Again", "Chumbawa", "You Don't Know (Demo)"], "artists": ["'68 Comeback", "'68 Comeback", "Compulsive Gamblers", "Reigning Sound", "The Sonics", "Les Sexareenos", "Les Sexareenos", "Reigning Sound", "Modey Lemon", "Chrome Cranks", "Chrome Cranks", "The Maggots", "Eddy Current Suppression Ring", "The Horrors", "The Hunches", "The Hunches", "The Original Sins", "Rocket From The Tombs", "The Detroit Cobras", "The Pandoras"], "centerDistance": 0.040004100000000015, "angle": 1.2566370614359172}, {"songs": ["Headin' For The Texas Border", "Mastermind"], "artists": ["The Maggots", "Cocktail Slippers"], "centerDistance": 0.07478250000000003, "angle": 2.5132741228718345}, {"songs": ["Hole In My Heart", "Losin' Time"], "artists": ["The Mojomatics", "The Mojomatics"], "centerDistance": 0.054961499999999996, "angle": 3.7699111843077517}, {"songs": ["Emphassant", "The Ballad Of..."], "artists": ["Black Lips", "The King Khan & BBQ Show"], "centerDistance": 0.0891905, "angle": 5.026548245743669}]