[{"songs": ["Maybellene", "Ooh My Soul", "It Rains Rain", "Muskrat Ramble", "Good Love", "Why Don't You Love Me", "True Fine Mama", "Help You Dream", "I'm in Love Again (Live)", "Hip Shakin' Baby", "Marie Marie", "Buzz Buzz A-Diddle-It", "C'mon Everybody", "Jungle Fever", "That's All Right", "Fonkie - Original", "Flip, Flop And Bop (Alternative) - Alternate", "I Blame You", "The Legend Is Now", "You're Gonna Miss Me"], "artists": ["Gene Vincent", "Little Richard", "Glen Glenn", "Freddy Cannon", "Janis Martin", "Glen Glenn", "Little Richard", "The Blasters", "Fats Domino", "Roy Brown", "The Blasters", "Freddy Cannon", "Stray Cats", "Charlie Feathers", "Elvis Presley", "Bill Justis", "Bill Justis", "Joe Clay", "Joe Clay", "Hasil Adkins"], "centerDistance": 0.05726090000000002, "angle": 0.0}, {"songs": ["Honey! Honey!"], "artists": ["Charlie Gracie"], "centerDistance": 0.04204399999999997, "angle": 1.2566370614359172}, {"songs": ["Rocker", "Ride On"], "artists": ["Full Blown Cherry", "Full Blown Cherry"], "centerDistance": 0.16529299999999997, "angle": 2.5132741228718345}, {"songs": ["Hop, Skip And Jump", "Party"], "artists": ["The Collins Kids", "The Collins Kids"], "centerDistance": 0.10266349999999996, "angle": 3.7699111843077517}, {"songs": ["Believe What You Say", "Red Hot", "Blue Ribbon Baby", "Love Bug Crawl", "Tennessee Rock 'N' Roll"], "artists": ["Ricky Nelson", "Bob Luman", "Tommy Sands", "Jimmy Edwards", "Bobby Helms"], "centerDistance": 0.10192999999999999, "angle": 5.026548245743669}]