[{"songs": ["Pout-Pourri", "Seu Oleg\u00e1rio/Casa De Dona Fia", "Se Liga Doutor", "Samba do Arnesto", "Minha", "Sei Chorar", "Contrastes", "Deixa, Deixa", "O Mar Serenou", "Voc\u00ea Me Abandonou", "Vaso ruim", "Sempre Mangueira", "O samba da minha terra", "Eu e as flores", "Florindo", "A Chuva Cai", "Alegria", "Pranto De Poeta", "Minha Miss\u00e3o", "Burguesinha"], "artists": ["Jamel\u00e3o", "Dudu Nobre", "Dudu Nobre", "Adoniran Barbosa", "Cartola", "Cartola", "Ismael Silva", "Leci Brand\u00e3o", "Clara Nunes", "Velha Guarda da Portela", "Casuarina", "Nelson Cavaquinho", "Dorival Caymmi", "Nelson Cavaquinho", "Mariana Aydar", "Argemiro Patroc\u00ednio", "Ismael Silva", "Casuarina", "Mariana Aydar", "Seu Jorge"], "centerDistance": 0.10221725000000001, "angle": 0.0}, {"songs": ["Cade Rosalina"], "artists": ["Argemiro Patroc\u00ednio"], "centerDistance": 0.15044000000000002, "angle": 1.2566370614359172}, {"songs": ["A Cidade (Vinheta)", "Vampira"], "artists": ["Adriana Calcanhotto", "Alceu Valen\u00e7a"], "centerDistance": 0.16830299999999998, "angle": 2.5132741228718345}, {"songs": ["Boca de sapo", "Cobra Criada"], "artists": ["Jo\u00e3o Bosco", "Jo\u00e3o Bosco"], "centerDistance": 0.03559900000000005, "angle": 3.7699111843077517}, {"songs": ["Acreditar (1993 Digital Remaster)", "Liberdade (1995 Digital Remaster)"], "artists": ["Roberto Ribeiro", "Roberto Ribeiro"], "centerDistance": 0.13677899999999998, "angle": 5.026548245743669}]