[{"songs": ["Te Amo", "Cada Vez Otra Vez", "Que Se Lo Lleve El Rio", "Doble", "Con Velo Y Corona", "Bonitas", "Plantar Bandera", "No Pense Enamorarme Otra Vez", "El Perdedor", "Cuenta Conmigo", "Para Querer Un Te Quiero", "Yo Necesito Un Milagro", "Ndiabaane", "Detalles", "Juan En La Ciudad", "Mi Mayoral", "Un No S\u00e9 Qu\u00e9", "Bemba Colora", "me basta", "Cuando Te Vea"], "artists": ["Eddie Santiago", "Eddie Santiago", "Gilberto Santa Rosa", "Tito Rojas", "Tito Rojas", "Puerto Rican Power", "Luis Enrique", "Gilberto Santa Rosa", "Victor Manuelle", "Jerry Rivera", "El Gran Combo de Puerto Rico", "Huey Dunbar", "Africando", "Oscar D'Le\u00f3n", "Richie Ray & Bobby Cruz", "Richie Ray & Bobby Cruz", "El Gran Combo de Puerto Rico", "Celia Cruz", "Grupo Gale", "Tito Puente"], "centerDistance": 0.14145839999999998, "angle": 0.0}, {"songs": ["Sobredosis", "Zodiaco"], "artists": ["Los Titanes", "Los Titanes"], "centerDistance": 0.235929, "angle": 1.2566370614359172}, {"songs": ["Sin Ti", "Pero Me Hiciste Tuyo", "Porque Te Amo", "Entre La Espada Y La Pared"], "artists": ["Puerto Rican Power", "Cano Estremera", "Nino Segarra", "Nino Segarra"], "centerDistance": 0.2477385, "angle": 2.5132741228718345}, {"songs": ["Dicen", "Mi Prueba De Fuego"], "artists": ["Johnny Rivera", "Andy Monta\u00f1ez"], "centerDistance": 0.2304385, "angle": 3.7699111843077517}, {"songs": ["Limite", "Las Mujeres Son", "Gandinga"], "artists": ["Conjunto Chaney", "Los Soneros del Barrio", "Los Soneros del Barrio"], "centerDistance": 0.309921, "angle": 5.026548245743669}]