[{"songs": ["Escondido", "Todo Sigue Igual"], "artists": ["Luis Fonsi", "Luis Fonsi"], "centerDistance": 0.36533400000000005, "angle": 0.0}, {"songs": ["La Suerte De La Fea", "La Gran Ciudad", "Sshh!! (Live)", "Intro (Live)", "Cosa Rica", "Jurame", "Se Me Notan Tus Besos", "With You", "Siempre Te Amar\u00e9", "Me Gusta Todo De Ti (Pero T\u00fa No)", "Hoy Puede Ser Un Gran Dia", "V\u00e1lgame Dios - Taranta", "Las Cortinitas De Mi Alcoba - Tiento", "Lagrimas", "Mi\u00e9nteme", "El Mundo Interior", "Los Bichos", "Lo que yo no tengo", "Ingredientes", "Classical Gas"], "artists": ["Banda Pachuco", "Ram\u00f3n Orlando", "A.B. Quintanilla III Y Los Kumbia All Starz", "A.B. Quintanilla III Y Los Kumbia All Starz", "David Lee Garza y Los Musicales", "Gisselle", "Graciela Beltr\u00e1n", "Son by Four", "Aida Cuevas", "Pio Leyva", "Familia Valera Miranda", "Juan Habichuela", "Juan Habichuela", "JD Natasha", "Ketama", "Pastora", "Pastora", "Son by Four", "JD Natasha", "Roberto Perera"], "centerDistance": 0.29272975, "angle": 1.2566370614359172}, {"songs": ["Mujer Contra Mujer", "Hoy No Me Puedo Levantar"], "artists": ["Ana Torroja y Miguel Bos\u00e9", "Ana Torroja y Miguel Bos\u00e9"], "centerDistance": 0.327935, "angle": 2.5132741228718345}, {"songs": ["Qu\u00e9date Conmigo", "Yo Soy", "Los Tres Besos"], "artists": ["Banda Pachuco", "Ram\u00f3n Orlando", "Ramon Orlando"], "centerDistance": 0.15614366666666668, "angle": 3.7699111843077517}, {"songs": ["Volver A Verte", "Costumbres"], "artists": ["Shaila D\u00farcal", "Shaila D\u00farcal"], "centerDistance": 0.38097149999999996, "angle": 5.026548245743669}]