[{"songs": ["Flying High", "Disco Juice (Re-Edit)", "Love Sensation", "What's Your Name, What's Your Number", "Flasherman", "Convolution", "Berlin Sunrise", "We Make Love In A House Made Of Glass", "Do You Wanna Go Party", "We Are Family (Single Edit)", "Civic Transit", "Baby Do You Wanna Bump", "I Give You Rendez-Vous", "Fame", "Feels Like I'm In Love", "I Need A Man", "You've Got What It Takes", "This Time Baby", "Tangerine", "Heaven Must Be Missing An Angel"], "artists": ["Cloud One", "Cloud One", "Loleatta Holloway", "Andrea True Connection", "Golden Bug", "In Flagranti", "Daniel Wang", "In Flagranti", "KC And The Sunshine Band", "Sister Sledge", "Keenhouse", "Boney M.", "Patrick Hernandez", "Grace Jones", "Kelly Marie", "Grace Jones", "Silver Convention", "Jackie Moore", "The Salsoul Orchestra", "Tavares"], "centerDistance": 0.15083525, "angle": 0.0}, {"songs": ["The Best Disco In Town", "The Hustle (Super Hustle Mix)", "High Steppin Hip Dressin Fella", "Dance In My Blood (Album Version)", "99 1/2"], "artists": ["The Ritchie Family", "Van McCoy", "Love Unlimited", "Men, Women & Children", "Colonel Abrams"], "centerDistance": 0.19551179999999999, "angle": 1.2566370614359172}, {"songs": ["Hey There Jim"], "artists": ["Jimmy 'Bo' Horne"], "centerDistance": 0.138227, "angle": 2.5132741228718345}, {"songs": ["Turn The Beat Around", "The Hustle", "Shake Your Groove Thing", "Rock The Boat", "Ain't No Stoppin' Us Now"], "artists": ["Vicki Sue Robinson", "Van McCoy", "Peaches & Herb", "Hues Corporation", "McFadden & Whitehead"], "centerDistance": 0.1979638, "angle": 3.7699111843077517}, {"songs": ["Knock On Wood", "Instant Replay", "Let's All Chant", "Ring My Bell"], "artists": ["Amii Stewart", "Dan Hartman", "Michael Zager Band", "Anita Ward"], "centerDistance": 0.18693774999999999, "angle": 5.026548245743669}]