[{"songs": ["Pretty girls make graves (Troy Tate demo)", "Jacket", "Whites Of Her Eyes", "Black Circus Of Prague", "Ella's In The Band", "B Movie Saga", "Ice Cream", "Palomino's Dream", "Through The Looking Glass", "Woo Hoo", "Maquiladora", "Eleven Miles Out", "Palo Alto", "Sleep", "Gimme Some More", "Your God Is Fear", "Don't Start", "Holly Golightly", "Hanging On The Outside", "My Third House"], "artists": ["The Smiths", "The Courteeners", "The Courteeners", "Doves", "The Fratellis", "The Fratellis", "The Eighties Matchbox B-Line Disaster", "The Eighties Matchbox B-Line Disaster", "Peter Doherty", "Kings of Leon", "Radiohead", "Doves", "Radiohead", "Longpigs", "Jape", "The Cure", "Franz Ferdinand", "Dirty Pretty Things", "Shed Seven", "Kings of Leon"], "centerDistance": 0.11778170000000002, "angle": 0.0}, {"songs": ["This House Is Haunted", "Deep Blue Sea"], "artists": ["I Am Kloot", "I Am Kloot"], "centerDistance": 0.390392, "angle": 1.2566370614359172}, {"songs": ["Kemfu", "Shrek"], "artists": ["The Aliens", "The Beta Band"], "centerDistance": 0.338744, "angle": 2.5132741228718345}, {"songs": ["Weedbreak", "Speeeder"], "artists": ["Teenage Fanclub", "Teenage Fanclub"], "centerDistance": 0.1034005, "angle": 3.7699111843077517}, {"songs": ["Coward", "The New Standard", "After The Show"], "artists": ["Biffy Clyro", "Jetplane Landing", "Fighting With Wire"], "centerDistance": 0.13312666666666664, "angle": 5.026548245743669}]