[{"songs": ["Deafy", "In A Manner Of Sleep (Home Demo)", "\"Is This My Fate,\" He Asked Them (Album Version) (Non-PA)", "Purging", "Farewell to Friends", "Dying in New Brunswick", "WAITING FOUR YEARS (Alt. LP Version)", "In Between 4th And 2nd Street", "Standing On The Edge Of Summer (live) (Single Version)", "Come Home (Screaming)", "Monachetti", "This Is Just the Beginning", "Naked Monkey", "Steal", "Soft (Live)", "Walk With Me", "No Medicine", "I Can't Seem To Think", "The Bradley", "Onto Morning Stars"], "artists": ["Embassy", "Funeral for a Friend", "Story of the Year", "Boys Night Out", "Matchbook Romance", "Thursday", "Silverstein", "Emery", "Thursday", "The Hurt Process", "Further Seems Forever", "The Reason", "Standstill", "Snow Patrol", "Sense Field", "BEDlight for blueEYES", "Sense Field", "Mock Orange", "Further Seems Forever", "Anatomy of a Ghost"], "centerDistance": 0.10362435, "angle": 0.0}, {"songs": ["Sunday Parking Lot", "Pillow Fighting"], "artists": ["Terminal", "Terminal"], "centerDistance": 0.13236000000000003, "angle": 1.2566370614359172}, {"songs": ["Mr. President", "Tangled"], "artists": ["Native Nod", "Native Nod"], "centerDistance": 0.08002549999999997, "angle": 2.5132741228718345}, {"songs": ["Stavesail", "Follow You Down (Album Version)"], "artists": ["The Beautiful Mistake", "Blindside"], "centerDistance": 0.1406115, "angle": 3.7699111843077517}, {"songs": ["A Candlelight Intro (Album Version)"], "artists": ["Aiden"], "centerDistance": 0.11054900000000001, "angle": 5.026548245743669}]