[{"songs": ["Quero \u00c9 Viver (Live)", "Amor (Parte I)", "Supersticioso", "Gelado De Ver\u00e3o", "Dormia T\u00e3o Sossegada", "Porto Sentido (Live)", "Use \u00c1lcool", "Bigamia", "Fugir? Ficar?", "Lisboa", "Our Hearts Will Beat as One", "Com Um Brilhozinho Nos Olhos", "Deixa Morrer", "Labirinto", "A Seita Tem Um Radar", "Jardim Da Mocidade", "So Do I", "Curioso Cl\u00e3", "Gueixa", "Goodbye Tomorrow"], "artists": ["Humanos", "Her\u00f3is Do Mar", "Her\u00f3is Do Mar", "Humanos", "Jorge Palma", "Rui Veloso", "Quim Barreiros", "Ornatos Violeta", "Balla", "P\u00f3lo Norte", "David Fonseca", "S\u00e9rgio Godinho", "Ornatos Violeta", "P\u00f3lo Norte", "Cabe\u00e7as No Ar", "Cabe\u00e7as No Ar", "Paulo Gonzo", "Cl\u00e3", "Cl\u00e3", "Silence 4"], "centerDistance": 0.2582542500000001, "angle": 0.0}, {"songs": ["Mentira", "Um Resto De Tudo"], "artists": ["Jo\u00e3o Pedro Pais", "Jo\u00e3o Pedro Pais"], "centerDistance": 0.34448399999999996, "angle": 1.2566370614359172}, {"songs": ["Vis\u00e3o Perif\u00e9rica", "Com Atitude"], "artists": ["Royalistick", "Royalistick"], "centerDistance": 0.4298565, "angle": 2.5132741228718345}, {"songs": ["Tatuagens", "O Meu Abrigo"], "artists": ["Mafalda Veiga", "Mafalda Veiga"], "centerDistance": 0.3219265, "angle": 3.7699111843077517}, {"songs": ["na v\u00e9spera de n\u00e3o partir nunca...", "Lembra-Me De N\u00f3s"], "artists": ["Margarida Pinto", "Margarida Pinto"], "centerDistance": 0.420025, "angle": 5.026548245743669}]