[{"songs": ["Los Peces En El R\u00edo", "Abuelo", "Y En Tu Ventana (Nueva Version)", "Chiclana", "De M\u00e1laga malague\u00f1ito", "A La Luz Del Lorenzo", "La Noche Del Hawaiano", "Demipati (Rumba)", "Cant\u00e1ndote (Rumba)", "Y Sentir Tal Vez", "Son Para Ti", "Tu Cuertpo Es Una Selva", "Mi Corazon Va A Estallar", "Vareando aceitunas (Canti\u00f1as)", "Don Toribio", "Tu Camisita De Flores", "Hierve mi boca", "Al jard\u00edn de la alegr\u00eda", "Buler\u00eda menor", "Contigo"], "artists": ["Los Chunguitos", "Andy & Lucas", "Andy & Lucas", "Los Delinq\u00fcentes", "Javier Ruibal", "Los Delinq\u00fcentes", "Los Manolos", "Vicente Amigo", "Duquende", "Kiko & Shara", "Peret", "Navajita Plate\u00e1", "Navajita Plate\u00e1", "Carmen Linares", "Peret", "Duquende", "Manzanita", "Son de la frontera", "Son de la frontera", "Canteca de Macao"], "centerDistance": 0.33542184999999997, "angle": 0.0}, {"songs": ["\u00a1Ay, mi suerte!"], "artists": ["La H\u00fangara"], "centerDistance": 0.380035, "angle": 1.2566370614359172}, {"songs": ["Mira", "Zappatillas"], "artists": ["elbicho", "elbicho"], "centerDistance": 0.463969, "angle": 2.5132741228718345}, {"songs": ["Como La Luna En El Agua", "Alfileres De Colores"], "artists": ["Miguel Poveda", "Miguel Poveda"], "centerDistance": 0.46433399999999997, "angle": 3.7699111843077517}, {"songs": ["Arrepentida", "Envuelto en llamas"], "artists": ["Los Rebujitos", "Los Rebujitos"], "centerDistance": 0.3504675, "angle": 5.026548245743669}]