[{"songs": ["Romance To Holocaust", "Introduction", "Streets of Calcutta", "Raga: Kaushi Kanada (Tabla: Kumar Bose)", "Oceanic Part 1", "Nat Malhar", "Tarana In Adana", "Raga - Shuddha Sarang, Aalap", "Desert Heartbeat", "Raga Durga", "Bolo Bolo", "Nagumomo", "Dhoodh So Snaan Karo Manmohan", "Raga Poorvi", "Tum Bin Shyam", "Tere Bina", "Shri Durga (The Jagad Yoni Mix: Womb Of The World Based on Raag Durga)", "Wild Spring Apples", "Stick Dance", "Ao Gi"], "artists": ["Ravi Shankar", "Anoushka Shankar", "Ananda Shankar", "Kushal Das", "Anoushka Shankar & Karsh Kale", "Jay Kishor", "Ali Akbar Khan", "Bhimsen Joshi", "Zakir Hussain", "Amjad Ali Khan", "Susheela Raman", "Susheela Raman", "Shubha Mudgal", "Vishwa Mohan Bhatt", "DJ Cheb I Sabbah", "Dhol Foundation", "DJ Cheb I Sabbah", "touchingGrace", "touchingGrace", "L'Orchestra Di Piazza Vittorio"], "centerDistance": 0.26059125, "angle": 0.0}, {"songs": ["Raga Ahir Bhairav", "Raga Patdeep"], "artists": ["Sultan Khan", "Sultan Khan"], "centerDistance": 0.2599925, "angle": 1.2566370614359172}, {"songs": ["Prince Down Gerty Street", "Glimpsed Middle Reality"], "artists": ["Deepak Ram", "Deepak Ram"], "centerDistance": 0.35504500000000005, "angle": 2.5132741228718345}, {"songs": ["Oceanic Part 2"], "artists": ["Anoushka Shankar & Karsh Kale"], "centerDistance": 0.206044, "angle": 3.7699111843077517}, {"songs": ["Rising Up", "Bliss"], "artists": ["DreamTree Project", "DreamTree Project"], "centerDistance": 0.22405000000000003, "angle": 5.026548245743669}]