[{"songs": ["Little Brother", "The Frustrated Nigga"], "artists": ["Black Star", "Jeru the Damaja"], "centerDistance": 0.11506, "angle": 0.0}, {"songs": ["Front Street", "H.B.T.", "NE DEFinitely", "Livin It Up Pt. 2", "Flashflood", "Sebago", "Can I Buy U a Drink?", "Godlovesugly", "Lyric Fathom", "Clout", "Different", "Split Personality (ES Vs. The God Awful)", "C.P.R.", "She Said (Mike Caren Remix)", "Transitions and Eras", "Neva Grow Up", "Front Row", "Weapon X", "Unity (Produced by R.Thentic)", "Soul Flower (2 Tha 3 Mix)"], "artists": ["Swollen Members", "Copywrite", "Natural Elements", "Natural Elements", "Aesop Rock", "Sole", "Kool Keith", "Atmosphere", "Blackalicious", "S.A. Smash", "Freestyle Fellowship", "7L & Esoteric", "K-Otix", "The Pharcyde", "Haiku D'Etat", "Krumbsnatcha", "K-Otix", "X-Clan", "Wordsworth", "The Pharcyde"], "centerDistance": 0.09243710000000002, "angle": 1.2566370614359172}, {"songs": ["Best Shit in the World", "Monday Through Sunday"], "artists": ["Airborn Audio", "Airborn Audio"], "centerDistance": 0.11565900000000001, "angle": 2.5132741228718345}, {"songs": ["Bonus", "Blast Off"], "artists": ["Noah23", "Noah23"], "centerDistance": 0.043995000000000006, "angle": 3.7699111843077517}, {"songs": ["Testimony", "Bad News"], "artists": ["Declaime", "Latyrx"], "centerDistance": 0.1018445, "angle": 5.026548245743669}]