[{"songs": ["Nothing To Do With You", "Black Limousine", "Yes and No", "Competition", "In It For The Money (Original Version With Swearing)", "Girl Like You (Lucky Music Remix By Richard X)", "A nie m\u00f3wi\u0142am", "Sexy", "Weekender", "Greenwich Mean Time", "Quicksand", "Miracle (Radio Edit)", "Double Mind", "Remedy", "Make It Up", "I Love What You Do", "Wonder", "U + Me =", "No Pins Allowed", "Animal"], "artists": ["Emilie Simon", "Dragonette", "Venus Hum", "Dragonette", "Client", "Bertine Zetlitz", "Reni Jusis", "Belanova", "Sohodolls", "Charlotte Gainsbourg", "La Roux", "Sally Shapiro", "Avril", "Little Boots", "Emmon", "ElectroVamp", "Dan Black", "Dan Black", "James Yuill", "Miike Snow"], "centerDistance": 0.09547805000000001, "angle": 0.0}, {"songs": ["Love Under Pressure", "All In Your Head"], "artists": ["Marsheaux", "Isabel Guzman"], "centerDistance": 0.199266, "angle": 1.2566370614359172}, {"songs": ["Ice Albergo", "Fiamme in un bicchiere"], "artists": ["Amari", "Amari"], "centerDistance": 0.206627, "angle": 2.5132741228718345}, {"songs": ["Professional Suicide", "Crazy World"], "artists": ["Ladyhawke", "Ladyhawke"], "centerDistance": 0.08068199999999998, "angle": 3.7699111843077517}, {"songs": ["When I'm Here With You (Dr Octavo Nocturnal Radio Mix)", "Burnt Out Car", "Miracle Man"], "artists": ["Sarah Nixey", "Saint Etienne", "Cocosuma"], "centerDistance": 0.13186266666666668, "angle": 5.026548245743669}]