[{"songs": ["Mi Soledad, Mi Sombra Y Yo", "Sin Ti No Soy Nada", "Sildavia", "Jugar con los Coches", "Otra Historia", "A la Luz de Tus Piernas", "Calles Mojadas", "Nunca Volver\u00e1", "Prefiero morir", "Y Si el Miedo", "La Madre De Jose/Sin Documentos", "Caenita En El Bolsillo", "Rebujina Agropop", "Abre los Ojos", "Sopa fr\u00eda", "Se Que Me Haras Llorar", "T\u00fa Por Mi", "Puede", "Hombre", "Fotogramas"], "artists": ["La Guardia", "Amaral", "La Uni\u00f3n", "Los Piratas", "Efecto Mariposa", "Despistaos", "Melocos", "El Sue\u00f1o de Morfeo", "Iguana Tango", "El Canto del Loco", "El Canto del Loco", "No Me Pises Que Llevo Chanclas", "No Me Pises Que Llevo Chanclas", "Bel\u00e9n Arjona", "M-Clan", "Christina y los subterr\u00e1neos", "Christina y los subterr\u00e1neos", "El Sue\u00f1o de Morfeo", "La Ley", "Iv\u00e1n Ferreiro"], "centerDistance": 0.054643099999999986, "angle": 0.0}, {"songs": ["Vertigo", "Solo Me Falta Tu Amor"], "artists": ["Danza Invisible", "Danza Invisible"], "centerDistance": 0.218491, "angle": 1.2566370614359172}, {"songs": ["Mi Rey Y Yo", "Cari\u00f1o Yo Solo Quiero Llamar"], "artists": ["Maldita Nerea", "Maldita Nerea"], "centerDistance": 0.17986599999999997, "angle": 2.5132741228718345}, {"songs": ["Todo Es Mentira", "El Loco Triste"], "artists": ["Caf\u00e9 Quijano", "Caf\u00e9 Quijano"], "centerDistance": 0.07277349999999999, "angle": 3.7699111843077517}, {"songs": ["Queriendo Alcanzarte", "Lentamente"], "artists": ["Mikel Erentxun", "Mikel Erentxun"], "centerDistance": 0.05545749999999999, "angle": 5.026548245743669}]