[{"songs": ["Secret Alphabet", "Just A Dream", "Slow Down", "Originales (Live)", "Shout Outs From the Block", "Set It Off", "Lev Nu!", "Amanece", "Refugees on the Mic", "Mona Lisa", "Big Ups", "Power (f/Overall)", "I Get My Paper", "Starter", "I Will Never Tell (Uh Uh)", "Nobody (Featuring Jakki Tha Mota Mouth)", "We Came To Party", "Chocolate Fe's And Redbones (featuring Johnny P)  (Explicit Chopped & Screwed Version)", "On Conscious", "A Lot 2 Live 4"], "artists": ["Loren", "Loren", "Wyclef Jean", "Sa\u00efan Supa Crew", "Fugees", "Kardinal Offishall", "Promoe", "Nach", "Fugees", "Wyclef Jean", "Zion I", "Juice", "Cassidy", "Slum Village", "Cassidy", "Copywrite", "J-Kwon", "Twista", "Arrested Development", "Kris Kross"], "centerDistance": 0.1540035, "angle": 0.0}, {"songs": ["Tough Luv (Featuring Denim)"], "artists": ["Young Gunz"], "centerDistance": 0.197673, "angle": 1.2566370614359172}, {"songs": ["The Way", "Home Sweet Home"], "artists": ["Rev Run", "Rev Run"], "centerDistance": 0.19768799999999997, "angle": 2.5132741228718345}, {"songs": ["Gilmore's", "Change"], "artists": ["Lloyd Banks", "Lloyd Banks"], "centerDistance": 0.197656, "angle": 3.7699111843077517}, {"songs": ["BK To LA", "One Of Ours Part II"], "artists": ["Xzibit", "Mobb Deep"], "centerDistance": 0.19767050000000003, "angle": 5.026548245743669}]