[{"songs": ["Remy On Da Floor (Featuring Megaman)", "Since You Went Away (7\" Mix)", "Over Now (2003 version)", "Same Old Thing (Morph Resurrection Remix)", "Going Out Tonight", "Grime Kid", "Harvey Nicks (12\" Version)", "Jigsaw", "Care 4 U", "B.B Hype (DJ Q Hype Remix)", "Get Money", "Sway", "Can't Control It", "Drunk On Radiation (Freestyle)", "Neva Argue", "Wifey", "Baby Father", "Intro Skit", "Questions (Game Show)", "Beast"], "artists": ["Oxide & Neutrino", "So Solid Crew", "More Fire Crew", "The Streets", "Lethal Bizzle", "Wiley", "The Mitchell Brothers", "Lady Sovereign", "Example", "Maxwell D", "Virus Syndicate", "Sway", "Black The Ripper", "Lady Sovereign", "Virus Syndicate", "Tinie Tempah", "Sway", "Shystie", "Shystie", "Chipmunk"], "centerDistance": 0.20788284999999998, "angle": 0.0}, {"songs": ["Nuff Of Dem Watch Me (Mix Album Version)", "Routine Check (Video/Radio Edit)"], "artists": ["Oxide & Neutrino", "The Mitchell Brothers"], "centerDistance": 0.092362, "angle": 1.2566370614359172}, {"songs": ["Strong Again", "Love For My Slum"], "artists": ["N-Dubz", "N-Dubz"], "centerDistance": 0.3144535, "angle": 2.5132741228718345}, {"songs": ["Blackmarket Boy", "Scrunch"], "artists": ["Fallacy", "Fallacy"], "centerDistance": 0.350266, "angle": 3.7699111843077517}, {"songs": ["Bit By Bit", "Love's Gone From the Streets"], "artists": ["Klashnekoff", "Skinnyman"], "centerDistance": 0.32301799999999997, "angle": 5.026548245743669}]