[{"songs": ["Steve Polychronopolous (Album Version)", "Malcolm", "A Day at the Beach", "Walken I", "Love Song", "Close But No Cigar", "Drive-Thru", "Rip Taylor Is God", "Karate Schnitzel", "Sargent Stadanko", "Intro Part II (Comedy)", "Warning to Those Who Have a Low Threshold of Sex", "The Closing Song", "Be Prepared", "The Hunting Song", "Cats Are C**** (Album Version)", "Chico Plays On Bob's Show", "Honolulu Baby", "West Pole (Comedy)", "Hummer Vs. Prius"], "artists": ["Adam Sandler", "The Arrogant Worms", "Andrew Dice Clay", "Stephen Lynch", "Stephen Lynch", "\"Weird Al\" Yankovic", "Tenacious D", "Bloodhound Gang", "Tenacious D", "Cheech & Chong", "Eric Idle", "Allan Sherman", "Red Peters", "Tom Lehrer", "Tom Lehrer", "Triumph the Insult Comic Dog", "The Marx Brothers", "Laurel & Hardy", "Eric Idle", "Jeff Dunham"], "centerDistance": 0.10207079999999999, "angle": 0.0}, {"songs": ["The Goat (Album Version)"], "artists": ["Adam Sandler"], "centerDistance": 0.0, "angle": 1.2566370614359172}, {"songs": ["Family (Amended Album Version)", "Tattoo (Amended Album Version)"], "artists": ["Kathleen Madigan", "Kathleen Madigan"], "centerDistance": 0.18353299999999995, "angle": 2.5132741228718345}, {"songs": ["Sports (Album Version)", "Holidays (Album Version)"], "artists": ["Henry Cho", "Henry Cho"], "centerDistance": 0.18345900000000004, "angle": 3.7699111843077517}, {"songs": ["Keeping It Clean", "Irish Skin"], "artists": ["Ed Byrne", "Ed Byrne"], "centerDistance": 0.18350599999999995, "angle": 5.026548245743669}]