[{"songs": ["Central State", "92 Elements (Original Mix)", "Walhalla (original mix)", "Vanguard", "Rebound", "Fantasy (Original Mix)", "Backlash", "Transcape (Original Mix)", "Mercury Room", "Between Us", "More Than Everything", "No Ordinary Love (Black Sky Mix)", "Ibiza Sky", "Autumn (Orana Project Rmx)", "Autmun (Andy Bagguley Remix)", "Widescreen (Radio Edit)", "Wounded Soul", "Ocean Drive", "Fever", "Summer Skin"], "artists": ["Frank Savio", "David Forbes & Mallorca Lee", "Gouryella", "Mr. Pit", "Octagen & M.I.D.O.R.", "Solarforce", "Gareth Emery", "Solarforce", "Tom Cloud", "Van Gelder", "Gareth Emery", "Sherrie Lea", "Kenny Hayes", "Emotional Horizons", "Emotional Horizons", "First & Andre", "Existone", "DJ Shog", "J.", "JPL"], "centerDistance": 0.1925834, "angle": 0.0}, {"songs": ["Serenity"], "artists": ["DJ Cor Fijneman"], "centerDistance": 0.28434000000000004, "angle": 1.2566370614359172}, {"songs": ["Times square"], "artists": ["Octagen & M.I.D.O.R."], "centerDistance": 0.24724400000000002, "angle": 2.5132741228718345}, {"songs": ["Alluring Wishes", "Sleepless Nights"], "artists": ["Edin Bosnjak", "Edin Bosnjak"], "centerDistance": 0.28265199999999996, "angle": 3.7699111843077517}, {"songs": ["Blueprint", "Endorphine", "Ssab"], "artists": ["Stoneface & Terminal", "Stoneface & Terminal", "LavKastor"], "centerDistance": 0.20761733333333332, "angle": 5.026548245743669}]