[{"songs": ["You Got What It Takes", "(I Know) I'm Losing You", "Bye Bye Baby", "Shotgun", "Just Ain't Enough Love", "Jamie", "I Heard It Through The Grapevine", "This Old Heart Of Mine (Is Weak For You)", "Pull My Heartstrings", "It Keeps Reminding Me", "I Was Made To Love Her", "My Whole World Ended (The Moment You Left Me)", "Until You Came Along", "I Say A Little Prayer", "Behind A Painted Smile", "Jimmy Mack", "Just Loving You", "It's Sensational", "That's How Heartaches Are Made", "I Can't Believe You Love Me"], "artists": ["Barrett Strong", "The Temptations", "Mary Wells", "Jr. Walker & The All Stars", "Eddie Holland", "Eddie Holland", "Marvin Gaye", "The Isley Brothers", "The Velvelettes", "The Velvelettes", "Stevie Wonder", "David Ruffin", "Carolyn Crawford", "Martha Reeves And The Vandellas", "The Isley Brothers", "Martha and The Vandellas", "Kim Weston", "The Elgins", "Carolyn Crawford", "Tammi Terrell"], "centerDistance": 0.034084399999999994, "angle": 0.0}, {"songs": ["(You Can) Depend On Me", "Unchained Melody"], "artists": ["Brenda Holloway", "Brenda Holloway"], "centerDistance": 0.032577999999999996, "angle": 1.2566370614359172}, {"songs": ["Nowhere To Run", "Get Ready"], "artists": ["Martha and The Vandellas", "Rare Earth"], "centerDistance": 0.1388085, "angle": 2.5132741228718345}, {"songs": ["Rescue Me", "(Your Love Keeps Lifting Me) Higher And Higher", "Knock On Wood", "In The Midnight Hour", "B-A-B-Y", "Spanish Harlem"], "artists": ["Fontella Bass", "Jackie Wilson", "Eddie Floyd", "Wilson Pickett", "Carla Thomas", "Ben E. King"], "centerDistance": 0.19793633333333335, "angle": 3.7699111843077517}, {"songs": ["Just A Little Bit Closer", "Hey Lordy", "Can't It Wait Until Tomorrow", "Back To Nowhere"], "artists": ["Bobby Taylor", "Bobby Taylor", "Valerie Simpson", "Valerie Simpson"], "centerDistance": 0.136587, "angle": 5.026548245743669}]