[{"songs": ["At the Helm (Vocal)", "It's About Time", "Where The F*** You At?", "Krazy Kings", "Sebago", "Why", "Blessing in Disguise", "Parables", "Solar Powered", "Another Way Out", "(more) Pawns (than) Dons", "Constellation (feat. A-Dub & Nieve)", "The Shining", "H.B.T.", "Chapter of Thunder", "Bad News", "Spin Cycle", "Sky Diver", "Intro", "Us"], "artists": ["HIEROGLYPHICS", "Del tha Funkee Homosapien", "Souls of Mischief", "Company Flow", "Sole", "Fashawn", "The Chicharones", "Abstract Rude", "Binary Star", "7L & Esoteric", "LMNO", "Inverse", "The Away Team", "Copywrite", "Outerspace", "Latyrx", "Eyedea & Abilities", "Eyedea & Abilities", "Outerspace", "Grayskul"], "centerDistance": 0.33188135, "angle": 0.0}, {"songs": ["Inside", "Never Too Late"], "artists": ["Kenn Starr", "Kenn Starr"], "centerDistance": 0.35516400000000004, "angle": 1.2566370614359172}, {"songs": ["My Dub Song (clean)", "A-P-L-U-S (clean)"], "artists": ["A Plus", "A Plus"], "centerDistance": 0.0, "angle": 2.5132741228718345}, {"songs": ["That Ain't Life (Climax)", "Every Day of the Week"], "artists": ["Souls of Mischief", "Pep Love and Jay Biz"], "centerDistance": 0.21920550000000005, "angle": 3.7699111843077517}, {"songs": ["De Do Do Do, de Da Da Da", "Black Hole Sun"], "artists": ["Casual", "Casual"], "centerDistance": 0.04988099999999995, "angle": 5.026548245743669}]