[{"songs": ["Inna De Ghetto", "Rising To The Top", "Not An Easy Road", "World Power", "Glorify The Lord", "Guess Who's Coming to Dinner (Disco Mix) (extended disco mix)", "Dwellers Of Darkness", "For Once In Your Life", "Save A Little Love For Me", "Sorry For The Man", "I Love You Too (feat Rita Marley and  Cedella Marley)", "Jah Love Is The Solution", "Knock Knock", "Trample The Dragon", "Praying for That Day", "Money & Woman", "Political Fiction", "Jah Jah Dreader Than Dread", "80,000 Careless Ethiopians", "Storm"], "artists": ["Rising Lion", "Rising Lion", "Anthony B", "Burning Spear", "Fred Locks", "Black Uhuru", "Israel Vibration", "Ras Shiloh", "Ras Shiloh", "Black Uhuru", "Ziggy Marley", "Yami Bolo", "Ijahman Levi", "Michael Rose", "Winston McAnuff", "Don Carlos", "Half Pint", "Linval Thompson", "Jacob Miller", "Gregory Isaacs"], "centerDistance": 0.341688, "angle": 0.0}, {"songs": ["A Fool Say in His Heart", "A Jah Jah"], "artists": ["Sister Nancy", "Rita Marley"], "centerDistance": 0.4527085, "angle": 1.2566370614359172}, {"songs": ["As Long As You Love Me", "Rod Of Correction", "People Make The World Go Round"], "artists": ["The Maytones", "Clancy Eccles", "Ruddy Thomas"], "centerDistance": 0.4433963333333333, "angle": 2.5132741228718345}, {"songs": ["Higgler Move", "School Girl"], "artists": ["Junior Reid", "Gyptian"], "centerDistance": 0.4396765, "angle": 3.7699111843077517}, {"songs": ["Love Of Rasta", "Hanging Slowly"], "artists": ["Natural Black", "Jah Cure"], "centerDistance": 0.39717600000000003, "angle": 5.026548245743669}]