[{"songs": ["Cosa Rica", "La Ultima Lagrima", "LA CAMA DE PIEDRA-SP", "Herida Del Coraz\u00f3n", "With You", "Un Beso", "Classical Gas", "Verdad Amarga", "\u00danica", "Mu\u00e9velo", "Jurame", "Siempre Te Amar\u00e9", "Luna Latina", "Me Gusta Todo De Ti (Pero T\u00fa No)", "Hoy Puede Ser Un Gran Dia", "Las Cuatro Columnas - Sole\u00e1", "V\u00e1lgame Dios - Taranta", "Mi\u00e9nteme", "Lagrimas", "El Mundo Interior"], "artists": ["David Lee Garza y Los Musicales", "David Lee Garza y Los Musicales", "Banda Pachuco", "Graciela Beltr\u00e1n", "Son by Four", "Roberto Perera", "Roberto Perera", "Bobby Cruz", "Bobby Cruz", "Son by Four", "Gisselle", "Aida Cuevas", "Nestor Torres", "Pio Leyva", "Familia Valera Miranda", "Juan Habichuela", "Juan Habichuela", "Ketama", "JD Natasha", "Pastora"], "centerDistance": 0.3624143999999999, "angle": 0.0}, {"songs": ["Yo Soy", "Nadie Como T\u00fa", "Qu\u00e9date Conmigo", "Los Tres Besos"], "artists": ["Ram\u00f3n Orlando", "Ram\u00f3n Orlando", "Banda Pachuco", "Ramon Orlando"], "centerDistance": 0.23859850000000002, "angle": 1.2566370614359172}, {"songs": ["Hoy No Me Puedo Levantar", "Mujer Contra Mujer"], "artists": ["Ana Torroja y Miguel Bos\u00e9", "Ana Torroja y Miguel Bos\u00e9"], "centerDistance": 0.37013799999999997, "angle": 2.5132741228718345}, {"songs": ["Gracias (Featuring Yuri)", "Laberinto"], "artists": ["A.B. Quintanilla III Y Los Kumbia All Starz", "A.B. Quintanilla III Y Los Kumbia All Starz"], "centerDistance": 0.0, "angle": 3.7699111843077517}, {"songs": ["Todo Sigue Igual", "Escondido"], "artists": ["Luis Fonsi", "Luis Fonsi"], "centerDistance": 0.38266100000000003, "angle": 5.026548245743669}]