[{"songs": ["Bells Of Saint Mary's", "Jamboree", "Old Rattler", "Faraway Land", "Just A Closer Walk With Thee", "Foggy Mountain Breakdown", "Concrete Canyon Boogie (Album Verison)", "A Town's Reply to a Banjo", "Union Man", "Immigrant Song", "I Killed Sally's Lover", "With Care From Someone", "Old Hickory Waltz", "Robin And Marian", "The Crystal Merchant", "Rocky Road", "Rumblin' On", "I Saw The Light", "Country Blues", "Coming Home"], "artists": ["Doug Dillard", "Doug Dillard", "Grandpa Jones", "Alison Krauss & Union Station", "Roy Clark", "Lester Flatt & Earl Scruggs", "Eric Weissberg & Steve Mandell", "Jordan O'Jordan", "Blue Highway", "Iron Horse", "The Avett Brothers", "Dillard & Clark", "B\u00e9la Fleck", "Nickel Creek", "The Greencards", "B\u00e9la Fleck", "Roger McGuinn", "Earl Scruggs", "Doc Watson", "Chatham County Line"], "centerDistance": 0.27399490000000004, "angle": 0.0}, {"songs": ["Fare Thee Well"], "artists": ["The Country Gentlemen"], "centerDistance": 0.34066700000000005, "angle": 1.2566370614359172}, {"songs": ["Cannonball", "Buildings Are the Cages"], "artists": ["The Hackensaw Boys", "The Hackensaw Boys"], "centerDistance": 0.2210935, "angle": 2.5132741228718345}, {"songs": ["Look Down That Lonesome Road", "Train That Carried My Girl From Town"], "artists": ["Tim O'Brien", "Doc & Merle Watson"], "centerDistance": 0.36315949999999997, "angle": 3.7699111843077517}, {"songs": ["The Boy Who Wouldn't Hoe Corn"], "artists": ["Alison Krauss & Union Station"], "centerDistance": 0.25102500000000005, "angle": 5.026548245743669}]