[{"songs": ["Joy to the World", "Angels We Have Heard On High"], "artists": ["Steve Erquiaga", "Alex de Grassi"], "centerDistance": 0.267838, "angle": 0.0}, {"songs": ["O Holy Night", "I Saw Three Ships", "We Three Kings Of Orient Are", "God Rest Ye Merry", "I Saw Three Ships", "Sleigh Ride", "Have Yourself a Merry Little Christmas", "Away In A Manger", "Away In A Manger", "The Song Of The Evergreen", "Frosty The Snowman", "Il Est N\u00e9 (He Is Born)", "Sleigh Ride", "Flight Of Fantasy", "God Rest Ye Merry Gentlemen", "Carol Of The Bells", "The Little Drummer Boy", "Running Time", "Curious Electric", "The christmas song (chestnuts roasting on an open fire)"], "artists": ["Kitaro", "Michael Allen Harrison", "Ira Stein", "Philip Aaberg", "David Arkenstone", "Leroy Anderson", "Liz Story", "Phil Coulter", "David Darling", "Kostia", "Ray Conniff", "Michael Gettel", "Boston Pops Orchestra", "Yanni", "Michael Whalen", "Kostia", "Celtic Woman", "Yanni", "Jon & Vangelis", "Fred Simon"], "centerDistance": 0.25853699999999996, "angle": 1.2566370614359172}, {"songs": ["Christmas Time Is Here", "Silent Night", "The First Noel"], "artists": ["George Winston", "Ray Lynch", "John Boswell"], "centerDistance": 0.200912, "angle": 2.5132741228718345}, {"songs": ["Christmas Eve", "The First Noel"], "artists": ["Ira Stein", "Spencer Brewer"], "centerDistance": 0.2183345, "angle": 3.7699111843077517}, {"songs": ["Angels We Have Heard On High", "God Rest Ye Merry Gentlemen (And Tibetan Angels)"], "artists": ["Craig Chaquico", "Craig Chaquico"], "centerDistance": 0.33043100000000003, "angle": 5.026548245743669}]