[{"songs": ["Saha", "Mass Confusion", "The Bomb", "Full Of You", "Die Maschinen Marschieren", "Acid Bells", "Groundhog Day (Chaim Remix)", "Bode Island", "libelula", "Just A Man", "Kamasutra", "Alcoolic", "Fieser M\u00f6pp", "Relationship", "Liquid Sex (Portable Remix)", "Rekorder 7.1", "Reduktion", "Stratocumulus", "Al Quadus", "My Number One (True To Nature Remix 1)"], "artists": ["Zentex", "Pablo Akaros", "Phil Kieran", "Sleeper Thief", "Boris Brejcha", "Efdemin", "Claude VonStroke & Christian Martin", "Asem Shama", "Rocha & Lewinger", "Audion", "Daniel Mehlhart", "Popof", "Ruede Hagelstein", "Seth Troxler", "Hieroglyphic Being", "Rekorder", "Edit Select", "Kaiser Souzai", "Martin Eyerer & Oliver Klein", "D-Nox & Beckers"], "centerDistance": 0.10025455000000001, "angle": 0.0}, {"songs": ["Nostalgia"], "artists": ["John Tejada"], "centerDistance": 0.16495499999999996, "angle": 1.2566370614359172}, {"songs": ["Envy", "Gimlet", "Drives Me Up the Wall", "Sex Deluxe"], "artists": ["Onur \u00d6zer", "Anja Schneider", "Steve Bug", "H\u00e5kan Lidbo"], "centerDistance": 0.12326574999999998, "angle": 2.5132741228718345}, {"songs": ["Privatpatient", "Adrenalin"], "artists": ["Andre Crom", "Andre Crom"], "centerDistance": 4.000000000004e-06, "angle": 3.7699111843077517}, {"songs": ["Little Sisters (D-Nox & Beckers Remix)", "You're A Star", "Little Sisters"], "artists": ["Minilogue", "D-Nox & Beckers", "Minilogue"], "centerDistance": 0.13322133333333333, "angle": 5.026548245743669}]