[{"songs": ["Stiff Tongue", "Gangsters", "Heart of Stone"], "artists": ["Harry Toddler", "Ward 21", "Pinchers"], "centerDistance": 0.4610593333333333, "angle": 0.0}, {"songs": ["can't take your place", "Harda They Come", "There She Goes", "So many youths"], "artists": ["Anthony B", "Gyptian", "Sizzla", "Richie Spice"], "centerDistance": 0.284586, "angle": 1.2566370614359172}, {"songs": ["Hidden Track", "Save Your Soul", "Party Dolly", "L.o.v.e", "Are You Satisfied", "Teeny Weeny Little Lovin", "Earth A Run Red", "Rebel With A Cause", "Malfunction", "In My Heart", "Chant", "Lava Ground", "Give It To Them", "Will I See You Again", "She Makes Me Feel So Nice", "Keep On Knocking", "Unfinished Symphony", "Free Again", "Living In Love", "Nobody Move Nobody Get Hurt"], "artists": ["Tony Rebel", "Junior Kelly", "Determine", "Cocoa Tea", "Ras Shiloh", "Beres Hammond", "Richie Spice", "Ras Shiloh", "Louie Culture", "Jah Mason", "Jah Cure", "I Wayne", "Jah Cure", "Fantan Mojah", "Fantan Mojah", "Jacob Miller", "Jacob Miller", "Culture", "I Wayne", "Yellowman"], "centerDistance": 0.3228417, "angle": 2.5132741228718345}, {"songs": ["I'm Not Crazy", "Mr. Landlord", "Ice Cream Love"], "artists": ["Don Carlos", "Half Pint", "Johnny Osbourne"], "centerDistance": 0.36706866666666665, "angle": 3.7699111843077517}, {"songs": ["I See It In You", "Love Is The Key"], "artists": ["Freddie McGregor", "Jimmy Riley"], "centerDistance": 0.4224, "angle": 5.026548245743669}]