[{"songs": ["Baby Blue"], "artists": ["Ivana  Spagna"], "centerDistance": 0.30452100000000004, "angle": 0.0}, {"songs": ["SAILING"], "artists": ["The Nolans"], "centerDistance": 0.0, "angle": 1.2566370614359172}, {"songs": ["River Deep Mountain High", "I Love The Way", "Hello Rio", "Frankie", "Celebration", "Friday", "Inside Story (2004 Digital Remaster)", "White Collar Crime (2004 Digital Remaster)", "Respectable", "Flashdance... What a Feeling", "Dusty Road", "More Than Physical", "Upside Down", "A Different Kind of Love Song (Rosabel attitude vocal)", "I Like You", "Torero", "Searchin' (I Gotta Find A Man) (Moz Morris Euro Trance Mix)", "Searchin' (I Gotta Find a Man) (DJ Moz Morris Pumpin' Club Mix)", "Big Noise From Winnetka (Studio Version aka 12\" Mix)", "Fame"], "artists": ["Kelly Marie", "Bananarama", "Ottawan", "Sister Sledge", "The Weather Girls", "Ivana  Spagna", "Grace Jones", "Grace Jones", "Mel & Kim", "Irene Cara", "Amii Stewart", "Bananarama", "Diana Ross", "Cher", "Phyllis Nelson", "Baccara", "Hazell Dean", "Hazell Dean", "Bette Midler", "Irene Cara"], "centerDistance": 0.17799865000000004, "angle": 2.5132741228718345}, {"songs": ["Silent Treatment"], "artists": ["Kelly Marie"], "centerDistance": 0.058926000000000034, "angle": 3.7699111843077517}, {"songs": ["All This Time Still Falling Out Of Love (Shanghai Surprize Radio Edit)", "Stand Up For Myself", "La Plage De Saint Tropez"], "artists": ["Erasure", "Army Of Lovers", "Army Of Lovers"], "centerDistance": 0.2844123333333333, "angle": 5.026548245743669}]