[{"songs": ["Hake Batle Sepe", "Yo Baby", "Untold Story", "Emotional Allegiance (Stand By Me)", "Ain't No Way To Treat A Lady", "Giyana", "Tontobane", "Tamatant Tilay", "Mystery (Osborne Extended Club Remix)", "Coal Train (Stimela)", "Weeping", "Medina", "Kothbiro", "Yamore", "Beni Baraale", "Yolele", "The South African National Anthem", "Ndizakulibala", "Marie Kembo", "What We Wanted"], "artists": ["Brenda Fassie", "Brenda Fassie", "Sibongile Khumalo", "Johnny Clegg and Savuka", "Letta Mbulu", "Johnny Clegg and Savuka", "Vusi Mahlasela", "Tinariwen", "BLK JKS", "Hugh Masekela", "Soweto String Quartet;Vusi Mahalasela", "Youssou N'Dour", "Ayub Ogada", "Salif Keita", "Orchestra Baobab", "Papa Wemba", "Overtone", "Thandiswa Mazwai", "Sam Mangwana", "Dear Reader"], "centerDistance": 0.2877782, "angle": 0.0}, {"songs": ["Mwana Wa Mama", "N'Barik Fall (Battling Sept. 1922)"], "artists": ["Khadja Nin", "Khadja Nin"], "centerDistance": 0.4156625, "angle": 1.2566370614359172}, {"songs": ["Diahowo", "Bouyel"], "artists": ["Baaba Maal", "Baaba Maal"], "centerDistance": 0.41538200000000003, "angle": 2.5132741228718345}, {"songs": ["Tchamantch\u00e9", "Koronoko"], "artists": ["Rokia Traor\u00e9", "Rokia Traor\u00e9"], "centerDistance": 0.406652, "angle": 3.7699111843077517}, {"songs": ["Light Of Our Life (Siyabonga Khongisa)", "She Always Gets What She Wants", "Awa Didjen", "Groentrui"], "artists": ["Sibongile Khumalo", "Prime Circle", "Tinariwen", "Jan Blohm"], "centerDistance": 0.31872625, "angle": 5.026548245743669}]