[{"songs": ["Superstar (feat. Mike D)", "The Way We Ball", "Thug Thang", "7th Street Interlude", "FaSho Money - Skit", "1st Booty On Duty", "Liquor & Dat Bud", "South Side West Side", "Distant Lover (amended album version)", "Touching Everything [Featuring Yung Joc] (Album Version)", "P-Poppin' (Feat. Shawnna & Lil' Fate)", "Put Yo Hands Up (Explicit Album Version)", "That What's Up", "Naw Meen", "Tussle", "Stop Don't Answer", "It's You Momma Calling", "Steel 'em In Da Mouth", "Ten Toes Tall", "Akickdoe!"], "artists": ["Fat Pat", "Lil' Flip", "Big Moe", "UGK", "Scarface", "Ying Yang Twins", "Three 6 Mafia", "Yo Gotti", "Lil Boosie", "Lil' Scrappy", "Ludacris", "Crime Mob", "Big Tuck", "Baby Boy Da Prince", "Big Tuck", "Kiotti", "Kiotti", "Magno", "Lil Wyte", "C-Murder"], "centerDistance": 0.38183255, "angle": 0.0}, {"songs": ["Sample Dat Ass"], "artists": ["Chingy Featuring Murphy Lee"], "centerDistance": 0.437122, "angle": 1.2566370614359172}, {"songs": ["Nothing Is Promised feat. Yung Joc (Explicit Album Version)"], "artists": ["Boyz N da Hood"], "centerDistance": 0.424887, "angle": 2.5132741228718345}, {"songs": ["White Gutz"], "artists": ["Dungeon Family"], "centerDistance": 0.40917899999999996, "angle": 3.7699111843077517}, {"songs": ["Always Strapped"], "artists": ["Birdman"], "centerDistance": 0.38990499999999995, "angle": 5.026548245743669}]