[{"songs": ["Stuntin'", "We The Ones", "U Can Get It f/ Nitti", "You Scared Part II", "Money Didn't Change Me", "Naw Meen", "Touch That Ass", "Get To Poppin'", "Get Yo Paper", "Just to Fight", "Crazy", "Get It Up", "Protect & Serve", "Welcome Back", "Juvenile On Fire", "Put Yo Hands Up (Explicit Album Version)", "Can't F**k Wit Me (Explicit Version)", "Rico", "Play", "Do Ya Thang"], "artists": ["Big Tuck", "Al Kapone", "Rasheeda", "Three 6 Mafia", "Three 6 Mafia", "Baby Boy Da Prince", "Rich Boy", "Rich Boy", "Z-Ro", "Pastor Troy", "Z-Ro", "U.S.D.A.", "UGK", "Young Jeezy", "Juvenile", "Crime Mob", "Trick Daddy", "Goodie Mob", "David Banner", "Rapid Ric"], "centerDistance": 0.07947200000000001, "angle": 0.0}, {"songs": ["Freestyle"], "artists": ["Fat Bastard"], "centerDistance": 0.18786499999999995, "angle": 1.2566370614359172}, {"songs": ["White Gutz", "Rollin'"], "artists": ["Dungeon Family", "Dungeon Family"], "centerDistance": 0.12496550000000001, "angle": 2.5132741228718345}, {"songs": ["Smile", "Grown Man Featuring Shawty Putt", "Stuntin'"], "artists": ["Jibbs", "YoungBloodZ", "Jibbs"], "centerDistance": 0.13761633333333334, "angle": 3.7699111843077517}, {"songs": ["I Am The Club (Amended Album Version)", "Toss that Bitch", "We Thuggin' (Explicit Album Version)", "Do Ya Bad [Explicit Album Version]", "It's Goin' Down (Amended Version)", "Hood Figga (Amended Album Version)"], "artists": ["Plies", "Yo Gotti", "Boyz N da Hood", "Yung Joc", "Yung Joc", "Gorilla Zoe"], "centerDistance": 0.09539183333333333, "angle": 5.026548245743669}]