[{"songs": ["Not Even A Stone", "Wait'll You See My Brand New Home", "Now I Have Everything", "I Will Glory in the Cross", "When Jesus Lifts The Load", "On The Authority", "Jesus Loves Me (Now More Than Ever)", "Just Ask", "The Sweetest Song I Know (Now More Than Ever)", "This Ole House", "Farther Along (Homecoming Picnic Album Version)", "Calvary Reminds Me", "Upon This Rock (New Orleans Homecoming Version)", "In Time, On Time, Every Time", "Love Was In The Room", "The Old Rugged Cross", "Living Water, Bread of Life", "David Did Dance", "Treasures", "Tears Are A Language God Understands"], "artists": ["Perrys", "Jessy Dixon", "Jessy Dixon", "The Rambos", "Gaither Vocal Band", "Guy Penrod", "Russ Taff", "Greater Vision", "Russ Taff", "George Younce", "Michael English", "Legacy Five", "Allison Durham Speer", "Gold City", "The Booth Brothers", "Gold City", "4HIM", "Lauren Talley", "Amy Lambert", "Amy Lambert"], "centerDistance": 0.1893451, "angle": 0.0}, {"songs": ["The Perfect Rose"], "artists": ["The Rambos"], "centerDistance": 0.181763, "angle": 1.2566370614359172}, {"songs": ["Sweet, Sweet Spirit"], "artists": ["The Bill Gaither Trio"], "centerDistance": 0.21735099999999996, "angle": 2.5132741228718345}, {"songs": ["Pass Me Not"], "artists": ["Florida Boys"], "centerDistance": 0.22955199999999998, "angle": 3.7699111843077517}, {"songs": ["Serenaded By Angels", "I'm Gonna Leave Here Shoutin'"], "artists": ["Kirk Talley", "Dottie Rambo"], "centerDistance": 0.237595, "angle": 5.026548245743669}]