[{"songs": ["Fenced In", "Man The Station", "Excite Me", "Hold That Train", "Let's Get Started", "Take Me to the River", "The Moonshiner", "Hey Love", "Ride Me High", "Fire And Rain", "Let's Get It Started", "Every Time You Go Away", "Soothe Me", "Un Beso Y Una Flor", "I Know", "You Are Too Expensive for Me", "Conversation", "Intimate Relationship - Pt 2 (After Dark Mix)"], "artists": ["The Mercury Project", "The Mercury Project", "Sean Paul", "Juanita Hall", "Mungo Jerry", "Eva Cassidy", "Vaya Con Dios", "Shaggy", "J.J. Cale", "Blood, Sweat & Tears", "Tomasi", "Mark Medlock", "Maria Muldaur", "Seguridad Social", "The Derek Trucks Band", "Burnshee Thornside", "Benjy Myaz", "Benjy Myaz"], "centerDistance": 0.36493355555555557, "angle": 0.0}, {"songs": ["The Bush Is Burning", "Mami Wata", "How Long Is Forever", "One Silver Dollar", "Swing Low Sweet Chariot", "Centerpiece (Live At Ronnie Scott's)"], "artists": ["Corey Harris", "Corey Harris", "Peter Frampton", "Vaya Con Dios", "Eric Clapton", "Van Morrison"], "centerDistance": 0.3996476666666666, "angle": 1.2566370614359172}, {"songs": ["Pelican Stomp", "Me and My Wonderful One"], "artists": ["Cleo Brown", "Cleo Brown"], "centerDistance": 0.3670475, "angle": 2.5132741228718345}, {"songs": ["Scary Films", "Spellbound"], "artists": ["Katie Melua", "Katie Melua"], "centerDistance": 0.3785805, "angle": 3.7699111843077517}, {"songs": ["Ghost Train", "Ghetto Of My Mind"], "artists": ["Rickie Lee Jones", "Rickie Lee Jones"], "centerDistance": 0.430546, "angle": 5.026548245743669}]