[{"songs": ["Jusqu'\u00e0 la prochaine temp\u00eate", "Bicophobe", "A la page r\u00e9volutionnaire", "Face \u00e0 Zo", "Africanisme banakine", "Table d'\u00e9coute", "\u00c9coute", "Gangsta", "Loin Du Compte (1999)", "Freestyle 18", "De Deux", "Nous Contre Eux", "Tueur en s\u00e9ries", "Le Hip Hop Est Ma Flamme", "S.N.I", "Jaloux assieds toi (feat. Ericsson Le Zulu, Jacky Brown)", "Ca Vient de Chez nous", "Pulsions textuelles", "Interlude", "L'oiseau Fait Sa Cage (2000)"], "artists": ["Mysa", "Mysa", "Scred Connexion", "Zoxea", "Youssoupha", "Medine", "Medine", "Sefyu", "Fonky Family", "Roc\u00e9", "Le Rat Luciano", "Le Rat Luciano", "Despo Rutti", "Triptik", "Sniper", "Pit Baccardi", "Pit Baccardi", "mokless", "Dany Dan", "La Rumeur"], "centerDistance": 0.09904315, "angle": 0.0}, {"songs": ["Baby Killaz Freestyle", "Freestyle 43"], "artists": ["Alpha 5.20", "Chiens de Paille"], "centerDistance": 0.0784725, "angle": 1.2566370614359172}, {"songs": ["Illegal Life (feat. Emilie)", "Pour Les Quartiers feat. Jmi Sissoko", "Les Gens Comme Eux remix feat. Medine et Sinik"], "artists": ["Alibi Montana", "Bakar", "Bakar"], "centerDistance": 0.21748200000000004, "angle": 2.5132741228718345}, {"songs": ["How Many Guns", "Don't Mean Nuthin'"], "artists": ["Sheek", "Sheek"], "centerDistance": 0.14923799999999998, "angle": 3.7699111843077517}, {"songs": ["Outro", "So"], "artists": ["Mac Tyer", "Mac Tyer"], "centerDistance": 0.21419999999999995, "angle": 5.026548245743669}]