[{"songs": ["Freestyle 20", "On respecte \u00e7a", "Repr\u00e9sente Ta Rue", "Rue du paradis", "Chaud", "Dans le vif", "Antipodes", "Adrenaline", "Garde La P\u00eache", "Pas pour les Bras Gays", "Baise les gens", "Panam VS Rohff", "Gangsta Party", "Distinction", "Burn ourselves out", "R\u00e9veille Le Punk (Intro)", "Hold Up (Live)", "Souvenir (feat. Jango Jack)", "Chaque fois", "Jungle Fever"], "artists": ["Dany Dan", "Fonky Family", "Les Sales Blancs", "Sinik", "Nysay", "Sinik", "Soklak", "Soklak", "Booba", "Triptik", "Klub des Loosers", "Rohff", "K-Maro", "TIS", "TIS", "Svinkels", "Sa\u00efan Supa Crew", "Smoker", "Bouch\u00e9es Doubles", "KDD"], "centerDistance": 0.1003107, "angle": 0.0}, {"songs": ["Colys\u00e9e (feat. MASS)"], "artists": ["Iron Sy"], "centerDistance": 0.0, "angle": 1.2566370614359172}, {"songs": ["MC Jean Gabin VS Rap Fran\u00e7ais"], "artists": ["MC Jean Gab'1"], "centerDistance": 0.03048799999999996, "angle": 2.5132741228718345}, {"songs": ["Itin\u00e9raire", "L'arme pour changer (feat. Ibrah)"], "artists": ["Youssoupha", "Medine"], "centerDistance": 0.1742825, "angle": 3.7699111843077517}, {"songs": ["Fugitif", "Parle A Ma Main feat. Yelle et Christelle", "Lef"], "artists": ["Shurik'N", "Fatal Bazooka", "Shurik'N"], "centerDistance": 0.14449166666666668, "angle": 5.026548245743669}]