[{"songs": ["Doing Wrong", "Used And Abused", "Rich Man's Lounge", "Nasty", "Go Down Moses", "Daydreaming", "New Blood", "Solid Gold Plated Fool", "I've Got News For You", "Tobacco Road", "This Bitter Earth", "Chain Of Fools", "It Cuts To The Bone", "Human Race", "Still Rainin'", "Mr. So and So", "Always Love You", "Freight Train", "If You See Me", "Peter Gunn"], "artists": ["Don Griffin", "Omar Cunningham", "Ladell McLin", "Don Griffin", "Smokehouse", "Big Time Sarah", "The Robert Cray Band", "Delbert McClinton", "Gregg Allman", "Edgar Winter", "Andrew Strong", "Joe Cocker", "Blue Stew", "Blue Stew", "Jonny Lang", "Smokehouse", "Angela Strehli", "Taj Mahal", "The Black Keys", "Roy Buchanan"], "centerDistance": 0.24136924999999998, "angle": 0.0}, {"songs": ["Gypsy Good Time", "Happy When You're Unhappy", "Heaven's Got The Blues"], "artists": ["Nick Gravenites", "Deborah Coleman", "Deborah Coleman"], "centerDistance": 0.3993286666666667, "angle": 1.2566370614359172}, {"songs": ["I Ain't Got It", "Kant Sheck Dees Bluze"], "artists": ["Jimmy Dawkins", "Jimmy Dawkins"], "centerDistance": 0.39932999999999996, "angle": 2.5132741228718345}, {"songs": ["Losing Game", "Never Be Lonely Again"], "artists": ["The Electric Flag", "The Electric Flag"], "centerDistance": 0.283013, "angle": 3.7699111843077517}, {"songs": ["24 Hour Fool", "Don't Take Advantage Of Me"], "artists": ["Debbie Davies", "Debbie Davies"], "centerDistance": 0.1996655, "angle": 5.026548245743669}]