[{"songs": ["Valentine's Day", "Many Happy Returns"], "artists": ["ABC", "ABC"], "centerDistance": 0.3549105, "angle": 0.0}, {"songs": ["Experience", "I Wonder If I Take You Home", "Let The Beat Hit 'Em", "I'm in Love Again", "Rockin' to the Rhythm (Raw Street edit)", "See No, Hear No", "InsBlaue (Long Version)", "By The Beautiful Sea/In The Good Old Summertime/That's Amore Medley", "Funky Little Beat", "Please Stay Tonight", "Diamond Girl", "In Paradise", "EXOTIQUE", "Don't Treat Me This Way", "Over and Over", "Seven Cities", "Can't Get You Out Of My Mind (Remix)", "The Name of the Game", "Show Me Love (extended version)", "The way i love you"], "artists": ["Connie", "Lisa Lisa & Cult Jam", "Lisa Lisa & Cult Jam", "Trinere", "Trinere", "Freestyle", "Linear", "Freestyle", "Debbie Deb", "Judy Torres", "Nice & Wild", "Laissez Faire", "Safire", "Fantasia", "Pajama Party", "Expose", "Lil Suzy", "Dan Hartman", "Company B", "Lil Suzy"], "centerDistance": 0.15599765, "angle": 1.2566370614359172}, {"songs": ["CRAZY"], "artists": ["STEFANIE BENNETT"], "centerDistance": 0.326002, "angle": 2.5132741228718345}, {"songs": ["Give Me Tonight", "Let The Music Play"], "artists": ["Shannon", "Shannon"], "centerDistance": 0.2330485, "angle": 3.7699111843077517}, {"songs": ["What goes around comes around", "Love Letter", "Free My Love"], "artists": ["Giggles", "Giggles", "Intonation"], "centerDistance": 0.2899616666666667, "angle": 5.026548245743669}]