[{"songs": ["Big Rock Candy Mountain", "Keep on the Sunny Side", "I Am Weary (Let Me Rest)"], "artists": ["Harry McClintock", "The Whites", "The Cox Family"], "centerDistance": 0.1110583333333333, "angle": 0.0}, {"songs": ["The Long Black Veil", "Choctaw Hayride", "Silver Dagger", "Take Me For Longing", "Coming Home", "Dark As A Dungeon", "Moneyland", "Man Can't Live on Bread Alone", "Company Blues", "Look Down That Lonesome Road", "Train, Train", "Knock Knock!", "Hobo", "Buildings Are the Cages", "Tragic Life", "All The Same", "Carter's Blues", "Wild Urge to Ramble", "I Would Be Sad", "Country Blues"], "artists": ["Bill Monroe and the Bluegrass Boys", "Alison Krauss & Union Station", "Dolly Parton", "Alison Krauss & Union Station", "Chatham County Line", "Grandpa Jones", "The Del McCoury Band", "The Del McCoury Band", "Chatham County Line", "Tim O'Brien", "Dolly Parton", "Dan Tyminski", "The Hackensaw Boys", "The Hackensaw Boys", "The Infamous Stringdusters", "The Infamous Stringdusters", "The Carter Family", "Blue Highway", "The Avett Brothers", "Doc Watson"], "centerDistance": 0.036550700000000005, "angle": 1.2566370614359172}, {"songs": ["Tell It To Me", "Hard To Love"], "artists": ["Old Crow Medicine Show", "Old Crow Medicine Show"], "centerDistance": 0.016288499999999984, "angle": 2.5132741228718345}, {"songs": ["Kentucky Borderline", "You Can't Take It With You When You Go"], "artists": ["Rhonda Vincent", "Rhonda Vincent"], "centerDistance": 0.04534250000000001, "angle": 3.7699111843077517}, {"songs": ["On the Rock Where Moses Stood", "Goodbye Old Paint"], "artists": ["The Carter Family", "Harry McClintock"], "centerDistance": 0.055703999999999976, "angle": 5.026548245743669}]