[{"songs": ["Non \u00e8 il momento", "Angelo", "Marmellata#25", "Per Te"], "artists": ["Povia", "Francesco Renga", "Cesare Cremonini", "Jovanotti"], "centerDistance": 0.21876224999999996, "angle": 0.0}, {"songs": ["Me la caver\u00f2", "Il mondo insieme a te", "Avevo Un Cuore Che Ti Amava Tanto", "Non Prego Per Me", "L'Autostrada", "L'Amore Che Resta", "Ancora vita \u00e8", "Pelle Di Serpente", "Dica", "Baila Sad Jack", "Bum Bum (unplugged)", "E Gli Altri Dormono", "La Panchina E Il New York Times", "Scherzo", "L'inquietudine", "Nati Ieri", "Come mai", "E Sia Cosi'", "Anche tu", "Anime belle"], "artists": ["Max Pezzali", "Max Pezzali", "Mino Reitano", "Mino Reitano", "Tiromancino", "Michele Zarrillo", "Marco Masini", "Anna Oxa", "Niccol\u00f2 Fabi", "Luca Carboni", "Irene Grandi", "Raf", "Anna Oxa", "Niccol\u00f2 Fabi", "Nek", "Raf", "883", "Aleandro Baldi", "Al Bano & Romina Power", "Marina Rei"], "centerDistance": 0.19896684999999995, "angle": 1.2566370614359172}, {"songs": ["Cuando los ninos hacen ooh", "Ora Lo So"], "artists": ["Povia", "Studio 3"], "centerDistance": 0.2144725, "angle": 2.5132741228718345}, {"songs": ["Il Mio Amore Unico", "T.Q.M.", "Immobile"], "artists": ["Dolcenera", "Irene Grandi", "Alessandra Amoroso"], "centerDistance": 0.20556066666666664, "angle": 3.7699111843077517}, {"songs": ["Un Attimo Ancora", "A Chiara Piace Vivere"], "artists": ["Gemelli Diversi", "Gemelli Diversi"], "centerDistance": 0.2948095, "angle": 5.026548245743669}]