[{"songs": ["Liberty", "Jenny Take a Ride"], "artists": ["Mitch Ryder", "Mitch Ryder"], "centerDistance": 0.17210499999999995, "angle": 0.0}, {"songs": ["Mr. Kop ?"], "artists": ["Pisces"], "centerDistance": 0.012315999999999994, "angle": 1.2566370614359172}, {"songs": ["Gangster Purple - Inst", "I Won't Hurt You (Album Version)", "Going Nowhere", "General Confessional (Album Version)", "This One's For You", "Sea Of Dreams", "A Small Package of Value Will Come To You, Shortly", "Pie In The Sky", "Anothertyme", "Aloha (Atardecer En El Pac\u00edfico)", "Live And Let Live (LP Version)", "Are You Happy  (Live Version)", "Vacuum", "Revolution (1999 Digital Remaster)", "J. P. P. Mc Step B. Blues", "Exploration And Morrison's Sojourn: Segment I [No One Here Gets Out Alive]", "I'm Coming Home", "Sing This All Together (See What Happens)", "The Adoration (Album Version)", "Up All Night"], "artists": ["Quicksilver Messenger Service", "The West Coast Pop Art Experimental Band", "Moby Grape", "The Electric Prunes", "Nazz", "The Idle Race", "Jefferson Airplane", "The Idle Race", "Pearls Before Swine", "The Zombies", "Love", "Iron Butterfly", "Pisces", "Tomorrow", "Jefferson Airplane", "The Doors", "The Deviants", "The Rolling Stones", "The Electric Prunes", "SRC"], "centerDistance": 0.013460749999999994, "angle": 2.5132741228718345}, {"songs": ["Mr. Universe", "I Can See The Sky", "Flies Like A Bird"], "artists": ["Episode Six", "Fire", "Fire"], "centerDistance": 0.117568, "angle": 3.7699111843077517}, {"songs": ["Purple Haze", "Cellophane Symphony"], "artists": ["Dion", "Tommy James & The Shondells"], "centerDistance": 0.17722149999999998, "angle": 5.026548245743669}]