[{"songs": ["Lament Of The Lonely", "Can Anyone Explain?", "All Or Nothing At All", "So Romantic", "That Old Black Magic", "A Fine Romance", "Dance me love", "Little White Lies", "Someone To Love", "'Round Midnight", "Don't Smoke In Bed", "All of You", "Evil Gal Blues", "Day Dream", "Les Etoiles", "What A Difference A Day Makes", "Let's Do It", "Don't Explain", "See Line Woman", "One Day"], "artists": ["Honi Gordon", "Ella Fitzgerald & Louis Armstrong", "Karrin Allyson", "Stacey Kent", "Sarah Vaughan", "Billie Holiday", "Silje Nergaard", "Stacey Kent", "Erin Boheme", "Cassandra Wilson", "Nina Simone", "Ann Hampton Callaway", "Karrin Allyson", "Carol Sloane", "Melody Gardot", "Laura Fygi", "Erin Boheme", "Lyambiko", "Lyambiko", "Melody Gardot"], "centerDistance": 0.16041759999999997, "angle": 0.0}, {"songs": ["Take My Hand", "Lonely Woman"], "artists": ["Deborah Brown", "Deborah Brown"], "centerDistance": 0.0, "angle": 1.2566370614359172}, {"songs": ["Gimme Some Time"], "artists": ["Natalie Cole & Peabo Bryson"], "centerDistance": 0.22291099999999997, "angle": 2.5132741228718345}, {"songs": ["So Long, You Fool", "Matchmaker, Matchmaker"], "artists": ["Sophie Milman", "Sophie Milman"], "centerDistance": 0.174226, "angle": 3.7699111843077517}, {"songs": ["In The Pines", "You"], "artists": ["Erin Bode", "Erin Bode"], "centerDistance": 0.20782050000000002, "angle": 5.026548245743669}]