[{"songs": ["Black Bottom", "Rock-A-Conga", "I Do Do", "That's the Way it Goes", "The Hand That Rocks The Cradle", "Little T&A", "Once Was A Time I Thought", "Give It Time", "Quicksand", "Nikita", "Barbie", "Little Sally Tease", "Oh Boy", "Skating On Thin Ice", "Guitar twist", "I'M Feelin' Sorry", "Passin' Time", "Backs Against The Wall", "Still I'm Sad - Original", "Home to You"], "artists": ["The Troggs", "The Applejacks", "The Troggs", "Joe Brown", "Procol Harum", "The Rolling Stones", "The Mamas & The Papas", "Bachman-Turner Overdrive", "The Youngbloods", "Sugarloaf", "Sugarloaf", "The Kingsmen", "Johnny Kidd & The Pirates", "Procol Harum", "The Ventures", "Ricky Nelson", "Badfinger", "Groundhogs", "The Yardbirds", "Canned Heat"], "centerDistance": 0.10481745, "angle": 0.0}, {"songs": ["Loved One (LP Version)"], "artists": ["Tommy James & The Shondells"], "centerDistance": 0.13382799999999995, "angle": 1.2566370614359172}, {"songs": ["Joy (LP Version)"], "artists": ["Mitch Ryder & The Detroit Wheels"], "centerDistance": 0.13342600000000004, "angle": 2.5132741228718345}, {"songs": ["To Love", "The Brand New Tennessee Waltz"], "artists": ["Matthews' Southern Comfort", "Matthews' Southern Comfort"], "centerDistance": 0.2666885, "angle": 3.7699111843077517}, {"songs": ["Can't Get In", "Short List"], "artists": ["Roger Chapman", "Roger Chapman"], "centerDistance": 0.266687, "angle": 5.026548245743669}]