[{"songs": ["Mean Mistreatin' Woman", "Come Home", "Walkin' Through The Park", "Trouble Man", "Ghetto Woman", "Tell Me How You Like It", "24 Hours", "West Side Woman", "Dust My Broom", "Wishy Washy Woman", "Kind Hearted Woman", "Buried Alive in the Blues", "Good Candy", "The Sky Is Cryin'", "Girl\u2019S Gone Crazy", "Man  On The Side", "Good Enough For Me", "Get Out The Back Door", "Love Me", "Looking For Some Heat"], "artists": ["Willie Kent", "Willie Kent", "Johnny Dyer", "Buddy Guy", "Lurrie Bell", "Byther Smith", "Eddie Boyd", "Lurrie Bell", "Elmore James", "Mighty Joe Young", "Johnny Shines", "Mike Bloomfield", "Lovie Lee", "Mike Bloomfield", "Bill Perry", "Bill Perry", "Sonny Landreth", "Tony Sarno", "Z.Z. Hill", "Otis Taylor"], "centerDistance": 0.1653221, "angle": 0.0}, {"songs": ["It's Alright"], "artists": ["Mighty Joe Young"], "centerDistance": 0.17538200000000004, "angle": 1.2566370614359172}, {"songs": ["Old Smyrna Road", "Wicked Ways"], "artists": ["Eric Sardinas", "Eric Sardinas"], "centerDistance": 0.2724815, "angle": 2.5132741228718345}, {"songs": ["Third Week In The Chelsea", "Ice Age"], "artists": ["Hot Tuna", "Hot Tuna"], "centerDistance": 0.22355000000000003, "angle": 3.7699111843077517}, {"songs": ["Johnny's Boogie (Instrumental)"], "artists": ["Johnny Dyer"], "centerDistance": 0.09990600000000005, "angle": 5.026548245743669}]