[{"songs": ["Elevator Sunshine Girl", "Harem Bizzarre", "Access to the Long Fields", "Diaspora Dub", "East of the River Ganges (Mango in My Flute mix)", "Perverting Mankind", "Moon Town", "Free Senses", "Sequence", "T-Ion (Part 2)", "Dead Jazz", "Nothing Is Something Worth Doing", "Convergence", "Future City", "Splitting an Atom", "Breathing Place", "Countdown To Meltdown (feat. Atomic Drop)", "Dreamland", "A Shower Of Sparks", "Brain Plate"], "artists": ["Solar Fields", "Kaya Project", "H.U.V.A. Network", "Bluetech", "The Kumba Mela Experiment", "Slackbaba", "H.U.V.A. Network", "Saafi Brothers", "Hoopy Frood", "Cell", "Master Margherita", "Shpongle", "Ten Madison", "Ten Madison", "Ott", "Vibrasphere", "Slackbaba", "En Voice", "Ott", "Stress Assassin"], "centerDistance": 0.06876165, "angle": 0.0}, {"songs": ["Gabi\u00b4s World"], "artists": ["Digital Mystery Tour"], "centerDistance": 0.0, "angle": 1.2566370614359172}, {"songs": ["Yoga", "Mystical Xperience"], "artists": ["Blue Lunar Monkey", "Blue Lunar Monkey"], "centerDistance": 0.06401100000000004, "angle": 2.5132741228718345}, {"songs": ["Misty Mountain", "Solar Prayers"], "artists": ["Desert Dwellers", "Desert Dwellers"], "centerDistance": 0.09910999999999998, "angle": 3.7699111843077517}, {"songs": ["Erasing Pluto", "ASD"], "artists": ["Cell", "Scann-Tec"], "centerDistance": 0.05814150000000001, "angle": 5.026548245743669}]