[{"songs": ["You'll Know It's Me", "Kansas City 6 Am", "Dry River", "Evil Man", "Pass You By", "Magic Balls (introduction)", "Waitin' Around To Die", "Car Wheels On A Gravel Road", "Houses On The Hill", "Right In Time", "What The Devil Wanted", "Only One And Only", "Election Day", "Son Of Man", "Elzick's Farewell", "Perry Lynn'S Run", "This time next year", "Penny In A Goldmine", "Still Be Around", "No Depression"], "artists": ["Chris Berardo & The DesBerardos", "DeSoto Rust", "Dave Alvin", "Shelby Lynne", "Gillian Welch", "The Handsome Family", "Townes Van Zandt", "Lucinda Williams", "Whiskeytown", "Lucinda Williams", "Whiskeytown", "Gillian Welch", "Lyle Lovett", "Chip Taylor & Carrie Rodriguez", "Chip Taylor & Carrie Rodriguez", "Paul Burch & the WPA Ballclub", "Paul Burch & the WPA Ballclub", "The Redlands Palomino Company", "Uncle Tupelo", "Uncle Tupelo"], "centerDistance": 0.06433229999999998, "angle": 0.0}, {"songs": ["Done Is Done"], "artists": ["Chris Berardo & The DesBerardos"], "centerDistance": 0.0, "angle": 1.2566370614359172}, {"songs": ["Love Hurts (w/ Emmylou Harris) (Remastered Version)"], "artists": ["Gram Parsons"], "centerDistance": 0.182597, "angle": 2.5132741228718345}, {"songs": ["Amos's Blues", "Polio"], "artists": ["Paul Burch", "Paul Burch"], "centerDistance": 0.14590499999999995, "angle": 3.7699111843077517}, {"songs": ["Tambourine", "When I Crossover"], "artists": ["Tift Merritt", "Tift Merritt"], "centerDistance": 0.15079699999999996, "angle": 5.026548245743669}]