[{"songs": ["Dangerous Time", "Jungleman", "Johnny jamma", "Elektro M.J.", "La Bataille Des Hormones", "Naxalite (Live Version)", "Divis\u00e9s", "Hip-Hop Poulidor", "Graduation Day (Album Version)", "On aime \u00e7a", "I Can See Clearly", "Running From The Thoughts", "Nos vies", "Marginal", "Accroche-toi", "R\u00e9sistant", "Paris", "Pas De Place", "Fugitif", "Capirai"], "artists": ["Les Enfants 2la BAsse", "La Phaze", "La Phaze", "Le Peuple de l'Herbe", "Bad Joke", "Asian Dub Foundation", "Redbong", "Redbong", "Gym Class Heroes", "Nessbeal", "Bargain Music", "Dub Pistols", "St\u00e9 Strausz", "St\u00e9 Strausz", "MC Jean Gab'1", "Iron Sy", "Rohff", "Soklak", "Shurik'N", "Bassi Maestro"], "centerDistance": 0.2643279, "angle": 0.0}, {"songs": ["Le Punk", "Raid Def Jam"], "artists": ["Svinkels", "Svinkels"], "centerDistance": 0.36068199999999995, "angle": 1.2566370614359172}, {"songs": ["Parle A Ma Main feat. Yelle et Christelle"], "artists": ["Fatal Bazooka"], "centerDistance": 0.35732699999999995, "angle": 2.5132741228718345}, {"songs": ["Culture United (feat. Damian Marley)", "Intro"], "artists": ["X-Clan", "d.a.p."], "centerDistance": 0.3539985, "angle": 3.7699111843077517}, {"songs": ["Check The Flow", "Soldat De Plomb"], "artists": ["Supr\u00eame NTM", "Abd Al Malik"], "centerDistance": 0.3217975, "angle": 5.026548245743669}]