[{"songs": ["Nebulizer", "Sharing"], "artists": ["Nils Petter Molv\u00e6r", "Bugge Wesseltoft"], "centerDistance": 0.21179600000000004, "angle": 0.0}, {"songs": ["Anicca", "Liberation Front", "Star Chasers", "Las Luces Del Norte", "Keeping The Time", "African Night", "Gato", "Nhu Beginn", "Into The Dark", "Slipped Disc", "The Bacalau", "Summer Sun (Markus Enochson remix)", "Friendly Pressure", "Friends - We'll Be", "Duo Trippin'", "Didjital Vibrations", "The Messenger", "What's New", "Joy and Pain", "Stepping"], "artists": ["Count Basic", "Thievery Corporation", "4hero", "Los Ladrones", "Duran Y Garcia", "Duran Y Garcia", "Gazzara", "Bobby Hughes Combination", "Marc Moulin", "Luke Vibert", "Rae & Christian", "Koop", "Jhelisa", "United Future Organization", "A Forest Mighty Black", "Jamiroquai", "A New Funky Generation", "9 Lazy 9", "Count Basic", "Monodeluxe"], "centerDistance": 0.1806509, "angle": 1.2566370614359172}, {"songs": ["Night Over Manaus", "Clive the Runner"], "artists": ["Boozoo Bajou", "Bobby Hughes Combination"], "centerDistance": 0.2892825, "angle": 2.5132741228718345}, {"songs": ["Poundstretcher", "Nightlife"], "artists": ["9 Lazy 9", "Bonobo"], "centerDistance": 0.20526550000000005, "angle": 3.7699111843077517}, {"songs": ["Single Stroke Ruffs", "Theme De Yoyo"], "artists": ["Xploding Plastix", "The Cinematic Orchestra"], "centerDistance": 0.247931, "angle": 5.026548245743669}]