[{"songs": ["Too Young", "All My Heart", "If I...", "Round in Circles", "This Time I Know It's For Real", "What Goes On", "It's Raining Men", "Let's Hear It For The Boy", "I Don't Believe In Miracles", "More Than Physical", "Such A Shame", "Love In The First Degree", "Upside Down", "Hello Rio", "S.T.O.P.", "Self Control", "We Are the Young", "Something About My Baby", "Cross My Broken Heart", "You Better Dance"], "artists": ["Blue System", "Irene Cara", "Modern Talking", "Hazell Dean", "Donna Summer", "Mai Tai", "The Weather Girls", "Deniece Williams", "Sinitta", "Bananarama", "Sandra", "Bananarama", "Diana Ross", "Ottawan", "Dolly Dots", "Laura Branigan", "Dan Hartman", "Five Star", "Sinitta", "The Jets"], "centerDistance": 0.10489574999999998, "angle": 0.0}, {"songs": ["If I Can't Have You"], "artists": ["Kelly Marie"], "centerDistance": 0.0, "angle": 1.2566370614359172}, {"songs": ["Walking In The Rain", "Pull Up To The Bumper"], "artists": ["Grace Jones", "Grace Jones"], "centerDistance": 0.08008100000000001, "angle": 2.5132741228718345}, {"songs": ["Frankie", "Searching", "Respectable", "I'm Not Scared", "I Feel The Earth Move", "The Only Way Is Up", "If Only I Could"], "artists": ["Sister Sledge", "Hazell Dean", "Mel & Kim", "Eighth Wonder", "Martika", "Yazz", "Sydney Youngblood"], "centerDistance": 0.13636528571428572, "angle": 3.7699111843077517}, {"songs": ["Just An Illusion", "Funkytown", "Last Night A DJ Saved My Life", "Let The Music Play"], "artists": ["Imagination", "Lipps, Inc.", "Indeep", "Shannon"], "centerDistance": 0.22760049999999998, "angle": 5.026548245743669}]