[{"songs": ["Names", "Livin' In Sin", "The Awakening", "Pain In The Neck", "Higher", "What If", "Time's Up", "Breathe Out (Full-Length)", "Oompa", "I've Had Enough (Into The Fire)", "The Merryground", "Push Away", "Out of My Hands", "Naked City", "Black Leather", "Embryo", "Hold Your Fire", "Monkey Chow", "Blue", "Pride"], "artists": ["Spider Rockets", "Godsmack", "Godsmack", "Ace Frehley", "Tommy Lee", "Powerman 5000", "Living Colour", "Nothingface", "Ugly Kid Joe", "Kiss", "Glyder", "Craving Theo", "The Darkness", "Jorn", "Guns N' Roses", "Black Sabbath", "Firehouse", "Slash's Snakepit", "Tommy Lee", "Saliva"], "centerDistance": 0.25989565, "angle": 0.0}, {"songs": ["Tear It Down", "Like It Is"], "artists": ["SOiL", "SOiL"], "centerDistance": 0.290948, "angle": 1.2566370614359172}, {"songs": ["Vision"], "artists": ["The Last Act"], "centerDistance": 0.407651, "angle": 2.5132741228718345}, {"songs": ["Find A Way", "Broken Again"], "artists": ["Another Animal", "Another Animal"], "centerDistance": 0.322982, "angle": 3.7699111843077517}, {"songs": ["Kree Nakoorie"], "artists": ["Alcatrazz"], "centerDistance": 0.40759, "angle": 5.026548245743669}]