[{"songs": ["Where No One Stands Alone", "Take My Breath Away", "There She Goes", "P.T. 109", "Honky Tonk Blues", "That's The Way It Could'Ve Been", "A Long Time Ago", "Spiders and Snakes", "It's Over", "As Long As I'm Dreamin'", "Highway Robbery", "Empty Saddles", "All I Can Do", "Happy Tracks", "(I Can't Help You) I'm Falling Too", "Young Love", "From A Jack To A King", "Big Bad John", "Am I That Easy To Forget", "Just Call Me Lonesome"], "artists": ["Jan Howard", "Margo Smith", "Carl Smith", "Jimmy Dean", "Charley Pride", "Kenny Rogers", "Faron Young", "Bellamy Brothers", "Glen Campbell", "Tanya Tucker", "Tanya Tucker", "Johnny Bond", "Dolly Parton", "Kenny Price", "Skeeter Davis", "Sonny James", "Ricky Van Shelton", "Jimmy Dean", "Carl Belew", "Eddy Arnold"], "centerDistance": 0.2937288, "angle": 0.0}, {"songs": ["Don't Fall Asleep At The Wheel", "Baby, Baby (I Know You're A Lady)", "Take Good Care Of Her", "Hillbilly Heaven", "Funny Face", "Don't Touch Me", "Lonely Women Make Good Lovers", "Slowly", "Would You Hold It Against Me"], "artists": ["Ferlin Husky", "David Houston", "Sonny James", "Tex Ritter", "Donna Fargo", "Jeannie Seely", "Bob Luman", "Stonewall Jackson", "Dottie West"], "centerDistance": 0.32299944444444445, "angle": 1.2566370614359172}, {"songs": ["A Fallen Star", "Why Don't They Understand", "Still Loving You"], "artists": ["Ferlin Husky", "George Hamilton IV", "Bob Luman"], "centerDistance": 0.321763, "angle": 2.5132741228718345}, {"songs": ["A Halfway Chance With You", "I Dreamed Of An Old Love Affair", "I've Used Up All My Doodle Do Do Do's"], "artists": ["Marty Robbins", "Hank Thompson", "Del Reeves"], "centerDistance": 0.294343, "angle": 3.7699111843077517}, {"songs": ["From A Jack To A King", "Walk On By", "Wolverton Mountain", "Please Help Me, I'm Falling", "Charlie's Shoes", "Once A Day", "Pick Me Up On Your Way Down"], "artists": ["Ned Miller", "Leroy van Dyke", "Claude King", "Hank Locklin", "Billy Walker", "Connie Smith", "Charlie Walker"], "centerDistance": 0.35063814285714284, "angle": 5.026548245743669}]