[{"songs": ["Make The World Go Away", "Treat Me Mean, Treat Me Cruel", "The Comancheros", "A Million Tears From Now", "Trouble In Mind", "Invitation To The Blues", "I Can't Stop Lovin' You", "You Are My Treasure", "King Of The Road", "Trying To Forget", "Let Me Live in the Light of His Love", "From Here To There To You", "I'll Never Find Another You", "Happy Christmas Day", "You're The Only World I Know", "The Right Combination", "Fool Like Me", "Once Again She's All Alone", "But You Know I Love You", "Valley of Tears"], "artists": ["Eddy Arnold", "Conway Twitty", "Claude King", "Jimmy Dean", "Tennessee Ernie Ford", "Ray Price", "Don Gibson", "Jack Greene", "Roger Miller", "Jim Reeves", "Charley Pride", "Hank Locklin", "Sonny James", "Charley Pride", "Sonny James", "Porter Wagoner & Dolly Parton", "Porter Wagoner", "Kenny Rogers", "Bill Anderson", "David Houston"], "centerDistance": 0.0769295, "angle": 0.0}, {"songs": ["My Elusive Dreams", "Take a Heart", "Bring Him Safely Home To Me"], "artists": ["David Houston", "Don Fardon", "Sandy Posey"], "centerDistance": 0.15008433333333338, "angle": 1.2566370614359172}, {"songs": ["Someday (You'll Want Me To Want You)"], "artists": ["Ronnie Dove"], "centerDistance": 0.17826799999999998, "angle": 2.5132741228718345}, {"songs": ["Please Help Me, I'm Falling", "Walk On By", "Oh Lonesome Me", "Abilene", "From A Jack To A King", "Still Loving You"], "artists": ["Hank Locklin", "Leroy van Dyke", "Don Gibson", "George Hamilton IV", "Ned Miller", "Bob Luman"], "centerDistance": 0.09018766666666668, "angle": 3.7699111843077517}, {"songs": ["Gotta Get A Date", "Unchained Melody"], "artists": ["Frank Ifield", "Frank Ifield"], "centerDistance": 0.1779445, "angle": 5.026548245743669}]