[{"songs": ["Opus 17", "Slow Geisha", "Chromatic (Miller Dub)", "In Progress", "Earth Mover", "The Price Of Oil", "Sosei (Original Mix)", "Monday Bar (Original Mix)", "The Cube", "Jonas Steur (Castamara)", "American Blues", "Surround Me", "My Sanctuary", "Let It Go", "Savanna", "Advanced (Ton T.B. Mix)", "Denial", "Don't Tar Me With The Same Brush", "Positron (Armin van Buuren Remix)", "Till The Sky Falls Down"], "artists": ["Rank 1", "Richard Durand", "Jochen Miller", "Signum", "Cosmic Gate", "Mat Zo", "Airscape", "Nic Chagall", "Mr. Pit", "Jonas Steur", "DJ Eco", "Dash Berlin", "First State", "Markus Schulz", "The Thrillseekers", "Marcel Woods", "Airbase", "Marcel Woods", "Cygnus X", "Dash Berlin"], "centerDistance": 0.25423045, "angle": 0.0}, {"songs": ["Flowtation", "Dreamland"], "artists": ["Vincent de Moor", "Nu NRG"], "centerDistance": 0.4339785, "angle": 1.2566370614359172}, {"songs": ["North Pole", "Silver Bath", "Dahab"], "artists": ["Solid Globe", "Plastic Boy", "Plastic Boy"], "centerDistance": 0.3622563333333333, "angle": 2.5132741228718345}, {"songs": ["Fly Away", "Universal Nation", "In Motion"], "artists": ["Vincent de Moor", "Push", "Dallaz Project"], "centerDistance": 0.4010116666666667, "angle": 3.7699111843077517}, {"songs": ["Fobiac", "There and Back Again", "Into the Unknown"], "artists": ["Mark Norman", "M6", "M6"], "centerDistance": 0.27479533333333334, "angle": 5.026548245743669}]