[{"songs": ["Bruachna Carraige B\u00e1ine (The Brink of the White Rock)", "The Legacy Jig", "Tip Toe Home / Paddy Kelly's", "The Kilfenora Jigs", "March From Oscar And Malvina", "The Rambling Irishman", "Reels: Waiting for a Call / The Spike Island Lassies", "Tell Her I Am; Chorus Jig", "Roaring Water", "Planxty Noel Hill", "The Roving Trade", "As I Roved Out", "Paddy O'Snap/Robin Kellegher/The Cove Of Cork", "Gol Na Mban 'San Ar", "What Will You Do? / April Rain", "The Redhaired Lass/ The Tailor's Thimble/ Fred Finn's Reel", "Whiskey, You're the Devil", "The Cobbler", "The Dance At The Crossroads", "Fermoy Lassies / Touch Me If You Dare / Farewell To Fine Weather"], "artists": ["Willie Clancy", "Willie Clancy", "Cherish the Ladies", "Arcady", "The Chieftains", "Arcady", "Tommy Peoples", "Tommy Peoples", "Altan", "The Pogues", "The Irish Rovers", "Planxty", "Cherish the Ladies", "Seamus Ennis", "Moving Cloud", "Moving Cloud", "The Clancy Brothers", "Tommy Makem", "The Waterboys", "Joe & Antoinette McKenna"], "centerDistance": 0.0759312, "angle": 0.0}, {"songs": ["Fare Thee Well", "Streets of London"], "artists": ["Liam Clancy", "Liam Clancy"], "centerDistance": 0.1597305, "angle": 1.2566370614359172}, {"songs": ["Metalkid", "La Valse"], "artists": ["Blackwater", "Blackwater"], "centerDistance": 0.176139, "angle": 2.5132741228718345}, {"songs": ["The Rich Irish Lady", "The Crosses Of Annagh", "The Pipe on the Hob"], "artists": ["Patrick Street", "Paul Brady", "The Bothy Band"], "centerDistance": 0.08221233333333337, "angle": 3.7699111843077517}, {"songs": ["The Leitrim Queen", "The Holly Bush, The New Ships Are Sailing"], "artists": ["Boys of the Lough", "Boys of the Lough"], "centerDistance": 0.097192, "angle": 5.026548245743669}]