[{"songs": ["You're Wondering Now (Re-Recorded / Remastered)", "Washed Up and Left for Dead", "One Step Beyond", "Mandingo", "the horse", "You're Just A", "Free Yourself", "Longshot", "Tear The Whole Thing Down", "Run Me Down", "Man Next Door", "Green Hell (Album Version)", "So Far", "Favorite Show", "MC. Dolar", "Punk-O", "I Killed The Cat (Live)", "Kablammin' It", "La Marxa", "The Shape of Funk to Come"], "artists": ["The Specials", "The Selecter", "Madness", "The Untouchables", "Dexys Midnight Runners", "The Ruts", "The Untouchables", "Common Rider", "The Higsons", "The Higsons", "UB40", "Pepper", "MU330", "MU330", "Ska-P", "Pante\u00f3n Rococ\u00f3", "Sid Vicious", "Long Beach Dub All Stars", "Obrint Pas", "Adequate Seven"], "centerDistance": 0.17769805000000002, "angle": 0.0}, {"songs": ["Five Reasons", "I Call It Crime"], "artists": ["Skaos", "Skaos"], "centerDistance": 0.23377800000000004, "angle": 1.2566370614359172}, {"songs": ["Rabbit in Headlights", "Difflam"], "artists": ["Howards Alias", "Howards Alias"], "centerDistance": 0.232941, "angle": 2.5132741228718345}, {"songs": ["Life Of A Soldier", "Clearer Now"], "artists": ["illScarlett", "illScarlett"], "centerDistance": 0.263634, "angle": 3.7699111843077517}, {"songs": ["Ich M\u00f6cht Dich Gern Kennenlernen", "Abgestand'nes Bier"], "artists": ["Mutabor", "Mutabor"], "centerDistance": 0.246801, "angle": 5.026548245743669}]