[{"songs": ["Come To Jamaica", "Father I Love You", "Serve the Lord", "Have Mercy (We Pray Oh God)", "Take The Name Of Jesus", "A Way In The Wilderness Dub", "Groovy Little Thing", "Stay With You", "Baby Tonight", "Hippitti Hippitti Hop", "Never Hurt You", "Need Your Love", "No Man Is An Island", "Close the door", "Born Again", "A Love Thang", "What About Us", "End Of The Road", "Rise In Love", "Without You"], "artists": ["Richie Stephens", "Richie Stephens", "Denzil Dennis", "Denzil Dennis", "Glen Washington", "Solomon Jabby", "Beres Hammond", "Tarrus Riley", "Bitty McLean", "Papa San", "Natural Black", "Ras Shiloh", "Dennis Brown", "Mikey Spice", "Mikey Spice", "Tanya mullings", "Chrisinti", "Frankie Paul", "Alaine", "Alaine"], "centerDistance": 0.24032475, "angle": 0.0}, {"songs": ["Lovin' You", "Silly Games"], "artists": ["Janet Kay", "Janet Kay"], "centerDistance": 0.40660199999999996, "angle": 1.2566370614359172}, {"songs": ["No Can Do", "Midnight Love"], "artists": ["Kashief Lindo", "Peter Hunnigale"], "centerDistance": 0.39954399999999995, "angle": 2.5132741228718345}, {"songs": ["Long Long Time"], "artists": ["Peter Hunnigale"], "centerDistance": 0.40703100000000003, "angle": 3.7699111843077517}, {"songs": ["Around The World", "Love So Nice", "One Day In Your Life", "Beautiful Lady"], "artists": ["Gyptian", "Junior Kelly", "Thriller U", "Gyptian"], "centerDistance": 0.33622475, "angle": 5.026548245743669}]