[{"songs": ["Inner City Got Plenty Cases (Instrumental)", "1-800-Henchman", "The Eulogy", "Fabrik", "The Pain", "Road To Zion", "Real Lover", "Orygina\u0142", "Generalknas", "Club Jumpin'", "Oh No", "So Hard", "With A Z", "No Sunrise", "Best Friend", "My Girlfriend", "Purge Dem (Catch A Fire) Pt. II", "Milosc W Formacie JPG", "Natalia", "Ill Eagle Alien"], "artists": ["Million Dan", "Wyclef Jean", "Wyclef Jean", "Bikstok R\u00f8gsystem", "Assassin", "Damian Marley", "Mad Lion", "Jamal", "Svenska Akademien", "Che'nelle", "Jamal", "Blak Twang", "Demon Boyz", "Relax", "Serengeti", "Sean Kingston", "Promoe", "Sidney Polak", "Sidney Polak", "Kardinal Offishall"], "centerDistance": 0.28294489999999994, "angle": 0.0}, {"songs": ["Love", "Gone Away"], "artists": ["Speech", "Speech"], "centerDistance": 0.28998599999999997, "angle": 1.2566370614359172}, {"songs": ["Mass Appeal (Edited)", "B.Y.S. (Edited)"], "artists": ["Gang Starr", "Gang Starr"], "centerDistance": 0.384835, "angle": 2.5132741228718345}, {"songs": ["Check The Vibe", "Beer"], "artists": ["People Under the Stairs", "People Under the Stairs"], "centerDistance": 0.3856155, "angle": 3.7699111843077517}, {"songs": ["Bloody Murder", "When it's on, it's murder"], "artists": ["Frayser Boy", "Three 6 Mafia"], "centerDistance": 0.350875, "angle": 5.026548245743669}]