[{"songs": ["Beggin'", "Girl Don't Make Me Wait"], "artists": ["Timebox", "Timebox"], "centerDistance": 0.18177949999999998, "angle": 0.0}, {"songs": ["Spoken Word / Ogdens' Nut Gone Flake / Spoken Word"], "artists": ["Small Faces"], "centerDistance": 0.0, "angle": 1.2566370614359172}, {"songs": ["Look at the View", "I'm The Face", "Handbags And Gladrags", "No Good Without You", "Making Time", "No Milk Today", "Gonna Find Somebody", "Stop! Stop! Stop!", "I Can't Stand It", "East Side Story", "Until It's Time For Me To Go", "I Don'T Know What Love Is", "She's Liz Taylor And I'm Dick Burton", "Leave Me Be", "I'm Alive", "Keep The Customer Satisfied", "Big City", "Colour Of My Mind", "I'm the One for You", "There Will Never Be Another Day"], "artists": ["The Action", "The High Numbers", "Chris Farlowe", "The Birds", "The Creation", "Graham Gouldman", "The Box Tops", "Graham Gouldman", "The Spencer Davis Group", "St. Louis Union", "Billie Davis", "Billie Davis", "The Poets", "The Zombies", "Tommy James & The Shondells", "Gary Puckett & The Union Gap", "The Artwoods", "The Attack", "The Box Tops", "The Pretty Things"], "centerDistance": 0.10911165, "angle": 2.5132741228718345}, {"songs": ["Good Lovin'"], "artists": ["John Fred & His Playboy Band"], "centerDistance": 0.30839099999999997, "angle": 3.7699111843077517}, {"songs": ["Periscope"], "artists": ["The Poets"], "centerDistance": 0.12561599999999995, "angle": 5.026548245743669}]