[{"songs": ["Perfidia", "Willow Weep For Me", "Delia", "These Foolish Things", "Fall In Love Again", "New Day New Way", "Up", "Naima", "The Man I Love (2004 Digital Remaster) (Rudy Van Gelder Edition)", "Theme For Ernie", "Just Enough", "Blues In My Heart", "Nancy (With The Laughing Face)", "Hoe Down", "Blott En Dag (Album Version)", "Rum & Coke (Cuba Libra)", "This Little Light of Mine", "Comotion (Instrumental)", "Dr. Slate", "Night On The Town"], "artists": ["Paul Desmond", "Stanley Turrentine", "David Sanborn", "Lester Young", "Kirk Whalum", "Walter Beasley", "Jackie McLean", "John Coltrane", "Ike Quebec", "John Coltrane", "Grover Washington Jr.", "Sonny Criss", "John Coltrane Quartet", "Oliver Nelson", "Kirk Whalum", "Ed Calle", "Bobby Watson", "Bob Mintzer", "Michael Brecker", "Eric Darius"], "centerDistance": 0.19854965000000002, "angle": 0.0}, {"songs": ["Silent Night", "Ave Maria"], "artists": ["Nelson Rangell", "Nelson Rangell"], "centerDistance": 0.14016399999999996, "angle": 1.2566370614359172}, {"songs": ["Sundance", "Running Away", "Fiesta Velada", "Ni\u00f1os"], "artists": ["Bobby Watson", "Jessy J", "Jessy J", "Gato Barbieri"], "centerDistance": 0.26069725, "angle": 2.5132741228718345}, {"songs": ["Moonlight in Vermont"], "artists": ["Maceo Parker"], "centerDistance": 0.24261699999999997, "angle": 3.7699111843077517}, {"songs": ["Serenity"], "artists": ["Joe Henderson"], "centerDistance": 0.208129, "angle": 5.026548245743669}]