[{"songs": ["Guide Me", "One Two Order", "Real Love", "Need Your Love", "Never Hurt You", "Groovy Little Thing", "Good Thing Going", "African Tears", "Rise In Love", "Quando Quando", "Without You", "Love So Nice", "One Woman Show", "I Lost My Sonia", "Do You Know", "All Of Me", "Gave You Everything", "Love & Devotion", "Around The World", "Unconditional"], "artists": ["George Nooks", "Tarrus Riley", "Lloyd Brown", "Ras Shiloh", "Natural Black", "Beres Hammond", "Sugar Minott", "Peter Hunnigale", "Alaine", "Ambelique", "Alaine", "Junior Kelly", "Cocoa Tea", "Cocoa Tea", "Mr. Vegas", "Ras Shiloh", "Garnett Silk", "Jimmy Riley", "Gyptian", "Ziggi"], "centerDistance": 0.1555088, "angle": 0.0}, {"songs": ["Pack Your Things"], "artists": ["Lukie D"], "centerDistance": 0.0, "angle": 1.2566370614359172}, {"songs": ["Waiting For You", "Simply Beautiful"], "artists": ["Anthony Que", "Anthony Que"], "centerDistance": 0.22080099999999997, "angle": 2.5132741228718345}, {"songs": ["King", "Judah"], "artists": ["Warrior King", "Warrior King"], "centerDistance": 0.336721, "angle": 3.7699111843077517}, {"songs": ["Music (It Will Never Die)", "A Happy Song"], "artists": ["Carroll Thompson", "Carroll Thompson"], "centerDistance": 0.30872900000000003, "angle": 5.026548245743669}]