[{"songs": ["Ain't No Joke (Explicit Album Version)", "We Are", "Bricks 4 The High", "Yung Nigga - Interlude [Feat. A.D. \"Griff\" Griffin] [Explicit Album Version]", "Roun' The Globe (Amended)", "Sick & Tired (Album Version) (Ant Hmlton Main)", "Intro (Chingy/Hate It Or Love It)", "Hustlemania [Skit] (Explicit Album Version)", "Bl*w J*b Interlude (Explicit Album Version)", "Let's Go", "I'm A Rhino", "Thangs Movin' Slow", "Got 'Em Hatin' (Explicit Album Version)", "Time Machine (feat. Chamillionaire)", "White Gutz", "Ain't Life Grand (Edited Version) (feat. Scar)", "A Beautiful Life", "Juvenile On Fire", "Evolution", "Snitches"], "artists": ["Crime Mob", "Bone Crusher", "Dem Franchize Boyz", "Yung Joc", "Nappy Roots", "Nappy Roots", "Chingy", "Yung Joc", "8Ball & MJG", "Shawnna", "Jibbs", "YoungBloodZ", "Plies", "Big K.R.I.T.", "Dungeon Family", "Bubba Sparxxx", "Big Tymers", "Juvenile", "Diomay", "Master P"], "centerDistance": 0.07962454999999997, "angle": 0.0}, {"songs": ["We Ridin' (Amended Album Version)"], "artists": ["Boyz N da Hood"], "centerDistance": 0.02424000000000004, "angle": 1.2566370614359172}, {"songs": ["Sample Dat Ass"], "artists": ["Chingy Featuring Murphy Lee"], "centerDistance": 0.14607499999999995, "angle": 2.5132741228718345}, {"songs": ["Touch That Ass", "Get To Poppin'", "Introduction (Hot Boyz/Let Em Burn)"], "artists": ["Rich Boy", "Rich Boy", "Hot Boy$"], "centerDistance": 0.17932599999999999, "angle": 3.7699111843077517}, {"songs": ["Chain Hang Low", "Pop, Lock & Drop It", "Walk It Out", "Stanky Legg"], "artists": ["Jibbs", "Huey", "Unk", "GS Boyz"], "centerDistance": 0.0946845, "angle": 5.026548245743669}]