[{"songs": ["Bad, Bad Levi Brown", "Tommy"], "artists": ["Portugal. The Man", "Portugal. The Man"], "centerDistance": 0.0864085, "angle": 0.0}, {"songs": ["Passchendaele", "His Life of Academic Freedom", "Drifts and Pulls", "Paul and Alexander", "No Need to Worry", "birds", "1, 2, 3", "It", "Shortenin' Bread", "Oh, Captain!", "Straight Street", "Militance Prom (Album Version)", "Wholehearted Mess (Pink Skull Remix)", "Sunrise", "T-Ean Ban", "From An Unholy Height", "The Lasy Days of Daisy Miller", "Headlines (remix by Jay Clark)", "Savannah Nights", "Big Dog"], "artists": ["The Out_Circuit", "Swirlies", "Kiss Kiss", "Marmaduke Duke", "Yeasayer", "Kaddisfly", "Kiss Kiss", "Cloud Cult", "Cloud Cult", "Spark Is A Diamond", "The Fiery Furnaces", "Idiot Pilot", "Bear In Heaven", "Yeasayer", "Clann Z\u00fa", "Clann Z\u00fa", "Swiss Auto Club", "Neon Blonde", "Neon Blonde", "Guillemots"], "centerDistance": 0.13424235, "angle": 1.2566370614359172}, {"songs": ["You, Drum", "To Hold You, Drum"], "artists": ["Liars", "Liars"], "centerDistance": 0.14772049999999998, "angle": 2.5132741228718345}, {"songs": ["I know My Way", "I Am A Cow"], "artists": ["Franklin Delano", "Franklin Delano"], "centerDistance": 0.20352800000000004, "angle": 3.7699111843077517}, {"songs": ["Like It Or Not", "The Shit from The Dogs"], "artists": ["Skeletons and the Kings of All Cities", "Skeletons and the Kings of All Cities"], "centerDistance": 0.21872550000000002, "angle": 5.026548245743669}]