[{"songs": ["Instructions - Original", "Prophets Are Dying", "Give Thanks & Praise", "Peace", "Cool Rasta", "Lend a Hand", "One World (Not Three)", "Jah Jah Give Us Life To Live", "Trouble", "Sick and Tired", "South African Enlistment (2002 Digital Remaster)", "Jah Feed I", "Kumina", "Malcolm X", "Country Boy", "Murder Style", "Jungle Signal (Dub / Instrumental Reggae Music)", "I Don't Wanna Wait", "Deliver Me From My Enemies", "Back Out Babylon"], "artists": ["Michael Prophet", "The Congos", "Barry Brown", "Burning Spear", "The Heptones", "Ijahman Levi", "Wailing Souls", "Wailing Souls", "The Gladiators", "The Gladiators", "The Abyssinians", "Midnite", "Third World", "Earl Sixteen", "The Heptones", "Anthony Johnson", "Mikey Dread", "Soldiers of Jah Army", "Yabby You", "Leroy Smart"], "centerDistance": 0.029154949999999985, "angle": 0.0}, {"songs": ["Kiss Somebody", "Original Mix Up"], "artists": ["Johnny Osbourne", "Tony Rebel"], "centerDistance": 0.09733149999999996, "angle": 1.2566370614359172}, {"songs": ["Mary Ann", "Row Your Boat"], "artists": ["Tony Tuff", "Junior Reid"], "centerDistance": 0.07003050000000005, "angle": 2.5132741228718345}, {"songs": ["Satisfaction", "Roll River Jordan"], "artists": ["The Itals", "The Itals"], "centerDistance": 0.09193999999999997, "angle": 3.7699111843077517}, {"songs": ["Live Good", "Dub So"], "artists": ["Johnny Osbourne", "The Upsetters"], "centerDistance": 0.0865435, "angle": 5.026548245743669}]