[{"songs": ["Dedicated To You Interlude", "Hug The Block", "Where Im From", "Someone Special to You", "Fall Down", "Balla Race", "Still Ph#@*in' Wit My Folk$", "Wan't You", "New BWS Artist", "It's Goin' Down", "Heart of the City", "Yo", "Sippin' on Hunid Racks", "Do With You Now", "T'z Up", "Bonus Track", "California Livin'", "Mafioso type", "Good Night", "Playboy"], "artists": ["Jimmy roses", "Jimmy roses", "Big Rich", "Side 2 Syde", "The Jacka and Berner", "Andre Nickatina & Equipto", "Rappin' 4-Tay", "J-Diggs", "Clyde Carson", "Celly Cel", "Big Rich", "Husalah", "RBL Posse", "Bavgate", "Bavgate", "Husalah", "Mac Dre", "Mob Figaz", "Brotha Lynch Hung", "Richie Rich"], "centerDistance": 0.25227750000000004, "angle": 0.0}, {"songs": ["1st of the Month", "Dem Boyz"], "artists": ["Messy Marv", "Bullys Wit Fullys"], "centerDistance": 0.28375, "angle": 1.2566370614359172}, {"songs": ["Coolin' In The Luff", "Thug Niggaz"], "artists": ["Ant Banks", "Yukmouth and Tha Gamblaz"], "centerDistance": 0.343183, "angle": 2.5132741228718345}, {"songs": ["Straight Doin' It", "Jealousy"], "artists": ["Cold World Hustlers", "I.M.P."], "centerDistance": 0.30842, "angle": 3.7699111843077517}, {"songs": ["Intro", "Outro"], "artists": ["The Mob Figaz Meet Marvaless", "RBL Posse"], "centerDistance": 0.346997, "angle": 5.026548245743669}]