[{"songs": ["Shake Your Pants", "Peacemaker", "Party Lights", "She's Strange", "Watching You", "All My Lovin'", "Strawberry Letter 23", "She's A Groovy Freak", "Midas Touch", "The Sound Of Music", "When the Sun Comes Shining Through (The Ladder)", "Peaceful Journey", "The Funk Walk", "Darlin'", "You're The One", "For The Love Of Money", "You And I", "Snap Your Finger", "Walkin' The Line", "Sexy"], "artists": ["Cameo", "Kool & The Gang", "The Gap Band", "Cameo", "Slave", "Cheryl Lynn", "Brothers Johnson", "The Real Thing", "Midnight Star", "Dayton", "LaBelle", "Fat Larry's Band", "Bohannon", "Delegation", "Cheryl Lynn", "The O'Jays", "Delegation", "Teena Marie", "Brass Construction", "MFSB"], "centerDistance": 0.31963189999999997, "angle": 0.0}, {"songs": ["Ffun", "Chase Me"], "artists": ["Con Funk Shun", "Con Funk Shun"], "centerDistance": 0.1649795, "angle": 1.2566370614359172}, {"songs": ["All Night Long", "Juicy Fruit"], "artists": ["Mary Jane Girls", "Mtume"], "centerDistance": 0.434531, "angle": 2.5132741228718345}, {"songs": ["Movin'", "Car Wash", "Le Freak"], "artists": ["Brass Construction", "Rose Royce", "Chic"], "centerDistance": 0.40320599999999995, "angle": 3.7699111843077517}, {"songs": ["You Dropped A Bomb On Me", "Let It Whip"], "artists": ["The Gap Band", "Dazz Band"], "centerDistance": 0.1808535, "angle": 5.026548245743669}]