[{"songs": ["In A Real Love", "I Can Still Feel You", "I'm From The Country", "You Can't Take The Honky Tonk Out Of The Girl", "Love Is A Beautiful Thing", "(This Ain't) No Thinkin' Thing", "I Wanna Do It All", "Mountains", "Ladies Love Country Boys", "She Only Smokes When She Drinks", "Summertime", "XXL", "Where I'm From", "You'll Be There", "Modern Day Bonnie And Clyde", "Swimmin' In Sunshine", "I use what I got", "That Ain't My Truck", "Rock You Baby", "Lord Have Mercy On A Country Boy"], "artists": ["Phil Vassar", "Collin Raye", "Tracy Byrd", "Brooks & Dunn", "Phil Vassar", "Trace Adkins", "Terri Clark", "Lonestar", "Trace Adkins", "Joe Nichols", "Kenny Chesney", "Keith Anderson", "Jason Michael Carroll", "George Strait", "Travis Tritt", "Billy Currington", "Jason Aldean", "Rhett Akins", "Toby Keith", "Josh Turner"], "centerDistance": 0.3588982499999999, "angle": 0.0}, {"songs": ["What I Almost Was", "Before She Does"], "artists": ["Eric Church", "Eric Church"], "centerDistance": 0.3165085, "angle": 1.2566370614359172}, {"songs": ["Laredo", "I Breathe In, I Breathe Out"], "artists": ["Chris Cagle", "Chris Cagle"], "centerDistance": 0.365103, "angle": 2.5132741228718345}, {"songs": ["The Truth", "I Wanna Make You Close Your Eyes"], "artists": ["Jason Aldean", "Dierks Bentley"], "centerDistance": 0.45167149999999995, "angle": 3.7699111843077517}, {"songs": ["I'll Wait For You", "Tough", "Alyssa Lies"], "artists": ["Joe Nichols", "Craig Morgan", "Jason Michael Carroll"], "centerDistance": 0.31289266666666665, "angle": 5.026548245743669}]