[{"songs": ["Missing You (The Healer Mix) (Feat. Kym Mazelle)", "Golden Time Of Day", "Come My Way (Album Version)", "Can't Have My Heart", "Slow Love ( LP Version )", "Poetry", "Baby Who's Is It", "Silver Shadow", "In And Out Of Love", "Jam Tonight", "Fly Away", "ENCORE", "Luxury Brown", "Come to Me", "Baby Love", "Love on a Two Way Street", "Ain't Nobody", "Freak'in Me", "Temporary Nite", "Sugar Free"], "artists": ["Soul II Soul", "Maze Featuring Frankie Beverly", "The Isley Brothers", "Javier", "Prince", "Javier", "Teena Marie", "Atlantic Starr", "Imagination", "Freddie Jackson", "Rebbie Jackson", "Cheryl Lynn", "Mint Condition", "Kenny Lattimore", "Brownstone", "Stacy Lattisaw", "Chaka Khan", "Jamie Foxx", "Maxwell", "Wa Wa Nee"], "centerDistance": 0.26844100000000004, "angle": 0.0}, {"songs": ["Da Business", "Love You For Life"], "artists": ["Terri Walker", "Terri Walker"], "centerDistance": 0.32365, "angle": 1.2566370614359172}, {"songs": ["Dance Tonight (Linslee Campbell Mix)", "Dance Tonight (Groove Chronicles Mix)"], "artists": ["Lucy Pearl", "Lucy Pearl"], "centerDistance": 0.318153, "angle": 2.5132741228718345}, {"songs": ["Always", "Do What You Do", "Looking For A New Love"], "artists": ["Atlantic Starr", "Jermaine Jackson", "Jody Watley"], "centerDistance": 0.25572333333333336, "angle": 3.7699111843077517}, {"songs": ["I Miss You", "I'd Still Say Yes"], "artists": ["Klymaxx", "Klymaxx"], "centerDistance": 0.3009985, "angle": 5.026548245743669}]