[{"songs": ["Reach Out And Touch (Live @ Fillmore West)", "Don't Let The Green Grass Fool You (Remastered Single Version)", "Reconsider Baby", "War of the Gods", "Woman Likes To Hear That (2007 Remastered Version)", "Interlude", "It Don't Hurt Me Like It Used To", "Take Me To The River", "Outrage (Live Concert In Paris, 1967)", "For Your Precious Love", "Harry Hippie", "You're Pouring Water On A Drowning Man", "Sitting On the Dock", "Who Gets Your Love", "Just Keep Holding On", "A Sweet Woman Like You", "Peace Holy Peace", "What Good Is It Pt. 2", "This Time", "Let's Go, Let's Go, Let's Go"], "artists": ["Aretha Franklin", "Wilson Pickett", "Ike & Tina Turner", "Billy Paul", "Wilson Pickett", "Omar Cunningham", "Johnnie Taylor", "Syl Johnson", "Booker T. & The MG's", "Aaron Neville", "Bobby Womack", "Percy Sledge", "Percy Sledge", "Dusty Springfield", "Sam & Dave", "Joe Tex", "Billy Paul", "Screamin' Jay Hawkins", "Curtis Stigers", "Hank Ballard & the Midnighters"], "centerDistance": 0.1568828, "angle": 0.0}, {"songs": ["Actions Speak Louder Than Words", "Someday We'll Be Together"], "artists": ["Mable John", "Frederick Knight"], "centerDistance": 0.15003500000000003, "angle": 1.2566370614359172}, {"songs": ["Soul Sister, Brown Sugar"], "artists": ["Sam & Dave"], "centerDistance": 0.16691999999999996, "angle": 2.5132741228718345}, {"songs": ["Uncle Tom", "Mornin' Train"], "artists": ["Arthur Adams", "Arthur Adams"], "centerDistance": 0.239466, "angle": 3.7699111843077517}, {"songs": ["Tell It Like It Is", "You Got My Mind Messed Up"], "artists": ["Aaron Neville", "James Carr"], "centerDistance": 0.18729449999999997, "angle": 5.026548245743669}]