[{"songs": ["Mafia Music", "Holla at a Nigga (feat. Skip)", "Let's Get 'Em", "Southern Fried Intro", "Keep It On The Hush", "They Don't Really Know Bout Dro (Explicit Album Version)", "Broke And Disgusted", "Cadillac On 22's Part 2", "The Greatest (Featuring Mannie Fresh) (Amended Album Version)", "Can't Make It Home", "The Deepest Hood", "Wurrs My Cash", "Set It Out", "I Choose You/Pat Reppin' Hypnotize Minds", "Cadillac Pimpin'", "Bonus Track", "Firr Az That Thang", "Pop, Pop, Pop/Cuttin' Tonight Interlude", "Get Low", "Don't Say Nothin'"], "artists": ["Rick Ross", "Juvenile", "Master P", "Ludacris", "Ludacris", "Young Dro", "Yo Gotti", "David Banner", "T.I.", "Devin the Dude", "Al Kapone AKA Kapeezy", "Chingy", "Nappy Roots", "Project Pat", "YoungBloodZ", "A.K.", "Jibbs", "YoungBloodZ", "Stat Quo", "Will Smith"], "centerDistance": 0.21327690000000002, "angle": 0.0}, {"songs": ["Introduction (Hot Boyz/Let Em Burn)"], "artists": ["Hot Boy$"], "centerDistance": 0.24246100000000004, "angle": 1.2566370614359172}, {"songs": ["Georgia Peach", "Like Me"], "artists": ["Rasheeda", "Khia"], "centerDistance": 0.32977100000000004, "angle": 2.5132741228718345}, {"songs": ["Sugar Walls", "Going Hard In The Paint"], "artists": ["Young Cash", "Young Cash"], "centerDistance": 0.3429085, "angle": 3.7699111843077517}, {"songs": ["Go Too Far"], "artists": ["Jibbs"], "centerDistance": 0.259567, "angle": 5.026548245743669}]