[{"songs": ["If You Know", "Own Destiny (Krs-One Mix)", "Orygina\u0142", "Warlord Nuh Business", "Babilon", "Raggamuffin Girl", "Da Plum", "In 2 Deep", "Redeyes", "En pa ni time", "Real People (Cybernetic Mix)", "Start An Avalanche (LP Version)", "Before You Walk Out Of My Life", "Fashion '98 (Full Crew Alternative Radio Mix)", "War a Gwaan", "Murder She Wrote", "X Amount A Gyal", "One Lick", "Who Seh Me Dun (Dynamik Duo Remix) ()", "Love Da Style"], "artists": ["Mad Lion", "Mad Lion", "Jamal", "Bounty Killer", "Jamal", "Apache Indian", "Ward 21", "Damian Marley", "Sir Samuel", "Sir Samuel", "Apache Indian", "Shinehead", "Shinehead", "Glamma Kid", "Chaka Demus & Pliers", "Chaka Demus & Pliers", "Million Stylez", "Cutty Ranks", "Cutty Ranks", "Tanto Metro & Devonte"], "centerDistance": 0.09217485, "angle": 0.0}, {"songs": ["Them No Care", "Don't Test"], "artists": ["Super Cat", "Super Cat"], "centerDistance": 0.1825755, "angle": 1.2566370614359172}, {"songs": ["Pick it Up"], "artists": ["Dr. Evil"], "centerDistance": 0.21257800000000004, "angle": 2.5132741228718345}, {"songs": ["Fashion '98 (Radio Edit)"], "artists": ["Glamma Kid"], "centerDistance": 0.10995900000000003, "angle": 3.7699111843077517}, {"songs": ["Give It To Her"], "artists": ["Tanto Metro & Devonte"], "centerDistance": 0.10608899999999999, "angle": 5.026548245743669}]