[{"songs": ["Give Thanks And Praise", "Ancestral Dub (Dub / Instrumental Reggae Music)", "Bits of Paper", "Unconquered Dub", "Here Comes The Judge", "One Way Lover - Original", "In 8 Dub", "Weh Do Di Chick", "Weep Not", "Budwah", "Congoman", "Champion Of The Arena", "Pain Land Dub", "South African Enlistment (2002 Digital Remaster)", "Never Ever", "My Pick To Click", "Atom Sounds", "Ethiopia", "The People Got to Dub", "What's Going Down"], "artists": ["Linval Thompson", "Mikey Dread", "U Brown", "Israel Vibration", "Peter Tosh", "Barry Brown", "Midnite", "Tappa Zukie", "Yami Bolo", "Wailing Souls", "The Congos", "Jackie Mittoo", "The Revolutionaries", "The Abyssinians", "Soldiers of Jah Army", "Winston McAnuff", "Jackie Mittoo", "Jah Free", "Sugar Minott", "Half Pint"], "centerDistance": 0.06600965, "angle": 0.0}, {"songs": ["The Truth Is The Truth", "Civilize Reggae", "Kiss Somebody", "Love I Bring / Version (Extended Version)", "Rhythm Train", "Rule Dance Hall", "Rest of My Life (Bonus Track)", "Give Thanks To Jah", "Watergate Rock", "Tug Of War (Dub Version)", "Rebel With A Cause", "Jah By My Side", "Lava Ground"], "artists": ["Big Youth", "Burning Spear", "Johnny Osbourne", "U Roy", "U Roy", "Bunny Wailer", "Soldiers of Jah Army", "Larry Marshall", "Larry Marshall", "Tony Tuff", "Ras Shiloh", "Tony Rebel", "I Wayne"], "centerDistance": 0.08762299999999999, "angle": 1.2566370614359172}, {"songs": ["Mash Mouth", "Musso In Dub"], "artists": ["Jah Stitch", "Jah Stitch"], "centerDistance": 0.03881800000000002, "angle": 2.5132741228718345}, {"songs": ["She's Faced The Hardest Time"], "artists": ["Anthony Johnson"], "centerDistance": 0.041827999999999976, "angle": 3.7699111843077517}, {"songs": ["Prisoner To President"], "artists": ["Ijahman Levi"], "centerDistance": 0.09491000000000005, "angle": 5.026548245743669}]