[{"songs": ["Disrespect", "Ain't No Joke", "Keepin It Gangsta", "It's Goin Down (Remix)", "Gimme The Right", "Look What I've Done For Them", "Jealousy", "Deadly Notes", "Playah Clickin'", "Good Night", "Playaz Club", "Callin' Out (Main Version)", "Deep East Oakland (feat. Dru Down & Dangerous Dame)", "Ridin Thru The Bay (Featuring Pho Balo)", "Trunk Knocking Music (Featuring Hennessy of 11/5)", "Heartbeat  (Explicit Chopped & Screwed Version)", "Enemies With Me", "Make A Move", "Where My Niggas At", "Stand Up Guy (Amended Album Version)"], "artists": ["Get Low Playaz", "RBL Posse", "Marvaless", "Celly Cel", "Guce", "San Quinn", "I.M.P.", "Hollow Tip", "Hollow Tip", "Brotha Lynch Hung", "Rappin' 4-Tay", "Lyrics Born", "Black Dynasty", "U.D.I.", "U.D.I.", "Twista", "2Pac", "Lloyd Banks", "Cassidy", "T.I."], "centerDistance": 0.17348615, "angle": 0.0}, {"songs": ["GreenLite Monks [Street]"], "artists": ["Hobo Junction"], "centerDistance": 0.270744, "angle": 1.2566370614359172}, {"songs": ["Federal", "Murder That He Ritt", "Total Auto"], "artists": ["Mitchy Slick", "C-Bo", "DJ Quik"], "centerDistance": 0.2654593333333333, "angle": 2.5132741228718345}, {"songs": ["I Rep", "Born Again"], "artists": ["Infamous Mobb", "Infamous Mobb"], "centerDistance": 0.264473, "angle": 3.7699111843077517}, {"songs": ["I Didn't Mean To", "OAKtown"], "artists": ["Casual", "Casual"], "centerDistance": 0.19004100000000002, "angle": 5.026548245743669}]