[{"songs": ["Slipping Around", "Life to Go", "Soldier's Joy"], "artists": ["Floyd Tillman", "Stonewall Jackson", "Hawkshaw Hawkins"], "centerDistance": 0.3810156666666667, "angle": 0.0}, {"songs": ["Honky Tonk Man", "Lost Love Blues", "Always Late (With Your Kisses)", "Bouquet of Roses", "Honky Tonk Song", "Kaw-Liga", "Johnny Reb", "Wabash Cannonball", "Why I'm Walkin'", "Great Speckled Bird", "Mama, Take Me Home", "Rambling Boy", "My Clinch Mountain Home", "Go Boy Go", "Knee Deep In The Blues", "I Wanna Play House With You", "The Cattle Call", "Geisha Girl", "Singing My Song", "The Comancheros"], "artists": ["Johnny Horton", "Lefty Frizzell", "Lefty Frizzell", "Marty Robbins", "Webb Pierce", "Charley Pride", "Johnny Horton", "Roy Acuff", "Stonewall Jackson", "Roy Acuff", "Charlie Rich", "The Carter Family", "The Carter Family", "Carl Smith", "Marty Robbins", "Eddy Arnold", "Eddy Arnold", "Hank Locklin", "Tammy Wynette", "Claude King"], "centerDistance": 0.281976, "angle": 1.2566370614359172}, {"songs": ["Four Walls", "Am I Losing You"], "artists": ["Jim Reeves", "Jim Reeves"], "centerDistance": 0.406068, "angle": 2.5132741228718345}, {"songs": ["Hello Walls", "Charlie's Shoes", "Wolverton Mountain", "Almost Persuaded"], "artists": ["Faron Young", "Billy Walker", "Claude King", "David Houston"], "centerDistance": 0.37736000000000003, "angle": 3.7699111843077517}, {"songs": ["Crazy Arms", "Heartaches By The Number"], "artists": ["Ray Price", "Ray Price"], "centerDistance": 0.29445499999999997, "angle": 5.026548245743669}]