[{"songs": ["Alive", "In the Moment When You Leave", "Out", "Lucy Is Red (Nosferatu's First Ever Song)", "Seelensplitter", "The Hungry Eyes", "Afterglow", "Noxious (The Demon's Game)", "Vampire Empire", "Revolution", "Snake Charmer", "Second skin", "The Lion in Your Eyes", "Elegance", "It's Just a Ride", "Gallery Girls", "Mr. Psycho", "Don't Hit The Bottom", "Energie", "Whisper"], "artists": ["Descendants Of Cain", "Catastrophe Ballet", "Catastrophe Ballet", "Nosferatu", "Advocatus Diaboli", "Two Witches", "Sunshine Blind", "Corpus Delicti", "Two Witches", "Advocatus Diaboli", "Sunshine Blind", "Usherhouse", "Gene Loves Jezebel", "Children on Stun", "The Ghost of Lemora", "The Ghost of Lemora", "XIII. Stolet\u00ed", "KASMs", "Illuminate", "The Last Dance"], "centerDistance": 0.19153729999999997, "angle": 0.0}, {"songs": ["Leave Me for Dead", "An Eye for the Main Chance"], "artists": ["Rosetta Stone", "Rosetta Stone"], "centerDistance": 0.0839725, "angle": 1.2566370614359172}, {"songs": ["Red Roses", "Bed of Nails"], "artists": ["Big Electric Cat", "Big Electric Cat"], "centerDistance": 0.2699755, "angle": 2.5132741228718345}, {"songs": ["Trick Or Treat (new)", "The Black Goat of Judas"], "artists": ["London After Midnight", "Ikon"], "centerDistance": 0.21784350000000002, "angle": 3.7699111843077517}, {"songs": ["November Dream", "Pale Empress"], "artists": ["Usherhouse", "The Merry Thoughts"], "centerDistance": 0.2744155, "angle": 5.026548245743669}]