[{"songs": ["Just A Simple Melody", "Big Noise From Winnetka (featured in \"Manhattan Murder Mystery\")", "Haunted Heart", "My Gal Is Mine Once More", "Anvil Chorus", "Sugar Foot Stomp", "Apollo Jump", "We Are In Love", "Last Night My Heart Crossed The Ocean", "He's Home For A Little While", "Time Waits For No One", "Tampico", "Liza (All The Clouds'll Roll Away)", "Blue Minor", "I'll Always Be In Love With You", "Up a lazy river", "Dixie Dreams", "Goin' Steady", "That Cat Is High (LP Version)", "Route 66 (2006 Remastered LP Version)"], "artists": ["Chick Webb And His Orchestra", "Bob Crosby and the Bobcats", "Buddy Clark", "Buddy Clark", "Glenn Miller", "Bob Crosby", "Lucky Millinder", "Harry Connick, Jr.", "Kitty Kallen", "Doris Day", "Helen Forrest", "June Christy", "Chick Webb & His Orchestra", "Chick Webb & His Orchestra", "Fletcher Henderson And His Orchestra", "The Jive Aces", "Betty Hutton", "Betty Hutton", "The Manhattan Transfer", "The Manhattan Transfer"], "centerDistance": 0.205879, "angle": 0.0}, {"songs": ["Song Of India", "Boogie Woogie"], "artists": ["Tommy Dorsey", "Tommy Dorsey"], "centerDistance": 0.22617949999999998, "angle": 1.2566370614359172}, {"songs": ["And Her Tears Flowed Like Wine", "New Blowtop Blues"], "artists": ["Lavay Smith & Her Red Hot Skillet Lickers", "Lavay Smith & Her Red Hot Skillet Lickers"], "centerDistance": 0.10938300000000001, "angle": 2.5132741228718345}, {"songs": ["Moonglow", "Snowfall"], "artists": ["Casa Loma Orchestra", "Claude Thornhill"], "centerDistance": 0.262219, "angle": 3.7699111843077517}, {"songs": ["Sunrise Serenade", "Aw You Dawg"], "artists": ["Glenn Miller", "Cab Calloway"], "centerDistance": 0.10672799999999999, "angle": 5.026548245743669}]