[{"songs": ["Cla'ence Jo", "A.A.", "When She Calls", "4DozDatDonKno", "The Competition", "U Don't Want It", "Sharp", "High Fidelity", "The Ecology", "Lev Nu!", "Where We At?", "Farpas Pregos Nuvens Ora\u00e7\u00f5es", "O Que \u00c9, O Que \u00c9?", "The Platform (Erick Sermon Remix) (Explicit)", "The March", "Metropolis", "Star Destroyer", "Know it All", "Silence", "Weapon X"], "artists": ["The Chapter", "S.A. Smash", "Fashawn", "Substantial", "The Away Team", "Diamond D", "Cali Agents", "Offwhyte", "Fashawn", "Promoe", "Hangar 18", "Mzuri Sana", "Mzuri Sana", "Dilated Peoples", "Grieves", "Zion I", "Eyedea & Abilities", "Mac Lethal", "Company Flow", "X-Clan"], "centerDistance": 0.10924009999999998, "angle": 0.0}, {"songs": ["Digest The Hardcore", "Soul Clapped"], "artists": ["Onry Ozzborn", "Onry Ozzborn"], "centerDistance": 0.14435399999999998, "angle": 1.2566370614359172}, {"songs": ["Strategize"], "artists": ["Shabaam Sahdeeq"], "centerDistance": 0.183133, "angle": 2.5132741228718345}, {"songs": ["Moonlight Melodic Rush", "Take a Breather", "Backstage"], "artists": ["Planet Asia", "K-Otix", "Wordsworth"], "centerDistance": 0.13471366666666662, "angle": 3.7699111843077517}, {"songs": ["Outro", "Intro"], "artists": ["Haiku D'Etat", "Haiku D'Etat"], "centerDistance": 0.203716, "angle": 5.026548245743669}]