[{"songs": ["What's Your Name", "Sapadilla", "Power to Move the Stars", "Jack & Diane", "Living Bread", "I Was Healed By the Wounds", "Grinder (Factor-e rmx)", "In Transit", "Labrat Vip", "Tito", "We Don't Want Your Help", "Happiness (King Britt Dub)", "Conga", "Clockworked", "Glitch Funk", "Lift Up Chong & See", "Abzug (2009 Digital Remaster)", "Holler!"], "artists": ["Milez Benjiman", "Mad Professor", "4hero", "Ultimate Breaks & Beats", "King Britt", "King Britt", "Agent K", "Bermuda Triangle", "Backdraft", "Red Astaire", "Simian", "Sylk 130", "Lafayette Afro Rock Band", "Kraftwelt", "KJ Sawka", "The Emperor Machine", "Kraftwerk", "Dubtribe Sound System"], "centerDistance": 0.1643085, "angle": 0.0}, {"songs": ["Funk 4 Peace featuring Mustafa Akbar", "The Party Pushers  featuring Mustafa Akbar"], "artists": ["Fort Knox Five", "Fort Knox Five"], "centerDistance": 0.0, "angle": 1.2566370614359172}, {"songs": ["Busta Beat", "Party Skank", "Mindkiller", "Bitter", "Vitamin (2009 Digital Remaster)", "Torsion", "Acid Breaks", "Crafty Youth", "3 Pin Din", "Interlude (Diversion)"], "artists": ["Dynamo Productions", "Aquasky", "Freeland", "Lowfish", "Kraftwerk", "Lowfish", "DJ Liquid", "Tayo Meets Acid Rockers Uptown", "Simian Mobile Disco", "Bochum Welt"], "centerDistance": 0.11220669999999999, "angle": 2.5132741228718345}, {"songs": ["Indefinite Space", "Autoload"], "artists": ["Silicon Scally", "Silicon Scally"], "centerDistance": 0.13333499999999998, "angle": 3.7699111843077517}, {"songs": ["Kung Kung Ka"], "artists": ["CJ Bolland"], "centerDistance": 0.00027200000000005, "angle": 5.026548245743669}]