[{"songs": ["No, No, No Part 2 (Featuring Wyclef Jean)", "You Took My Heart", "Too Young For Love", "Let's Roll", "Bring It All to Me", "I Belong To You", "What Love Can Do", "City Lights", "Got to Get It", "Can't Walk Away", "Till The Wheels Fall Off", "Use My Shoulder", "I Like It", "Say You Will", "Impossible", "Just Because", "Until You Come Back", "Take the Key", "Hell No", "Dreams"], "artists": ["Destiny's Child", "Usher", "Michelle Williams", "Adina Howard", "Blaque", "Toni Braxton", "LeToya", "JoJo", "Sisq\u00f3", "Tiffany Evans", "Kelis", "JoJo", "Nicole Wray", "Brandy", "Christina Aguilera", "Ginuwine", "Whitney Houston", "All Saints", "Melanie B", "Boyz II Men"], "centerDistance": 0.23214880000000004, "angle": 0.0}, {"songs": ["Take Me Back", "Don't Stop"], "artists": ["Brick & Lace", "Brick & Lace"], "centerDistance": 0.32716100000000004, "angle": 1.2566370614359172}, {"songs": ["Taken", "That Boi"], "artists": ["Cherish", "Cherish"], "centerDistance": 0.18676150000000002, "angle": 2.5132741228718345}, {"songs": ["Make Me Believe", "Losing U"], "artists": ["Amerie", "Amerie"], "centerDistance": 0.15556000000000003, "angle": 3.7699111843077517}, {"songs": ["Bridges", "Matter", "Waiting For Your Love"], "artists": ["Destiny's Child", "LeToya", "Alicia Keys"], "centerDistance": 0.12414700000000001, "angle": 5.026548245743669}]