[{"songs": ["Sunstroke", "Tongue Tied and Twisted", "Big Commotion (remix)", "This I Don't Need", "Hurry Home Through the Crowds", "Stereofoniaa", "Winter Is Coming", "The Dark of Garage", "A Love From Outer Space", "Dirty Water", "Colours Blue", "Street Lights", "God Help Me", "Place I've Found", "Blue and Black", "Never The Same", "And Ever", "Goodbye", "Go", "Pick Up If You're There"], "artists": ["Joy Zipper", "Lowlife", "The Heart Throbs", "Starflyer 59", "Trembling Blue Stars", "Laura", "Monster Movie", "South San Gabriel", "A.R. Kane", "The Jesus and Mary Chain", "Lowlife", "Monster Movie", "The Jesus and Mary Chain", "Faunts", "Mercury Rev", "Frolic", "Cranes", "The Sundays", "The Heart Throbs", "Mercury Rev"], "centerDistance": 0.21435165, "angle": 0.0}, {"songs": ["Alone", "Intro"], "artists": ["Trespassers William", "Trespassers William"], "centerDistance": 0.23868449999999997, "angle": 1.2566370614359172}, {"songs": ["The End", "Edmond & Edward"], "artists": ["The Autumns", "The Autumns"], "centerDistance": 0.16152100000000003, "angle": 2.5132741228718345}, {"songs": ["Facing Up to the Facts", "The Two of Us"], "artists": ["Freeheat", "Freeheat"], "centerDistance": 0.3552495, "angle": 3.7699111843077517}, {"songs": ["Activated", "Ms. Connection"], "artists": ["Film School", "Film School"], "centerDistance": 0.2390065, "angle": 5.026548245743669}]