[{"songs": ["Fraudulent Fakes (Feay. Eddegnz & Gudtyme)", "Intro", "The Angry Lone Nut", "Doin' It Like This", "Aerosoul", "Funk Construction (Prodigal Son mix)", "The Runway Song Part 2 (Kid Koala & DJ Shadow ready for their close-ups) (Instrumental)", "Lyrics To Go (Remix)", "Don't Hate The Player (Instrumental)", "No Sitar (Outro)", "The Postive Step", "Come Alive", "Full of Papers (rmx) (instrumental) Jeru", "Chinese Arithmetic", "Two Men and a Lady", "Muscles (Mistake interlude mix)", "Rick Flare", "Violons (Part 1)", "Blackout", "C.C.K. Turf"], "artists": ["Rob Swift", "Rob Swift", "DJ Babu", "DJ Z-Trip", "Tommy Tee", "Steinski", "Handsome Boy Modeling School", "Dan The Automator", "Dan The Automator", "Madlib", "Beyond There", "C-Mon", "DJ Premier", "Eric B. & Rakim", "Eyedea & Abilities", "Steinski", "The Constructus Corporation", "Birdy Nam Nam", "Company Flow", "RJD2"], "centerDistance": 0.09121090000000001, "angle": 0.0}, {"songs": ["Bargain Hunters", "The Zipper Scratch"], "artists": ["DJ Yoda", "DJ Yoda"], "centerDistance": 0.157331, "angle": 1.2566370614359172}, {"songs": ["Scratch Monopoly Pt. II", "Who's On the Turntables", "X-Men Style Beatz", "A Days Work (feat. P.O.S)"], "artists": ["Beat Junkies", "LF Peee", "Roc Raida", "BK-One"], "centerDistance": 0.15949249999999998, "angle": 2.5132741228718345}, {"songs": ["Doo Doo on Yourself", "Broccoli Wars"], "artists": ["DJ T-Rock", "Noisy Stylus"], "centerDistance": 0.1958815, "angle": 3.7699111843077517}, {"songs": ["We Drummin'", "Feadz On"], "artists": ["Birdy Nam Nam", "Mr. Oizo"], "centerDistance": 0.24829600000000002, "angle": 5.026548245743669}]