[{"songs": ["Luna Magistra", "The Gypsy Camp", "Upon a Winter's Morn", "The Crested Hens (Les Poules Hupp\u00e9es)", "La Carriola", "From Where I Am (Instumental)", "Daughters Of Erin", "Pericote", "First Day Of Spring", "Jealous heart", "Eirigh Suas A Stoirin", "Cara\u00e7ena", "Celtic Highlands", "Last Rose Of Summer/Walking In The Air", "Amarantine (album version)", "Simple Praise", "Hope", "Celtic Knot", "Siulil A Run", "Breto\u00f1a"], "artists": ["Enam", "David Arkenstone", "Lisa Lynne", "William Coulter", "Hevia", "Enya", "Secret Garden", "Hevia", "Secret Garden", "M\u00e1ire Brennan", "M\u00e1ire Brennan", "Bill Whelan", "Spencer Brewer", "Celtic Woman", "Enya", "Joanie Madden", "Enam", "Michael Gettel", "Celtic Woman", "Carlos N\u00fa\u00f1ez"], "centerDistance": 0.13523330000000003, "angle": 0.0}, {"songs": ["An Gasur Mor/Bunker Hill/Dogs Among The Bushes (Medley)", "Give Me A Reason ( LP Version )"], "artists": ["Altan", "The Corrs"], "centerDistance": 0.19304549999999998, "angle": 1.2566370614359172}, {"songs": ["Carrickfergus", "Si\u00fail A R\u00fan"], "artists": ["\u00d3rla Fallon", "\u00d3rla Fallon"], "centerDistance": 0.2606905, "angle": 2.5132741228718345}, {"songs": ["The Welsh Ground", "David of the White Rock"], "artists": ["Cheryl Ann Fulton", "Cheryl Ann Fulton"], "centerDistance": 0.1463875, "angle": 3.7699111843077517}, {"songs": ["Dobhar", "Uirchill An Chreagain"], "artists": ["Clannad", "Clannad"], "centerDistance": 0.11161399999999999, "angle": 5.026548245743669}]