[{"songs": ["Listen (Puro Chill Out Mix)"], "artists": ["Jozef Mihalik"], "centerDistance": 0.21734600000000004, "angle": 0.0}, {"songs": ["Alone In The Moon"], "artists": ["Bastian Salbart"], "centerDistance": 0.0, "angle": 1.2566370614359172}, {"songs": ["Widescreen (Director's Cut)"], "artists": ["First & Andre"], "centerDistance": 0.223117, "angle": 2.5132741228718345}, {"songs": ["Sosei (F&W Remix)", "Citation", "Awakening (Cosmic Gate remix)", "Exactly (feat. Bryan Kearney) (DJ Governor Remix)", "Enlightenment", "Falling Anywhere", "Co-Pilot", "Go Get Vodka", "The Passion", "Le Petit Prince", "Sky Cafe (Original Mix)", "Final Cut", "The Epic", "Arco Iris", "Autumn (Original Mix)", "Close Cover (radio edit)", "Corrupted", "Positron (Marco V Remix)", "Sosei (Original Mix)", "Assembler"], "artists": ["Airscape", "Garry Heaney", "Rank 1", "John O'Callaghan", "Photon Project", "Kyau vs. Albert", "Cape Town", "Bobina", "Hemstock & Jennings", "Ferry Tayle", "Beat Service", "Tom Porcell", "Ashley Wallbridge", "DJ Shah", "Emotional Horizons", "Minimalistix", "Signalrunners", "Cygnus X", "Airscape", "John O'Callaghan"], "centerDistance": 0.18529965000000004, "angle": 3.7699111843077517}, {"songs": ["ALT F4", "True Fiction"], "artists": ["ALT F4", "Jan Gustafsson"], "centerDistance": 0.2468935, "angle": 5.026548245743669}]