[{"songs": ["Odyssey of the Mind", "Sufi Mali", "The Deep", "The Storyteller Sleeps", "Ishmael", "Four Worlds"], "artists": ["Enigma", "XCultures", "Astralasia", "Michael Gettel", "Enam", "Nicholas Gunn"], "centerDistance": 0.16000949999999997, "angle": 0.0}, {"songs": ["Moonlight Magic", "Dream in an Open Place", "Freedom Cry", "One Word", "The Crusades", "Pahrump - Big Water", "Cry Nature", "New Horizons", "Privilege", "Nomads", "Les Feuilles Mortes", "Illumination", "Trauma", "Voyage Of The Butterfly", "On The Other Side", "Riding To Rio", "Flight Of Fantasy", "Nevermore"], "artists": ["Aeoliah", "Vangelis", "Deep Forest", "Conjure One", "Cusco", "Cusco", "Dancing Fantasy", "Synaesthesia", "Balligomingo", "Syn\u00e6sthesia", "Alain Morisod", "Secret Garden", "Tangerine Dream", "Nicholas Gunn", "Uman", "William Orbit", "Yanni", "Paul Schwartz"], "centerDistance": 0.14196077777777777, "angle": 1.2566370614359172}, {"songs": ["Arabian Nights", "Passage To India"], "artists": ["Uman", "Cybertribe"], "centerDistance": 0.09623100000000001, "angle": 2.5132741228718345}, {"songs": ["Crockett's Theme", "L-42", "Wild Butterfly", "Whales Of Love"], "artists": ["Trance Atlantic Air Waves", "Trance Atlantic Air Waves", "Balligomingo", "Dancing Fantasy"], "centerDistance": 0.11508099999999999, "angle": 3.7699111843077517}, {"songs": ["Las Salinas"], "artists": ["B-Tribe"], "centerDistance": 0.09246200000000004, "angle": 5.026548245743669}]