[{"songs": ["The Pocket", "Tell It Like It Is (Dj Spinna Remix)", "Somewhere Somebody", "Love Will Find A Way (Pop-It Radio Mix)", "Thrill Me", "Nothing I Can Do", "Good Time [Eddie Amador Radio Edit]", "Now I Can Dance", "Stargazing", "Caught in the Act", "Lives In Da Club (feat. Jay Lyriq) [Step Up 2 The Streets O.S.T. Version]", "Come Into My House (LP Version)", "18 Carat Garbage (Junior Vasquez remix)", "Ring My Bell", "Eyes Like Diamonds", "On A Mission", "Push It Up", "Alright", "Some One To Love", "Sleep Walkin'"], "artists": ["Karen Bernod", "Stephanie McKay", "Five Star", "Vernessa Mitchell", "Pearly Gates", "Pearly Gates", "Leela James", "Tina Arena", "Earlene Bentley", "Earlene Bentley", "Sophia Fresh", "Queen Latifah", "Billie Ray Martin", "Monie Love vs Adeva", "Massari", "Gabriella Cilmi", "Brick & Lace", "Janet Jackson", "Cerrone", "Cheryl Lynn"], "centerDistance": 0.21993820000000003, "angle": 0.0}, {"songs": ["Sorry", "The Greatest Love (Klubjumper Mix)"], "artists": ["Luz Divina", "Dee Robert"], "centerDistance": 0.278586, "angle": 1.2566370614359172}, {"songs": ["2 Of A Kind", "Freedom Dance (Get Free!)"], "artists": ["Vanessa Williams", "Vanessa Williams"], "centerDistance": 0.26038750000000005, "angle": 2.5132741228718345}, {"songs": ["C'est La Vie (Maurice Joshua Album Vers)", "Higher Things (Thunderpuss Club Anthem)"], "artists": ["Kim English", "Kim English"], "centerDistance": 0.2585415, "angle": 3.7699111843077517}, {"songs": ["Crazy (DJ Escape & Dom Capello Mix)", "Deserted (LP Version)", "All Or Nothing", "Dance, Dance, Dance (Yowsah, Yowsah, Yowsah) (LP Version)", "Living For The Weekend"], "artists": ["Luz Divina", "The Toys", "Natalia", "Chic", "Jill Jones"], "centerDistance": 0.2678444, "angle": 5.026548245743669}]