[{"songs": ["Frogs Legs Rag", "Kinklets-Two Step", "Frog Legs Rag", "Georgia Tom", "Ballerina Figurine", "Paragon Rag", "Nickel in the slot", "Maple Leaf Rag", "Steamboat Stomp", "Echo of Spring", "Mr. Jelly Lord", "Fuzzy Wuzzy Rag", "Maple Leaf Rag", "Bucket's Got A Hole In It", "Minute Waltz Boogie", "Twelfth Street Rag", "A Ragtime Skedaddle", "I'll Go With Her", "Mr. Jelly Lord", "Farewell Blues"], "artists": ["James Scott", "Max Morath", "Max Morath", "Reginald R. Robinson", "Reginald R. Robinson", "Joshua Rifkin", "Zez Confrey", "Dick Hyman", "Jelly Roll Morton", "Morten Gunnar Larsen", "Jelly Roll Morton", "W.C. Handy", "Emerson, Lake & Palmer", "Washboard Sam", "Joe \"Fingers\" Carr", "Joe \"Fingers\" Carr", "Vess L. Ossman", "Robert Wilkins", "New Orleans Rhythm Kings", "W.C. Handy"], "centerDistance": 0.26102625, "angle": 0.0}, {"songs": ["Lawd Lawd", "In Walked Bud"], "artists": ["Trashcan Joe", "Trashcan Joe"], "centerDistance": 0.33191099999999996, "angle": 1.2566370614359172}, {"songs": ["Blame It On The Blues", "Memphis Blues"], "artists": ["Paul Lingle", "Paul Lingle"], "centerDistance": 0.319418, "angle": 2.5132741228718345}, {"songs": ["Sounds of Africa", "Twilight Rag", "Fare Thee Honey Blues"], "artists": ["Eubie Blake", "James P. Johnson", "Eubie Blake"], "centerDistance": 0.315575, "angle": 3.7699111843077517}, {"songs": ["How Come You Do Me Like You Do", "In The Shade Of The Old Apple"], "artists": ["Doc Houlind & His Copenhagen Ragtime Band", "Doc Houlind & His Copenhagen Ragtime Band"], "centerDistance": 0.35405600000000004, "angle": 5.026548245743669}]