[{"songs": ["Talk About Suffering Here Below", "Am Ready To Go", "Keep My Love There (While I'm Gone)", "Hold On", "Two Soldiers", "Seven Sundays in a Row", "The Darkest Hour", "By The Riverside", "In the Pines", "Moonshiner", "Howlin' at The Moon", "This Ole House", "I Am Weary (Let Me Rest)", "Will There Be Any Stars?", "Wreck On The Highway", "Old Rattler", "I Am A Pilgrim (feat. Marty Stuart, Vassar Clements and Josh Graves)", "Don't Look Back", "Freight Train Boogie", "Roll in My Sweet Baby's Arms"], "artists": ["Ricky Skaggs & Tony Rice", "The Monroe Brothers", "Claire Lynch", "Laurel Canyon Ramblers", "Blue Highway", "Blue Highway", "Ricky Skaggs & Kentucky Thunder", "Chatham County Line", "Bill Monroe", "Peter Rowan", "Peter Rowan", "Wilma Lee Cooper", "The Cox Family", "Alison Krauss & the Cox Family", "Wilma Lee Cooper", "Grandpa Jones", "John Hartford", "Grandpa Jones", "The Delmore Brothers", "Lester Flatt & Earl Scruggs"], "centerDistance": 0.26340595, "angle": 0.0}, {"songs": ["For Your Love"], "artists": ["Larry Sparks"], "centerDistance": 0.14474399999999998, "angle": 1.2566370614359172}, {"songs": ["If I'd Had a Mother Like You", "The Angels are Singing in Heaven"], "artists": ["Don Rigsby", "Ralph Stanley II"], "centerDistance": 0.21007949999999997, "angle": 2.5132741228718345}, {"songs": ["Bad Case of the Blues"], "artists": ["Laurel Canyon Ramblers"], "centerDistance": 0.14488599999999996, "angle": 3.7699111843077517}, {"songs": ["Lazarus and the Rich Man"], "artists": ["Larry Sparks"], "centerDistance": 0.14474399999999998, "angle": 5.026548245743669}]