[{"songs": ["On The Rocks", "Hole In My Pocket", "Small Time Politics", "This Room", "Here I Am Baby", "I Went Out With A Hippy & Now I Love Everyone Except For Her", "Dream On", "This Is What It Is", "She's Love", "Lost In The Rain", "Lover Lover", "Daisychain", "Kiss Your Mama!", "No Wrong, No Right", "The Biggest Lie I Ever Told", "Movie Queen", "Let Love Show the Way", "Written In The Heart", "Jump (For My Love)", "Young and Dumb"], "artists": ["The Wrights", "The Wrights", "Thirsty Merc", "Eskimo Joe", "Jimmy Barnes", "Frenzal Rhomb", "The Sleepy Jackson", "The Cruel Sea", "End of Fashion", "Alex Lloyd", "Jimmy Barnes", "Lady of the Sunshine", "Vanessa Amorosi", "The Beautiful Girls", "The Beautiful Girls", "Billy Thorpe & The Aztecs", "Billy Thorpe & The Aztecs", "Midnight Oil", "Young Divas", "The Lucksmiths"], "centerDistance": 0.3261358, "angle": 0.0}, {"songs": ["Strange Equation", "Up To Our Necks In It"], "artists": ["Skunkhour", "Skunkhour"], "centerDistance": 0.4239555, "angle": 1.2566370614359172}, {"songs": ["Surviving", "Feels Like Woah"], "artists": ["Powderfinger", "Wes Carr"], "centerDistance": 0.3639615, "angle": 2.5132741228718345}, {"songs": ["Devil's Child", "A Song Called Everything", "Oh Strain", "This Will Be The Last Time"], "artists": ["Children Collide", "Powderfinger", "End of Fashion", "Something With Numbers"], "centerDistance": 0.27760150000000006, "angle": 3.7699111843077517}, {"songs": ["Ring Me Up", "Take Me Back"], "artists": ["Divinyls", "Noiseworks"], "centerDistance": 0.313137, "angle": 5.026548245743669}]