[{"songs": ["Techno Macht Spass", "Meet Her At The Loveparade", "Twisted Energy (Radio Edit)", "Drums of New York", "Traffic (original mix)", "Tell Me", "Answer the Question (Retrospective radio edit)", "Let's All Chant", "You know", "Hollywood (Radio Edit)", "L.E.F.", "Everybody Dance", "Together - 4 Clubbers Club Mix", "Magic (PM-reinterpretation mix)", "World Domination", "Tosh (Mosh)", "12inch", "Fortuitous", "Vagabonds", "Sosei (Reeloop remix)"], "artists": ["DJ Quicksilver", "The Real Booty Babes", "Svenson & Gielen", "Darude", "Ti\u00ebsto", "Darude", "Svenson & Gielen", "Straight Flush", "DJ Shog", "BBE", "Ferry Corsten", "Evolution", "4 Clubbers", "Peter Martijn Wijnia", "Commander Tom", "Fluke", "Niels de Vries", "BT", "Pulsedriver", "Airscape"], "centerDistance": 0.1004997, "angle": 0.0}, {"songs": ["The Dream"], "artists": ["D-Unity"], "centerDistance": 0.156327, "angle": 1.2566370614359172}, {"songs": ["Pacemaker"], "artists": ["CAINAM"], "centerDistance": 0.16125500000000004, "angle": 2.5132741228718345}, {"songs": ["Infected (Mark!'s Basstoy Mix)", "Punk", "Cry For Love"], "artists": ["Barthezz", "Ferry Corsten", "Clear View"], "centerDistance": 0.12729833333333332, "angle": 3.7699111843077517}, {"songs": ["Inverse Function", "A Decade (Techtrance Mix)"], "artists": ["John O'Callaghan", "Marcel Woods"], "centerDistance": 0.09572050000000004, "angle": 5.026548245743669}]