[{"songs": ["On The Old Spanish Trail", "Tumbling Tumbleweeds", "Green Grow The Lilacs", "The Cattle Call", "Sing Me Something Sentimental", "Tomorrow Never Comes", "Back In The Saddle Again", "The Strawberry Roan", "Out On the Open Range", "Cadillac Cowboy (Saddle Boogie Version)", "Mammas Don't Let Your Babies Grow Up To Be Cowboys", "They Took The Stars Out Of Heaven", "Cattle Call", "High Noon", "In Care Of The Blues", "I Washed My Hands In Muddy Water", "Ten Years", "Rub-A-Dub-Dub", "Streets Of Laredo", "My Heart Skips a Beat"], "artists": ["Roy Rogers", "Sons Of The Pioneers", "Tex Ritter", "Eddy Arnold", "Marty Robbins", "Ernest Tubb", "Gene Autry", "Moe Bandy", "Johnny Bond", "Chris LeDoux", "Willie Nelson", "Floyd Tillman", "Eddy Arnold", "Frankie Laine", "Patsy Cline", "Stonewall Jackson", "Johnny Bond", "Hank Thompson", "Moe Bandy", "Buck Owens"], "centerDistance": 0.20483655, "angle": 0.0}, {"songs": ["Already It's Heaven", "Walk Out Backwards", "Send Me the Pillow", "Would You Hold It Against Me"], "artists": ["David Houston", "Bill Anderson", "Hank Locklin", "Dottie West"], "centerDistance": 0.37448224999999996, "angle": 1.2566370614359172}, {"songs": ["Blue Blue Day", "Sea Of Heartbreak"], "artists": ["Don Gibson", "Don Gibson"], "centerDistance": 0.2986725, "angle": 2.5132741228718345}, {"songs": ["Victim Of Life's Circumstances", "Oh! Babe", "Baby Jane", "Special Love Song"], "artists": ["Delbert McClinton", "Big Al Downing", "Mitch Ryder", "Delbert McClinton"], "centerDistance": 0.3176635, "angle": 3.7699111843077517}, {"songs": ["It Makes No Difference Now"], "artists": ["Floyd Tillman"], "centerDistance": 0.21824600000000005, "angle": 5.026548245743669}]