[{"songs": ["To Say They Hit It Off Would Be An Understatement", "Instigator", "Don't Make Me Get My Fat, Lazy Ass Off This Couch", "Fuck You And Your Cat", "Acquiesce", "One Step Away", "Misconceptions", "Pi\u00f1as Van, Pi\u00f1as Vienen", "Mosca De Bar", "Ship of Beers", "Southern girl", "13", "Love Manifesto", "Tired Of You Sick Of Me", "Super Fan", "Blind", "Fall Into The Light", "Thy Will (Not Mine)", "Wait", "Seduce and destroy"], "artists": ["Philmont", "Dogwood", "The Vandals", "Goldfinger", "Ghoti Hook", "Ghoti Hook", "Ace Troubleshooter", "2 Minutos", "2 Minutos", "Frenzal Rhomb", "Tracy Gang Pussy", "Osker", "The Mr. T Experience", "Scared of Chaka", "Rehasher", "Riddlin' Kids", "Run Kid Run", "The Peepshows", "Everyday Sunday", "The Peepshows"], "centerDistance": 0.12946524999999998, "angle": 0.0}, {"songs": ["Turn It Up (Squad Five-0 Album Version)", "Apocolypse Now"], "artists": ["Squad Five-O", "Squad Five-O"], "centerDistance": 0.0, "angle": 1.2566370614359172}, {"songs": ["I Want"], "artists": ["Tracy Gang Pussy"], "centerDistance": 0.10442499999999999, "angle": 2.5132741228718345}, {"songs": ["Queen For A Day (Live)", "Go (Live)"], "artists": ["Dance Hall Crashers", "Dance Hall Crashers"], "centerDistance": 0.216632, "angle": 3.7699111843077517}, {"songs": ["Sometimes You Can Forget Who You Are", "The Unavoidable Battle Of Feeling On The Outside"], "artists": ["FM Static", "FM Static"], "centerDistance": 0.10417200000000004, "angle": 5.026548245743669}]