[{"songs": ["The Ballad of Kitty Brown", "Silver Dagger", "Bordered on a Breakdown", "Moneyland", "I Am Weary (Let Me Rest)", "Life in the Country", "The Old Crossroads", "Man Can't Live on Bread Alone", "Will the Roses Bloom", "Romance Is A Slow Dance", "Flora, The Lily Of The West", "Coming Home", "Little Cabin Home On The Hill", "Company Blues", "Knock Knock!", "Savannah", "Buildings Are the Cages", "Wild Geese Cry Again", "Hobo", "Will There Be Any Stars?"], "artists": ["The Greencards", "Dolly Parton", "The Greencards", "The Del McCoury Band", "The Cox Family", "Danny Barnes", "Ricky Skaggs & Tony Rice", "The Del McCoury Band", "Ricky Skaggs & Tony Rice", "Tim O'Brien", "Tim O'Brien", "Chatham County Line", "Ricky Skaggs", "Chatham County Line", "Dan Tyminski", "Claire Lynch", "The Hackensaw Boys", "Peter Rowan", "The Hackensaw Boys", "Alison Krauss & the Cox Family"], "centerDistance": 0.026599200000000007, "angle": 0.0}, {"songs": ["The Boy Who Wouldn't Hoe Corn", "Choctaw Hayride"], "artists": ["Alison Krauss & Union Station", "Alison Krauss & Union Station"], "centerDistance": 0.010772500000000018, "angle": 1.2566370614359172}, {"songs": ["Tell It To Me", "Hard To Love"], "artists": ["Old Crow Medicine Show", "Old Crow Medicine Show"], "centerDistance": 0.013343500000000008, "angle": 2.5132741228718345}, {"songs": ["Kentucky Borderline", "You Can't Take It With You When You Go"], "artists": ["Rhonda Vincent", "Rhonda Vincent"], "centerDistance": 0.04591250000000002, "angle": 3.7699111843077517}, {"songs": ["When You Come Back Down", "Out Of The Woods"], "artists": ["Nickel Creek", "Nickel Creek"], "centerDistance": 0.15977249999999998, "angle": 5.026548245743669}]