[{"songs": ["Mercy", "High Tide", "introduction", "They Call it Home", "Visions of Fire", "Close Your Eyes", "Okinawa Beatles", "Never Met A Dog", "What Would Jimi Do?", "Michel Ettori", "Don't Know What Went Wrong", "Just A Bit", "Why Me", "Strangelight", "Mary Lou", "Contamination (Suite II)", "In The Meantime", "Cicatriz Pt 3", "Change", "Future Days (Blade Runner Mix)"], "artists": ["Roine Stolt", "Albatross", "Albatross", "Amon D\u00fc\u00fcl", "Amon D\u00fc\u00fcl", "Roine Stolt", "The Grand Silent System", "Vinegar Joe", "Tony Levin", "Heldon", "Atomic Rooster", "Robert Wyatt", "Ice", "Ice", "John Cale", "Goblin", "Groundhogs", "The Mars Volta", "Karnivool", "Can"], "centerDistance": 0.22432120000000003, "angle": 0.0}, {"songs": ["In the Dogloo", "Unfantastic Voyage"], "artists": ["East West Blast Test", "East West Blast Test"], "centerDistance": 0.186527, "angle": 1.2566370614359172}, {"songs": ["Where the Road Parts", "Black Sandy Beaches"], "artists": ["The Dear Hunter", "The Dear Hunter"], "centerDistance": 0.2538875, "angle": 2.5132741228718345}, {"songs": ["Third Eye Surfer", "Music for the Head"], "artists": ["Porcupine Tree", "Porcupine Tree"], "centerDistance": 0.24397950000000002, "angle": 3.7699111843077517}, {"songs": ["Chris and Kevin's Bogus Journey", "RPP"], "artists": ["Liquid Trio Experiment", "Liquid Trio Experiment"], "centerDistance": 0.24912499999999999, "angle": 5.026548245743669}]