[{"songs": ["Sarah's Theme", "Tutte le volte che", "It's Not Over (Jump & Bump Edit)", "Sopra Una Nuvola"], "artists": ["Brothers", "Beppe Giampa'", "Paffendorf", "Passi Falsi"], "centerDistance": 0.30012300000000003, "angle": 0.0}, {"songs": ["One Hand In Hell", "Father Forgive Me"], "artists": ["Jesus Wept", "Jesus Wept"], "centerDistance": 0.476587, "angle": 1.2566370614359172}, {"songs": ["Love U More (PPS Remix)", "Move It Up (Magic Domingo mix)", "Electrica Salsa", "Apart", "Damn! (Remember The Time) - 2.4 Promille Short", "Carillon", "Soul Man Two", "Free 2009", "Pieter", "Quadrophonia", "Used To Know Me", "Talk Is Cheap", "Frisky Business", "Any Port in the Storm", "before he cheats", "Suffer", "XIV. Dawn", "Pieces", "Wrong", "Tonights Entertainment"], "artists": ["Public Domain", "Cappella", "Alex Gaudino", "Together", "Baracuda", "Magic Box", "Emyott", "Franky Tunes", "Ignite", "Klubbdriver", "M.I.A.", "Comeback Kid", "Daggermouth", "Casey Jones", "Friday Night Posse", "Misconduct", "Dead Hearts", "Lifetime", "H2O", "Stick To Your Guns"], "centerDistance": 0.4527714499999999, "angle": 2.5132741228718345}, {"songs": ["Young Man On A Spree", "I'm Not Ready"], "artists": ["Modern Life Is War", "Modern Life Is War"], "centerDistance": 0.475256, "angle": 3.7699111843077517}, {"songs": ["Come Running", "Cutting Deep"], "artists": ["Darren Styles", "Darren Styles"], "centerDistance": 0.4347165, "angle": 5.026548245743669}]