[{"songs": ["Twistin' In The Wind ( LP Version )", "The Disillusionist", "Humble Daisy (2001 Digital Remaster)", "Watching The Detectives", "Swamp (2005 Remastered LP Version )", "Luck's Up", "I Told You So", "I Can't Stand Up For Falling Down", "Insanity (Album Version)", "In World", "Follow Your Bliss (Album Version)", "Forgetting To Remember", "Easy Does", "Craze", "The Globe", "Sketches of Pain", "Wise Up", "2000 Miles (Live)", "Cut Flowers", "Breaking Down The Walls Of Heartache (John Peel Session)"], "artists": ["David Byrne", "The Church", "XTC", "Elvis Costello", "Talking Heads", "Public Image Ltd.", "New Order", "Elvis Costello", "Oingo Boingo", "Television", "The B-52's", "Ruth", "Let's Active", "Lene Lovich", "Big Audio Dynamite", "Tears For Fears", "The Waitresses", "The Pretenders", "The Smithereens", "Dexys Midnight Runners"], "centerDistance": 0.20688145000000002, "angle": 0.0}, {"songs": ["She's Mad ( LP Version )"], "artists": ["David Byrne"], "centerDistance": 0.0, "angle": 1.2566370614359172}, {"songs": ["One More Time (Album Version)"], "artists": ["Joe Jackson Band"], "centerDistance": 0.257764, "angle": 2.5132741228718345}, {"songs": ["Reward", "World Shut Your Mouth"], "artists": ["The Teardrop Explodes", "Julian Cope"], "centerDistance": 0.3233935, "angle": 3.7699111843077517}, {"songs": ["Cuts You Up", "Deep Ocean Vast Sea"], "artists": ["Peter Murphy", "Peter Murphy"], "centerDistance": 0.308684, "angle": 5.026548245743669}]