[{"songs": ["Just In Time", "Moondance (Album Version)", "The Theme From Loaded Gun", "Bless Em All", "In The End (Album Version)", "Ne va pas trop vite !", "Das Experiment"], "artists": ["Take 6", "Michael Bubl\u00e9", "Matt Dusk", "Bing Crosby", "Eric Ben\u00e9t", "Dany Brillant", "Roger Cicero"], "centerDistance": 0.45578399999999997, "angle": 0.0}, {"songs": ["A Woman In Love", "You're But Oh So Right", "Thinkin' About You", "Say It (Over and Over Again)", "The Best Things Happen While You're Dancing", "It's Over Now", "Someone To Watch Over Me", "New York State Of Mind", "Sweet Lorraine", "One For My Baby (And One More For The Road)", "Hora Decubitus", "Alexander's Ragtime Band", "You Go To My Head", "Cancun Blue", "One Room Country Shack", "In Search Of The Perfect Shampoo (Album Version)", "El Camino", "Freedom Is A Voice", "I'd Rather Be With You", "We're Through"], "artists": ["Gordon MacRae", "Gordon MacRae", "Will Downing", "Kurt Elling", "Kurt Elling", "Joe McBride", "Asher Book", "Russell Watson", "Tony Bennett", "Frank Sinatra", "Elvis Costello", "Bing Crosby", "Tony Bennett", "Marc Antoine", "Mose Allison", "Michael Franks", "Marc Antoine", "Bobby McFerrin", "Peter Cincotti", "Jools Holland"], "centerDistance": 0.35863645, "angle": 1.2566370614359172}, {"songs": ["Dangerous"], "artists": ["Elijah Kelley"], "centerDistance": 0.49133000000000004, "angle": 2.5132741228718345}, {"songs": ["Chattanooga Shoe Shine Boy"], "artists": ["Freddy Cannon"], "centerDistance": 0.47717, "angle": 3.7699111843077517}, {"songs": ["Windows"], "artists": ["Matt Dusk"], "centerDistance": 0.442516, "angle": 5.026548245743669}]