[{"songs": ["All I Need (CJ One Remix)", "Visions"], "artists": ["Andy Caldwell", "Central Living"], "centerDistance": 0.1716685, "angle": 0.0}, {"songs": ["Klappa", "A Better Way (83 West Club Mix)", "Put That Record On (Amit Shoham original mix)", "Put That Record On (Amit's \"dark places\" mix)", "Brighter Day (Kaskade Original)", "Love Of My Life (Tribal Mix)", "The Bucketheads Outro", "Elevation", "Blazin' (T.J.M. Dub Mix S. Okino Re-Edit)", "Dancin (A Little More Dub)", "All The Things I Look For", "Something Better", "Don't Waste Another Day", "To Be in Love", "The stook (main mix)", "Something Inside Of Me (The Love Mix)", "Miami", "Bong Bong Dang", "Love Changes", "Stayin' home (no cash interlude)"], "artists": ["DJ Gregory", "Darryl D'Bonneau", "Amit Shoham", "Amit Shoham", "Kaskade", "Arnold Jarvis", "The Bucketheads", "Blaze", "DJ KAWASAKI", "Erick Morillo", "Dennis Ferrer", "Martin Solveig", "Martin Solveig", "Masters At Work", "Julien Jabre", "Roy Davis Jr.", "Romanthony", "Romanthony", "Cricco Castelli", "Lanoiraude"], "centerDistance": 0.0865846, "angle": 1.2566370614359172}, {"songs": ["Think It Over", "The Night (Rk's vocal mix)"], "artists": ["Miguel Migs", "Miguel Migs"], "centerDistance": 0.040612499999999996, "angle": 2.5132741228718345}, {"songs": ["Voodance", "On My Way", "Salsanova", "The Revolution"], "artists": ["Julien Jabre", "Kerri Chandler", "Johnny Fiasco", "Mr. V"], "centerDistance": 0.14229175, "angle": 3.7699111843077517}, {"songs": ["Let It Go (Axwell Remix)", "Bel Amour (Vocal Mix)", "Lost"], "artists": ["Dirty South", "Bel Amour", "Roger Sanchez"], "centerDistance": 0.17062199999999997, "angle": 5.026548245743669}]