[{"songs": ["How Many Guns", "Don't Mean Nuthin'"], "artists": ["Sheek", "Sheek"], "centerDistance": 0.14923799999999998, "angle": 0.0}, {"songs": ["Gangstaz (feat. Taro OG, Myssa, Inko)"], "artists": ["Alpha 5.20"], "centerDistance": 0.0, "angle": 1.2566370614359172}, {"songs": ["Freestyle 43"], "artists": ["Chiens de Paille"], "centerDistance": 0.156945, "angle": 2.5132741228718345}, {"songs": ["Jusqu'\u00e0 la prochaine temp\u00eate", "Bicophobe", "A la page r\u00e9volutionnaire", "Face \u00e0 Zo", "Africanisme banakine", "Vengeance", "Enfant du destin (petit cheval)", "17-Oct", "Gangsta", "Loin Du Compte (1999)", "Freestyle 18", "De Deux", "Nous Contre Eux", "Tueur en s\u00e9ries", "Le Hip Hop Est Ma Flamme", "S.N.I", "Jaloux assieds toi (feat. Ericsson Le Zulu, Jacky Brown)", "Ca Vient de Chez nous", "Pulsions textuelles", "Interlude"], "artists": ["Mysa", "Mysa", "Scred Connexion", "Zoxea", "Youssoupha", "Zoxea", "Medine", "Medine", "Sefyu", "Fonky Family", "Roc\u00e9", "Le Rat Luciano", "Le Rat Luciano", "Despo Rutti", "Triptik", "Sniper", "Pit Baccardi", "Pit Baccardi", "mokless", "Dany Dan"], "centerDistance": 0.09424455000000001, "angle": 3.7699111843077517}, {"songs": ["Illegal Life (feat. Emilie)", "Pour Les Quartiers feat. Jmi Sissoko", "Les Gens Comme Eux remix feat. Medine et Sinik"], "artists": ["Alibi Montana", "Bakar", "Bakar"], "centerDistance": 0.21748200000000004, "angle": 5.026548245743669}]