[{"songs": ["Light", "Plush"], "artists": ["Redshape", "Redshape"], "centerDistance": 0.19503499999999996, "angle": 0.0}, {"songs": ["Untitled", "Beyond the dark", "Starlight", "Bite Before You Bark", "Sun (collab05)", "Hi-Tech Dreams", "Technicolor (Long Mix)", "Fire", "Lo-Tech Reality", "All Aboard", "Tobacco Ties", "Panic, Stop. Repeat!", "Panic, Stop. Repeat! (Paco Osuna Remix)", "Rushed", "Summer Breeze", "She Don't Deserve My Hate", "The Battle", "City of Lights", "Where Were You?", "Psalm"], "artists": ["Terrence Dixon", "Raiders of the Lost ARP", "Model 500", "Orlando Voorn", "Dave Angel", "Mad Mike", "Model 500", "Inner City", "Mad Mike", "Joey Beltram", "The Martian", "Seth Troxler", "Seth Troxler", "69", "Jus Ed", "Shawn Rudiman", "Planetary Assault Systems", "Raiders of the Lost ARP", "Rolando", "The Detroit Escalator Co."], "centerDistance": 0.18797579999999997, "angle": 1.2566370614359172}, {"songs": ["Function Electric", "Vibe", "Dub in Fuzztone"], "artists": ["Anthony Shakir", "Sean Deason", "Anthony Shakir"], "centerDistance": 0.24399300000000002, "angle": 2.5132741228718345}, {"songs": ["Guidance", "Sacrifice"], "artists": ["Los Hermanos", "Los Hermanos"], "centerDistance": 0.2248615, "angle": 3.7699111843077517}, {"songs": ["Industrial Lies", "The Line"], "artists": ["Cybotron", "Cybotron"], "centerDistance": 0.312709, "angle": 5.026548245743669}]