[{"songs": ["Black Hole", "Diagrams", "Children's Morning Chaos", "19 Bullets", "Sel Alterat", "Jetisoned", "If You Think I'm Funny", "The Summer Air", "ordeal by ice", "Wisdom", "Teach Us To Outgrow Our Madness", "Drifting Off", "Get You Off My Mind", "Fear Of Nothing", "Innocent", "Instrumental", "Late In London", "Blacklight Fantasy (Album Version)", "Return of the Synthies", "I Was Only Kidding"], "artists": ["Technicolor", "Technicolor", "Nightech", "Dietrich Schoenemann", "Boc Scadet", "Tleilaxu", "The Remote Viewer", "Melodium", "Prhizzm", "Sean Deason", "I Am Robot and Proud", "Q-Burns Abstract Message", "Chloe", "Jacknife Lee", "Q-Burns Abstract Message", "Hypo", "Single Cell Orchestra", "Freaky Chakra", "Christian Quast", "Meanest Man Contest"], "centerDistance": 0.17411115000000002, "angle": 0.0}, {"songs": ["A Little Older, A Little Bolder"], "artists": ["The Kooky Scientist"], "centerDistance": 0.006504999999999983, "angle": 1.2566370614359172}, {"songs": ["J-3Cvw", "Kahknkunt", "Swimmin' Lessons (Deep End)"], "artists": ["Nautilis", "Datach'i", "Chevron"], "centerDistance": 0.13073999999999997, "angle": 2.5132741228718345}, {"songs": ["Model for My Lyric", "Organ Man"], "artists": ["Clapan", "Clapan"], "centerDistance": 0.19865500000000003, "angle": 3.7699111843077517}, {"songs": ["Get Out", "Ero"], "artists": ["Kill Memory Crash", "Kiln"], "centerDistance": 0.16975649999999998, "angle": 5.026548245743669}]