[{"songs": ["F\u00fcr die Ewigkeit", "No Dogma", "Morningstar in a Black Car", "Oxygen (album cut)", "Shipwreck", "What If I Would Die Right Here On The Spot", "Undress Me", "Love Is a Stranger (album cut)", "Never Ending", "Burning", "Mother Is Calling", "Dare", "Spacelab One", "White Trash Wedding", "Feel The Weight", "Lyberty", "My Mind Your Mind", "Estabas Ahi", "Travelouge (album cut)", "Eternity at an End"], "artists": ["Ultima Bleep", "Culture Kult\u00fcr", "Ashbury Heights", "The Dignity of Labour", "Culture Kult\u00fcr", "Quelles Paroles", "Quelles Paroles", "Empire State Human", "Ultima Bleep", "Social Ambitions", "Page of Quire", "Dekad", "Empire State Human", "Emmon", "Blue Ribbon", "Chico y Chica", "Obscenity Trial", "Moenia", "Eight to Infinity", "Ashbury Heights"], "centerDistance": 0.0895977, "angle": 0.0}, {"songs": ["Simplicity (H\u00e5kan Lidbo Remix)"], "artists": ["Lowe"], "centerDistance": 0.139003, "angle": 1.2566370614359172}, {"songs": ["Life"], "artists": ["Page of Quire"], "centerDistance": 0.13791600000000004, "angle": 2.5132741228718345}, {"songs": ["No Stranger 2006 (album cut)"], "artists": ["Astromill"], "centerDistance": 0.216101, "angle": 3.7699111843077517}, {"songs": ["Portrait", "I Was Wrong"], "artists": ["Estatuas de Sol", "Estatuas de Sol"], "centerDistance": 0.0, "angle": 5.026548245743669}]