[{"songs": ["Que Loucura De Som [That Crazy Sound]", "Amnesia Ibiza"], "artists": ["Paolo Mojo", "Electro Esthetica"], "centerDistance": 0.18858799999999998, "angle": 0.0}, {"songs": ["A Cambria Heights Affair", "Everytime I See Her (Sound Of Eden) (Frisco Remix)", "Everytime I See Her (Sound Of Eden) (Laidback Luke Rework)", "Losing wait", "Apocalypse", "The Fruit", "Bug Shot", "Why Can't You Be Real by Byron Stingily (Danny'S 12' Remix)", "Why You", "Murder Weapon", "Secret Place", "Gravity", "Under The Water", "Caveman", "This Beat Is", "Bitch Tits", "Rock Star (Understand)", "I Like That", "Radio", "Something For Your Soul"], "artists": ["Nick Chacona", "Another Chance", "Another Chance", "Chris Fortier", "Arno Cost & Norman Doray", "Sander Kleinenberg", "Fine Taste", "Danny Tenaglia", "The Loose Cannons", "16 Bit Lolitas", "Satoshi Tomiie", "Leventina", "Dimitri Vegas & Like Mike", "Marcelo Castelli", "Superchumbo", "James Harcourt", "The Young Punx", "Richard Vission & Static Revenger Starring Luciana", "Golden Bug", "Amit Shoham"], "centerDistance": 0.20892254999999998, "angle": 1.2566370614359172}, {"songs": ["This is miami", "Distrait", "Dirtyfilthy"], "artists": ["Sander Kleinenberg", "Steve Lawler", "Superchumbo"], "centerDistance": 0.2384913333333333, "angle": 2.5132741228718345}, {"songs": ["Tobias Lutzenkirchen Remix"], "artists": ["James Harcourt"], "centerDistance": 0.23958800000000002, "angle": 3.7699111843077517}, {"songs": ["Equal", "Note To Self #1"], "artists": ["Benjamin Bates", "Benjamin Bates"], "centerDistance": 0.22782500000000006, "angle": 5.026548245743669}]