[{"songs": ["Don't You Feel So Good", "Star", "We Came To Party", "**** You", "I Swear", "What's It All About", "Phoney Ladies", "Summertime", "Happy Birthday", "Bounce", "Hold Me Down", "Give (DJ LT Dan)", "MySpace Freak", "Valsen", "Gram After Gram", "Put Yer Back Into It (One More Time) (Produced by DJ Shadow for Winterkill Productions)", "Glade Dager", "No Way Out", "Power (f/Overall)", "Phone Sexx"], "artists": ["East 17", "Simon Webbe", "J-Kwon", "Eminem", "N-Dubz", "Run-D.M.C.", "Neneh Cherry", "Big Brovaz", "Flipsyde", "Manafest", "50 Cent", "Chops", "C-Side", "Klovner i Kamp", "Manson Family", "Quannum Projects", "Klovner i Kamp", "Detonautas Roque Clube", "Juice", "Trina"], "centerDistance": 0.2457418, "angle": 0.0}, {"songs": ["Fever", "Nothin' Personal"], "artists": ["Dust Junkys", "Dust Junkys"], "centerDistance": 0.2825715, "angle": 1.2566370614359172}, {"songs": ["Pretty Green", "Toxic"], "artists": ["Mark Ronson", "Mark Ronson"], "centerDistance": 0.1978975, "angle": 2.5132741228718345}, {"songs": ["Show 'Em What They Won", "S.T.L."], "artists": ["St. Lunatics", "St. Lunatics"], "centerDistance": 0.307689, "angle": 3.7699111843077517}, {"songs": ["Blind (HolyHipHop)", "Danny Boy, Danny Boy (LP Version)", "Slow Down"], "artists": ["Chris Bell", "House Of Pain", "Wyclef Jean"], "centerDistance": 0.21562499999999998, "angle": 5.026548245743669}]