[{"songs": ["Entrack 2", "Triptik", "Pleure Pas", "Les moyens du bord", "Si Loin De Toi", "Jaloux assieds toi (feat. Ericsson Le Zulu, Jacky Brown)", "Testament", "Freestyle 3", "Schubio Iglesias", "S.N.I", "Marginal", "Mon pire ennemi", "Outro", "Intro", "Une Couleur De Plus Au Drapeau", "Le Grand Fr\u00e8re", "Wow", "Warnings", "No comment", "24"], "artists": ["Triptik", "Triptik", "Rohff", "Flynt", "Pit Baccardi", "Pit Baccardi", "Rohff", "Tandem", "Tandem", "Sniper", "113", "Sinik", "Booba", "KDD", "KDD", "Abd Al Malik", "Positive Black Soul", "Fonky Family", "Stomy Bugsy", "Bouch\u00e9es Doubles"], "centerDistance": 0.0372524, "angle": 0.0}, {"songs": ["Mon Style (Feat.H10 Streekt)"], "artists": ["Nysay"], "centerDistance": 0.10817900000000003, "angle": 1.2566370614359172}, {"songs": ["L'arme pour changer (feat. Ibrah)"], "artists": ["Medine"], "centerDistance": 0.22159099999999998, "angle": 2.5132741228718345}, {"songs": ["Arr\u00eatez", "Tueur en s\u00e9ries", "MC Jean Gabin VS Rap Fran\u00e7ais"], "artists": ["Despo Rutti", "Despo Rutti", "MC Jean Gab'1"], "centerDistance": 0.08777233333333334, "angle": 3.7699111843077517}, {"songs": ["Turn It Up"], "artists": ["Sheek"], "centerDistance": 0.22866699999999995, "angle": 5.026548245743669}]