[{"songs": ["Bear Cat", "Mojo Queen"], "artists": ["Rufus Thomas", "Ike & Tina Turner"], "centerDistance": 0.18643499999999996, "angle": 0.0}, {"songs": ["In My Heart", "The Ballad Of Hollis Brown", "If It's So Baby", "The Makings Of You (Album Version)", "Saturday Night", "Telephone Blues", "The Train Kept A-Rollin'", "Looking For A Woman", "Let The Four Winds Blow", "Need Your Love So Bad", "Little By Little", "Bounce Pee Wee", "Straighten Up Baby", "New Orleans", "What It Is", "Amos' Boogie", "I'm A Woman", "Candy", "Gimme Some Lovin' (Live Concert In Paris, 1967)", "He's The One"], "artists": ["Screamin' Jay Hawkins", "The Neville Brothers", "Johnny Otis", "Aretha Franklin", "Roy Brown", "Floyd Dixon", "Tiny Bradshaw", "Jimmy McCracklin", "Roy Brown", "Little Willie John", "Nappy Brown", "Pee Wee Crayton", "Pee Wee Crayton", "Dr. John", "Little Milton", "Amos Milburn", "Fontella Bass", "Big Maybelle", "Booker T. & The MG's", "Ike & Tina Turner"], "centerDistance": 0.16679485000000002, "angle": 1.2566370614359172}, {"songs": ["We Belong Together", "True Love (Can Be Found)"], "artists": ["Mable John", "Mable John"], "centerDistance": 0.21602, "angle": 2.5132741228718345}, {"songs": ["Wrong Lake To Catch A Fish"], "artists": ["Chuck Willis with The Royals"], "centerDistance": 0.290566, "angle": 3.7699111843077517}, {"songs": ["The Sun's Gonna Shine Again"], "artists": ["Ray Charles"], "centerDistance": 0.080708, "angle": 5.026548245743669}]