[{"songs": ["Cemetary Gates", "Code Blue", "What a Wonderful World (Short Fast Version)", "Peltirumpu", "Sugar, We're Goin' Down", "Back To North"], "artists": ["Strength", "Black Velvet Flag", "Ministry & Co Conspirators", "Suburban Tribe", "Goat", "Moonsorrow"], "centerDistance": 0.3007525, "angle": 0.0}, {"songs": ["Teenage Kicks", "Wrathchild", "4 Gocce di blu", "Son Of A Preacher Man", "Personal Jesus", "Wonderwall", "From Out Of Nowhere", "Nuevo color", "I Need a House", "Yellow Days", "Out Ta Get Me", "Peace Sells", "An American Dream", "Sheer Heart Attack", "A Night Like This", "Copa Rota (Edit)", "White Rabbit", "Welcome To Hell", "Shout at the Devil", "Sabotage"], "artists": ["The Unfinished Sympathy", "SikTh", "Syria", "Tanya Tucker", "Lollipop Lust Kill", "Danni Carlos", "Five Finger Death Punch", "Los Secretos", "Same Difference", "Willie Bobo", "God Forbid", "Habeas Corpus", "Film School", "Helloween", "Professional Murder Music", "Los Rodr\u00edguez", "Sanctuary", "Behemoth", "The Electric Hellfire Club", "Cancer Bats"], "centerDistance": 0.28606194999999995, "angle": 1.2566370614359172}, {"songs": ["Beautiful People", "Stars"], "artists": ["Eighteen Visions", "Bleeding Through"], "centerDistance": 0.299045, "angle": 2.5132741228718345}, {"songs": ["Amante Bandido", "In Your Eyes"], "artists": ["Los Nikis", "Glamour to Kill"], "centerDistance": 0.33276049999999996, "angle": 3.7699111843077517}, {"songs": ["Todo Es Igual Siempre (Everyday Is Like Sundays)", "Esta noche"], "artists": ["Mikel Erentxun", "Narco"], "centerDistance": 0.055266499999999996, "angle": 5.026548245743669}]