[{"songs": ["Si Me Quisiera", "El lunar de Maria", "Contigo", "Vivir Sin Aire", "El Blade", "Cintas de color grana (Tangos)", "Aire De La Alameda", "Con Tu Voz", "Me Lo Como To (Explicit)", "Aurora", "Cuando Cae La Luna", "Hechicera (Yalla Bina Yalla)", "Paloma Brava", "Como La Luz", "Pirata Del Estrecho", "Para Llevarte A Vivir", "Una Rosa Se Perdi\u00f3", "Aprendiz", "La Toba", "Arrinc\u00f3namela"], "artists": ["La Hungara", "Jarabe de Palo", "Ni\u00f1a Pastori", "Ni\u00f1a Pastori", "Estopa", "Carmen Linares", "Remedios Amaya", "Carmen Linares", "Las Ni\u00f1as", "Javier Ruibal", "Estopa", "Mal\u00fa", "Roc\u00edo Jurado", "Chambao", "Los Delinq\u00fcentes", "Javier Ruibal", "Hanna", "Mal\u00fa", "elbicho", "Los Chichos"], "centerDistance": 0.37648065000000003, "angle": 0.0}, {"songs": ["Mirame A La Cara (Nueva Version)", "Hasta Los Huesos (Acustica)"], "artists": ["Andy & Lucas", "Andy & Lucas"], "centerDistance": 0.483005, "angle": 1.2566370614359172}, {"songs": ["Luci\u00e9rnaga", "Reincidentes"], "artists": ["Nosotr\u00e4sh", "Nosotr\u00e4sh"], "centerDistance": 0.4713965, "angle": 2.5132741228718345}, {"songs": ["No Quiero, No", "Hablame"], "artists": ["La Hungara", "Malu"], "centerDistance": 0.209046, "angle": 3.7699111843077517}, {"songs": ["Ojal\u00e1", "Amor M\u00edo"], "artists": ["Diana Navarro", "Diana Navarro"], "centerDistance": 0.4136425, "angle": 5.026548245743669}]