[{"songs": ["Quase Um Segundo", "Monte Castelo", "Eu Amo Voc\u00ea", "Eu Vou(Jah Work)(Jah Work)", "Onde Voc\u00ea Mora?", "Doce Vampiro", "Walk Right Back/Volta J\u00e1", "N\u00f3s Vamos Invadir A Sua Praia ( Vers\u00e3o Avenida )", "F\u00e1tima", "Ok! All Right!", "Feminino Cora\u00e7\u00e3o De Deus", "Emo\u00e7\u00f5es", "Boca", "D\u00favida Cruel", "Bois Don't Cry", "Flagra", "Sad\u00f4-mas\u00f4", "\u00c9 Bom Desconfiar", "Bete Balan\u00e7o", "Nabucodonosor"], "artists": ["Os Paralamas do Sucesso", "Cidade Negra", "Cidade Negra", "Tihuana", "Nando Reis", "Rita Lee", "Ultraje a Rigor", "Ultraje a Rigor", "Capital Inicial", "Pato Fu", "Erasmo Carlos", "Erasmo Carlos", "Danni Carlos", "Chico C\u00e9sar", "Mamonas Assassinas", "Rita Lee", "M\u00f3veis Coloniais de Acaju", "Tit\u00e3s", "C\u00e1ssia Eller", "Cazuza"], "centerDistance": 0.30387914999999993, "angle": 0.0}, {"songs": ["Hey Love", "Hot Shot"], "artists": ["Shaggy", "Shaggy"], "centerDistance": 0.3770995, "angle": 1.2566370614359172}, {"songs": ["Hagua", "Em Nagoya Eu Vi Eriko"], "artists": ["Seu Jorge", "Seu Jorge"], "centerDistance": 0.329232, "angle": 2.5132741228718345}, {"songs": ["Flex", "Gotta Get Away"], "artists": ["Ali Campbell", "Ali Campbell"], "centerDistance": 0.37428799999999995, "angle": 3.7699111843077517}, {"songs": ["Obsess\u00e3o", "Uma Hist\u00f3ria Real", "Me Chama"], "artists": ["Nenhum de N\u00f3s", "Nenhum de N\u00f3s", "Biquini Cavad\u00e3o"], "centerDistance": 0.28673166666666666, "angle": 5.026548245743669}]