[{"songs": ["A No Me Dat", "Righteous Youths", "Book Of Life", "No Vanity Love", "I Can Feel Your Pain", "Mama Africa", "Jah Time", "One Away", "Education", "no cry cry smile", "Firm Up Yourself", "Mama", "Daddy", "Roots Ragga", "Barack Obama", "Juvenile", "Know Jah"], "artists": ["Richie Spice", "Richie Spice", "I Wayne", "I Wayne", "Gyptian", "Ras Shiloh", "Fantan Mojah", "Sizzla", "Warrior King", "Natural Black", "Chezidek", "Gyptian", "Queen Ifrica", "Macka B", "Cocoa Tea", "Junior Kelly", "Tony Rebel"], "centerDistance": 0.3919502941176471, "angle": 0.0}, {"songs": ["Warm In Da Streets", "Murderers"], "artists": ["Fantan Mojah", "Pressure"], "centerDistance": 0.419883, "angle": 1.2566370614359172}, {"songs": ["Judah", "Caan Go Round Good", "Row Your Boat", "Mark Of The Beast", "Getting Closer", "So Proud", "Boom-Shack-A-Lack"], "artists": ["Warrior King", "Tony Rebel", "Junior Reid", "Freddie McGregor", "Cocoa Tea", "Ras Shiloh", "Junior Reid"], "centerDistance": 0.42286, "angle": 2.5132741228718345}, {"songs": ["Mama", "Oh Me Oh My"], "artists": ["Garnett Silk", "Garnett Silk"], "centerDistance": 0.4426505, "angle": 3.7699111843077517}, {"songs": ["Get Up Stand Up", "Spread Jah Love"], "artists": ["Jah Cure", "Jah Cure"], "centerDistance": 0.37763949999999996, "angle": 5.026548245743669}]