[{"songs": ["Instant Lover", "Shade Tree Mechanic", "For Better or Worse", "Can I Change My Mind", "Don't Let The Green Grass Fool You (Remastered Single Version)", "Destiny", "Where My Lips Have Been", "Make It Last Forever (Remastered Single Version)", "You Are So Beautiful", "I'm A Blues Man", "Endlessly", "Two Steps From the Blues", "You Are Everything", "Is It Over", "Let Me Hold & Squeeze You", "For Your Precious Love", "If I Were Your Man", "Blues Before Sunrise", "Your Way", "My Ship Is Comin' In"], "artists": ["Carl Sims", "Carl Sims", "Sir Charles Jones", "Willie Clayton", "Wilson Pickett", "Dave Hollister", "Dionne Warwick", "Keith Sweat", "Babyface", "Z.Z. Hill", "Brook Benton", "Bobby \"Blue\" Bland", "Michael McDonald", "Marvin Sease", "Marvin Sease", "Aaron Neville", "Stan Mosley", "Ray Charles", "Chico DeBarge", "Walter Jackson"], "centerDistance": 0.28121619999999997, "angle": 0.0}, {"songs": ["Just once", "One Hundred Ways"], "artists": ["James Ingram", "James Ingram"], "centerDistance": 0.39213950000000003, "angle": 1.2566370614359172}, {"songs": ["On The Wings Of Love", "How 'Bout Us"], "artists": ["Jeffrey Osborne", "Champaign"], "centerDistance": 0.303399, "angle": 2.5132741228718345}, {"songs": ["Wastin' My Time", "Interlude"], "artists": ["Omar Cunningham", "Omar Cunningham"], "centerDistance": 0.3345985, "angle": 3.7699111843077517}, {"songs": ["Can't Stop (Remix)", "Can He Love U Like This"], "artists": ["After 7", "After 7"], "centerDistance": 0.4263175, "angle": 5.026548245743669}]