[{"songs": ["Playground", "Teach Me How To Dance", "New Sensation (remix)", "Stripper Friends", "Best Of My Love", "PDA", "All Day Long I Dream About Sex", "What's In It For Me (Glasperlenspieler Mix)", "No More Heroes", "Burning", "Turn You On [Claude Le Gache Le Club Edit]", "Pienso En T\u00ed", "Naughty Girl (Single Version)", "Never Be Good", "AU", "Do Ya Think I'm Sexy (Album Version)", "Reach Out", "Starry Eyed Surprise (Album Version)", "Ladyfingers (Kurt's Guaranteed Every Time Mix)", "My Own Way"], "artists": ["Max Martin", "Che'nelle", "INXS", "Tila Tequila", "Javine", "Backstreet Boys", "JC Chasez", "Amy Diamond", "Westlife", "Monrose", "Paris Hilton", "Enrique Iglesias", "Holly Valance", "Serebro", "Juliet", "Paris Hilton", "Hilary Duff", "Shifty", "Luscious Jackson", "Banghra"], "centerDistance": 0.36116055, "angle": 0.0}, {"songs": ["Iubire Ca A Ta / Love Like Yours"], "artists": ["Cristina"], "centerDistance": 0.433084, "angle": 1.2566370614359172}, {"songs": ["A Night To Remember (Radio Edit)", "All Hooked Up (K-Gee Remix Edit)"], "artists": ["Liberty X", "All Saints"], "centerDistance": 0.423673, "angle": 2.5132741228718345}, {"songs": ["American Boys", "On The Radio"], "artists": ["Name the Pet", "Name the Pet"], "centerDistance": 0.3977325, "angle": 3.7699111843077517}, {"songs": ["American Blues", "Remedy (Wideboys Stadium Radio Edit)", "Living For The Weekend"], "artists": ["Max Martin", "Little Boots", "Jill Jones"], "centerDistance": 0.25817266666666666, "angle": 5.026548245743669}]