[{"songs": ["Biscuits 'n' Molasses", "Argue, Fuss 'n' Fight", "Jockey Blues", "Back Door Stranger", "Off The Wall", "I Just Keep Loving Her", "My Babe", "Drop Down Mama", "Love Makin' Mama # 2", "Diddle-Da-Diddle", "Dorina y Abel", "Three Woman Blues", "Decatur Street 81", "Every Day in the Week Blues", "Ain't Nobody Home But Me", "Someday Baby Blues", "I Walked All Night Long", "Going Down to the River", "Skoodle Um Skoo", "Shake That Thing"], "artists": ["Big George Jackson", "Big George Jackson", "Jazz Gillum", "Brownie McGhee", "Little Walter", "Kenny Neal & Billy Branch", "Kenny Neal & Billy Branch", "Sleepy John Estes", "Blind Willie McTell", "Barbecue Bob", "Real de Catorce", "Blind Willie McTell", "The Georgia Browns", "Pink Anderson", "Pink Anderson", "Sleepy John Estes", "Mississippi Fred McDowell & Johnny Woods", "Mississippi Fred McDowell & Johnny Woods", "Papa Charlie Jackson", "Papa Charlie Jackson"], "centerDistance": 0.2445866500000001, "angle": 0.0}, {"songs": ["I Can't Trust You Man (W Smith)"], "artists": ["Willie \"Big Eyes\" Smith"], "centerDistance": 0.40124000000000004, "angle": 1.2566370614359172}, {"songs": ["Johnny's Boogie (Instrumental)"], "artists": ["Johnny Dyer"], "centerDistance": 0.405531, "angle": 2.5132741228718345}, {"songs": ["Good Gal"], "artists": ["Charlie Spand"], "centerDistance": 0.30149099999999995, "angle": 3.7699111843077517}, {"songs": ["What's The Matter With You"], "artists": ["Walter Horton"], "centerDistance": 0.0, "angle": 5.026548245743669}]