[{"songs": ["Conquistadores", "Line Up (LP Version)", "Nuages", "Askaa!"], "artists": ["Chico Hamilton", "Lennie Tristano", "Paul Desmond", "Teddy Rok Seven"], "centerDistance": 0.2982635, "angle": 0.0}, {"songs": ["Ivan   (LP Version)", "A Night in Tunisia", "Walkin'", "Two Degrees East, Three Degrees West", "Improvisation", "Epistrophy (2006 Digital Remaster)", "Indian Summer", "Pot Licker", "Forgive Me If I'm Late", "Old Folks", "Introductory Announcement", "I Want To Be Happy", "Designer Stubble", "Hymn-Song", "Between the Devil and the Deep Blue Sea"], "artists": ["Shelly Manne", "Art Blakey & The Jazz Messengers", "Art Pepper", "John Lewis", "Dave Brubeck", "Art Taylor", "Coleman Hawkins", "Stanton Moore", "Vince Guaraldi", "Kenny Dorham", "Ray Brown Trio", "Lester Young", "Dave Weckl Band", "McCoy Tyner", "Annie Ross"], "centerDistance": 0.3354871333333333, "angle": 1.2566370614359172}, {"songs": ["Out On A Limb (LP Version)", "Blues March", "Supersonic", "Olea", "Tune Up/When Lights Are Low", "I Got Rhythm", "Good Night", "Stolen Moments"], "artists": ["Shelly Manne", "Art Blakey", "Lennie Tristano", "Louis Hayes", "Miles Davis Quintet", "Chick Webb", "Dave Weckl Band", "Oliver Nelson"], "centerDistance": 0.307107125, "angle": 2.5132741228718345}, {"songs": ["Gone With The Wind", "Dacor"], "artists": ["Clifford Brown", "Art Taylor"], "centerDistance": 0.32878100000000005, "angle": 3.7699111843077517}, {"songs": ["From the Hot Afternoon"], "artists": ["Paul Desmond"], "centerDistance": 0.358556, "angle": 5.026548245743669}]