[{"songs": ["Tuxedo Junction", "Harlem Camp Meeting", "Caldonia", "Fever", "Let's Live It Up", "Loafers Corner", "The Boy Next Door", "One Time Show", "On The Street Where You Live", "If I Were A Bell", "I Dream Too Much", "Tain't What You Do", "Lullaby", "End Of The Night", "Who ya hunchin'", "Fidgety Feet", "All Of Me (Album Version)", "The Yodelling Ghost", "You Stepped Out Of A Dream", "Taps Miller"], "artists": ["Erskine Hawkins", "Cab Calloway", "Louis Jordan", "The Jive Aces", "The Brian Setzer Orchestra", "Orlando 7", "Martha Raye", "Denver and the Mile High Orchestra", "Matt Dusk", "Count Basie & Sarah Vaughan", "Norma Winstone", "Jimmie Lunceford", "Stanley Black", "Cherry Poppin' Daddies", "Chick Webb", "Bob Crosby", "John Stevens", "Bing Crosby & The Andrews Sisters", "Peter Cincotti", "Dick Hyman"], "centerDistance": 0.2826346499999999, "angle": 0.0}, {"songs": ["Love", "When you wish upon the star"], "artists": ["Vik and the doctors of Jive", "Vik and the doctors of Jive"], "centerDistance": 0.0, "angle": 1.2566370614359172}, {"songs": ["CLEAR BODY CLEAR MIND"], "artists": ["The Jive Aces"], "centerDistance": 0.10763599999999995, "angle": 2.5132741228718345}, {"songs": ["Big Time Operator"], "artists": ["Big Bad Voodoo Daddy"], "centerDistance": 0.12816399999999994, "angle": 3.7699111843077517}, {"songs": ["Walk to Dube"], "artists": ["Snqamu Jazz Band"], "centerDistance": 0.166381, "angle": 5.026548245743669}]