[{"songs": ["Get Loose (Featuring Nelly) (Explicit Screwed Version)", "Ridin' Da Chevy", "Mask And Da Glock", "Hustler Stackin' Ends", "Awnaw (Rock Remix featuring Marcos of P.O.D.) (Modified/Clean Version)", "Zero Tolerance (F*ck Them Laws)", "Comin' Your Direction", "Represent (Edited Version)", "Prada Bag (interlude)", "Snitches", "Diddy Bop", "23 Hr. Lock Down", "Put Yo Hands Up (Explicit Album Version)", "Time Machine (feat. Chamillionaire)", "White Gutz", "King Chief", "Do U Speak Dungeoneze", "Love At First Sight", "I Told Ya", "Remember Me"], "artists": ["T.I.", "Three 6 Mafia", "Three 6 Mafia", "Paul Wall", "Nappy Roots", "Lil Wyte", "Lil Wyte", "Bubba Sparxxx", "Jermaine Dupri", "Master P", "Tyga", "Ying Yang Twins", "Crime Mob", "Big K.R.I.T.", "Dungeon Family", "B.o.B", "Dungeon Family", "Diamond", "Ali & Gipp", "Khia"], "centerDistance": 0.0467171, "angle": 0.0}, {"songs": ["Sample Dat Ass"], "artists": ["Chingy Featuring Murphy Lee"], "centerDistance": 0.07630700000000001, "angle": 1.2566370614359172}, {"songs": ["Outro (Hot Boyz/Let Em Burn)"], "artists": ["Hot Boy$"], "centerDistance": 0.14166999999999996, "angle": 2.5132741228718345}, {"songs": ["Get Buck", "Interlude 2"], "artists": ["Silkk the Shocker", "Silkk the Shocker"], "centerDistance": 0.1369395, "angle": 3.7699111843077517}, {"songs": ["Tell Me Why (H&F Explicit Album Version)", "Back Up N Da Chevy (Explicit Album Version)"], "artists": ["8Ball & MJG", "Boyz N da Hood"], "centerDistance": 0.026136999999999966, "angle": 5.026548245743669}]