[{"songs": ["Just For Kicks", "Let's Go Out Tonite", "Waterfall", "Baby Steps", "Enjoy The Ride", "Who Put The Meat In My Bed?", "28 (for Kristin)", "Little Squirt", "Hyde Park (The 'Ah, Oooh' Song)", "Miami", "Stride", "The Total Experience", "Midnight Cowboy", "Strawberry Moon", "Caf\u00e9 Del Soul", "Baby Come To Me", "As Good As It Gets", "Sophisticated Lady"], "artists": ["Marion Meadows", "Paul Taylor", "Kim Waters", "Peter White", "Paul Taylor", "Fattburger", "Ken Navarro", "Chieli Minucci", "Jeff Kashiwa", "Special EFX", "Jeff Kashiwa", "Boney James", "Zachary Breaux", "Grover Washington, Jr.", "Euge Groove", "George Howard", "Mindi Abair", "Chieli Minucci"], "centerDistance": 0.4091971666666667, "angle": 0.0}, {"songs": ["Always And Forever", "Middle Of The Night (Album Version)", "Song For You (Album Version)"], "artists": ["Kim Waters", "Rick Braun", "Rick Braun"], "centerDistance": 0.2308676666666667, "angle": 1.2566370614359172}, {"songs": ["Skating", "Bleu Cheese", "My Favorite Things"], "artists": ["Boney James", "Fattburger", "Nelson Rangell"], "centerDistance": 0.33890133333333333, "angle": 2.5132741228718345}, {"songs": ["You Are The One", "Call Me", "Love Conditionally (1993 Digital Remaster)", "We Don't Have To Say Goodbye (1993 Digital Remaster)"], "artists": ["Walter Beasley", "Walter Beasley", "Everette Harp", "Everette Harp"], "centerDistance": 0.18854075, "angle": 3.7699111843077517}, {"songs": ["Just In Time", "A Moment With You", "Liquid"], "artists": ["Marion Meadows", "Nick Colionne", "Nick Colionne"], "centerDistance": 0.28397100000000003, "angle": 5.026548245743669}]