[{"songs": ["Skavova", "Ambulance Wreckage", "Drunken Hangman", "Rising From The Deep", "Taunus", "What's Up Mr. Zero?", "The Hurt (Paid My Dues)", "Justify", "Lies", "Doom, Gloom, Heartache & Whiskey", "Instant Gravitation", "Brocktoon's Wake", "Ultraglide", "Some Will Never Know", "Landing For My Pride", "Double or Quits", "Nail", "A Sinner's Fame", "Voodoo Fire", "At the End of My Daze"], "artists": ["4Mag Nitrous", "4Mag Nitrous", "Scissorfight", "Fireball Ministry", "Mustasch", "sHEAVY", "House Of Broken Promises", "House Of Broken Promises", "God Damn", "Viking Skull", "Nebula", "Halfway to Gone", "sHEAVY", "Only Living Witness", "God Damn", "Viking Skull", "Throttlerod", "Trouble", "Cathedral", "Trouble"], "centerDistance": 0.2120751, "angle": 0.0}, {"songs": ["The G Way"], "artists": ["Down"], "centerDistance": 0.015992000000000006, "angle": 1.2566370614359172}, {"songs": ["Ride The Wind", "Warlord"], "artists": ["On a Pale Horse", "On a Pale Horse"], "centerDistance": 0.12555499999999997, "angle": 2.5132741228718345}, {"songs": ["Rabdos", "I Can't Feel Nothin'"], "artists": ["Alabama Thunderpussy", "Alabama Thunderpussy"], "centerDistance": 0.009661999999999948, "angle": 3.7699111843077517}, {"songs": ["39 Lashes", "Drive Fast, Take Chances"], "artists": ["Acid King", "Acid King"], "centerDistance": 0.330817, "angle": 5.026548245743669}]