[{"songs": ["VibeZelect Cafe Interlude", "Birdseye", "Cool Like That", "Reason With Your Body", "Until I Found You", "Goodbye", "Incredible", "What You Need", "One Side", "Karma", "Just Can't Believe", "Goin' Outta Business", "Don't Act Innocent (Retail)", "Ooo (Album Version)", "Why U Treat Me So Cold", "I Don't Wanna Be Alone", "I'm Tryin' To What", "Rock On", "Rainman", "All The Way (Freaky Style)"], "artists": ["Jon B.", "The Tony Rich Project", "The Tony Rich Project", "Dave Hollister", "Aaron Hall", "K-Ci & JoJo", "Lloyd", "Adina Howard", "Ruben Studdard", "Dave Hollister", "Mint Condition", "Babyface", "Ralph Tresvant", "Trey Songz", "Keith Sweat", "Shai", "Next", "Next", "Jamie Foxx", "Color Me Badd"], "centerDistance": 0.08975249999999999, "angle": 0.0}, {"songs": ["The Boy Is Mine (Duet With Monica) (LP Version)"], "artists": ["Brandy & Monica"], "centerDistance": 0.18248600000000004, "angle": 1.2566370614359172}, {"songs": ["Sadder Than Blue", "Secrets"], "artists": ["Az Yet", "Az Yet"], "centerDistance": 0.09288000000000002, "angle": 2.5132741228718345}, {"songs": ["Layaway feat. AZ", "Come Back To Me Shawty", "Whiz"], "artists": ["Jon B.", "Tyrese", "Mario"], "centerDistance": 0.10541166666666668, "angle": 3.7699111843077517}, {"songs": ["Can't Believe (Featuring Carl Thomas)", "5 Miles To Empty", "How Do U Want It", "Breathe"], "artists": ["Faith Evans", "Brownstone", "Tyrese", "Lee Carr"], "centerDistance": 0.12096025000000002, "angle": 5.026548245743669}]