[{"songs": ["Jim Dandy", "Buzz Buzz Buzz"], "artists": ["Lavern Baker", "The Hollywood Flames"], "centerDistance": 0.0874685, "angle": 0.0}, {"songs": ["My Real Gone Rocket", "She Likes To Boogie Real Low", "Be My Guest", "Poppa Stoppa", "Rock Everybody", "If You Really Want Me To, I'll Go", "Storm Warning", "Club-A-Go-Go", "Strange Things Happening  (LP Version)", "Big Fat Mama", "Why You Do Me Like You Do (Live)", "Mountain Of Love", "Mystery Train", "You'll Never Walk Alone", "Look Out Miss James", "Love My Baby", "Amos' Boogie", "Bop-ting-a-ling", "Big Break", "Little By Little"], "artists": ["Jackie Brenston and His Delta Cats", "Frankie Lee Sims", "Fats Domino", "Pee Wee Crayton", "The Teen Queens", "Joe Barry", "Dr. John", "The Animals", "Guitar Slim", "Roy Milton", "The Cleftones", "Harold Dorman", "Little Junior Parker", "Roy Hamilton", "Richard Berry", "Little Junior's Blue Flames", "Amos Milburn", "Lavern Baker", "Richard Berry", "Nappy Brown"], "centerDistance": 0.10773134999999998, "angle": 1.2566370614359172}, {"songs": ["Touch And Go", "We're Goin' Rockin' Tonight"], "artists": ["Wynona Carr", "Roy Brown"], "centerDistance": 0.08655550000000001, "angle": 2.5132741228718345}, {"songs": ["Just To Hold My Hand", "You Are My Sunshine"], "artists": ["Dee Dee Sharp", "Dee Dee Sharp"], "centerDistance": 0.09105600000000003, "angle": 3.7699111843077517}, {"songs": ["Jump Children", "Troubles, Troubles"], "artists": ["Dave Bartholomew", "Clarence \"Frogman\" Henry"], "centerDistance": 0.10142300000000004, "angle": 5.026548245743669}]