[{"songs": ["The Dance At The Crossroads", "Pop Song", "Blossoms In The Street", "Angel (acoustic)", "Long Night (Album Version)", "Back Of My Hand", "The Snows They Melt the Soonest", "Sraid An Chloig", "The Jute-Mill Song", "The Unquiet Grave", "Caleno Custure Me - I am a Girl from the Suir Side", "Travelling Bird", "Horses", "Rocky Road to Dublin (Live)", "The Finer Things", "The Foggy Dew", "An Raibh T\u00fa ag an gCarraig? - Were You at Carrick?", "Do You Know", "She's Gone Away", "Marabilla"], "artists": ["The Waterboys", "Hothouse Flowers", "Wallis Bird", "The Corrs", "The Corrs", "Gemma Hayes", "Karan Casey", "Solas", "Karan Casey", "Solas", "Susan McKeown", "Wallis Bird", "Gemma Hayes", "Dropkick Murphys", "Dolores Keane", "The Chieftains with Sinead O'Connor", "Susan McKeown", "The Cranberries", "Language of Flowers", "Skyedance"], "centerDistance": 0.1585929, "angle": 0.0}, {"songs": ["Streets of London", "My Island"], "artists": ["Liam Clancy", "Liam Clancy"], "centerDistance": 0.3889455, "angle": 1.2566370614359172}, {"songs": ["Last Call", "R U Lookin @ Me"], "artists": ["The Popes", "The Popes"], "centerDistance": 0.38966100000000004, "angle": 2.5132741228718345}, {"songs": ["George Ross' Hornpipes", "Whistling Gypsy Rover"], "artists": ["De Dannan", "The Clancy Brothers"], "centerDistance": 0.39047550000000003, "angle": 3.7699111843077517}, {"songs": ["Maggie", "Miss Maule's/Alta's Reel/The Five of Diamonds/The Pilltown Reel", "The Maid of Coolmore"], "artists": ["De Dannan", "Cherish the Ladies", "The Bothy Band"], "centerDistance": 0.30631633333333336, "angle": 5.026548245743669}]