[{"songs": ["When All Thy Mercies", "Sanctus"], "artists": ["Fernando Ortega", "John Michael Talbot"], "centerDistance": 0.33730950000000004, "angle": 0.0}, {"songs": ["It Won't Be Long"], "artists": ["Andrae Crouch & Disciples"], "centerDistance": 0.412826, "angle": 1.2566370614359172}, {"songs": ["Regardless", "The Old Country Church", "Pass Me Not Gentle Saviour", "Surrender Your Heart", "Mother Teresa", "Give Your Life Away", "Turn It Around", "The Day The Earth Stood Still", "Bread Of Heaven", "What A Friend", "He Touched Me", "More, More, More", "Say A Prayer", "Everyday Away (LP Version)", "Just For A Day (LP Version)", "The One", "I Just Love You", "Sho' Nuff", "Your Name", "The Cross That Bears His Name"], "artists": ["Jimmy Needham", "The Oak Ridge Boys", "Bill Anderson", "Steve Camp", "Scott Wesley Brown", "Scott Wesley Brown", "Israel & New Breed", "Brian McKnight", "VIP Mass Choir Featuring John P. Kee", "Mary Mary", "Gaither Vocal Band", "Joann Rosario", "CeCe Winans", "Winans Phase 2", "Winans Phase 2", "Anthony Evans", "Vanessa Bell Armstrong", "VIP Mass Choir Featuring John P. Kee", "Anthony Evans", "Cheri Keaggy"], "centerDistance": 0.3771891500000001, "angle": 2.5132741228718345}, {"songs": ["Alright", "Heal the Land"], "artists": ["Myron Butler & Levi", "Myron Butler & Levi"], "centerDistance": 0.4122585, "angle": 3.7699111843077517}, {"songs": ["Just for Me", "Psalm 27"], "artists": ["Donnie McClurkin", "Donnie McClurkin"], "centerDistance": 0.3274125, "angle": 5.026548245743669}]