[{"songs": ["Run Silent", "Babooshka", "There's A Guy Works Down The Chip Shop Swears He's Elvis", "Velveteen", "Chain Letter", "Words Get In The Way", "What I Am", "Manchild", "We Belong", "I'm Gonna Be Strong", "Talking To Myself", "Nightclubbing", "Ladies And Gentleman: Miss Grace Jones", "Shoot To Disable", "Luka", "Sally's Pigeons", "Solitare (LP Version)", "Stop", "Tainted", "God Knows"], "artists": ["Shakespear's Sister", "Kate Bush", "Kirsty MacColl", "Transvision Vamp", "Kim Carnes", "Gloria Estefan", "Edie Brickell and New Bohemians", "Neneh Cherry", "Pat Benatar", "Cyndi Lauper", "Maggie Reilly", "Grace Jones", "Grace Jones", "Kim Wilde", "Suzanne Vega", "Cyndi Lauper", "Laura Branigan", "Sam Brown", "Swing Out Sister", "The Nolans"], "centerDistance": 0.17984439999999996, "angle": 0.0}, {"songs": ["Unison", "Heartbreaker"], "artists": ["Lory Bianco", "Lory Bianco"], "centerDistance": 0.0, "angle": 1.2566370614359172}, {"songs": ["Forever Your Girl", "Opposites Attract"], "artists": ["Paula Abdul", "Paula Abdul"], "centerDistance": 0.23873250000000001, "angle": 2.5132741228718345}, {"songs": ["Rock This Joint (LP Version)", "Who Loves You  (LP Version)"], "artists": ["Alannah Myles", "Alannah Myles"], "centerDistance": 0.20401599999999998, "angle": 3.7699111843077517}, {"songs": ["Toy Soldiers", "China In Your Hand", "I Feel The Earth Move", "Rush Hour", "Show Me Heaven"], "artists": ["Martika", "T'Pau", "Martika", "Jane Wiedlin", "Maria McKee"], "centerDistance": 0.2250826, "angle": 5.026548245743669}]