[{"songs": ["Everyday People", "Bring It On Home To Me", "Way Over There", "Nites Like This", "Funk Me", "Pickin' Wild Mountain Berries", "Trust In Me", "Thank You", "Questions", "In My Diary", "Bad Girl", "There's No Me Without You", "Feel Good Friday", "You've Changed Me", "I Hear The Love Chimes", "Since I Fell For You", "He Ain't Heavy, He's My Brother (Previously Unissued)", "Cry On", "Money (That's What I Want)", "You Are My Lady (Digitally Remastered 02)"], "artists": ["Aretha Franklin", "Eddie Floyd", "The Miracles", "The Manhattans", "Marvin Gaye", "Peggy Scott & Jo Jo Benson", "Bobby Womack", "Bobby Womack", "David Ruffin", "The Spinners", "The Dramatics", "The Manhattans", "Bobby Byrd", "Brenda Holloway", "Syl Johnson", "Laura Lee", "Donny Hathaway", "Irma Thomas", "Jr. Walker & The All Stars", "Freddie Jackson"], "centerDistance": 0.18763975000000002, "angle": 0.0}, {"songs": ["Daylight & Darkness", "There Will Come A Day (I'm Gonna Happen To You)"], "artists": ["Smokey Robinson", "Smokey Robinson"], "centerDistance": 0.192616, "angle": 1.2566370614359172}, {"songs": ["Honey for My Honey", "Sweet Regine"], "artists": ["Randy Crawford", "Randy Crawford"], "centerDistance": 0.259662, "angle": 2.5132741228718345}, {"songs": ["Love Makes It Right", "What's Happening Baby"], "artists": ["The Soul Children", "The Soul Children"], "centerDistance": 0.2692305, "angle": 3.7699111843077517}, {"songs": ["Dinah", "Who You Gonna Run To"], "artists": ["David Ruffin", "Chuck Jackson"], "centerDistance": 0.192598, "angle": 5.026548245743669}]