[{"songs": ["Demolition Man", "Ring Of Fire (Live)", "Femme Fatale", "Don't Let Me Be Misunderstood", "Time After Time", "Boys Keep Swinging", "(The Angels Wanna Wear My) Red Shoes", "Disco Inferno", "Crazy In Love", "Sabbath Bloody Sabbath", "Iron Man", "Ruby, Don't Take Your Love to Town", "When Doves Cry", "Metal", "Lawyers, Guns And Money", "So Lonely", "Don't Stop Believin'", "Crying, Waiting, Hoping", "Girls Just Want To Have Fun", "Solitaire"], "artists": ["Grace Jones", "Blondie", "Big Star", "Cyndi Lauper", "Willie Nelson", "Sarah Harding", "Hem", "Cyndi Lauper", "The Puppini Sisters", "The Cardigans", "The Cardigans", "Cake", "The Be Good Tanyas", "Nouvelle Vague", "Meat Loaf", "Nouvelle Vague", "Petra Haden", "Marshall Crenshaw", "Angy", "Sheryl Crow"], "centerDistance": 0.11911349999999998, "angle": 0.0}, {"songs": ["New Age", "New Rose"], "artists": ["Rachel Sweet", "Rachel Sweet"], "centerDistance": 0.201059, "angle": 1.2566370614359172}, {"songs": ["I Should Have Known Better", "You Really Got a Hold on Me"], "artists": ["She & Him", "She & Him"], "centerDistance": 0.164003, "angle": 2.5132741228718345}, {"songs": ["Cloudbusting", "Hungry Heart"], "artists": ["Charlotte Martin", "Minnie Driver"], "centerDistance": 0.12977099999999997, "angle": 3.7699111843077517}, {"songs": ["I Started Something I Couldn't Finish", "Jump", "Peace Train"], "artists": ["Bow Wow Wow", "Aztec Camera", "Michael Monroe"], "centerDistance": 0.15121600000000002, "angle": 5.026548245743669}]