[{"songs": ["City of Refuge (LP Version)"], "artists": ["4HIM"], "centerDistance": 0.0, "angle": 0.0}, {"songs": ["Presence (My Heart's Desire)", "When I See You (LP Version)", "Let It Rise (LP Version)", "Step Across the Line", "Give Us Your Courage", "Lord of the Heavens", "Cry In My Heart", "We Fall Down (Live Version)", "When You Are Near", "We Fall Down (Stereo Trax)", "Blessed Be Your Name (Sacred Revolution Album Version)", "Over My Head", "You Are Everything", "Lonely Road (LP Version)", "Awesome God", "May The Words Of My Mouth", "Rince D\u00e8", "The Name Of Jesus", "All for You", "The Twenty-First Time"], "artists": ["Newsboys", "Big Daddy Weave", "Big Daddy Weave", "Don Francisco", "Tim Hughes", "Parachute Band", "Starfield", "Salvador", "Jeremy Camp", "Passion", "Matt Redman", "Starfield", "Matthew West", "Fernando Ortega", "Rich Mullins", "Tim Hughes", "Michael W. Smith", "Aaron Shust", "Paul Baloche", "Monk & Neagle"], "centerDistance": 0.07451079999999999, "angle": 1.2566370614359172}, {"songs": ["Memories", "Will I Find"], "artists": ["Selah", "Selah"], "centerDistance": 0.05966199999999999, "angle": 2.5132741228718345}, {"songs": ["Wonderful You", "Everlasting"], "artists": ["Darlene Zschech", "Darlene Zschech"], "centerDistance": 0.15484600000000004, "angle": 3.7699111843077517}, {"songs": ["Lazarus Come Forth", "Serve The Lord"], "artists": ["Carman", "Carman"], "centerDistance": 0.1959075, "angle": 5.026548245743669}]