[{"songs": ["Someday", "Get Your Hands Off My Man (Fire Island Dub 4 Junior)", "The Cure & The Cause", "I Get Lifted (Duck Beats)", "Bird In A Gilded Cage", "Never No More Lonely", "The Light", "Muzikizum", "All I Need (CJ One Remix)", "Dancin (A Little More Vocal Mix)", "Hey Hey", "A Better Way (83 West Club Mix)", "Brighter Day (Quant mix)", "Mocha Disco", "Second Wind", "Do It To Me Again (Radio Edit)", "Do It To Me Again (Soulsearcher Club Mix)", "Can't Get Away From You (Original Mix)", "Yuki", "Life and Music"], "artists": ["Sterling Void", "Junior Vasquez", "Fish Go Deep", "Barbara Tucker", "Jungle Wonz", "Fingers Inc.", "Michelle Weeks", "X-Press 2", "Andy Caldwell", "Erick Morillo", "Dennis Ferrer", "Darryl D'Bonneau", "Kaskade", "Johnny Fiasco", "Rise Ashen", "Soulsearcher", "Soulsearcher", "Mood II Swing", "Hideo Kobayashi", "Miguel Migs"], "centerDistance": 0.20325559999999995, "angle": 0.0}, {"songs": ["Who Keeps Changing Your Mind? (The Club Mix)"], "artists": ["South Street Player"], "centerDistance": 0.0, "angle": 1.2566370614359172}, {"songs": ["If You Only (Kaskade Original Mix)", "Love Of My Life (Worldwide Underground Mix)"], "artists": ["Chieko Kinbara", "Arnold Jarvis"], "centerDistance": 0.21188999999999997, "angle": 2.5132741228718345}, {"songs": ["My Joy", "Don't know malendro", "Ian Pooley ''Chord Memory'' (Daft Punk Remix)"], "artists": ["Quentin Harris Feat. Margaret Grace", "DJ Gregory", "Ian Pooley"], "centerDistance": 0.16980366666666669, "angle": 3.7699111843077517}, {"songs": ["Bel Amour (Vocal Mix)", "Bel Amour"], "artists": ["Bel Amour", "Bel Amour"], "centerDistance": 0.222891, "angle": 5.026548245743669}]