[{"songs": ["Cry Baby", "Strange Thing Happening", "W.O.M.A.N.", "Next Door To The Blues", "Baby don't leave me", "Shake A Hand", "The Loco-Motion", "Bootsie Whitelaw", "Shed So Many Tears", "For Your Precious Love", "Desert Song", "Night Time Is The Right Time", "Twenty-Nine Ways (To My Baby's Door)", "I Need More And More", "Looking For A Woman", "Remain Silent", "Need Your Love So Bad", "(They Call It) Stormy Monday", "You Got A Hole In It", "Don't Let The Green Grass Fool You (Remastered Single Version)"], "artists": ["Percy Mayfield", "Percy Mayfield", "Etta James", "Etta James", "Omar Cunningham", "Lavern Baker", "Ike & Tina Turner", "Ike & Tina Turner", "Barbara Lynn", "Aaron Neville", "Alice Smith", "Tina Turner", "Koko Taylor", "Koko Taylor", "Jimmy McCracklin", "Keb' Mo'", "Ruby Johnson", "Latimore", "Eddie Bo", "Wilson Pickett"], "centerDistance": 0.10002605000000002, "angle": 0.0}, {"songs": ["You Broke My Heart", "Make Up Your Mind"], "artists": ["Chuck Willis", "Chuck Willis"], "centerDistance": 0.25331899999999996, "angle": 1.2566370614359172}, {"songs": ["Will the Circle Be Unbroken"], "artists": ["Mavis Staples"], "centerDistance": 0.07407799999999998, "angle": 2.5132741228718345}, {"songs": ["Frog Hop", "Just A Fool", "What Kind Of Gal Is That?"], "artists": ["Earl Hooker", "Eddie Boyd", "Jody Williams"], "centerDistance": 0.2558783333333333, "angle": 3.7699111843077517}, {"songs": ["Older Love"], "artists": ["Omar Cunningham"], "centerDistance": 0.06921600000000006, "angle": 5.026548245743669}]