[{"songs": ["Dream Seasons", "If I May"], "artists": ["Blackalicious", "Blackalicious"], "centerDistance": 0.1428355, "angle": 0.0}, {"songs": ["Blunted", "Smokefest", "Thuggin", "Deformed Pretty Boyz (Instrumental)", "Mr Cooper", "The One And Only (Explicit)", "San Fran to the Town", "Mas Pingon", "Love Slave (Original Version)", "Come Talk to Me", "Girls All Pause", "Forgot About Dre", "Still Wit Da B.S.", "Why", "Radio", "I Got A Cold", "Ko Rock Stuff", "Mind On My Money (Album Version)", "It Will (thewon'tgoawayremix)", "Let's Battle"], "artists": ["Phil da Agony", "Phil da Agony", "Nipsey Hussle", "Ras Kass", "Roscoe", "Dilated Peoples", "Rasco", "Mellow Man Ace", "Knoc-Turn'Al", "Get Busy Committee", "Kurupt", "Dr. Dre", "Glasses Malone", "Fashawn", "Eazy-E", "King Tee", "King Tee", "Spice 1", "2Mex", "Roc C"], "centerDistance": 0.17078184999999999, "angle": 1.2566370614359172}, {"songs": ["4th Floor Freaks", "Interrogation"], "artists": ["Souls of Mischief", "Souls of Mischief"], "centerDistance": 0.23651099999999997, "angle": 2.5132741228718345}, {"songs": ["Gangsta Sh**", "Merry Mutha****** Xmas"], "artists": ["Lil Eazy-E", "Eazy-E"], "centerDistance": 0.178682, "angle": 3.7699111843077517}, {"songs": ["Intro", "Head Of The State"], "artists": ["Cali Agents", "Cali Agents"], "centerDistance": 0.14788250000000003, "angle": 5.026548245743669}]