[{"songs": ["Pink Champagne", "By Hook Or By Crook", "Barber Shop", "It's Not My Time To Go", "The More I See You", "I Love Paris", "New Jazz Fiddle", "I Came Here to Rock", "I'm Busted", "What A Little Moonlight Can Do", "Ball And Chain", "Wayfaring Stranger", "Kiss Me Baby", "Ta De Ah", "Fine And Mellow", "Where Are You?", "Centerpiece (Live At Ronnie Scott's)", "Out Of Nowhere", "Your Jelly Roll Is Good", "Minnie The Moocher"], "artists": ["Mitch Woods & His Rocket 88's", "Dan Hicks & His Hot Licks", "Tom Waits", "Dan Hicks & His Hot Licks", "Count Basie", "Screamin' Jay Hawkins", "Asylum Street Spankers", "Vidar Busk & His True Believers", "Ray Charles", "Billie Holiday", "The Brian Setzer Orchestra", "Joe Williams", "Ray Charles", "The Nat King Cole Trio", "Billie Holiday", "Billy Eckstine", "Van Morrison", "Les Paul", "Alberta Hunter", "Big Bad Voodoo Daddy"], "centerDistance": 0.34921875, "angle": 0.0}, {"songs": ["Down In Honky Tonk Town", "Do You Call That A Buddy?"], "artists": ["Louis Armstrong", "Louis Armstrong"], "centerDistance": 0.3182625, "angle": 1.2566370614359172}, {"songs": ["Harlem Nocturne", "You Make Me Sick"], "artists": ["Vidar Busk & His True Believers", "Screamin' Jay Hawkins"], "centerDistance": 0.36316099999999996, "angle": 2.5132741228718345}, {"songs": ["Trippin' Over You"], "artists": ["Asylum Street Spankers"], "centerDistance": 0.28770799999999996, "angle": 3.7699111843077517}, {"songs": ["Keep A Dollar In Your Pocket"], "artists": ["Roy Milton"], "centerDistance": 0.37521800000000005, "angle": 5.026548245743669}]