[{"songs": ["Excuchame Doctor", "Conga", "Salsa Nuestra", "Mala Mujer", "Knowledge Is King", "Te Voy A Conquistar (Vou Te Conquistar)", "Agua Clara", "Tres Palabras", "Venceremos - We Will Win (Full 12'' Version)", "En Nuestro Aniversario", "Perfidia", "Guacamaya", "Ave Mar\u00eda", "La Bamba", "La Receta", "Stop The Pollution", "Gotta Be Positive", "Dream To Remember", "How Do You Talk To Girls", "Ola Gia Sena"], "artists": ["Gerardo", "Miami Sound Machine", "Kaoma", "Jorge Maldonado", "Kool Moe Dee", "Ricky Martin", "Miguel Bos\u00e9", "Enrique Iglesias", "Working Week", "Carlos Baute", "John Altman", "Cabas", "David Bisbal", "Los Lobos", "Kemo The Blaxican", "Dr. Alban", "Eddy Grant", "Milli Vanilli", "Rick Springfield", "Twinz"], "centerDistance": 0.36641625, "angle": 0.0}, {"songs": ["Dame De Eso"], "artists": ["El Gringo de la Bachata"], "centerDistance": 0.46097600000000005, "angle": 1.2566370614359172}, {"songs": ["Los amantes", "Busca algo barato"], "artists": ["Fey", "Fey"], "centerDistance": 0.46096750000000003, "angle": 2.5132741228718345}, {"songs": ["El perdido", "L\u00e1grimas de miel"], "artists": ["Caf\u00e9 Quijano", "Caf\u00e9 Quijano"], "centerDistance": 0.4609765, "angle": 3.7699111843077517}, {"songs": ["Mi Alma Loca", "Gringo Muere de Dolor"], "artists": ["Andy Andy", "El Gringo de la Bachata"], "centerDistance": 0.46097550000000004, "angle": 5.026548245743669}]