[{"songs": ["Tell It Like It Is", "Another Travelin' Song (Album Version)", "Blood on the Snow", "Ghosts of Promised Lands", "When You Return", "More Often Than Not", "Gone Again (LP Version)", "Elegy For Johnny Cash", "Baking", "Deed I Do", "I Promise You", "Sheila", "The False Bride", "Chyld Owlett", "Ride Around Little Doggies", "Generation Spent", "Take No Rogues", "Rising For The Moon", "Kid", "I Can't See You"], "artists": ["Bill Fay", "Bright Eyes", "Horse Feathers", "Jackie Greene", "Jackie Greene", "Eric Andersen", "Fred Neil", "Jackie Leven", "Aztec Two-Step", "The Eighteenth Day of May", "Show of Hands", "Eric Andersen", "Alasdair Roberts", "Maddy Prior", "Barry McGuire", "Charlie Winston", "Seth Lakeman", "Fairport Convention", "Amos Lee", "Tim Buckley"], "centerDistance": 0.1265401, "angle": 0.0}, {"songs": ["In the Passage", "Lost in the Sun"], "artists": ["Dan Fogelberg", "Dan Fogelberg"], "centerDistance": 0.26657349999999996, "angle": 1.2566370614359172}, {"songs": ["Cold Wind", "Unconditional"], "artists": ["Willy Porter", "Willy Porter"], "centerDistance": 0.135577, "angle": 2.5132741228718345}, {"songs": ["Samba Vexillographica", "Cristobal"], "artists": ["Devendra Banhart", "Devendra Banhart"], "centerDistance": 0.11740849999999997, "angle": 3.7699111843077517}, {"songs": ["Turn For The Day", "Happiness At The New Day"], "artists": ["Low Low Low La La La Love Love Love", "Low Low Low La La La Love Love Love"], "centerDistance": 2.199999999996649e-05, "angle": 5.026548245743669}]