[{"songs": ["Hasta Luego Mi Hermano", "Crash Tribe (Dubstrumental)", "Movin Into Light (Serebe & Tarot Mix)", "Lightspan", "I Believe (TKC Mix)", "Boomzaza", "Tight As A Drum", "Mundaya (The Boy)", "Irresistible! (Radio Edit)", "Open Your Heart", "Sexy III", "The Fruit", "75 Brazil St (Vocal Radio Edit", "Scandal In New York (Saworiginalscandal)", "Something For Your Soul", "Only Love", "The Novel", "Platform", "I Feel Speed", "Under The Water"], "artists": ["Dubtribe Sound System", "Manny Ward", "Black Fras", "The Shamen", "That Kid Chris", "Oojami", "Francis Davila", "Tim Deluxe", "Superchumbo", "Axwell & Dirty South feat. Rudy", "Deep Dish", "Sander Kleinenberg", "Nicola Fasano vs pat Rich", "Satoshi Tomiie", "Amit Shoham", "Way Out West", "Dousk", "Freaky Chakra", "Dubfire", "Dimitri Vegas & Like Mike"], "centerDistance": 0.2654125, "angle": 0.0}, {"songs": ["Deep Dark Jungle", "The Drive (Orig. Mix)"], "artists": ["Victor Calderone", "Victor Calderone"], "centerDistance": 0.13146950000000002, "angle": 1.2566370614359172}, {"songs": ["Come Back (original club mix)", "Come Back (Riley & Durrant Remix)"], "artists": ["Chicane", "Chicane"], "centerDistance": 0.327246, "angle": 2.5132741228718345}, {"songs": ["Revolution", "Muzikizum", "AC/DC"], "artists": ["Superchumbo", "X-Press 2", "X-Press 2"], "centerDistance": 0.29613666666666666, "angle": 3.7699111843077517}, {"songs": ["Beautiful (Sundawner's Tribal Remix)", "Funk Science (Southern Mix)", "Apocalypse"], "artists": ["Orkidea", "Sound Field", "Arno Cost & Norman Doray"], "centerDistance": 0.2553876666666667, "angle": 5.026548245743669}]