[{"songs": ["Pennsylvania 6-5000", "Boogie Woogie", "Heebie Jeebies", "Pennies From Heaven", "Jeepers Creepers", "The Yodelling Ghost", "Hamp's Boogie Woogie", "Moonlight In Vermont", "Big Noise From Winnetka (featured in \"Manhattan Murder Mystery\")", "Sing To Me", "Harlem Nocturne", "Blue Minor", "Liza (All The Clouds'll Roll Away)", "You're Driving Me Crazy", "Moonglow", "Jumpin' Jack", "How Big Can You Get?", "Puttin' On The Ritz", "Apollo Jump", "Wrap Your Troubles In Dreams"], "artists": ["Glenn Miller", "Tommy Dorsey", "Chick Webb", "Frank Sinatra", "Louis Armstrong", "Bing Crosby & The Andrews Sisters", "Lionel Hampton", "Margaret Whiting", "Bob Crosby and the Bobcats", "Bob Crosby and the Bobcats", "Johnny Otis", "Chick Webb & His Orchestra", "Chick Webb & His Orchestra", "Billy May", "Casa Loma Orchestra", "Big Bad Voodoo Daddy", "Big Bad Voodoo Daddy", "Fred Astaire", "Lucky Millinder", "Erskine Hawkins"], "centerDistance": 0.13047984999999995, "angle": 0.0}, {"songs": ["Woodshopper's Ball"], "artists": ["Woody Herman"], "centerDistance": 0.006105999999999945, "angle": 1.2566370614359172}, {"songs": ["New Blowtop Blues", "And Her Tears Flowed Like Wine"], "artists": ["Lavay Smith & Her Red Hot Skillet Lickers", "Lavay Smith & Her Red Hot Skillet Lickers"], "centerDistance": 0.23818049999999996, "angle": 2.5132741228718345}, {"songs": ["Anthropology", "Oh You Beautiful Doll"], "artists": ["Claude Thornhill", "Claude Thornhill"], "centerDistance": 0.13703600000000005, "angle": 3.7699111843077517}, {"songs": ["Lester Leaps In", "I Found A New Baby"], "artists": ["Lester Young", "Andr\u00e9 Previn"], "centerDistance": 0.2288505, "angle": 5.026548245743669}]