[{"songs": ["Crack in the Mirror (Live)", "Fakin' It", "For The Roses  (LP Version)", "Save The Country", "Mr. Tambourine Man", "Dancing (LP Version)", "Dreams (LP Version)", "Never Goin' Back", "Castles In The Air", "The First Cut Is The Deepest", "Henry Martin", "Light-Pop's Principle", "She Belongs To Me", "The Kid", "Back Home", "Baby Blue", "The Water Is Wide", "You Were On My Mind", "Waiting For The Day", "Saturday Night"], "artists": ["Joan Baez", "Simon & Garfunkel", "Joni Mitchell", "Laura Nyro", "Bob Dylan", "Carole King", "Richie Havens", "John Stewart", "Don McLean", "Cat Stevens", "Bert Jansch", "Laura Nyro", "Bob Dylan", "Art Garfunkel", "The Stone Poneys", "Barry McGuire", "Karla Bonoff", "Barry McGuire", "Gerry Rafferty", "Emitt Rhodes"], "centerDistance": 0.1368631, "angle": 0.0}, {"songs": ["Jig (Remastered LP Version)"], "artists": ["Judee Sill"], "centerDistance": 0.209878, "angle": 1.2566370614359172}, {"songs": ["Ecco Espossa"], "artists": ["Nancy Sinatra"], "centerDistance": 0.26092099999999996, "angle": 2.5132741228718345}, {"songs": ["Betty And Dupree (Live Version)"], "artists": ["Judy Henske"], "centerDistance": 0.22702, "angle": 3.7699111843077517}, {"songs": ["Love That Boy"], "artists": ["The Innocence Mission"], "centerDistance": 0.203121, "angle": 5.026548245743669}]