[{"songs": ["Someone Loves You Honey", "Tumbling Tumbleweeds", "Am I Losing You", "Skid Row Joe", "Send Me The Pillow You Dream On", "It's Four In The Morning", "I Love", "Thank You For Calling", "Have I Told You Lately That I Love You", "Tender Years", "Empty Arms", "You Are My Treasure", "King Of The Road", "Burning A Hole In My Mind", "Keep It Between The Lines", "Whispering Pines", "Convoy", "Make The World Go Away", "She Goes Walking Through My Mind", "Soul Song"], "artists": ["Charley Pride", "Slim Whitman", "Jim Reeves", "Porter Wagoner", "Hank Locklin", "Faron Young", "Tom T. Hall", "Billy Walker", "Gene Autry", "George Jones", "Sonny James", "Jack Greene", "Roger Miller", "Connie Smith", "Ricky Van Shelton", "Johnny Horton", "C.W. McCall", "Dominic Kirwan", "Billy Walker", "Joe Stampley"], "centerDistance": 0.19507420000000003, "angle": 0.0}, {"songs": ["Wasted Days And Wasted Nights", "A Loser's Cathedral", "Till I'm Too Old To Die Young", "Before The Next Teardrop Falls"], "artists": ["Freddy Fender", "David Houston", "Moe Bandy", "Freddy Fender"], "centerDistance": 0.2822965, "angle": 1.2566370614359172}, {"songs": ["Abilene", "Once A Day", "Here Comes My Baby"], "artists": ["George Hamilton IV", "Connie Smith", "Dottie West"], "centerDistance": 0.23880733333333337, "angle": 2.5132741228718345}, {"songs": ["Satin Sheets", "Teddy Bear Song", "Don't Be Angry", "Country Bumpkin", "Baby Jane"], "artists": ["Jeanne Pruett", "Barbara Fairchild", "Donna Fargo", "Cal Smith", "Mitch Ryder"], "centerDistance": 0.25188160000000004, "angle": 3.7699111843077517}, {"songs": ["Still", "There Goes My Everything", "Mama Sang A Song", "Chiseled In Stone", "I'll Baby Sit With You", "Skip A Rope"], "artists": ["Bill Anderson", "Jack Greene", "Bill Anderson", "Vern Gosdin", "Ferlin Husky", "Henson Cargill"], "centerDistance": 0.25314, "angle": 5.026548245743669}]