[{"songs": ["Out Of My Mind - Davy D (Radio)", "Cold And Lonely", "Let Me Know (Joey Negro Destination Boogie Mix)", "Don't Call Me Baby", "Say It", "The Boss (Tracy Young Radio Edit)", "Do You Want It", "Sexy Thoughts", "I Will Survive", "With Love (Bimbo Jones Remix)", "Back to Basics (Nocturnal mix)", "Boogie 2Nite", "Sing It Back", "Bittersweet Loving", "Heaven Is A Place On Earth", "Calabria 2007", "Say... If You Feel Alright", "Took My Life", "Nothin' Better To Do [Bimbo Jones Extended Mix]", "Secret Love (Stellar Project Remix)"], "artists": ["Sarah Atereth", "Sonique", "R\u00f3is\u00edn Murphy", "Madison Avenue", "Booty Luv", "Kristine W.", "Lonnie Gordon", "Paula Abdul", "Lonnie Gordon", "Hilary Duff", "Shapeshifters", "Booty Luv", "Moloko", "Deee-Lite", "Becky Baeling", "ENUR feat. Natasja", "Crystal Waters", "Vernessa Mitchell", "LeAnn Rimes", "Kim Sozzi"], "centerDistance": 0.08497735000000002, "angle": 0.0}, {"songs": ["Out Of My Mind - Valentin (Mixshow)"], "artists": ["Sarah Atereth"], "centerDistance": 0.0, "angle": 1.2566370614359172}, {"songs": ["Rise Again", "In My Dreams"], "artists": ["Tina Ann", "Tina Ann"], "centerDistance": 0.10704599999999997, "angle": 2.5132741228718345}, {"songs": ["Surrender Me", "Sorry"], "artists": ["Danielle Bollinger", "Luz Divina"], "centerDistance": 0.15683950000000002, "angle": 3.7699111843077517}, {"songs": ["Turn It Up (DJ Dan's Hot 2 Trot Edit)", "Turn It Up (Peter Rauhofer Turns It Up Edit)", "Down Boy (radio edit)"], "artists": ["Paris Hilton", "Paris Hilton", "Holly Valance"], "centerDistance": 0.15595866666666666, "angle": 5.026548245743669}]