[{"songs": ["Crazy Love", "The Curtain Falls (Live) (2004 Digital Remaster)", "My Blue Heaven", "Something's Gotta Give", "More (Digitally Remastered 99)", "Shangri-La (1999 Digital Remaster)", "Swinging On A Star", "Walk On By", "Heart Don't Fail Me Now", "Rubber Ball", "Turn-Down Day", "Moondance (live album version)", "The Best Is Yet To Come", "Almost There", "Smoke Gets In Your Eyes", "Hello Dolly", "Steppin' Out With My Baby", "My Heart Tells Me (1993 Digital Remaster)", "Bei Mir Bist Du Sch\u00f6n", "Outside The Gates Of Heaven"], "artists": ["Paul Anka", "Bobby Darin", "Doris Day", "Jack Jones", "Wayne Newton", "Wayne Newton", "Bing Crosby", "Helen Shapiro", "Engelbert Humperdinck", "The Avons", "The Cyrkle", "Michael Bubl\u00e9", "Michael Bubl\u00e9", "Andy Williams", "Boots Randolph", "Louis Armstrong", "Danny Williams", "Danny Williams", "The Puppini Sisters", "Lou Christie"], "centerDistance": 0.20201134999999998, "angle": 0.0}, {"songs": ["Long Days"], "artists": ["The Marbles"], "centerDistance": 0.307148, "angle": 1.2566370614359172}, {"songs": ["Where Is She", "I'm Gonna Make You Mine", "Gypsy Woman"], "artists": ["Bobby Vee", "Lou Christie", "Brian Hyland"], "centerDistance": 0.2963123333333333, "angle": 2.5132741228718345}, {"songs": ["Your Song", "Young Girl", "Lady Willpower"], "artists": ["Bobby Goldsboro", "Gary Puckett & The Union Gap", "Gary Puckett & The Union Gap"], "centerDistance": 0.26941366666666666, "angle": 3.7699111843077517}, {"songs": ["Raindrops Keep Falling on my Head", "Five O'Clock World"], "artists": ["B.J. Thomas", "The Vogues"], "centerDistance": 0.279203, "angle": 5.026548245743669}]