[{"songs": ["Why Can't You Bring Me Home", "I Miss You", "New York, New York", "Anyone Else (1995 Digital Remaster)", "It's Dark On Observatory Hill", "Gentle On My Mind (Album Version)", "Never On Sunday", "Arizona", "All Alone Am I", "I Wish I'd Never Loved You", "Mother In Law", "The millenium prayer", "Come To Me", "The New Year", "Mama Cass Dialog From \"A Gathering Of Flowers - The Anthology Of The Mamas And The Papas\"", "Walk - Don't Run", "Josephine", "I Get A Kick Out Of You", "Wild Women", "The Hair On My Chinny Chin Chin"], "artists": ["Jay & The Americans", "The Teen Queens", "Steve Lawrence", "Gene McDaniels", "Ray Conniff", "Trini Lopez", "The Chordettes", "Paul Revere & The Raiders", "Timi Yuro", "Dusty Springfield", "Ernie K-Doe", "Cliff Richard", "Bobby McFerrin", "Parachute", "Mama Cass", "The Ventures", "Bill Black's Combo", "Matt Belsante", "The Big Three", "Sam The Sham & The Pharaohs"], "centerDistance": 0.39354505000000006, "angle": 0.0}, {"songs": ["Beauty And The Beast"], "artists": ["Danny Williams"], "centerDistance": 0.45956699999999995, "angle": 1.2566370614359172}, {"songs": ["Lonely Is As Lonely Does", "Wonderful Rain"], "artists": ["The Fleetwoods", "Les Paul & Mary Ford"], "centerDistance": 0.35568099999999997, "angle": 2.5132741228718345}, {"songs": ["Red Top", "Outside My Window"], "artists": ["The Teen Queens", "The Fleetwoods"], "centerDistance": 0.36095700000000003, "angle": 3.7699111843077517}, {"songs": ["Today", "I'll Save the Last Dance for You", "Machine (Live)", "Lost In The Stars", "The Sad Song [Roland Appel Remix]"], "artists": ["The Serendipity Singers", "Damita Jo", "Josh Groban", "Scott Walker", "Fredo Viola"], "centerDistance": 0.39281160000000004, "angle": 5.026548245743669}]