[{"songs": ["Colin Zeal", "US Roach", "Cold World", "A Stain to Never Fade", "My Circuitboard City", "People We Want", "Existing", "Loss", "Boomerang", "A19", "If You Ever Walk Out Of My Life", "Seymour Stein", "Vaseline", "How I Was Made", "Beneficial Herbs (Demo)", "Just A State Of Mind"], "artists": ["Blur", "Gay Dad", "The Electric Soft Parade", "Easyworld", "The Wombats", "Kenickie", "The Electric Soft Parade", "Mull Historical Society", "Vega 4", "Max\u00efmo Park", "Comet Gain", "Belle and Sebastian", "Elastica", "Kenickie", "Kasabian", "Graham Coxon"], "centerDistance": 0.16424399999999997, "angle": 0.0}, {"songs": ["Pull You Back", "Just Like A Genius", "Great Things", "Battleground", "TV Movie", "A Journey From A To B (Radio Edit)", "Big Julie", "Don't Let Him Waste Your Time", "Waiting for Today to Happen (97 version)", "New Baby Boom", "Destiny Calling", "Primary Education", "Control", "Black And White", "Hunch", "To Be There", "Start Again", "Stay", "What Do I Do Now", "Lenny Valentino"], "artists": ["The Villas", "The Villas", "Echobelly", "Seachange", "Pulp", "Badly Drawn Boy", "Jarvis Cocker", "Jarvis Cocker", "The Lightning Seeds", "Black Box Recorder", "James", "Teenage Fanclub", "Thirteen Senses", "The Upper Room", "Sleeper", "The Upper Room", "Teenage Fanclub", "Bernard Butler", "Sleeper", "The Auteurs"], "centerDistance": 0.06935195, "angle": 1.2566370614359172}, {"songs": ["Harry Don't Fetch The Water", "Keep In Touch"], "artists": ["theaudience", "theaudience"], "centerDistance": 0.09670800000000002, "angle": 2.5132741228718345}, {"songs": ["Spirit", "This Is A Song", "Premonition Of Love", "Hollow Heart", "Half Light (Live At KOKO)", "Vehicles & Aninmals (Live At KOKO)", "Jetstream (Acoustic Version)", "This Is The End", "Get Yourself Together"], "artists": ["Thirteen Senses", "The Magic Numbers", "The Divine Comedy", "Timo R\u00e4is\u00e4nen", "Athlete", "Athlete", "Doves", "The Charlatans", "Esthetic Education"], "centerDistance": 0.166853, "angle": 3.7699111843077517}, {"songs": ["Indian Song", "Ocean Pie"], "artists": ["Elastica", "Shed Seven"], "centerDistance": 0.209565, "angle": 5.026548245743669}]