[{"songs": ["I'm Actual", "Airport Taxi Reception", "Touch Down", "Stay Awake", "Diet Of The Heart", "Mind, Matter And Waste", "Sparrow", "Sleeping Lion", "Space & Time", "There's Always a Reason", "The Last Song", "Heatstroke", "Lost in a Dream", "Crestfallen", "I Won't Go To Miami", "Mi Refugio", "Leave It With Me, I'm Always Gentle", "My British Tour Diary (Caro remix)", "Ours Is A Small Flat", "How Does It Feel?"], "artists": ["The Format", "Sondre Lerche", "Delays", "Low vs. Diamond", "Phoenix", "The Hidden Cameras", "Ken Stringfellow", "Sparkadia", "Sparkadia", "Un Rodo Cora", "Tullycraft", "Magic Bullets", "Papas Fritas", "Pernice Brothers", "The Figgs", "Surfin' Bichos", "Anton Barbeau", "of Montreal", "Beangrowers", "The Wannadies"], "centerDistance": 0.10333479999999999, "angle": 0.0}, {"songs": ["Sorry", "The Destruction Of Laurel Canyon"], "artists": ["Youth Group", "Youth Group"], "centerDistance": 0.1650215, "angle": 1.2566370614359172}, {"songs": ["Introduction", "Ghost"], "artists": ["Voxtrot", "Voxtrot"], "centerDistance": 0.11616299999999996, "angle": 2.5132741228718345}, {"songs": ["If I Could Cry (It Would Feel Like This)", "Shirin"], "artists": ["Jens Lekman", "Jens Lekman"], "centerDistance": 0.11775449999999998, "angle": 3.7699111843077517}, {"songs": ["Just to See You", "Inches And Falling (I Love, Love) (Live)"], "artists": ["Papas Fritas", "The Format"], "centerDistance": 0.158244, "angle": 5.026548245743669}]