[{"songs": ["Requiem for a Dream", "Answer The Question (Airplay Version)", "Astra", "Still In My Mind", "Punjabi Child", "Concentrics", "Holding On (Ferry's Flashover Mix)", "Element Of Life", "Black Mamba", "It's Not The Things You Say", "Down From The Deep", "Brain Box", "Not Over Yet '99 (Matt Darey Remix) (Edit)", "Another World Part II", "The Message (Tales from the Vault)", "Sativa", "Offshore 2007", "Autumn Sun", "Diamondback", "Flowtation"], "artists": ["Shane 54", "Svenson & Gielen", "Kalafut & Fygle", "Rank 1", "Airwave", "Lost Tribe", "Ferry Corsten", "Cosmic Gate", "Orjan Nilsen", "Ti\u00ebsto", "Rank 1", "Ferry Corsten", "Planet Perfecto", "DJ Shog", "Markus Schulz", "Hydroid", "Chicane", "DJ Tatana", "Mekka", "Vincent de Moor"], "centerDistance": 0.015040599999999998, "angle": 0.0}, {"songs": ["Valahol"], "artists": ["Shane 54"], "centerDistance": 0.0, "angle": 1.2566370614359172}, {"songs": ["Ghost", "Give It to Me"], "artists": ["Deepsky", "Jaimy & Kenny D."], "centerDistance": 0.01899050000000002, "angle": 2.5132741228718345}, {"songs": ["Klangwelt", "Fall Asleep"], "artists": ["ATB", "ATB"], "centerDistance": 0.03782000000000002, "angle": 3.7699111843077517}, {"songs": ["Bar None", "Find", "Sepia"], "artists": ["Max Graham", "Ridgewalkers", "Max Graham"], "centerDistance": 0.03504999999999999, "angle": 5.026548245743669}]