[{"songs": ["Entre Flores Raras", "Dispositivo", "Gaviotas Perdidas en el Centro del Mar", "El Regreso del Evangelista", "\u00bfPor qu\u00e9 siempre quieres m\u00e1s?", "D\u00f3nde est\u00e1s II", "Los perezosos", "Maldita Ciudad", "Turnedo", "A Liar to Love", "Rancherita", "A veces sue\u00f1o", "Nuestro final feliz", "16 de septiembre", "En qu\u00e9 cabeza cabe", "Primavera, Verano, Oto\u00f1o, Invierno", "Juan", "La Cafetera", "Lou Reed in My City", "A Miracle"], "artists": ["Maga", "La Costa Brava", "El Columpio Asesino", "El Columpio Asesino", "Ni\u00f1os Mutantes", "El Hombre Burbuja", "Hidrogenesse", "Juniper Moon", "Iv\u00e1n Ferreiro", "Christina Rosenvinge", "Nosotr\u00e4sh", "Los Peces", "Los Peces", "Juniper Moon", "Pauline en la playa", "Pauline en la playa", "Le Mans", "The New Raemon", "Love of Lesbian", "The Sunday Drivers"], "centerDistance": 0.04664755, "angle": 0.0}, {"songs": ["Agosto, por ejemplo", "Subir al tren"], "artists": ["Tarik y la F\u00e1brica de Colores", "Tarik y la F\u00e1brica de Colores"], "centerDistance": 0.04867149999999998, "angle": 1.2566370614359172}, {"songs": ["Esa Luz Que Ella Vi\u00f3", "Ya No", "La distancia adecuada", "De Momento Abril"], "artists": ["Travolta", "La Bien Querida", "Christina Rosenvinge", "La Bien Querida"], "centerDistance": 0.05046075, "angle": 2.5132741228718345}, {"songs": ["El cuentacuentos", "Tel\u00e9fonoh"], "artists": ["Jonston", "Jonston"], "centerDistance": 0.30312700000000004, "angle": 3.7699111843077517}, {"songs": ["La magnitud de la tragedia", "Sitios Distintos"], "artists": ["Nacho Vegas", "Nacho Vegas"], "centerDistance": 0.1651145, "angle": 5.026548245743669}]