[{"songs": ["Steal Away", "Blue Eyes Crying In The Rain", "Peace in the Valley", "Give Me More, More, More (Of Your Kisses)", "She's Gone, Gone, Gone", "Livin' In a House Full of Love", "There Stands The Glass", "Almost Persuaded", "Cool Water", "So Wrong, So Fast", "Over and Over", "I Love No One But You", "Tippin\u2019 In", "She's A Girl Without Any Sweetheart", "It Tickles", "Yesterday Once More", "Charlie's Shoes", "It Won't Hurt (Previously Unreleased) (2006 Remastered)", "Sioux City Sue", "Smoke Along The Track"], "artists": ["Red Foley", "Slim Whitman", "Red Foley", "Lefty Frizzell", "Lefty Frizzell", "David Houston", "Webb Pierce", "David Houston", "Slim Whitman", "Jean Shepard", "Jean Shepard", "The Stanley Brothers", "Hank Thompson", "Hank Thompson", "Tommy Collins", "Moe Bandy", "Billy Walker", "Dwight Yoakam", "Moe Bandy", "Stonewall Jackson"], "centerDistance": 0.09225174299999998, "angle": 0.0}, {"songs": ["Honky Tonk Girl", "(I've Got A) Humpty Dumpty Heart"], "artists": ["Hank Thompson and His Brazos Valley Boys", "Hank Thompson and His Brazos Valley Boys"], "centerDistance": 0.00254851, "angle": 1.2566370614359172}, {"songs": ["The Real Thing", "It's Dangerous With You On My Mind"], "artists": ["Jerry Kilgore", "Jerry Kilgore"], "centerDistance": 0.0021593, "angle": 2.5132741228718345}, {"songs": ["The Right Side Of Lonesome", "Dancin' On Glass"], "artists": ["Doug Stone", "Doug Stone"], "centerDistance": 0.002837, "angle": 3.7699111843077517}, {"songs": ["Candy Kisses", "Sixteen Fathoms"], "artists": ["Cowboy Copas", "Cowboy Copas"], "centerDistance": 0.00462925, "angle": 5.026548245743669}]