[{"songs": ["Silvergirl", "Honest Screw"], "artists": ["Patrick Park", "Patrick Park"], "centerDistance": 0.000620464, "angle": 0.0}, {"songs": ["Enchanted Sky Machines", "All I Ever Wanted", "Riverhouse In Tinicum", "One In A Hundred", "The End", "Shake Sugaree", "That's The Bag I'm In", "Take Me Back To Baltimore", "The Rain Asked for a Holiday", "Ba-De-Da", "Linden Ave Stomp", "Bonnie Lass Among the Heather", "Softly", "Oracle", "Going Out", "Spanish Moss", "Young Tambling", "Plan D", "Tell It Like It Is", "Pretty Polly"], "artists": ["Judee Sill", "Meg Baird", "Meg Baird", "Gene Clark", "Sibylle Baier", "Elizabeth Cotten", "Fred Neil", "Elizabeth Cotten", "Simon Joyner", "Fred Neil", "Jack Rose", "Alasdair Roberts", "Sibylle Baier", "Jana Hunter", "Larkin Grimm", "Jackson C. Frank", "Anne Briggs", "Bill Fay", "Bill Fay", "Dock Boggs"], "centerDistance": 0.01926536000000001, "angle": 1.2566370614359172}, {"songs": ["Blue Part of the Windshield", "Dark and Shiny Gun"], "artists": ["Tom Brosseau", "Tom Brosseau"], "centerDistance": 0.000951436, "angle": 2.5132741228718345}, {"songs": ["By The Shape Of Your Pearls", "Stones Throw From Heaven"], "artists": ["Josephine Foster", "Josephine Foster"], "centerDistance": 0.02517775, "angle": 3.7699111843077517}, {"songs": ["Where The Comet Falls", "Mary Mack"], "artists": ["Al Duvall", "Al Duvall"], "centerDistance": 0.000648405, "angle": 5.026548245743669}]