[{"songs": ["Synphonica", "The Sun Always Shines on TV", "Changed", "Discoland", "The Launch", "Infected (Radio Edit)", "How I Wish", "You've Got A Way", "Time", "I See Stars", "FA Premier League Anthem 2004 - 2007 (Judge Jules 2006 Mix)"], "artists": ["DJ Quicksilver", "Mario Lopez", "Sylver", "Adrima", "DJ Jean", "Barthezz", "Ole Van Dansk", "DJ Encore", "Pinball", "Robin Fox", "Judge Jules"], "centerDistance": 0.17639905636363637, "angle": 0.0}, {"songs": ["Children", "Pulsar", "Feel the Beat", "Cosmomatic", "Airwave (Sunset Mix)", "Secret Love", "Reflect", "Back to Earth", "Circle of Trust", "Overnight", "Be Cool", "Love U More", "Falling Star", "Hollywood (Radio Edit)", "Gouryella", "Secrets of the Space", "Intro", "Come Into My Dream", "Elements", "Someday"], "artists": ["Robert Miles", "Mauro Picotto", "Darude", "Rank 1", "Rank 1", "Ian Van Dahl", "Three 'N One", "Yves Deruyter", "Accuface", "Dream Dance Alliance", "Paffendorf", "Public Domain", "Svenson & Gielen", "BBE", "Gouryella", "DJ Aligator Project", "DJ Aligator Project", "Pinball", "Neo Cortex", "DJs @ Work"], "centerDistance": 0.15324595, "angle": 1.2566370614359172}, {"songs": ["I Dominate U", "On the Move", "Remember (Sasha's remix)", "No Regular"], "artists": ["Pulsedriver", "Barthezz", "BT", "Ricky Fobis"], "centerDistance": 0.085717985, "angle": 2.5132741228718345}, {"songs": ["Dreams", "Nights On Java", "Get High", "Everything Is Wrong", "Cjax"], "artists": ["Darude", "Ian Van Dahl", "ATB", "ATB", "Salt Tank"], "centerDistance": 0.07462365200000001, "angle": 3.7699111843077517}, {"songs": ["Got To Get Away", "No More Lies"], "artists": ["Alice DeeJay", "Alice DeeJay"], "centerDistance": 0.148582, "angle": 5.026548245743669}]