[{"songs": ["If I Did Not Love You", "Prozac Princess", "A Girl Named Actually", "Not About To", "Bombay Brown India Ink", "This Hip Hop", "Rockstars on H", "In God We Trust", "I Hate Everything (But You)", "Hogging All the Islands", "Candy Necklace Kind Of Love (Ultraphonic Hiss Album Version)", "Sound Of Your Name", "He's Alive", "Perfectly Done", "I'll Always Love You", "Sunlight & Shadows", "Now", "Deliriously Cold (She And I Album Version)", "Completely Free (LP Version)", "It Seems So Far Away"], "artists": ["Havalina Rail Co.", "Roadside Monument", "Roadside Monument", "Aaron Sprinkle", "Summer Hymns", "Summer Hymns", "Michael Knott", "Derek Webb", "Derek Webb", "Soul-Junk", "Morella's Forest", "Above The Golden State", "Don Francisco", "Shawn McDonald", "Phil Wickham", "Poor Old Lu", "Poor Old Lu", "Furthermore", "Big Daddy Weave", "Ninety Pound Wuss"], "centerDistance": 0.036521907000000006, "angle": 0.0}, {"songs": ["Mr. Flood", "Econo"], "artists": ["Joe Christmas", "Joe Christmas"], "centerDistance": 0.9526535, "angle": 1.2566370614359172}, {"songs": ["Painting (LP Version)", "Energy (Album Version)"], "artists": ["Blindside", "Skillet"], "centerDistance": 0.00236627, "angle": 2.5132741228718345}, {"songs": ["Polish", "Superglue"], "artists": ["Driver Eight", "Driver Eight"], "centerDistance": 0.003352935, "angle": 3.7699111843077517}, {"songs": ["Hula Hoop", "Hills Of Indigo Blue", "Holiday", "Paper Hanger", "Eighty Two (She And I Album Version)", "I'll Be Home For Christmas", "Keep Waiting", "All That You Are", "Disquiet", "Empty Me Out", "Your Faithfulness (Listen Louder Album Version)", "Another Lonely Day", "Asya", "Beautiful", "There You Are", "Madinto", "In Such A State (A Burn Or A Shiver Album Version)", "Move", "Children in the Street", "You Are (Night To Life Album Version)"], "artists": ["Morella's Forest", "Future Of Forestry", "Future Of Forestry", "mewithoutYou", "Furthermore", "Erin O'Donnell", "Stavesacre", "Telecast", "Stavesacre", "Telecast", "Chasing Furies", "The Billions", "The Billions", "Jaymes Reunion", "Jaymes Reunion", "Fold Zandura", "Edison Glass", "Fold Zandura", "Edison Glass", "Lost Ocean"], "centerDistance": 0.0024582335000000004, "angle": 5.026548245743669}]