[{"songs": ["It's No Good Trying (Take 5)", "A Better Life (The Weather Man Knows)", "Sea Of Dreams"], "artists": ["Syd Barrett", "The Idle Race", "The Idle Race"], "centerDistance": 0.0005897833333333332, "angle": 0.0}, {"songs": ["Life Will Pass You By", "Flight From Ashiya", "Morning Morning", "The Journey", "I Have Known Love", "Oscillations", "Street Urchin", "Hey Grandma", "With Tomorrow", "Garden Of Eden", "You're Gonna Need My Help", "Throwaway Street Puzzle", "As The World Rises And Falls", "Once I Had A Sweetheart", "Little Hands", "Hummum", "Phantom Of Galactic Magnum", "Dry Bones", "Little Sadie", "Nashville Blues"], "artists": ["Kaleidoscope", "Kaleidoscope", "The Fugs", "The Pretty Things", "Silver Apples", "Silver Apples", "Pink Fairies", "Moby Grape", "Gene Clark", "New Riders of The Purple Sage", "Fairport Convention", "Fairport Convention", "The West Coast Pop Art Experimental Band", "The Pentangle", "Alexander \"Skip\" Spence", "Blues Control", "Acid Mothers Temple & the Melting Paraiso U.F.O.", "Bascom Lamar Lunsford", "Clarence Ashley", "Doc Watson"], "centerDistance": 0.019545675, "angle": 1.2566370614359172}, {"songs": ["When Love Comes", "No One Can Hear You Cry"], "artists": ["Susan Christie", "Susan Christie"], "centerDistance": 0.00051294, "angle": 2.5132741228718345}, {"songs": ["Hop High Ladies", "Cripple Creek", "Gangster Purple - Inst", "Aloha (Atardecer En El Pac\u00edfico)", "Flight of the Byrd", "Revolution (1999 Digital Remaster)", "Sing This All Together (See What Happens)", "H-O-P-P-Why?", "Heart Without A Home", "Heinz Baked Beans", "Free Advice (Alternate Version #1)", "Day Of The Fool", "Feel That Soul"], "artists": ["The Holy Modal Rounders", "Alexander \"Skip\" Spence", "Quicksilver Messenger Service", "The Zombies", "The Amboy Dukes", "Tomorrow", "The Rolling Stones", "Hapshash & The Coloured Coat", "Blonde on Blonde", "The Who", "The Great Society", "Aphrodite's Child", "Jimi Hendrix"], "centerDistance": 0.07086947715384616, "angle": 3.7699111843077517}, {"songs": ["Moving Day", "Donnybrook Fair", "The Changing Wind", "Strangely Strange But Oddly Normal", "Widow's Weed", "Travel Mountains", "Sand & Flames", "The Smoking Furnance", "Sun Way Off", "Karma", "Tents Along the Water", "Eco", "This Hand", "Crooked Spine", "Minotaur (Burn a Candle For Love)", "Herding Slip", "Spicy Water", "Now's Morning's Calling", "Take Me Home Vienna"], "artists": ["The Holy Modal Rounders", "Dr. Strangely Strange", "Mammatus", "Dr. Strangely Strange", "Espers", "Espers", "Voice of the Seven Woods", "Voice of the Seven Woods", "Greg Weeks", "Fursaxa", "The Skygreen Leopards", "M\u00fasica Dispersa", "Six Organs of Admittance", "Spires That in the Sunset Rise", "The Skygreen Leopards", "Hala Strana", "Kurt Weisman", "Samara Lubelski", "Bobb Trimble"], "centerDistance": 0.055162507421052644, "angle": 5.026548245743669}]