[{"songs": ["Reading the Street Signs", "Underneath the Golden Grain", "All Chorus", "Push Push", "Can't Run Away", "I'm Sorry I Told You All My Problems", "Nothing Happens For A Reason", "If You Want Blood", "Indian Gown", "Souvenir", "Managing The Details Of An Undertaking", "Properly Balanced", "Reassemble", "Untitled", "Dear Everybody", "Harrison Ford", "Now That You're Home", "Pony's Last Trick", "Margaritas and Cock", "Me And Ed Loyce"], "artists": ["Limbeck", "Reubens Accomplice", "Reubens Accomplice", "Recover", "Ace Enders and a Million Different People", "Days Away", "Pompeii", "Matt Pond PA", "Whiskeytown", "Counterfit", "Counterfit", "The Honorary Title", "The Honorary Title", "Weatherbox", "JamisonParker", "Braid", "Manchester Orchestra", "The City on Film", "Gatsby's American Dream", "Gatsby's American Dream"], "centerDistance": 0.07592203, "angle": 0.0}, {"songs": ["Spaces", "So Slowly"], "artists": ["Early Day Miners", "Early Day Miners"], "centerDistance": 0.0009035895, "angle": 1.2566370614359172}, {"songs": ["Thelma Lou", "Leader and the Falcon", "Gregory's Chant", "A Long Time", "Downtown Jenny", "What Your Baby's Been Doing", "The News Underneath", "In Your Volcano", "Final Path"], "artists": ["Death Ships", "Head of Femur", "The Little Ones", "Backyard Tire Fire", "The Donkeys", "Small Sins", "Dead Confederate", "Oxford Collapse", "Yeasayer"], "centerDistance": 0.0008572705555555555, "angle": 2.5132741228718345}, {"songs": ["Bless This Mess", "Curse Your Branches"], "artists": ["David Bazan", "David Bazan"], "centerDistance": 0.0006744835, "angle": 3.7699111843077517}, {"songs": ["Activa", "It's Obvious What's Happening Here", "Movie Monster", "Never Saw It as Union", "You Can Hurry Up"], "artists": ["Deerhunter", "Sound Team", "Sound Team", "The High Strung", "The High Strung"], "centerDistance": 0.0006031158, "angle": 5.026548245743669}]