[{"songs": ["Sweet Talkin' Guy", "Chapel of Love", "Paradise", "Soldier Boy", "Runaround Sue", "Rubber Ball", "Surf City", "Like To Get To Know You", "Bobby Did", "Blue Hawaii", "Johnny Get Angry", "Don't You Care", "It's Getting Better", "A Lover's Concerto", "I Only Want To Be With You", "The Single Girl", "Don't Pity Me", "Tell Him", "I'll Never Fall In Love Again", "Remember (Walkin' In The Sand)"], "artists": ["The Chiffons", "The Dixie Cups", "The Shangri-Las", "The Shirelles", "Del Shannon", "Bobby Vee", "Jan & Dean", "Spanky & Our Gang", "Marcie Blane", "Connie Francis", "Joanie Sommers", "The Buckinghams", "Mama Cass", "The Toys", "Dusty Springfield", "Sandy Posey", "Dion & The Belmonts", "The Exciters", "Bobbie Gentry", "The Shangri-Las"], "centerDistance": 0.0815107615, "angle": 0.0}, {"songs": ["Ronnie, Call Me When You Get a Chance", "I Left a Note to Say Goodbye"], "artists": ["Shelley Fabares", "Shelley Fabares"], "centerDistance": 0.504123965, "angle": 1.2566370614359172}, {"songs": ["Keep Your Hands Off Of Him"], "artists": ["Damita Jo"], "centerDistance": 0.00480919, "angle": 2.5132741228718345}, {"songs": ["Turn Your Radio On", "Homebreaker", "Thank You For Calling", "I'll Be There"], "artists": ["Skeeter Davis", "Skeeter Davis", "Timi Yuro", "Damita Jo"], "centerDistance": 0.0053047175, "angle": 3.7699111843077517}, {"songs": ["Make The Feeling Go Away", "He's The One"], "artists": ["Billie Davis", "Billie Davis"], "centerDistance": 0.00449802, "angle": 5.026548245743669}]