[{"songs": ["Boycotting and People Who Like Animals More than People, March of the Penguins (Shiny Happy Jihad)", "Airports", "Wonderful Weekend", "Shut The Hell Up, Bad Parking, And Cops On Bikes (Walter)", "Idiot Boyfriend", "I Keed (Album Version)", "Fire It Up", "Kids (Album Version)", "Hypocrisy (Album Version)", "Dance Wit' Me", "Rocket 2 U", "Digital Display", "Freaks Come Out At Night", "Two Nuns", "Ilaldo (LP Version)", "Bob Barker (Album Version)", "30 Seconds Of Magic (Album Version)", "Dance For Me", "Semen & Showmen"], "artists": ["Joe Rogan", "Mike Birbiglia", "Steve Harvey", "Jeff Dunham", "Jimmy Fallon", "Triumph the Insult Comic Dog", "Rick James", "D.l. Hughley", "D.l. Hughley", "Rick James", "The Jets", "Ready For The World", "Whodini", "Kip Addotta", "Martin Lawrence", "Triumph The Insult Comic Dog (Featuring Jack Black)", "Triumph The Insult Comic Dog (Featuring Adam Sandler)", "Robert Palmer", "Jackie Martling"], "centerDistance": 0.048975830000000005, "angle": 0.0}, {"songs": ["In The Studio (Album Version)", "Brian Nichols / Lil Jon / MTV Cribs / Bitches (Good Day To Cross A River)", "I Don't Need To Know That", "The Chanukah Song Part II (Live)", "Fireworks (LP Version)", "Kids Now", "My Wife's Family", "Hooked On Phonix", "Ballet", "War Pictures", "Starship Enterprise", "The Jokes With Guitar (These Are Jokes)", "Noah on Speed", "Killer Carlin", "Animals", "Jerk off First, Safe Zone (Shiny Happy Jihad)", "Religious Rock", "Holidays", "Animals And Dogs", "Four Years Old (Album Version)"], "artists": ["Triumph the Insult Comic Dog", "Greg Giraldo", "Jeff Foxworthy", "Adam Sandler", "Dave Attell", "George Lopez", "Jeff Foxworthy", "Brian Regan", "Robin Williams", "George Carlin", "Eddie Izzard", "Demetri Martin", "Eddie Izzard", "George Carlin", "Brian Regan", "Joe Rogan", "Mike Birbiglia", "Jasper Carrott", "Jasper Carrott", "Adam Sandler"], "centerDistance": 0.1512787, "angle": 1.2566370614359172}, {"songs": ["Grandma In Texas", "Bachelorette Party"], "artists": ["Ron White", "Ron White"], "centerDistance": 0.160325, "angle": 2.5132741228718345}, {"songs": ["Keeping It Clean", "Irish Skin"], "artists": ["Ed Byrne", "Ed Byrne"], "centerDistance": 0.00302313, "angle": 3.7699111843077517}, {"songs": ["Be Claus I Got High (album version)", "White Trash Christmas (album version)"], "artists": ["Bob Rivers", "Bob Rivers"], "centerDistance": 0.003023105, "angle": 5.026548245743669}]