[{"songs": ["Pretty Baby", "Must Have been The Devil", "Mellow Down Easy", "I Want The Whole World To Know", "Fox Squirrel", "Got to Be Some Changes Made", "Midnight Prowler", "The Flame (LP Version)", "I Want To Be With You (Live @ The Troubadour, LosAngeles)", "Rock This House", "Walking By Myself", "Linda Lou", "Sunnyland Train", "Standing At The Crossroads", "Blind Man", "Boogie Man", "Big Town Playboy", "Have You Ever Loved A Woman", "I Cry So Much", "Cherry Red"], "artists": ["Jimmy Johnson", "Otis Spann", "Little Walter", "J.B. Lenoir", "J.B. Lenoir", "Albert King", "Frank Frost", "The Paul Butterfield Blues Band", "The Paul Butterfield Blues Band", "Jimmy Rogers", "Jimmy Rogers", "Mike Bloomfield", "Elmore James", "Elmore James", "Little Milton", "Freddie King", "Eddie Taylor", "Freddie King", "Carey Bell", "Mike Bloomfield"], "centerDistance": 0.7556797000000001, "angle": 0.0}, {"songs": ["Kid Man Blues", "Rock"], "artists": ["Johnny Young's South Side Blues Band", "The Otis Rush Blues Band"], "centerDistance": 0.5925935, "angle": 1.2566370614359172}, {"songs": ["Track to Run", "Frank Frost Blues", "It Was A Dream", "Do You Love Me?", "The Woman I'm Lovin'", "Tighten Up On It", "That's My Baby"], "artists": ["Jimmy Johnson", "Jelly Roll Kings", "John Brim", "Willie Kent", "Homesick James", "Johnny Young's South Side Blues Band", "Eddy Clearwater"], "centerDistance": 0.7201957142857143, "angle": 2.5132741228718345}, {"songs": ["Here No More", "West Side Woman", "Ghetto Woman"], "artists": ["Studebaker John & The Hawks", "Lurrie Bell", "Lurrie Bell"], "centerDistance": 0.6215006666666666, "angle": 3.7699111843077517}, {"songs": ["Why Do Things Have To Change", "Ain't Nobody's Business", "Goin' Away, Won't Be Back Till Fall", "Hoodoo Woman Blues"], "artists": ["Lonnie Brooks", "Otis Spann", "Big Joe Williams", "Smokehouse"], "centerDistance": 0.7650675, "angle": 5.026548245743669}]