[{"songs": ["Faithful To The Night", "Get Out Of Town", "Nodig", "Break My Heart"], "artists": ["Admiral Freebee", "Admiral Freebee", "Wim Soutaer", "Jan Leyers"], "centerDistance": 0.0607967425, "angle": 0.0}, {"songs": ["Je Veux De L'Amour (1990 Digital Remaster)", "Golden Retriever", "Le Piano des pauvres", "Zestien"], "artists": ["Raymond van het Groenewoud", "Jan De Wilde", "Johan Verminnen", "Johan Verminnen"], "centerDistance": 0.25236832499999995, "angle": 1.2566370614359172}, {"songs": ["Heimweeman", "Robot", "Can't close his eyes", "Killed in the End", "Interludium", "The mornings are even worse", "Drunk dogs on the horizon", "CHIXINLEATHER"], "artists": ["De Mens", "Sioen", "Sioen", "Zornik", "'t Hof van Commerce", "Mitsoobishy Jacson", "Mitsoobishy Jacson", "Stijn"], "centerDistance": 0.022413347499999996, "angle": 2.5132741228718345}, {"songs": ["engelke", "Beste B.V."], "artists": ["Mira", "Mira"], "centerDistance": 0.0018798999999999999, "angle": 3.7699111843077517}, {"songs": ["A Single Thing", "Centrifugitives", "Vergeet Het Maar", "We zullen doorgaan", "Jintro & the Great Luna", "Crash & Burn", "Een Doodgewone Jongen", "On the Road III", "Hombre Muerto", "Himno a la libertad", "Smalfilm", "Learn To Love (All Over Again)", "Elle Adore Le Noir (Pour Sortir Le Soir)", "Tot Bloedens Toe", "Zeg Me Dat Het Niet Zo Is", "Goodbye"], "artists": ["Dead Man Ray", "Dead Man Ray", "De Kreuners", "Ramses Shaffy", "Zita Swoon", "Jan Leyers", "Bram Vermeulen", "Acda en De Munnik", "Arsenal", "Arsenal", "Spinvis", "Rene Froger", "TC Matic", "Frank Boeijen", "Frank Boeijen Groep", "Tom Helsen"], "centerDistance": 0.010303146249999997, "angle": 5.026548245743669}]