[{"songs": ["Jodie", "Le Pouvoir Des Fleurs", "Musulmanes", "Prendre Racine", "Pour Une Biguine Avec Toi", "Rod\u00e9o", "A petit feu", "L'Arriv\u00e9e Du Tour", "Gentil dauphin triste", "Les Ecorch\u00e9s", "Fan", "Merci", "Le Lundi Au Soleil", "Jeune, Je Ne Savais Rien", "Le Mal De Toi", "Des pays", "Dernier Voyage", "Quelque chose et moi", "Une Femme Cach\u00e9e", "J'oublie toujours quelque chose"], "artists": ["Les Innocents", "Laurent Voulzy", "Michel Sardou", "Calogero", "Marc Lavoine", "Zazie", "Aldebert", "Alain Bashung", "G\u00e9rard Lenorman", "Noir D\u00e9sir", "Pascal Obispo", "Patrick Fiori", "Claude Fran\u00e7ois", "Thomas Dutronc", "Fran\u00e7ois Feldman", "Mano Solo", "Maurane", "G\u00e9rard Lenorman", "Nolwenn Leroy", "Natasha St-Pier"], "centerDistance": 0.06438427499999999, "angle": 0.0}, {"songs": ["Il Changeait La Vie", "Chanter", "Les Murs De Poussi\u00e8re", "Mon Fils Ma Bataille", "Jamais Content", "Bidon", "Education Sentimentale"], "artists": ["Jean-Jacques Goldman", "Florent Pagny", "Francis Cabrel", "Daniel Balavoine", "Alain Souchon", "Alain Souchon", "Maxime Le Forestier"], "centerDistance": 0.22935982857142853, "angle": 1.2566370614359172}, {"songs": ["C'est La Vie", "Viens dans mon \u00eele", "Deux Enfants Au Soleil", "Les parfums de sa vie (Je l'ai tant aim\u00e9e)", "Au Temps Des Colonies (Live 2006)", "Au Coin Du Monde (Streets Go Down)", "Pendant Que Les Enfants Jouent", "Il Venait D'Avoir 18 Ans", "Les rablablas les roubliblis"], "artists": ["Marc Lavoine", "Thomas Dutronc", "Jean Ferrat", "Art Mengo", "Rapha\u00ebl", "Keren Ann", "Dominique A", "Lara Fabian", "Les N\u00e9gresses Vertes"], "centerDistance": 0.016143021111111114, "angle": 2.5132741228718345}, {"songs": ["Adolescente", "Le d\u00eener", "Roberta", "Il Y A Une Question", "Ma Vie Est Une Larme", "Dis-moi dimanche", "Poup\u00e9e Psych\u00e9d\u00e9lique", "Ulysse", "Je n'ai Pas la Gale", "L'Agriculteur", "Suzette", "Justement", "On Savait (Devenir Grand)", "Et maintenant", "Le Jerk", "La Cerise"], "artists": ["B\u00e9nabar", "B\u00e9nabar", "Cali", "Cali", "Christophe Ma\u00e9", "Aldebert", "Thierry Hazard", "Ridan", "Thomas Fersen", "Ridan", "Dany Brillant", "Louise Attaque", "La Grande Sophie", "Gilbert B\u00e9caud", "Thierry Hazard", "Matmatah"], "centerDistance": 0.0458657325, "angle": 3.7699111843077517}, {"songs": ["Alors regarde", "Place Des Grands Hommes", "Que Je T'Aime"], "artists": ["Patrick Bruel", "Patrick Bruel", "Johnny Hallyday"], "centerDistance": 0.08388293333333334, "angle": 5.026548245743669}]