[{"songs": ["Coranto For Mrs. Murcott By Francis Pilkington (LP Version)", "A Galliard By Anthonie Holborne (LP Version)"], "artists": ["Jan Akkerman", "Jan Akkerman"], "centerDistance": 0.00133365, "angle": 0.0}, {"songs": ["Outside lookin' in", "Goodbye", "Hopeful", "The Island Of No Return", "The Killing", "Easy Pick Up", "Regen en patchoulli", "The Difference", "Let It Be", "Ting-A-Ling", "Hey Girl", "Superman", "Pilling It Up", "I Like the Chemistry"], "artists": ["Herman Brood", "Coparck", "Coparck", "Scram C Baby", "Alamo Race Track", "Herman Brood & His Wild Romance", "Spinvis", "Anouk", "Kane", "a balladeer", "Gruppo Sportivo", "Gruppo Sportivo", "Hallo Venray", "Moss"], "centerDistance": 0.04346191142857143, "angle": 1.2566370614359172}, {"songs": ["Dee De Lee Dee", "Sick In The Head"], "artists": ["Claw Boys Claw", "Claw Boys Claw"], "centerDistance": 0.8414079999999999, "angle": 2.5132741228718345}, {"songs": ["Everybody Knows", "What They Call Love", "Together Now", "Moving Target", "Borderland", "Her Manic Frame"], "artists": ["Johan", "Bettie Serveert", "Johan", "Fatal Flowers", "Daryll-Ann", "Daryll-Ann"], "centerDistance": 0.09943731666666666, "angle": 3.7699111843077517}, {"songs": ["Stanley vs. Hannah", "Life 'n Perspectives 5", "Heart Without A Home", "Shine", "Ik Wil De Grootste Zijn (1991 Digital Remaster)", "Fun", "Rock and Roll Star", "The Fantastic Journey of the Underground Man", "Wait for Evolution", "Hoe Het Voelt"], "artists": ["Alamo Race Track", "Urban Dance Squad", "Moke", "Rosemary's Sons", "Raymond van het Groenewoud", "Blues Brother Castro", "Fatal Flowers", "De Staat", "De Staat", "IOS"], "centerDistance": 0.021808344999999996, "angle": 5.026548245743669}]