[{"songs": ["Smooth Up In Ya", "God Bless This Mess", "For the Love of Money", "Down Inside", "On Top", "Stop The Lightning", "Live It Up", "Fun In Texas", "Heaven On A Heartbeat", "Follow The Loser", "In America", "So Free Now", "Running On Empty", "Walkin' Shoes", "Too Rich to Be Good", "Raise Your Hands To Rock", "Second Time Around", "Let's Rock-N-Roll (Endless Road)", "Back to the Grind", "Guilty"], "artists": ["BulletBoys", "Tuff", "BulletBoys", "Dangerous Toys", "Dangerous Toys", "Black 'n Blue", "Black 'n Blue", "Britny Fox", "Cats in Boots", "Tuff", "Britny Fox", "Vain", "Vain", "Tora Tora", "Michael Monroe", "King Kobra", "King Kobra", "Charm City Devils", "Sea Hags", "Tora Tora"], "centerDistance": 0.23102330000000001, "angle": 0.0}, {"songs": ["Quick Draw", "In The Alley"], "artists": ["Jetboy", "Jetboy"], "centerDistance": 0.858847, "angle": 1.2566370614359172}, {"songs": ["Take Me Home", "Blooze"], "artists": ["Junkyard", "Junkyard"], "centerDistance": 0.2793425, "angle": 2.5132741228718345}, {"songs": ["Tyfho", "Show Me"], "artists": ["Tigertailz", "Tigertailz"], "centerDistance": 0.2816845, "angle": 3.7699111843077517}, {"songs": ["I Try", "Don't Want It Anymore"], "artists": ["Vixen", "Vixen"], "centerDistance": 0.00476341, "angle": 5.026548245743669}]