[{"songs": ["Appointment With Death", "Shadows of Life", "Target", "Stay With Me Tonight", "The Death Of Love", "Get Into The Spirit", "Heavy Metal Love", "Ktulu (He's So Heavy)", "I Don't Care", "Gimme Gimme Good Lovin'", "Laid to Rest", "Yellow Rain", "Under My Wheels (Live)", "Betrayal", "Anesthesia (I'm Only Sleeping)", "I Believe In You", "Red Hot", "Forever", "Wind Me Up", "Don't Settle For Less"], "artists": ["Lizzy Borden", "Dokken", "Savatage", "Quiet Riot", "Lizzy Borden", "Halford", "Helix", "Beatallica", "Halford", "Helix", "Fight", "Pretty Maids", "Alice Cooper", "Lita Ford", "Beatallica", "Y&T", "M\u00f6tley Cr\u00fce", "Y&T", "Extreme", "Pretty Maids"], "centerDistance": 0.058104904999999984, "angle": 0.0}, {"songs": ["Jazz Oddyssey II", "Jazz Oddyssey III"], "artists": ["Spinal Tap", "Spinal Tap"], "centerDistance": 0.992301, "angle": 1.2566370614359172}, {"songs": ["Rock And Awe", "Hell On Earth"], "artists": ["Young Heart Attack", "Young Heart Attack"], "centerDistance": 0.00161183, "angle": 2.5132741228718345}, {"songs": ["Come On N' Love Me", "Follow The Night"], "artists": ["XYZ", "XYZ"], "centerDistance": 0.00161183, "angle": 3.7699111843077517}, {"songs": ["Breath Easy", "1st Regiment"], "artists": ["Chrome Division", "Chrome Division"], "centerDistance": 0.00147667, "angle": 5.026548245743669}]