[{"songs": ["Our Desert Home", "Pleasure Bent", "Bona-Fide", "Superfrown", "Egor", "Basket Case", "Gettin' High", "El camino de Dios", "El Ciervo", "Call Me Down", "Rock Formations", "Speaking to the Sea", "The Great Unknown", "Willie Nelson", "Stadium", "Synchronized", "Evil (Is Going On)", "Motor-Ready", "Rooster Booster", "Hot Chicks & Hell Queens"], "artists": ["Hermano", "Fatso Jetson", "Hermano", "Fatso Jetson", "Fu Manchu", "Mondo Generator", "Masters of Reality", "Los Natas", "Los Natas", "Five Horse Johnson", "Yawning Man", "Asteroid", "Asteroid", "Clutch", "Monster Magnet", "sHEAVY", "Monster Magnet", "Alabama Thunderpussy", "Brain Police", "Brain Police"], "centerDistance": 0.06911855, "angle": 0.0}, {"songs": ["Cocoa Butter", "Electric Lalli Land"], "artists": ["Brant Bjork", "Brant Bjork"], "centerDistance": 0.9894704999999999, "angle": 1.2566370614359172}, {"songs": ["Pilot the Dune", "The Prizefighter", "Perpetual Oyster", "Auto Pilot", "Regular John", "Bring On The Diesel", "Bad Dream Mama", "Already Died", "Mimesis", "Elusive", "Long Whip/ Big  America", "Legion", "Journey Into Jade", "Turn to Stone", "Under The Sun", "Evil New War God", "Supernova", "The Casket Chasers", "Not Fragile", "Once Upon a Time In the West"], "artists": ["Slo Burn", "Slo Burn", "Yawning Man", "Queens Of The Stone Age", "Queens Of The Stone Age", "Gomer Pyle", "Eagles of Death Metal", "Eagles of Death Metal", "Gomer Pyle", "Spiritual Beggars", "Corrosion of Conformity", "Grand Magus", "Cathedral", "Novadriver", "Bongzilla", "Melvins", "The Awesome Machine", "Cathedral", "Acid King", "Monkey3"], "centerDistance": 0.0270740765, "angle": 2.5132741228718345}, {"songs": ["Out of This World", "Superhuman God"], "artists": ["Astroqueen", "Astroqueen"], "centerDistance": 0.05230755, "angle": 3.7699111843077517}, {"songs": ["Warhead", "The Game", "The Silver Tree", "Thanks", "High Ride", "Planet Remover"], "artists": ["Truckfighters", "Truckfighters", "Scott Reeder", "Scott Reeder", "Firestone", "Firestone"], "centerDistance": 0.04079155, "angle": 5.026548245743669}]