[{"songs": ["Across the World of Wonders", "I am the World"], "artists": ["Mortiis", "Mortiis"], "centerDistance": 0.9944055, "angle": 0.0}, {"songs": ["Eclipse of the Soul", "One More Time", "And You Still Are the Dead", "Untrue", "Ansuzgardaraiwo", "Hymn to Lucifer", "My Pagan Land", "My Falling Darkness", "Parent Song", "Cause Of Death: Suicide", "Vampir song", "Hallways of Always", "The Last Laugh", "Desire", "Graven Image", "Evisceration", "Irree Seose", "Sublimation at Zero Hour", "Chiasm", "God Is Coming"], "artists": ["Arcana", "Clan of Xymox", "In Slaughter Natives", "The Cr\u00fcxshadows", "Burzum", "Coph Nia", "Narsilion", "Narsilion", "Umbra et Imago", "Suicide Commando", "Umbra et Imago", "Ulver", "Antimatter", "Gary Numan", "Shinjuku Thief", "Carfax Abbey", "Artesia", "Immundus", "Chiasm", "Antimatter"], "centerDistance": 0.02389281275, "angle": 1.2566370614359172}, {"songs": ["Rescue", "Wayfaring Stranger", "Almadiva", "Anmorata"], "artists": ["Project Pitchfork", "Ego Likeness", "Morthem Vlade Art", "Switchblade Symphony"], "centerDistance": 0.01118164275, "angle": 2.5132741228718345}, {"songs": ["You Are the Dead", "Metamorphyses IV (SEXJI0600404)", "Metamorphyses I", "Sympathy for the Devil", "Entering the Masturbatory / Luxuria my Rubber Angel"], "artists": ["In Slaughter Natives", "raison d'\u00eatre", "raison d'\u00eatre", "Coph Nia", "Ordo Equilibrio"], "centerDistance": 0.0431478, "angle": 3.7699111843077517}, {"songs": ["That which was lost", "That which lies beyond"], "artists": ["Sinke D\u00fbs", "Sinke D\u00fbs"], "centerDistance": 0.0009204669999999999, "angle": 5.026548245743669}]