[{"songs": ["(No More Room For) Communication", "Hounds of Love (Chris Lord Alge mix - Vox up) radio version", "The Lottery", "Wiping the Blood From Our Teeth", "Among the Blind", "...All The Go Inbetweens", "Over The Rails & Hollywood High (LP Version)", "Songs of Sex and Poetry", "The Drinking Jim Crow", "Fairlee (LP Version)", "Monty Got a Raw Deal (live)", "Mama Cita", "Gear", "Show Us What You're Made Of", "The Intentional Fallacy", "Show Boat Angel", "Better Than Allrite", "Old In Just One Day (Demo -97)", "You Will Disappear", "The Pathetic Fallacy"], "artists": ["Radio 4", "The Futureheads", "Johnossi", "Hint Hint", "Hint Hint", "Silversun Pickups", "Remy Zero", "Hellogoodbye", "Guided by Voices", "Matt Pond PA", "R.E.M.", "Blonde Redhead", "Agent Blue", "Agent Blue", "Kleenex Girl Wonder", "The Sea and Cake", "The Folk Implosion", "Broder Daniel", "New London Fire", "Kleenex Girl Wonder"], "centerDistance": 0.006856108500000001, "angle": 0.0}, {"songs": ["Stel", "Innizar"], "artists": ["The Forms", "The Forms"], "centerDistance": 0.009118825, "angle": 1.2566370614359172}, {"songs": ["Greed Kicks In", "More Pricks Than Kicks"], "artists": ["Crown Heights", "Crown Heights"], "centerDistance": 0.991976, "angle": 2.5132741228718345}, {"songs": ["Sugar Pill", "Ester", "Grandfather's Jacket", "Stay Tuned", "New York City Cops", "Muck", "Amateur", "Mind Blindness", "The New Face of Zero and One", "Misfit", "The Way It Is", "Jenny", "Love Is All", "Anything You Sent", "Unconditional", "Black Rats and Top Hats", "Good Boys", "Down Boy", "Upon This Tidal Wave of Young Blood", "Take You on a Cruise"], "artists": ["Ambulance LTD", "Elefant", "Dirty Projectors", "Ambulance LTD", "The Strokes", "Dinosaur Jr.", "Nada Surf", "Dirty on Purpose", "The New Pornographers", "Elefant", "The Strokes", "stellastarr*", "The Rapture", "Joy Zipper", "The Bravery", "Blood on the Wall", "Blood on the Wall", "Yeah Yeah Yeahs", "Clap Your Hands Say Yeah", "Interpol"], "centerDistance": 0.008868392500000002, "angle": 3.7699111843077517}, {"songs": ["Morricone Dancehall", "A Song With No Words"], "artists": ["Burning Airlines", "Burning Airlines"], "centerDistance": 0.00682517, "angle": 5.026548245743669}]