[{"songs": ["The Begging Song", "The Life Of A Fool", "Dawn", "Hanged I Shall Be", "Gypsy Davey", "Two Weeks Last Summer", "False Knight on the Road", "Sorry the Day I Was Married", "Johnny Too Bad", "For Nobody To Hear", "Let No Man Steal Your Thyme", "Underneath The Stars", "In Time", "Miracle Cure", "Larry Redicon's Bow", "Baking", "Over And Out", "One Jack Rose (That I Mean)", "Oh No", "Nanna's Song"], "artists": ["Dave Swarbrick", "Ashley Hutchings", "Fairport Convention", "Albion Country Band", "Fotheringay", "Fotheringay", "Maddy Prior & Tim Hart", "Maddy Prior & Tim Hart", "John Martyn", "Sandy Denny", "The Pentangle", "Kate Rusby", "The Pentangle", "Luka Bloom", "Luka Bloom", "Aztec Two-Step", "Newton Faulkner", "Glenn Jones", "Christine Lavin", "Ralph McTell"], "centerDistance": 0.020572426549999998, "angle": 0.0}, {"songs": ["Bill Brown", "Innocent When You Dream", "The Maid On The Shore", "The Bird in the Bush", "Barbara Allen", "The Pearl Wedding / Nancy Taylor's", "Barleycorn", "Transfusion", "1643", "Boys Of Bedlam", "Blackwater Side", "Dark Eyed Sailor", "I Will Put My Ship in Order", "Caledonia", "The Lass Of Glenshee", "Burford Stomp", "Seventeen Years of Sorrow", "What Will We do?", "The Sea Captain", "When I Get Back To The Shore"], "artists": ["Spiers & Boden", "Spiers & Boden", "Frankie Armstrong", "Frankie Armstrong", "Nancy Kerr & James Fagan", "Tim Van Eyken", "Tim Van Eyken", "John Renbourn", "Seth Lakeman", "Steeleye Span", "Anne Briggs", "Ruth Notman", "June Tabor", "Ruth Notman", "Cara Dillon", "Rev Hammer", "Rev Hammer", "Silly Sisters", "Sandy Denny", "Thea Gilmore"], "centerDistance": 0.14563785750000002, "angle": 1.2566370614359172}, {"songs": ["The Little Pot Stove", "The Colliers", "Songs That Make Sophie Fizz", "Winter Flowers", "Almost Every Circumstance"], "artists": ["Nic Jones", "Seth Lakeman", "Martha Tilston", "Martha Tilston", "Silly Sisters"], "centerDistance": 0.052401180000000006, "angle": 2.5132741228718345}, {"songs": ["Ma Bonny Lad", "Lull IV: Can't Stop It Raining"], "artists": ["Rachel Unthank & The Winterset", "Rachel Unthank & The Winterset"], "centerDistance": 0.03645835, "angle": 3.7699111843077517}, {"songs": ["The Secret Waterfall", "John Mackenzie's Fancy"], "artists": ["Robin Bullock", "Robin Bullock"], "centerDistance": 0.0007785625, "angle": 5.026548245743669}]