[{"songs": ["Square Pegs", "Black-Blue-White", "Wait", "A Walk Across the Rooftops", "The Next Right Moment", "Trust In Love", "Wristcutters Lullaby", "Mexico", "The Game Of Love", "A World of My Own", "That's Not Nastassia", "Acoustically Yours"], "artists": ["The Waitresses", "Wang Chung", "Wang Chung", "The Blue Nile", "Ric Ocasek", "Anna Domino", "Fischer-Z", "Katrina and the Waves", "Katrina and the Waves", "The Knack", "Sparks", "Hazel O'Connor"], "centerDistance": 0.022988311666666667, "angle": 0.0}, {"songs": ["I Go to Pieces", "Be Stiff"], "artists": ["Rachel Sweet", "Rachel Sweet"], "centerDistance": 0.001569935, "angle": 1.2566370614359172}, {"songs": ["Winning The War", "Masquerade", "Private Idaho", "Kix", "No Guilt", "Deep Sleep", "Your Time Will Come", "Emperor's Clothes", "Space Invader", "One In A Million", "Test Of Time", "No Tears", "No One Is To Blame", "Moving On (LP Version)", "Remember David", "Heartbreak Beat", "Radio Silence", "Revolution", "Commercial Breakup", "The Power To Forgive"], "artists": ["'Til Tuesday", "Berlin", "The B-52's", "The Motels", "The Waitresses", "The B-52's", "Eurythmics", "Thompson Twins", "The Pretenders", "The Romantics", "The Romantics", "The Psychedelic Furs", "Howard Jones", "The Dream Academy", "A Flock Of Seagulls", "The Psychedelic Furs", "Thomas Dolby", "Thompson Twins", "Thomas Dolby", "Kajagoogoo"], "centerDistance": 0.11853204500000006, "angle": 2.5132741228718345}, {"songs": ["Maybe Monday", "Affair Of The Heart", "State Of The Heart"], "artists": ["'Til Tuesday", "Rick Springfield", "Rick Springfield"], "centerDistance": 0.3499508333333334, "angle": 3.7699111843077517}, {"songs": ["Without You Here", "Great Escape", "You'll Never Find Brian Here", "Miss Gradenko"], "artists": ["Squeeze", "Squeeze", "Fischer-Z", "The Police"], "centerDistance": 0.039936287499999994, "angle": 5.026548245743669}]