[{"songs": ["Day Of Daze", "Pencil Fight", "Dirty Water Ocean (2006 Remastered LP Version)", "Halfway to Crazy", "Simple Lies", "I Want Your Love", "60 Miles an Hour (radio edit)", "Blood", "I Wanna Take You Higher Again", "Death March", "Tall Ships Go", "Pig's In Zen ( LP Version )", "El Imperio Contraataca", "The Beat(en) Generation", "Beds Are Burning", "Kosciusko", "Don't Stand So Close To Me '86", "What I Am", "Eyes Wired Shut", "Under The Milky Way"], "artists": ["Atomship", "Atomship", "Green Apple Quick Step", "The Jesus and Mary Chain", "Endo", "Transvision Vamp", "New Order", "Faith No More", "Duran Duran", "Faith No More", "Big Country", "Jane's Addiction", "Los Nikis", "The The", "Midnight Oil", "Midnight Oil", "The Police", "Edie Brickell and New Bohemians", "Edgewater", "The Church"], "centerDistance": 0.11142886, "angle": 0.0}, {"songs": ["Gigantic (single version)", "I Held Her In My Arms (Original Album Version)", "Frosted Flake", "Sabota\u017c"], "artists": ["Pixies", "Violent Femmes", "Redd Kross", "Aya RL"], "centerDistance": 0.022658724999999998, "angle": 1.2566370614359172}, {"songs": ["Eye Of Fatima (Pt. 1)", "Lulu Land"], "artists": ["Camper Van Beethoven", "Camper Van Beethoven"], "centerDistance": 0.02008075, "angle": 2.5132741228718345}, {"songs": ["Pure Joy", "Falling Down Around Me"], "artists": ["The Teardrop Explodes", "The Teardrop Explodes"], "centerDistance": 0.0180569, "angle": 3.7699111843077517}, {"songs": ["Desire", "Gimme Gimme Teenage Head", "Follow You Down", "O Lucky Man", "Trail Of Tears (LP Version)", "TKO (Boxing Day)"], "artists": ["Talk Talk", "Primal Scream", "Olympus Mons", "The Grapes of Wrath", "Guadalcanal Diary", "Elvis Costello & The Attractions"], "centerDistance": 0.019277933333333334, "angle": 5.026548245743669}]