[{"songs": ["Stornelli a Dispetto", "Lettere D'Amore"], "artists": ["Tosca", "Tosca"], "centerDistance": 0.001340545, "angle": 0.0}, {"songs": ["Home (haza-remix)", "Csillagtalan", "Lieutenant Chrome", "Tableaux Repin", "A Canterbury Tale", "The Air I Breathe", "Mountain Path", "Make My Day", "Getting Closer", "Spirit", "North Pole Transmission", "Centuries", "Angular Art", "Stampede", "Mirrorball (DJ Jazzy Jeff Sole Full Remix)", "Women Lose Weight (Feat: Slick Rick) (Instrumental)", "Hotel Morgentau", "Transient Man", "Share Some Grammar (1995)", "Aa"], "artists": ["Anima Sound System", "Anima Sound System", "DJ Bootsie", "DJ Bootsie", "Dreadzone", "Badmarsh & Shri", "Badmarsh & Shri", "Waldeck", "Hird", "Atman", "FC/Kahuna", "The Orb", "Andrea Parker", "Sounds From The Ground", "Everything But The Girl", "Morcheeba", "Lexy & K. Paul", "Millenia Nova", "Gimmik", "qpe"], "centerDistance": 0.10813507850000006, "angle": 1.2566370614359172}, {"songs": ["Radio Number 1 (Senor Coconut's Rumbamambo Remix)", "An Offering", "Don'tro", "And The Folklore Continues", "Somehow Now", "Transmission From Deep South", "Sunday Afternoons (The Chill Way)", "Common", "Idreamasound", "Trace"], "artists": ["Air", "Niraj Chag", "9th Cloud", "Tommy Guerrero", "Mozez", "Confucius", "Vanessa Daou", "Groove Armada", "Pomegranate", "Niraj Chag"], "centerDistance": 0.0010690369999999997, "angle": 2.5132741228718345}, {"songs": ["Waterfalls", "Jetlag"], "artists": ["Avia", "Avia"], "centerDistance": 0.001340335, "angle": 3.7699111843077517}, {"songs": ["Slim-Fast in Reverse", "Hi Five", "As Possible (feat. Baschin)", "The C'mon", "Dreams of Heaven", "Feel What You Know", "Ray's Hymn", "Close"], "artists": ["Organic Grooves", "Sola Rosa", "Chris Zippel", "Sola Rosa", "Kukan Dub Lagan", "Big Muff", "Craig Armstrong", "Telepopmusik - Deborah Anderson"], "centerDistance": 0.0010794112499999998, "angle": 5.026548245743669}]