[{"songs": ["Prisionera (Version Balada)", "Los Borregos", "Hot Line", "Bell\u00edsima", "Ingredientes", "Couleur Cafe", "Is This What U Call Love", "\u00bfEn D\u00f3nde Est\u00e1s?", "Hasta El Final (Power Balad Version)"], "artists": ["Pilar Montenegro", "Gloria Trevi", "M\u00f3nica Naranjo", "Alejandra Guzm\u00e1n", "JD Natasha", "Beatriz Luengo", "Janina", "Christian Ch\u00e1vez", "Alejandra Guzm\u00e1n"], "centerDistance": 0.018519930000000004, "angle": 0.0}, {"songs": ["Dame Un Beso", "Dime", "Enamorada", "Words Get In The Way", "Llevame En Tu Viaje", "Knocked Out", "Pelo Suelto", "Llorando Gotitas De Sangre", "Lia (Bolero)", "Noi Ragazzi Di Oggi", "Rumores", "Aventura De Mi Vida", "No Te Olvidar\u00e9", "Este Chico Es Una Joya", "Remedio De Amor", "What You See Is What You Get", "Alma Enamorada", "1-2-3", "Like A Cannonball", "Soldado Del Amor"], "artists": ["Selena", "Selena", "La Mafia", "Gloria Estefan", "Intocable", "Paula Abdul", "Gloria Trevi", "Tormenta", "Ana Bel\u00e9n", "Luis Miguel", "Joan Sebastian", "Elsa Garcia", "Mazz", "Mecano", "Emilio Navaira", "Brenda K. Starr", "Chalino Sanchez", "Miami Sound Machine", "Menudo", "Mijares"], "centerDistance": 0.09458468250000002, "angle": 1.2566370614359172}, {"songs": ["Over The Rainbow", "White Christmas"], "artists": ["Melissa Manchester", "Melissa Manchester"], "centerDistance": 0.00124952, "angle": 2.5132741228718345}, {"songs": ["True Love"], "artists": ["Lory Bianco"], "centerDistance": 0.00132867, "angle": 3.7699111843077517}, {"songs": ["Talking To Myself", "No Greater Love", "I'm Gonna Be Strong", "Break It to Me Gently"], "artists": ["Maggie Reilly", "Rainbirds", "Cyndi Lauper", "Juice Newton"], "centerDistance": 0.001199085, "angle": 5.026548245743669}]