[{"songs": ["De Ti Enamorado", "Las Caba\u00f1uelas", "Felina", "Ndiabaane", "Las Cale\u00f1as Son Como Las Flores", "Soy Hijo Del Siboney", "Echale Salsita", "Sazon", "Sueltala", "Az\u00facar", "Eso no es na'", "Mis Problemas", "Amame Mama (Club Remix)"], "artists": ["Oscar D'Le\u00f3n", "The Latin Brothers", "Los Nemus Del Pacifico", "Africando", "The Latin Brothers", "Johnny Pacheco", "Roberto Torres", "Los Titanes", "Orchestra Harlow", "Los Van Van", "Familia Valera Miranda", "Gabino Pampini", "Ricardo Lemvo"], "centerDistance": 0.12615608384615382, "angle": 0.0}, {"songs": ["Detalles", "Mintiendo", "Aqui Estoy Yo", "Que Le Den Candela", "Reproche", "Yamulemau", "Quiero Volver Contigo", "Muero de Amor", "Cuenta Conmigo", "Cali Pachanguero", "Juguete", "Sin Poderte Hablar", "Juguete De Nadie", "Entre La Espada Y La Pared", "Abre Tus Ojos", "Te Amo", "Dejame Volver", "Sin Rumbo Alguno", "Dile A Ella", "Pagina De Amor"], "artists": ["Oscar D'Le\u00f3n", "Rey Ruiz", "Rey Ruiz", "Celia Cruz", "Gilberto Santa Rosa", "Joe Arroyo", "Puerto Rican Power", "Maelo Ruiz", "Jerry Rivera", "Grupo Niche", "Cheo Feliciano", "Willie Col\u00f3n", "Puerto Rican Power", "Nino Segarra", "Luis Enrique", "Son De Cali", "Tito Gomez", "Conjunto Clasico", "Victor Manuelle", "Tito Gomez"], "centerDistance": 0.4000426, "angle": 1.2566370614359172}, {"songs": ["Para Siempre", "Nada Puedo Hacer", "La Vida Es Una Caja De Sorpresas", "No Merece Mi Amor"], "artists": ["Grupo Gale", "Grupo Gale", "Angel Canales", "Choco Orta"], "centerDistance": 0.1670358525, "angle": 2.5132741228718345}, {"songs": ["Noche Como Boca E Lobo", "Perico Macuna"], "artists": ["Los Soneros del Barrio", "Los Soneros del Barrio"], "centerDistance": 0.0123276, "angle": 3.7699111843077517}, {"songs": ["Cote Pa la Cola (LP Version)", "Bitter Sweet (LP Version)"], "artists": ["Charlie Palmieri", "Charlie Palmieri"], "centerDistance": 0.00971564, "angle": 5.026548245743669}]