[{"songs": ["Jazz In The House", "So Much Confusion", "Jazz?", "Is It Real", "Anamaria", "Shine On", "It's To Say", "Friendly Pressure", "Secret Dub", "Love Reborn", "Bending New Corners", "Na Neblina", "Not the Same", "Peel Me", "Sugar", "Joy Is A Good Groove"], "artists": ["Count Basic", "Galliano", "Galliano", "Count Basic", "Montefiori Cocktail", "Incognito", "Marc Moulin", "Jhelisa", "Jhelisa", "Gazzara", "Erik Truffaz", "Suba", "Italian Secret Service", "Electro Deluxe", "Patchworks", "Down To The Bone"], "centerDistance": 0.033659693875, "angle": 0.0}, {"songs": ["Picaresque Eye", "Spy's Spice (Mon Espionne)"], "artists": ["United Future Organization", "United Future Organization"], "centerDistance": 0.9938405, "angle": 1.2566370614359172}, {"songs": ["The Blessing Song", "Sharing", "Can You Live", "Oriental Wind", "London Lowdown", "Everything", "Fantasia", "Anything's Possible", "San Sebastian Strut", "In Full Swing", "Duo Trippin'", "Trip Through Your Mind", "Moderation", "L.A. Shakedown", "Who's Got The Bacon?", "Live Fast", "Somewhere In Between", "Irony", "Pegasus 51", "Kickin' Samba"], "artists": ["Build an Ark", "Bugge Wesseltoft", "Meitz", "Wax Poetic", "Ronny Jordan", "A Forest Mighty Black", "The Mighty Bop", "Zero dB", "The Quantic Soul Orchestra", "Ronny Jordan", "A Forest Mighty Black", "Freakpower", "Beady Belle", "Down To The Bone", "Howie B", "Funki Porcini", "Bugge Wesseltoft", "Beady Belle", "4hero", "Soulstance"], "centerDistance": 0.03337245499999999, "angle": 2.5132741228718345}, {"songs": ["Court & Spark", "Poinciana"], "artists": ["Nathan Haines", "Nathan Haines"], "centerDistance": 0.00087202, "angle": 3.7699111843077517}, {"songs": ["Nattergalen", "Drifting (Swing Mix)", "B Hip & Shop", "Gne Gne", "What?", "Wildflower", "Moogjuus", "1-800-Skauen", "Soul For Sahib", "Surge", "Coffee Contamination", "More Powah to Yah", "The Great Plenty", "The Men Who Fell From Earth", "Beyond", "It Ain't Rocket Science", "Giffin", "Please"], "artists": ["Bobby Hughes Combination", "Metropolitan Jazz Affair", "9 Lazy 9", "Montefiori Cocktail", "Marc Moulin", "Nostalgia 77", "Bobby Hughes Combination", "Wibutee", "Koop", "Funki Porcini", "Up, Bustle and Out", "Xploding Plastix", "Xploding Plastix", "Flanger", "Mr. Scruff", "Flanger", "Mr. Scruff", "Electro Deluxe"], "centerDistance": 0.02709765966666667, "angle": 5.026548245743669}]