[{"songs": ["Left Out Cold", "Oh, My Stars And Martyrs!", "Together", "Hello, Jack", "What Would Bruce Campbell Do?", "Masquerade", "Flooding Up the Deep End", "Dissonant Me", "Our Finest Hour", "Conclusion", "Let Down", "Bright Eyes, No Brains", "New Bruises Are No Bruises", "Sleeping With The Ants, Again", "Coming Too Close", "Dry Spell", "Choices", "Accepted", "No No No", "Razor Burn"], "artists": ["Dogwood", "Small Arms Dealer", "Philmore", "Philmont", "Small Arms Dealer", "Much The Same", "Junction 18", "Junction 18", "Philmore", "Much The Same", "Fanmail", "Let Go", "New Bruises", "New Bruises", "No Use For A Name", "Descendents", "The Ataris", "Dynamite Boy", "The F-Ups", "Lagwagon"], "centerDistance": 0.024138189999999997, "angle": 0.0}, {"songs": ["Oz Factor", "The Legend of Johnny and Sarah"], "artists": ["Unwritten Law", "Unwritten Law"], "centerDistance": 0.0012940349999999998, "angle": 1.2566370614359172}, {"songs": ["To The Lonely Hearts", "Overdue"], "artists": ["Forty Winks", "Forty Winks"], "centerDistance": 0.00121861, "angle": 2.5132741228718345}, {"songs": ["Stationary", "Hold On", "Tiny Voices", "My First Punk Song", "I Hear You Calling", "Ballad For The Lost Romantics", "Five Becomes Four", "You Don't Mean Anything (Album Version)", "Postcards from Hell", "Lights And Sounds (Live)", "Bully", "Fake Season"], "artists": ["Man Alive", "Man Alive", "Box Car Racer", "Box Car Racer", "Gob", "New Found Glory", "Yellowcard", "Simple Plan", "Zebrahead", "Yellowcard", "Gob", "Vanilla Sky"], "centerDistance": 0.16257128749999997, "angle": 3.7699111843077517}, {"songs": ["Megan", "Falling Apart", "Strangled", "Cut It Up", "Everything In Moderation (Especially Moderation)", "Fall Into The Light", "Sing Along Forever", "Greyhound"], "artists": ["Bad Astronaut", "Osker", "Osker", "The Lawrence Arms", "NOFX", "Run Kid Run", "The Bouncing Souls", "Frenzal Rhomb"], "centerDistance": 0.00122062875, "angle": 5.026548245743669}]