[{"songs": ["Modern Man", "Midnight", "I Swallowed A Dragonfly", "Down", "Soap Star Joe", "Under The Paving Stones", "Mountain", "See Fernando", "Lost In Space", "Fifty Years After The Fair", "New Tricks", "The Neighbors", "hide it away", "Make It Up", "First Recollection", "Finding Solutions", "All the Young Dudes", "Born Secular", "Speak to Me Bones", "Happy (Reprise)"], "artists": ["The Watson Twins", "The Watson Twins", "Heartless Bastards", "Ben Kweller", "Liz Phair", "The Like", "Great Northern", "Jenny Lewis", "Aimee Mann", "Aimee Mann", "Great Northern", "St. Vincent", "Retribution Gospel Choir", "Ben Kweller", "Cowboy Junkies", "Heartless Bastards", "Matthew Sweet & Susanna Hoffs", "Jenny Lewis with The Watson Twins", "Land of Talk", "Jenny Lewis with The Watson Twins"], "centerDistance": 0.15400555999999996, "angle": 0.0}, {"songs": ["Smoldering Fuselage", "House Flaming"], "artists": ["Mission of Burma", "Mission of Burma"], "centerDistance": 0.00180018, "angle": 1.2566370614359172}, {"songs": ["Southern Pacifica", "My Protegee", "Dear Head On The Wall", "Front Page", "The Stone", "Push on some more", "Scare Me To Death", "Are You Ready", "A Siren", "I Wanted to Be Wrong (iTunes Originals Version)", "Tell Me What You See (Live In Detroit)", "Goin' Down (Live In Detroit)", "Melancholy Room", "Trap Door", "Fine How'd Ya Do", "Song for the Animals", "Splinter", "Wicked Tree"], "artists": ["Josh Ritter", "Juliana Hatfield", "Alejandro Escovedo", "The Redwalls", "Mundy", "Sahara Hotnights", "Joe Henry", "Blue Rodeo", "Colour Revolt", "R.E.M.", "The Von Bondies", "The Von Bondies", "Over the Rhine", "Heatmiser", "Grant Lee Buffalo", "Liam Lynch", "Seafood", "The Mother Hips"], "centerDistance": 0.016532691111111105, "angle": 2.5132741228718345}, {"songs": ["Anything And Everything (Album Version)", "All In A Day's Work (Album Version)"], "artists": ["The Posies", "The Posies"], "centerDistance": 0.00184876, "angle": 3.7699111843077517}, {"songs": ["How Many Six Packs Does It Take to Screw in a Light", "The Thorn In My Side Is Gone"], "artists": ["American Music Club", "American Music Club"], "centerDistance": 0.00179994, "angle": 5.026548245743669}]