[{"songs": ["Yo A Tu Casa No Voy", "Estrella Roja", "Edurne", "Malo Juanito", "La Mosca Cojonera", "Revistas Del Corazon", "El Foc I La Paraula", "Fronteras En America", "Condenados", "South Africa", "La rubia perfecta", "Nicaragua Sandinista", "Som", "Habibi", "Desmond Tutu", "Aca y Ahora", "Solo", "Los Piratas", "Canto Mi General", "Bizitzari txistuka"], "artists": ["Karamelo Santo", "Pante\u00f3n Rococ\u00f3", "Un Kuartito", "The Locos", "Ska-P", "Ska-P", "Obrint Pas", "Los Pericos", "The Locos", "Skaos", "Canteca de Macao", "Kortatu", "Obrint Pas", "Dusminguet", "Kortatu", "Fidel Nadal", "No te va Gustar", "Los Aut\u00e9nticos Decadentes", "Sergent Garcia", "Betagarri"], "centerDistance": 0.08389621, "angle": 0.0}, {"songs": ["Gira El Ventilador", "Ceniceros"], "artists": ["La Mosca Ts\u00e9-Ts\u00e9", "La Mosca Ts\u00e9-Ts\u00e9"], "centerDistance": 0.0009343055, "angle": 1.2566370614359172}, {"songs": ["A Eso Voy", "A Paso del Norte", "Best Dressed Pimp", "French Lady", "Oye Compay Juan"], "artists": ["Abuela Coca", "El Gran Silencio", "King Chang\u00f3", "King Chang\u00f3", "Ska Cubano"], "centerDistance": 0.027055498000000004, "angle": 2.5132741228718345}, {"songs": ["La Suerte Dub", "Triste Realidad", "Murcielaga", "Do\u00f1a Tinieblas"], "artists": ["Karamelo Santo", "Pante\u00f3n Rococ\u00f3", "Chencha Berrinches", "Chencha Berrinches"], "centerDistance": 0.2676485925, "angle": 3.7699111843077517}, {"songs": ["Bisabuelo", "Monster", "Fly", "Como Sabroso", "Gal\u00e1pagos", "Flores", "Les Ampolles", "Llevale Mi Canto", "TOXIC", "Maria", "Como si estuviera", "Vida", "Luchando Voy", "Tanguillo de Jose Ignacio", "Skabanana", "La Bolsa"], "artists": ["Kapanga", "La Kinky Beat", "La Kinky Beat", "Desorden P\u00fablico", "Los Fabulosos Cadillacs", "Los Fabulosos Cadillacs", "Dusminguet", "Sergent Garcia", "Dr. Calypso", "Dr. Calypso", "No te va Gustar", "Doctor Krapula", "Doctor Krapula", "Canteca de Macao", "Seguridad Social", "Bersuit Vergarabat"], "centerDistance": 0.041891672250000005, "angle": 5.026548245743669}]