[{"songs": ["A Song I Heard the Ocean Sing", "Ventriloquist", "Bootch Magoo", "Life", "Backwoods Rose", "Dancin' Outlaw", "Mr. Transistor"], "artists": ["Phish", "RAQ", "RAQ", "Keller Williams", "Ekoostik Hookah", "Ekoostik Hookah", "Perpetual Groove"], "centerDistance": 0.02882851814285714, "angle": 0.0}, {"songs": ["Stranger Than Fiction", "Space Wrangler", "One Last Hurrah", "Fly"], "artists": ["moe.", "Widespread Panic", "Lotus", "Animal Liberation Orchestra"], "centerDistance": 0.2630068135, "angle": 1.2566370614359172}, {"songs": ["Head", "Higgins"], "artists": ["moe.", "Umphrey's McGee"], "centerDistance": 0.567736, "angle": 2.5132741228718345}, {"songs": ["Uncertain", "World Is Spinning", "Shine", "Chevrolet", "Solid", "Revolution", "Sco-Mule", "Pnuma Trio \"New D\" Spacerunner remix by James Christopher & DJ Mal", "You'll Be Sorry Someday", "Score", "I'm A Mover - The BBC Sessions [Top Gear 8/12/69]", "Little Paradise", "All Alone", "Death Don't Have No Mercy", "Forgiven Song", "Hesitation Blues", "Torture", "Sorry Charlie", "Good Times (3 Stroke)", "Sketches of Winkle"], "artists": ["State Radio", "The Disco Biscuits", "Trey Anastasio", "The Derek Trucks Band", "Soulive", "The Derek Trucks Band", "Gov't Mule", "Pnuma Trio", "Peter Green Splinter Group", "the Breakfast", "Free", "The Radiators", "ALO", "Hot Tuna", "Rich Robinson", "Hot Tuna", "Future Rock", "Ween", "Robert Randolph & The Family Band", "Ween"], "centerDistance": 0.0019463501000000002, "angle": 3.7699111843077517}, {"songs": ["If It Wasn't for the Money", "Franz Hanzerbeak", "No More Do I", "What's Done", "One To Grow On"], "artists": ["Tea Leaf Green", "Tea Leaf Green", "Phil Lesh & Friends", "Trey Anastasio", "North Mississippi Allstars"], "centerDistance": 0.0503872154, "angle": 5.026548245743669}]