[{"songs": ["Dead but Walking", "His Protoplasmic Worship", "Crush The Cenotaph", "War-maggot", "At Mourning's Twilight", "Unholier Than Thou", "Fatal Millennium", "Fragments of Resolution", "Under ytan", "Benediction", "Omnious Bloodvomit", "Pain Divine", "Rapture", "Welcome To Your Funeral", "Born in a Casket (live)", "The Pick Axe Murders", "Claws of Laughter Dead", "The Return", "Legion (Slaughterlord Cover)", "Released When You Are Dead"], "artists": ["Death Breath", "Death Breath", "Asphyx", "Broken Hope", "Immolation", "Infern\u00e4l M\u00e4jesty", "Monstrosity", "Monstrosity", "Pan.Thy.Monium", "Necrophiliac", "Bloodbath", "Morbid Angel", "Morbid Angel", "Carnal Forge", "Cannibal Corpse", "Cannibal Corpse", "At the Gates", "Therion", "At the Gates", "Anata"], "centerDistance": 0.025988912999999995, "angle": 0.0}, {"songs": ["Soft, Creamy Lather"], "artists": ["Comecon"], "centerDistance": 0.919002, "angle": 1.2566370614359172}, {"songs": ["Frogs"], "artists": ["Comecon"], "centerDistance": 1.0, "angle": 2.5132741228718345}, {"songs": ["In the Flesh", "Come Clean", "Bloodbath", "Visions in the Shroud (Live)", "Mass Graves", "Cremation Ceremony", "Whispers From The Dead", "Seeds Of Hate", "Powerstruggle of Belief", "Godless Truth", "Stench of High Heaven", "The Fallen Priest", "Chugging Pus", "Rift of Hate", "The Sign of Sadako", "The Ambulant Plague of Humans"], "artists": ["Entombed", "Entombed", "Unleashed", "Benediction", "Malevolent Creation", "Vomitory", "Vomitory", "Gorefest", "Convulse", "Convulse", "Immolation", "Incantation", "Ripping Corpse", "Ripping Corpse", "Thanatos", "Havok"], "centerDistance": 0.055468508124999996, "angle": 3.7699111843077517}, {"songs": ["Burned Alive", "Book of Magic"], "artists": ["Sorcery", "Sorcery"], "centerDistance": 0.00216195, "angle": 5.026548245743669}]