[{"songs": ["Elephant Graveyard", "The Last Of The Melting Snow", "scattered black and whites", "Like A Woman", "Brotherhood of Man", "Missing Islands", "St. Stephen's Cross", "Who Will?", "Cold, Kind, and Lemon Eyes", "Snakes And Snakes", "Will You Find Me?", "All My Stars Aligned", "Wind Through The Trees", "River Song", "Mysteries of Love", "Caterpillar Girl", "Oh Sister"], "artists": ["Fanfarlo", "The Leisure Society", "Elbow", "Andreas Johnson", "The Innocence Mission", "Shearwater", "Vienna Teng", "Patrick Wolf", "Margot & the Nuclear So and So's", "Bell X1", "American Music Club", "St. Vincent", "Ed Harcourt", "Ben Christophers", "Antony and the Johnsons", "Lou Barlow", "Andrew Bird"], "centerDistance": 0.01106543294117647, "angle": 0.0}, {"songs": ["Thousand Ways", "Teeth", "Living Life", "Neighbour's Birds", "The Curse", "i built the sea", "In Love But Not at Peace", "Country Lane", "Poison Apples (Hallelujah)", "Two Shades Of Hope", "Lucky Man", "I Am A Child [Live At Massey Hall 1971]", "Randy", "The Lamb's Path"], "artists": ["The Tallest Man on Earth", "Lisa Hannigan", "Ben Kweller", "Alessi's Ark", "Josh Ritter", "The Battle of Land and Sea", "Dar Williams", "Nicolai Dunger", "Joan Osborne", "Foy Vance", "Sun Kil Moon", "Neil Young", "Cat Stevens", "Greg Weeks"], "centerDistance": 0.02590611571428572, "angle": 1.2566370614359172}, {"songs": ["Song For The Road", "Tonight I'm Careful with You", "Sometimes", "Chromates Soft Love", "Wings Again", "A\u0165 nen\u00ed mi l\u00edto", "Bumper Cars", "Middle Of The Dark", "Get Yourself Together", "Calypso"], "artists": ["David Ford", "Tom Brosseau", "Foy Vance", "Brooke Waggoner", "Noe Venable", "Rad\u016fza", "Stephen Fretwell", "Lightspeed Champion", "Daniel Johnston", "Rachael Sage"], "centerDistance": 0.010973825000000001, "angle": 2.5132741228718345}, {"songs": ["Prairie Girl Gone", "Railroad Wings", "I've Got Time", "Darlin Ukelele"], "artists": ["Po' Girl", "Patty Griffin", "Po' Girl", "Jolie Holland"], "centerDistance": 0.001594855, "angle": 3.7699111843077517}, {"songs": ["Save Myself", "Where The Humans Eat", "Thirteen", "Last Of The Ladies", "Elusive", "Spend The Night", "My Backwards Walk", "Decimate", "The Shining", "A Picture of Our Torn Up Praise", "Blue Would Still Be Blue", "Put A Penny In The Slot", "If the World Ends", "While You Were Sleeping", "Lime Tree", "Stone on the Water", "Be Good Or Be Gone", "Hooked Up On Us", "I Was Unconscious, It Was A Dream", "Avalanche"], "artists": ["Willy Mason", "Willy Mason", "Ben Kweller", "The Courteeners", "Scott Matthews", "Deer Tick", "Frightened Rabbit", "David Ford", "Badly Drawn Boy", "Phosphorescent", "Guillemots", "Fionn Regan", "Guillemots", "Elvis Perkins", "Bright Eyes", "Badly Drawn Boy", "Fionn Regan", "Jay Jay Pistolet", "Slow Club", "Ryan Adams"], "centerDistance": 0.12243982999999999, "angle": 5.026548245743669}]