[{"songs": ["Bad Man Story", "Nah Go Mek It", "Spread Jah Love", "Tonight I'm Gonna Take It Easy", "I See It In You", "More Time", "Nothing Can Divide Us", "No Treat", "Malfunction", "Till I Can't Take It Anymore", "I Do", "Rikers Island", "Call On Me", "Jah Time", "Love", "Just The Other Day", "My God Is Real", "Home And Away", "rastafari is the ruler", "I Need Her In My Arms"], "artists": ["Buccaneer", "Natural Black", "Jah Cure", "The Mighty Diamonds", "Freddie McGregor", "Glen Washington", "Garnett Silk", "Cocoa Tea", "Louie Culture", "Tinga Stewart", "Tinga Stewart", "Cocoa Tea", "Jah Cure", "Fantan Mojah", "Lutan Fyah", "Richie Spice", "Thriller U", "Norris Man", "Fantan Mojah", "I Wayne"], "centerDistance": 0.20470244999999995, "angle": 0.0}, {"songs": ["For You (with A Medley Too)", "All About You"], "artists": ["Singing Melody", "Singing Melody"], "centerDistance": 0.17473850000000002, "angle": 1.2566370614359172}, {"songs": ["Those Good Old Days", "Child Molester"], "artists": ["George Nooks", "George Nooks"], "centerDistance": 1.0, "angle": 2.5132741228718345}, {"songs": ["How Can I", "Hold On", "Memories By The Score", "Don't Leave Me This Way", "African Tears", "Substitute Lover", "No More Rain", "Last Night Memory", "Hallelujah", "No Time To Linger", "Call On A Friend", "his majesties love", "Your Love"], "artists": ["Kashief Lindo", "Beres Hammond", "Voicemail", "Kashief Lindo", "Peter Hunnigale", "Half Pint", "Chrisinti", "Nadine Sutherland", "Ambelique", "Terry Linen", "Terry Linen", "Peter Hunningale", "Carroll Thompson"], "centerDistance": 0.14315536153846153, "angle": 3.7699111843077517}, {"songs": ["Rub A Dub Style", "Rocking Eternally", "I Love You"], "artists": ["Peter Hunnigale", "Kofi", "Kofi"], "centerDistance": 0.12949166666666667, "angle": 5.026548245743669}]