[{"songs": ["Stranger In The City", "Pancho And Lefty", "Mr. Mudd And Mr. Gold", "One More Name", "Floyd County", "Shandy (The Perfect Disguise)", "The Ride", "Heartbroke", "Let's Just Fall", "Tennessee Whiskey", "Beaumont", "Highway 40 Blues", "What Am I Gonna Do", "My Baby's Just Like Money", "Down By The River", "Faded Love", "Mountain of Love", "Speed Of The Sound Of Loneliness", "I Believe In You", "Honky Tonk Man"], "artists": ["Merle Haggard", "Townes Van Zandt", "Townes Van Zandt", "Dwight Yoakam", "Dwight Yoakam", "Kris Kristofferson", "David Allan Coe", "Ricky Skaggs", "Reckless Kelly", "David Allan Coe", "Hayes Carll", "Ricky Skaggs", "Bobby Bare", "Lefty Frizzell", "Faron Young", "Bob Wills", "David Houston", "John Prine", "Don Williams", "Johnny Horton"], "centerDistance": 0.14789245, "angle": 0.0}, {"songs": ["Baptism Of Fire", "Velvet Chains"], "artists": ["Billy Joe Shaver", "Billy Joe Shaver"], "centerDistance": 0.9821905, "angle": 1.2566370614359172}, {"songs": ["Down the River", "Blame Me", "Redneck Friend", "Wild As A Turkey", "Again", "Down", "Bring It On", "The Path To Your Door", "St. Peter's", "My Brother and Me", "I Don't Want To Play House Anymore", "Just Married", "Anymore Good Loving", "Nobody Told You About The Love", "These Things That I Don't Dare", "If Only the Good Die Young", "Pearl Snaps", "Lonesome House", "You Are My Sunshine", "Shoulders"], "artists": ["Chris Knight", "Chris Knight", "Dave Alvin", "Hayes Carll", "Cross Canadian Ragweed", "Cross Canadian Ragweed", "Slaid Cleaves", "Walt Wilkins", "Carrie Rodriguez", "Bruce Robison", "Carrie Rodriguez", "Bruce Robison", "Jack Ingram", "Eleven Hundred Springs", "Max Stalling", "Max Stalling", "Jason Boland & The Stragglers", "Paul Siebel", "Paul Siebel", "Larry Jon Wilson"], "centerDistance": 0.05149873349999999, "angle": 2.5132741228718345}, {"songs": ["Coming of the Roads", "Coal Tattoo"], "artists": ["Kathy Mattea", "Kathy Mattea"], "centerDistance": 0.00334296, "angle": 3.7699111843077517}, {"songs": ["Don't Waste Away", "Candyland"], "artists": ["James McMurtry", "James McMurtry"], "centerDistance": 0.1907315, "angle": 5.026548245743669}]