[{"songs": ["The Mean Time", "Midnight Voyage", "Solitude", "Cosas", "You'd Be So Nice To Come Home To", "Sussa Nita", "Rapturelodic", "Jack's Blues", "Hymn Of The Orient", "After The Rain", "After Midnight", "Mockingbird", "Stars Fell On Alabama", "Moonlight in Vermont"], "artists": ["Michael Brecker", "Michael Brecker", "Sonny Rollins", "Tony Malaby", "Art Pepper", "James Carter", "David S. Ware", "Steve Lacy", "James Carter", "John Coltrane", "Kim Waters", "Ed Calle", "Cannonball Adderley", "Maceo Parker"], "centerDistance": 0.021868409571428573, "angle": 0.0}, {"songs": ["Send Me A Postcard", "Festival In 3 Parts"], "artists": ["Donny McCaslin", "Donny McCaslin"], "centerDistance": 0.9885215, "angle": 1.2566370614359172}, {"songs": ["The Blossom Of Parting", "I Want You", "A Trip"], "artists": ["Branford Marsalis Quartet", "Gato Barbieri", "Chico Hamilton"], "centerDistance": 0.011501394, "angle": 2.5132741228718345}, {"songs": ["Landmarks Along the Way", "These Foolish Things", "Ballando (dancing)", "Canadian Sunset", "Just Enough"], "artists": ["Joe Lovano", "Bobby Watson", "Bobby Watson", "Gene Ammons", "Grover Washington Jr."], "centerDistance": 0.0095480234, "angle": 3.7699111843077517}, {"songs": ["Muldoon", "B.B.'s Blues", "Right On", "Bye Bye Blackbird (LP Version)", "Little Flower", "Colour My World", "Blott En Dag (Album Version)", "Poetry Man"], "artists": ["Branford Marsalis", "Branford Marsalis", "Mindi Abair", "Rahsaan Roland Kirk", "David Sanborn", "Ed Calle", "Kirk Whalum", "Jessy J"], "centerDistance": 0.015333652375, "angle": 5.026548245743669}]