[{"songs": ["Burning The Midnight Oil", "Daddy Was An Old Time Preacher Man", "Me & Bobby McGee", "Blue Bayou", "Love In The Meantime", "Somebody like me", "Until My Dreams Come True", "The Hurtin's All Over", "There Stands The Glass", "Talk To Your Heart", "The Easy Part's Over", "Why Me", "Gone", "When It's Springtime In The Rockies", "Then And Only Then", "Mountain Dew", "In The Garden", "Thirty Days (To Come Back Home)", "I'm Not Mad, Just Hurt", "Humpty Dumpty Heart"], "artists": ["Porter Wagoner & Dolly Parton", "Porter Wagoner & Dolly Parton", "Kenny Rogers", "Lynn Anderson", "George Jones & Tammy Wynette", "Eddy Arnold", "Jack Greene", "Connie Smith", "Webb Pierce", "Ray Price", "Charley Pride", "Kris Kristofferson", "Ferlin Husky", "Slim Whitman", "Connie Smith", "Charlie Rich", "David Houston", "Ernest Tubb", "Hank Thompson", "Hank Thompson"], "centerDistance": 0.170960285, "angle": 0.0}, {"songs": ["What's Your Mama's Name Child", "We Could", "Islands In The Stream", "Still", "Pop A Top", "Sally Was A Good Old Girl", "Walk On By", "Like A Fool", "Why Do I Love You (Melody Of Love)", "Since I Met You Baby", "You're The Only World I Know", "Sunday Mornin' Comin' Down", "I Get The Fever", "Thank God", "Please Help Me I'm Falling", "Help Me Make It Through The Night", "Texas Bound And Flyin'  (From The Motion Picture \"Smokey And The Bandit II\")", "Battle of New Orleans", "Hello Walls", "Six Days On The Road"], "artists": ["Tanya Tucker", "George Jones & Tammy Wynette", "Kenny Rogers & Dolly Parton", "Bill Anderson", "Jim Ed Brown", "Waylon Jennings", "Leroy van Dyke", "Dottie West", "Jim Reeves", "Sonny James", "Sonny James", "Kris Kristofferson", "Bill Anderson", "Hank Williams", "Hank Locklin", "Bobby Bare", "Jerry Reed", "Johnny Horton", "Faron Young", "Dave Dudley"], "centerDistance": 0.08354044000000001, "angle": 1.2566370614359172}, {"songs": ["Your Good Girl's Gonna Go Bad", "Is It Raining At Your House", "Someone To Give My Love To"], "artists": ["Tammy Wynette", "Vern Gosdin", "Johnny Paycheck"], "centerDistance": 0.0650418, "angle": 2.5132741228718345}, {"songs": ["Amanda", "Chug-A-Lug", "In The Jailhouse Now", "Wabash Cannonball", "All I Have To Offer You (Is Me)", "Guitar Man", "Rollin' With The Flow", "My Heart Skips a Beat"], "artists": ["Don Williams", "Roger Miller", "Webb Pierce", "Roy Acuff", "Charley Pride", "Jerry Reed", "Charlie Rich", "Buck Owens"], "centerDistance": 0.0759028875, "angle": 3.7699111843077517}, {"songs": ["The Carroll County Accident", "A Satisfied Mind", "The Little Lady Preacher", "Funny Face", "Statue of a Fool", "Satin Sheets", "Walk Through This World With Me", "Before The Next Teardrop Falls", "Make The World Go Away", "Chiseled In Stone", "Nobody Likes Sad Songs", "If We Make It Through December", "Country Sunshine", "Devil Woman", "For The Good Times", "Wasted Days And Wasted Nights", "Harper Valley P.T.A.", "Pure Love", "The Happiest Girl In The Whole U.S.A.", "Deep In The Heart Of Texas"], "artists": ["Porter Wagoner", "Porter Wagoner", "Tom T. Hall", "Donna Fargo", "Jack Greene", "Jeanne Pruett", "George Jones", "Freddy Fender", "Eddy Arnold", "Vern Gosdin", "Ronnie Milsap", "Merle Haggard", "Dottie West", "Marty Robbins", "Ray Price", "Freddy Fender", "Jeannie C. Riley", "Ronnie Milsap", "Donna Fargo", "Moe Bandy"], "centerDistance": 0.09594417499999999, "angle": 5.026548245743669}]