[{"songs": ["Chien de vieille", "On Danse Pas", "Saint max", "Arriv\u00e9 Sur Terre", "G\u00e9raldine", "Les mots d'amour", "La Cerise", "La Petite Voleuse", "L'amour", "J'aimais Mieux Quand C'\u00e9tait Toi", "La hache", "T\u00eate en l'air (Live)", "Pri\u00e8re (Live)", "Bogdanov", "Dubbing From Uranus", "Every Kiss Is Magic", "C'est peut \u00eatre", "Awalp\u00e9", "L'Effet Jokari", "Houlala"], "artists": ["Alexis HK", "Oxmo Puccino", "Jamait", "Oxmo Puccino", "Les Wriggles", "B\u00e9nabar", "Matmatah", "Olivia Ruiz", "Jean-Louis Aubert", "Alain Souchon", "Lo\u00efc Lantoine", "Aldebert", "Aldebert", "Les Fils de Teuhpu", "Roudoudou", "Roudoudou", "Mon C\u00f4t\u00e9 Punk", "Les Fils de Teuhpu", "Coralie Cl\u00e9ment", "Coralie Cl\u00e9ment"], "centerDistance": 0.027153307999999994, "angle": 0.0}, {"songs": ["La muse", "Trafic Info (G Pour L)", "France Dub", "Krevard", "Voil\u00e0 L'\u00e9t\u00e9", "N\u00e9 Dans Une Rose", "Le Pornographe", "China Boy", "C'est pas ta faute", "Le Fou Rire", "Un Monde Parfait", "Trafic"], "artists": ["Java", "Java", "Zebda", "Svinkels", "Les N\u00e9gresses Vertes", "Thomas Fersen", "Georges Brassens", "Thomas Dutronc", "M", "B\u00e9nabar", "Les Innocents", "As de Tr\u00eafle"], "centerDistance": 0.1917559166666667, "angle": 1.2566370614359172}, {"songs": ["M\u00eame pas mal", "Contes, vents et mar\u00e9es"], "artists": ["Les Ogres de Barback", "Les Ogres de Barback"], "centerDistance": 0.05520485, "angle": 2.5132741228718345}, {"songs": ["Je Cherche", "Les Films De Guerre", "Tordu Tour Du Monde", "L'homme du moment", "Avec Le Vent", "Int\u00e9gration", "Manhattan", "Cinq Sens"], "artists": ["Tarmac", "Sanseverino", "Tarmac", "Alexis HK", "Anis", "Anis", "Louise Attaque", "Tryo"], "centerDistance": 0.056121262500000005, "angle": 3.7699111843077517}, {"songs": ["Personne N'A Le Pr\u00e9nom De Ma Femme", "Tu parles trop", "La Fille Du Chat Noir", "Pauvre Con", "Partie De Golf", "Jeune, Je Ne Savais Rien", "Ne Plus Y Penser", "Le Grand Jour", "Quijote", "La r\u00e9volution", "Fabulous and Luxury Holidays for Todos in Barbados", "La Piave", "Les joyeux bouchers"], "artists": ["La Rue K\u00e9tanou", "La Rue K\u00e9tanou", "Matmatah", "Ridan", "Ridan", "Thomas Dutronc", "Prohom", "Cali", "Olivia Ruiz", "As de Tr\u00eafle", "Les Hurlements d'L\u00e9o", "Les Hurlements d'L\u00e9o", "Boris Vian"], "centerDistance": 0.04427637692307692, "angle": 5.026548245743669}]