[{"songs": ["De los malos", "El Fantasma De La Rumba", "Romance de un sentir", "La cajita", "La Fiesta", "La taberna del Buda", "Ah\u00ed Est\u00e1s T\u00fa", "Todos", "El Compadre", "Cicatrizando", "Amor Marinero (Rosario)", "Due\u00f1o De Tu Amor", "Make Me Your Only One", "De Noche Todos Los Gatos Son Pardos", "Old Smyrna Road", "I Wish I Knew (How It Would Feel To Be Free)", "His Eye Is On The Sparrow", "Por El Internet De Los Porteadores", "I'm Gone", "Get What You Deserve"], "artists": ["elbicho", "M\u00e1rtires del Comp\u00e1s", "Canteca de Macao", "Canteca de Macao", "Amparanoia", "Caf\u00e9 Quijano", "Chambao", "Macaco", "Muchachito Bombo Infierno", "Los Delinq\u00fcentes", "Macaco", "Manzanita", "Robben Ford", "Jaguares", "Eric Sardinas", "The Derek Trucks Band", "John Scofield", "M\u00e1rtires del Comp\u00e1s", "Carlos Santana", "The Derek Trucks Band"], "centerDistance": 0.014535438399999998, "angle": 0.0}, {"songs": ["Isla Menor", "Jefe Navajo"], "artists": ["Raimundo Amador", "Raimundo Amador"], "centerDistance": 0.9902584999999999, "angle": 1.2566370614359172}, {"songs": ["Corner of My Eye", "Girl\u2019S Gone Crazy", "The Things That I Used To Do", "Good Day For Goodbyes", "Front Porch Blues", "Your Lick"], "artists": ["Ace Moreland", "Bill Perry", "Elvin Bishop", "Nils Lofgren", "Dick Dale", "Chuck Berry"], "centerDistance": 0.0007811713333333333, "angle": 2.5132741228718345}, {"songs": ["Tonight I'll Be Staying Here With You", "Rugged Road", "Lookin' For You", "Thin Dream", "Things 'Bout Comin' My Way", "The Wind Cries Mary", "El Viejo", "Mean Old Daddy", "Matter of the Heart", "I'll Piss on Your Grave", "Avocado Green", "I'm Leavin' You [Live]"], "artists": ["Jeff Beck", "Robben Ford & The Blue Line", "Mighty Joe Young", "Doyle Bramhall II & Smokestack", "Alvin Youngblood Hart", "Popa Chubby", "Pappo's Blues", "Byther Smith", "Walter Trout", "Popa Chubby", "Johnny Winter", "Kenny Wayne Shepherd Band"], "centerDistance": 0.0008244705833333334, "angle": 3.7699111843077517}, {"songs": ["Feel Like Dyin'", "Why Don't You Live So God Can Use You"], "artists": ["Big Bill Morganfield", "Big Bill Morganfield"], "centerDistance": 0.000781281, "angle": 5.026548245743669}]