[{"songs": ["It's Too Late Now", "(Call Me) Number One", "The Carnival Is Over", "That Girl Belongs To Yesterday", "Ferry Cross the Mersey", "I'm Gonna Make You Mine", "Ginny Come Lately", "Outside The Gates Of Heaven", "The Young Ones", "King Of Clowns", "This Magic Moment", "The Next Time", "Wild One", "Little Miss Lonely", "Come Back When You Grow Up", "Tell Him", "America"], "artists": ["The Swinging Blue Jeans", "The Tremeloes", "The Seekers", "Gene Pitney", "Gerry & The Pacemakers", "Lou Christie", "Brian Hyland", "Lou Christie", "Cliff Richard & The Shadows", "Neil Sedaka", "Jay & The Americans", "Cliff Richard & The Shadows", "Bobby Rydell", "Helen Shapiro", "Bobby Vee", "Billie Davis", "Trini Lopez"], "centerDistance": 0.15231857882352942, "angle": 0.0}, {"songs": ["Hello Little Girl", "Nobody I Know", "You're The One For Me", "Beat The Clock", "Juliet", "Mama", "Until It's Time For You To Go", "My Name Is Jack", "Show Me The Way", "Reflections Of My Life", "Kicks", "Young Girl", "Solitaire", "(If Paradise Is) Half As Nice", "You're My World", "Two Ton Feather", "Before And After", "A Groovy Kind Of Love", "Poor Me", "Gypsy Woman"], "artists": ["The Fourmost", "Peter & Gordon", "The Applejacks", "The McCoys", "The Four Pennies", "Dave Berry", "The Four Pennies", "Manfred Mann", "Small Faces", "Marmalade", "Paul Revere & The Raiders", "Gary Puckett & The Union Gap", "Neil Sedaka", "Amen Corner", "Cilla Black", "Dion", "Chad & Jeremy", "The Mindbenders", "Adam Faith", "Brian Hyland"], "centerDistance": 0.22820205, "angle": 1.2566370614359172}, {"songs": ["Mickey's Monkey", "Younger Girl", "Just Like Me", "Turn Down Day", "That's The Way Boys Are", "Please Don't Ever Leave Me", "Indian Lake", "This Girl Is A Woman Now", "Love Will Find A Way", "Brighton Hill", "Lazy Day", "Welcome To The Club", "Sunday Will Never Be The Same", "What Is Love", "Dressed In Black", "Traces", "One Way Love (Mono)"], "artists": ["The Hollies", "The Lovin' Spoonful", "Paul Revere & The Raiders", "The Cyrkle", "Lesley Gore", "The Cyrkle", "The Cowsills", "Gary Puckett & The Union Gap", "Jackie DeShannon", "Jackie DeShannon", "Spanky & Our Gang", "Amen Corner", "Spanky & Our Gang", "The Shangri-Las", "The Shangri-Las", "Classics IV", "Cliff Bennett & The Rebel Rousers"], "centerDistance": 0.14272880294117649, "angle": 2.5132741228718345}, {"songs": ["I'm In Love", "Tell Me When", "From a Window", "From A Window", "I'll Keep You Satisfied", "I'll Keep You Satisfied", "You're No Good", "It's Gonna Be Alright", "Sorrow", "Ob La Di Ob La Da", "Island Of Dreams", "Do You Love Me?"], "artists": ["The Fourmost", "The Applejacks", "Billy J. Kramer & The Dakotas", "Billy J. Kramer", "Billy J. Kramer & The Dakotas", "Billy J. Kramer", "The Swinging Blue Jeans", "Gerry & The Pacemakers", "The McCoys", "Marmalade", "The Seekers", "Brian Poole & The Tremeloes"], "centerDistance": 0.35062475, "angle": 3.7699111843077517}, {"songs": ["Goodbye My Love", "Somewhere", "It's Good News Week", "Nice While It Lasted", "Something I Got To Tell You", "Maria", "Bringing On Back The Good Times", "Make It Easy On Yourself", "Take A Chance", "Double Trouble", "Age For Love"], "artists": ["The Searchers", "P.J. Proby", "Hedgehoppers Anonymous", "The Honeycombs", "The Honeycombs", "P.J. Proby", "Love Affair", "The Walker Brothers", "Glenda Collins", "Elvis Presley", "Glenda Collins"], "centerDistance": 0.10070060636363638, "angle": 5.026548245743669}]