[{"songs": ["I'll Ask My Heart", "Take Out Some Insurance", "My Baby Left Me", "Baby Scratch My Back", "I Wish You Would", "Boogie In The Dark", "Kidney Stew Blues", "Careless Love", "Reap What You Sow", "Strange Things Happening", "All My Money Gone Blues", "We Gonna Move", "Bad Luck Blues", "Nightless Lover", "Raised To My Hand", "West Jackson Blues", "Brown Skin Woman", "Jump Children", "Cried like a baby child", "It Should Have Been Me"], "artists": ["Johnny Otis", "Jimmy Reed", "T-Bone Walker", "Slim Harpo", "Billy Boy Arnold", "Jimmy Reed", "Eddie \"Cleanhead\" Vinson", "Josh White", "Guitar Slim", "Percy Mayfield", "Roosevelt Sykes", "Washboard Sam", "Guitar Slim", "Percy Mayfield", "Arthur \"Big Boy\" Crudup", "Mississippi Sheiks", "Sunnyland Slim", "Dave Bartholomew", "Byther Smith", "Ray Charles"], "centerDistance": 0.12791094650000004, "angle": 0.0}, {"songs": ["Let them Talk", "Doin Bad Feelin Good"], "artists": ["Jon Cleary", "Jon Cleary"], "centerDistance": 0.00687249, "angle": 1.2566370614359172}, {"songs": ["Good Rocking Tonight", "Sail On Little Girl"], "artists": ["Roy Brown", "Roy Brown"], "centerDistance": 0.004289215, "angle": 2.5132741228718345}, {"songs": ["Deep Purple", "The Train Kept A-Rollin'", "Why Worry", "Please don't leave me", "Hey Bartender (Live Version)", "Three O'Clock In The Morning Blues", "Groove Me (Live Version)", "This Is What I Call Living", "Mother's Love", "Jim", "Way Back Home", "Slow Walk", "I'm Getting 'Long Alright", "Those Lonely Lonely Nights", "Need Your Love So Bad", "Sugar Coated Love", "Unseen Eye"], "artists": ["Screamin' Jay Hawkins", "Tiny Bradshaw", "Aaron Neville", "Screamin' Jay Hawkins", "The Blues Brothers", "Ike & Tina Turner", "The Blues Brothers", "Earl King", "Earl King", "Aretha Franklin", "Big Maybelle", "Bill Doggett", "Big Maybelle", "Johnny 'Guitar' Watson", "Little Willie John", "Barbara Lynn", "Frank Frost"], "centerDistance": 0.0055248894117647055, "angle": 3.7699111843077517}, {"songs": ["(They Call It) Stormy Monday", "Bootsie Whitelaw", "Tanya", "Blues Party Tonight", "Goin' Through Changes", "Finger Lickin' Good", "Back In The Game", "Stink Bomb"], "artists": ["Latimore", "Ike & Tina Turner", "King Curtis", "Denise LaSalle", "Denise LaSalle", "Syl Johnson", "Syl Johnson", "Eddie Bo"], "centerDistance": 0.00570859875, "angle": 5.026548245743669}]