[{"songs": ["Keep It Loose", "It's All True (Martin Buttrich Remix)", "Happy Without You (Sebastien Remix)", "Frenzy Eyes", "Cannibal", "Karen", "City on Lights", "Miami", "Remedy (Radio Edit)", "Hello Holla", "This Case Is Closed (Johan Agebj\u00f6rn remix)", "Sciarando El Scuro", "Paroli", "Want U", "Number 1 (Live)", "Shadows", "Freyja's Ghost", "The Chase", "Pagans", "Too Happy"], "artists": ["R\u00f3is\u00edn Murphy", "Tracey Thorn", "Annie", "Emmon", "Fan Death", "Chew Lips", "Marsheaux", "The Tough Alliance", "Little Boots", "Kleerup", "Friday Bridge", "Bottin", "In Flagranti", "Lo-Fi-Fnk", "Goldfrapp", "Midnight Juggernauts", "The Golden Filter", "Giorgio Moroder", "Skateb\u00e5rd", "Tracey Thorn"], "centerDistance": 0.07781023999999999, "angle": 0.0}, {"songs": ["Obietnica", "Ki Ka"], "artists": ["Ramona Rey", "Ramona Rey"], "centerDistance": 0.00242649, "angle": 1.2566370614359172}, {"songs": ["Love In July (Bostro Pesopeo Remix)", "Neo Violence", "A Room With a View", "I don't want my tv you can have it", "Club Kid", "Candy Cane Carriage", "planes de verano", "Lotus (Gabriel Ananda & Alice Rose Remix)", "du bewegst dich richtig (good groove & yapacc remix)", "Walking On A Dream (Joey Negro Club Mix (Edit))", "Fight For You"], "artists": ["Sally Shapiro", "The Tough Alliance", "Lowe", "Lissi Dancefloor Disaster", "Name the Pet", "Joy Electric", "Algora", "2raumwohnung", "2raumwohnung", "Empire Of The Sun", "Morgan Page"], "centerDistance": 0.10307555181818184, "angle": 2.5132741228718345}, {"songs": ["Whale in da Pain", "Lend Me Your Heart"], "artists": ["The Bridal Shop", "The Bridal Shop"], "centerDistance": 0.003032245, "angle": 3.7699111843077517}, {"songs": ["Love In July (CFCF Remix)", "No Static", "Strict Machine (Live)", "Just Hold Hands (Unreleased Track)", "The Explorers (feat. Sally Shapiro)", "Woodstock", "Diminishing Returns", "Boney M Down", "Cosmological Constancy", "Love & Romance & a Special Person", "Ari-es", "Running Into Time (Poney Poney Remix)", "We Never Close Our Eyes (The Angry Kids Remix)", "In A Heartbeat (NYC 38th Street Mix)", "Too Lost In You (Various Production Mix)", "22 (The Big Pink Remix)"], "artists": ["Sally Shapiro", "Bottin", "Goldfrapp", "CFCF", "CFCF", "Xinobi", "Ali Love", "Lindstr\u00f8m & Prins Thomas", "Kelley Polar", "Joakim", "Keenhouse", "Headman", "Scanners", "Sandra", "Sugababes", "Lily Allen"], "centerDistance": 0.10209784250000001, "angle": 5.026548245743669}]