[{"songs": ["Ndongoy Daara", "Wouloukoro", "Show Me the Way", "Mbolo", "Swing Yela", "Pindirai", "Sala Keba (Be Careful)", "Viens Danser Sur Le Son Africando", "Ataya", "Wassiye", "Maria Tebbo", "Jalo", "Poema do semba", "Free (Sina Mali, Sina Deni)", "Tandibiya", "Run cool", "Comment Allez-Vous 1", "Godeba", "Intitlayaghen", "Rudiya"], "artists": ["Orchestra Baobab", "Bembeya Jazz National", "Papa Wemba", "Baaba Maal", "Baaba Maal", "Oliver Mtukudzi", "Papa Wemba", "Africando", "Isma\u00ebl L\u00f4", "Habib Koit\u00e9", "Sam Mangwana", "Etoile De Dakar", "Paulo Flores", "Khadja Nin", "Mansour Seck", "Positive Black Soul", "Positive Black Soul", "Meiway", "Tinariwen", "Khadja Nin"], "centerDistance": 0.27683512, "angle": 0.0}, {"songs": ["Munyinga", "Guiss Guiss", "Sama Kaani Xeen", "Abiani", "Sore", "Loodo", "Jericho", "Mbube", "Hlala Nami", "A Ou Ni Sou", "Reggae Man", "Mudiavi", "Morning Star Social Club", "Esta a chegar a hora", "Tika Nga\u00ef", "Capitale", "Kimbulu", "N Gana", "Koronoko", "Sarasa"], "artists": ["Tshala Muana", "Cheikh L\u00f4", "Cheikh L\u00f4", "Dobet Gnahor\u00e9", "Diogal", "Baaba Maal & Mansour Seck", "Johnny Clegg and Savuka", "Ang\u00e9lique Kidjo", "Ladysmith Black Mambazo", "Rokia Traor\u00e9", "Lucky Dube", "Tshala Muana", "Chief Stephen Osita Osadebe", "Paulo Flores", "Lokua Kanza", "Super Cayor De Dakar", "Za\u00efko Langa Langa", "Waldemar Bastos", "Rokia Traor\u00e9", "Susheela Raman"], "centerDistance": 0.11349844499999998, "angle": 1.2566370614359172}, {"songs": ["Kekana", "Awa Awa"], "artists": ["Wes", "Wes"], "centerDistance": 0.01482715, "angle": 2.5132741228718345}, {"songs": ["Song for Thandi", "Ntate Mahlasela"], "artists": ["Vusi Mahlasela", "Vusi Mahlasela"], "centerDistance": 0.01265935, "angle": 3.7699111843077517}, {"songs": ["Akera Ka Abonshor", "Weapon Conflict"], "artists": ["Sierra Leone's Refugee All Stars", "Sierra Leone's Refugee All Stars"], "centerDistance": 0.011394, "angle": 5.026548245743669}]