[{"songs": ["Support Your Troops", "Veteran", "Late At Night", "Fred's Got Slacks", "Down", "Fading Out", "You Can't Soar Like An Eagle, When You Hang Out With Turkeys", "By My Side", "Cast No Shadows", "Burning Wreck", "On The Outside", "Folding the Pages", "Hau Weg Die Scheisse", "To the bone", "Insult To Injury", "Leap of faith", "Midline", "Playing to Lose", "Try to Conform", "Dear Charlotte"], "artists": ["Strung Out", "Ignite", "Ten Foot Pole", "The Fullblast", "Hogwash", "Mute", "Daggermouth", "Ignite", "New Mexican Disaster Squad", "Mute", "No Use For A Name", "Smoke or Fire", "The Sainte Catherines", "Defying Control", "Craig's Brother", "Defying Control", "Deviates", "Deviates", "Pennywise", "Craig's Brother"], "centerDistance": 0.08437404500000001, "angle": 0.0}, {"songs": ["Not My Problem", "Todd", "Slow Chorus Overlap", "Domesticated", "On Fire"], "artists": ["Belvedere", "Belvedere", "88 Fingers Louie", "No Trigger", "No Trigger"], "centerDistance": 0.4728320000000001, "angle": 1.2566370614359172}, {"songs": ["Use a Bee", "Hope", "Blinded", "Tenebrae", "Real Enemy", "Father & Son", "St. Christopher", "Ignorance Is Bliss", "What", "Sick"], "artists": ["Satanic Surfers", "Bigwig", "Bigwig", "Only Crime", "Only Crime", "Much The Same", "Venerea", "Another Damn Disappointment", "Pulley", "Pulley"], "centerDistance": 0.13436343999999997, "angle": 2.5132741228718345}, {"songs": ["Alienation Process", "Making Bets In A Burning House"], "artists": ["The Indecision Alarm", "The Indecision Alarm"], "centerDistance": 0.08428189999999999, "angle": 3.7699111843077517}, {"songs": ["Government subsidized ghetto", "apparatus of repression"], "artists": ["Enemy Alliance", "Enemy Alliance"], "centerDistance": 0.106004, "angle": 5.026548245743669}]