[{"songs": ["Gestapo Search", "Tamora's Pastorale", "Passage of Time", "Three Women", "Empty Nest"], "artists": ["Michael Kamen", "Elliot Goldenthal", "Rachel Portman", "Rachel Portman", "Marc Shaiman"], "centerDistance": 0.003753564, "angle": 0.0}, {"songs": ["The Dream Within", "Jerusalem", "Memory Of Antarctica", "Lift Off", "Knives And Bullets (And Cannons Too)", "Theme From Armageddon", "Amores Perros", "A Tale", "Amelia Desert Morning", "Underground Lake Vision", "Heart of a King", "Hotel Arrival", "Main Title", "So Long Superman", "The Assassination", "Dana's Theme", "The Labyrinth", "Camille", "Dead Dog, Part II", "Starting The Descent"], "artists": ["Elliot Goldenthal", "Vangelis", "Vangelis", "Harry Gregson-Williams", "Dario Marianelli", "Trevor Rabin", "Gustavo Santaolalla", "Javier Navarrete", "Gustavo Santaolalla", "Graeme Revell", "Nick Glennie-Smith", "Marc Shaiman", "Alan Silvestri", "John Ottman", "Paul Buckmaster", "Elmer Bernstein", "Javier Navarrete", "Georges Delerue", "Marco Beltrami", "Alex Heffes"], "centerDistance": 0.0122504455, "angle": 1.2566370614359172}, {"songs": ["La grande pavane", "Glider Pt 2", "Goodnight, Breaking And Entering"], "artists": ["Gabriel Yared", "Bill Conti", "Bill Conti"], "centerDistance": 0.003632573333333333, "angle": 2.5132741228718345}, {"songs": ["Training to Be King", "Mojave Club", "The Tanker"], "artists": ["Nick Glennie-Smith", "Marvin Hamlisch", "Marvin Hamlisch"], "centerDistance": 0.0033550633333333333, "angle": 3.7699111843077517}, {"songs": ["Engome"], "artists": ["John Williams"], "centerDistance": 0.916862, "angle": 5.026548245743669}]