[{"songs": ["Showing Happy To The World", "We're Flyin' High", "Down The Road", "Hearts On Fire", "The Wild Places", "What's Wrong With That", "Wonderland", "Spotlight", "Nobody Knows", "Song 3", "Bare", "...Dust", "Everything Else", "Patricia The Stripper", "Get It Together (Wide Horizon Remix Edit)", "Strong Enough To Break", "Power Of Love", "We Will Rock You (Live)", "All I Want Is Everything", "You Overwhelm Me"], "artists": ["John Wesley", "Smokie", "Bachman-Turner Overdrive", "John Farnham", "Dan Fogelberg", "Richard Marx", "Dexter Freebish", "Dexter Freebish", "Mike & The Mechanics", "Robbie Williams", "Matt Nathanson", "Elvis Costello", "Howie Day", "Chris De Burgh", "Seal", "Hanson", "Smokie", "Robbie Williams", "Jellyfish", "Robert Palmer"], "centerDistance": 0.0067831225000000005, "angle": 0.0}, {"songs": ["I Am Free", "You're My Everything"], "artists": ["Tal Bachman", "Tal Bachman"], "centerDistance": 0.00570675, "angle": 1.2566370614359172}, {"songs": ["Drunken Young Men", "So Turned On"], "artists": ["Willie Wisely", "Willie Wisely"], "centerDistance": 1.0, "angle": 2.5132741228718345}, {"songs": ["Skymtar F\u00f6r En Stund", "L\u00e5tsasv\u00e4rld", "Birds Swim, Fish Fly", "Been There Done That"], "artists": ["Uno Svenningsson", "Patrik Isaksson", "Tim Finn", "Tim Finn"], "centerDistance": 0.0065630775, "angle": 3.7699111843077517}, {"songs": ["When A Woman Cries", "Jeremiah Blues (Part 1)", "What's The Story", "Can't Hold On, Can't Let Go", "I Disagree", "Surviving The Life", "The Man I Wanna Be", "Run Tell John", "La Ultima Noche", "When The Morning Turns To Night", "Burning Up", "Vic And Ray", "Beau's All Night Radio Love Line"], "artists": ["Joshua Kadison", "Sting", "Richard Marx", "Michael Bolton", "East 17", "Neil Diamond", "Peter J\u00f6back", "Daniel Lemma", "Luis Miguel", "Lenny Kravitz", "Eagle-Eye Cherry", "Mark Knopfler", "Joshua Kadison"], "centerDistance": 0.00629583076923077, "angle": 5.026548245743669}]