[{"songs": ["X-Ray Man", "Oo La La", "Must Be Crazy For Me", "The Messenger", "Too Many Heroes", "The Trouble With Me", "Wait", "Why Do I Lie?", "Out Here All Night", "Love Like We Do", "Nothing To Dread", "Great Divide", "Make It Rain", "Devuelveme La Vida", "Hair"], "artists": ["Liz Phair", "Edie Brickell", "Melissa Etheridge", "Edie Brickell", "Maria McKee", "Skin", "K's Choice", "Luscious Jackson", "Damone", "Edie Brickell and New Bohemians", "Noisettes", "The Cardigans", "Anouk", "Ana", "PJ Harvey"], "centerDistance": 0.024318253999999997, "angle": 0.0}, {"songs": ["High Dive", "Could've Been Anyone", "Firecracker", "Sugar", "More Of It", "My Own Private Riot", "Condename", "So Lovely", "Terrified Heart", "Fool To Cry", "Femme Fatale", "Barren Egg (LP Version)"], "artists": ["Maria McKee", "Aimee Mann", "Lisa Loeb", "Heather Nova", "Leigh Nash", "Thea Gilmore", "Mar\u00eda Barracuda", "Lisa Marie Presley", "Poe", "Rainbirds", "Nico", "Jill Sobule"], "centerDistance": 0.030518130833333337, "angle": 1.2566370614359172}, {"songs": ["Say It Like That", "All I Want", "Drift On", "Spark", "Monday Morning Cold (Band)", "Walk Through Me", "A Walk Outside", "Nothing Is Good Enough", "Lost", "Steel", "Shades of Grey", "Anyone But Me", "Hour Of Need", "Why The Fighting", "Chances Are", "Stray Paper", "About Me (Edit)", "Carry Me", "She Moves In Secret Ways", "One Day"], "artists": ["Abra Moore", "Abra Moore", "Butterfly Boucher", "Over the Rhine", "Erin McKeown", "Adrienne Pierce", "Butterfly Boucher", "Aimee Mann", "Sarah McLachlan", "Charlotte Martin", "Amanda Marshall", "Alice Peacock", "Ellie Lawson", "Ellie Lawson", "Sheryl Crow", "Tift Merritt", "Keri Noble", "Patty Griffin", "Polly Paulusma", "Polly Paulusma"], "centerDistance": 0.14055516999999998, "angle": 2.5132741228718345}, {"songs": ["Closer To You", "Where There's A Will", "When Heroes Go Down", "Beneath The Southern Cross", "Room for the Life", "The Kick Inside"], "artists": ["Liz Phair", "Sass Jordan", "Suzanne Vega", "Patti Smith", "Kate Bush", "Kate Bush"], "centerDistance": 0.013989295, "angle": 3.7699111843077517}, {"songs": ["84,000 Different Delusions", "Wash My Hands", "If I Were Brave", "Strange Fire", "Somedays", "Let's Forget About It", "Flaming Red", "Birds of a Feather", "We Dug a Hole", "Sinks Like a Stone", "Snowing", "Born to Hum", "The Beauty of the Rain", "Lazy Days", "So Down", "Right Now", "The Long Goodbye", "Tigers", "Factory", "Fall From Grace"], "artists": ["Shawn Colvin", "Meredith Brooks", "Shawn Colvin", "Indigo Girls", "Meredith Brooks", "Lisa Loeb", "Patty Griffin", "Amy Ray", "Kathryn Williams", "Sonya Kitchell", "Sonya Kitchell", "Erin McKeown", "Dar Williams", "Leona Naess", "Maren Ord", "Miranda Lee Richards", "Miranda Lee Richards", "Rickie Lee Jones", "Martha Wainwright", "Amanda Marshall"], "centerDistance": 0.039015089999999995, "angle": 5.026548245743669}]