[{"songs": ["Ma\u00f1ana", "Aunque Estes Con El", "Hoy El Aire Huele A Ti", "Antro", "Para Alcanzarte", "Todo Lo Que Quiero", "Jam\u00e1s", "dulce bendicion", "Lamento", "Fantasia o realidad", "Buscando", "Salida", "Yo Quiero", "Abriendo Caminos", "Me Basto"], "artists": ["Gloria Trevi", "Luis Fonsi", "Sin Bandera", "Kabah", "Sin Bandera", "OV7", "Kalimba", "Yahir", "Gian Marco", "Alex Ubago", "Kalimba", "Alex Ubago", "Camila", "Diego Torres", "Camila"], "centerDistance": 0.019413185999999995, "angle": 0.0}, {"songs": ["Gata Sin Luna", "Nada De Ti", "Maldita Suerte", "Magangue", "As\u00ed Me Siento Hoy", "4 De Julio", "Canela", "Ojos Negros", "Estamos Todos Solos", "Damelo", "Quiero Que Quieras Volver", "Inolvidable (ROCAsound Mix)", "No Hay Nadie M\u00e1s", "No Hace Falta Un Hombre", "Una Mujer", "Mamacita", "Los Fantasmas", "Voy A America", "Dame Un Beso", "Qu\u00e9date Aqu\u00ed"], "artists": ["Ednita Nazario", "Paulina Rubio", "Victor Manuelle", "Fonseca", "Obie Berm\u00fadez", "Obie Berm\u00fadez", "Carlos Ponce", "Patricia Manterola", "Natalia Oreiro", "Brenda K. Starr", "Patricia Manterola", "Reik", "Reik", "Jaci Velasquez", "Christina Aguilera", "Enrique Iglesias", "Menudo", "Menudo", "Yuri", "Carlos Vives"], "centerDistance": 0.06995095850000001, "angle": 1.2566370614359172}, {"songs": ["Soledad", "Mas All\u00e1"], "artists": ["Bacilos", "Bacilos"], "centerDistance": 0.00181818, "angle": 2.5132741228718345}, {"songs": ["Tras una Tormenta", "Fiesta"], "artists": ["Roser", "Roser"], "centerDistance": 0.00219756, "angle": 3.7699111843077517}, {"songs": ["Quiero Que Me Hagas El Amor", "Por un Beso Tuyo", "Resbala Mojado", "Antes Del Fin", "Esc\u00fachame", "Mar\u00eda", "A\u00fan Pienso En Ti", "Yo puedo hacer", "Enamorada", "Te Voy A Perder", "Si t\u00fa te vas", "Fria Como El Viento", "Desn\u00fadate Mujer", "Es El Amor Quien Llega", "Lo Lamento", "Pedazos De M\u00ed", "Maldita Primavera (Rocasound Bristol Dub)", "Corazon Partido En Dos", "No Te Quiero Nada", "Quiero"], "artists": ["Ednita Nazario", "Tommy Torres", "Puerto Rican Power", "Circo", "Carlos Ponce", "Ricky Martin", "Playa Limbo", "Ricardo Montaner", "M\u00f3nica Naranjo", "Alejandro Fern\u00e1ndez", "Ricky Martin", "Luis Miguel", "Jerry Rivera", "Ana Gabriel", "La Secta Allstar", "La Secta Allstar", "Yuridia", "Puerto Rican Power", "Ha-Ash", "Jerry Rivera"], "centerDistance": 0.090420529, "angle": 5.026548245743669}]