[{"songs": ["Condicion", "Lagrimas De Mi Barrio", "Hay Otra En Tu Lugar", "Maldicion Ranchera", "Te Llevo En Mi Frente", "Gata Salvaje", "En Toda La Chapa", "Nada Contigo", "El jinete", "Pa'Que Me Sirve La Vida (No'Mas Me Aguanto)", "Punalada Trapera", "La Hija De Nadie", "Naci Para Ti", "Te Doy Las Gracias", "Nomas Por Tu Culpa", "Que No Me Olvide", "Echame A Mi La Culpa", "Amor Barato", "Burro", "El Gustito"], "artists": ["Flor Silvestre", "Cornelio Reyna", "Pablo Montero", "Amalia Mendoza", "Cornelio Reyna", "Pablo Montero", "Banda Machos", "Gerardo Reyes", "Miguel Aceves Mej\u00eda", "Lucha Reyes", "Amalia Mendoza", "Yolanda Del Rio", "Gerardo Reyes", "Aida Cuevas", "Juan Valentin", "Bronco", "Amalia Mendoza Con El Mariachi Vargas De Tecalitlan", "Paquita La Del Barrio", "Beck", "Mariachi Los Caporales"], "centerDistance": 0.005199123999999999, "angle": 0.0}, {"songs": ["Cuando Quiere Un Mexicano", "La Noche De Mi Mal", "Con Un Mismo Corazon (A Duo Con Vicente Fernandez)", "Cancion Mexicana", "Llegando A Ti"], "artists": ["Jorge Negrete", "Jos\u00e9 Alfredo Jim\u00e9nez", "Ana Gabriel", "Lucha Reyes", "Lucha Villa"], "centerDistance": 0.0073842660000000004, "angle": 1.2566370614359172}, {"songs": ["El Navegante", "Maria De La Luz", "Sabes de que tengo Ganas"], "artists": ["Chalino Sanchez", "Chalino Sanchez", "Lucha Villa"], "centerDistance": 0.007304133333333334, "angle": 2.5132741228718345}, {"songs": ["Me Vas a Extra\u00f1ar", "Cuando yo queria ser grande", "Tatuajes", "El crimen del expresso"], "artists": ["Pepe Aguilar", "Alejandro Fern\u00e1ndez", "Joan Sebastian", "Chava Flores"], "centerDistance": 0.007070935, "angle": 3.7699111843077517}, {"songs": ["Caminos De Michoacan", "Nada Escrito", "El Muchacho Alegre", "The Free Mexican Airforce", "Que Vuelva", "En El Ultimo Trago"], "artists": ["Federico Villa", "Julio Preciado", "El Piporro", "Flaco Jim\u00e9nez", "Los Diablitos", "Julio Preciado"], "centerDistance": 0.003639188333333333, "angle": 5.026548245743669}]