[{"songs": ["One Word", "Mirror", "Mother", "Watermark", "Prelude", "Echoes", "Deireadh An Tuath", "Atlantia", "Wild Butterfly", "Theme From Silk Road", "Illumination", "Good Morning Ladies", "De' Ojie", "Umi Akari", "Moonlight Magic"], "artists": ["Conjure One", "ERA", "ERA", "Enya", "Vangelis", "Vangelis", "Enya", "Secret Garden", "Balligomingo", "Kitaro", "Secret Garden", "Software", "Software", "HIMEKAMI", "Aeoliah"], "centerDistance": 0.04285092466666665, "angle": 0.0}, {"songs": ["Prism of Life", "Almost Full Moon"], "artists": ["Enigma", "Enigma"], "centerDistance": 0.9660675000000001, "angle": 1.2566370614359172}, {"songs": ["Anica", "Cell Mother"], "artists": ["Uman", "Uman"], "centerDistance": 0.0013335299999999999, "angle": 2.5132741228718345}, {"songs": ["Redemption", "Purify", "I Will Find You", "Theme From Harry's Game", "Trilogy", "Reaching The Ocean", "Om", "Nomads", "Ishmael", "The Storyteller Sleeps", "Crockett's Theme", "Four Worlds", "Voyage Of The Butterfly", "Kneeplay No.9", "Pulstar", "umi no komoriuta", "Cry Nature", "China Town"], "artists": ["Conjure One", "Balligomingo", "Clannad", "Clannad", "ATB", "Cybertribe", "Atman", "Syn\u00e6sthesia", "Enam", "Michael Gettel", "Trance Atlantic Air Waves", "Nicholas Gunn", "Nicholas Gunn", "Johannes Schmoelling", "Trance Atlantic Air Waves", "HIMEKAMI", "Dancing Fantasy", "XCultures"], "centerDistance": 0.011209347055555555, "angle": 3.7699111843077517}, {"songs": ["Freedom Cry", "Simple Obsession", "Snowin' Under My Skin", "Les Feuilles Mortes", "Isfahan Days", "She Moves Through The Fair (HDCD)", "Little Pigeon and Crazy Horse", "Medicine Man"], "artists": ["Deep Forest", "Andru Donalds", "Andru Donalds", "Alain Morisod", "Al Gromer Khan", "B-Tribe", "Cusco", "Cusco"], "centerDistance": 0.01963462175, "angle": 5.026548245743669}]