[{"songs": ["Sweet Lorraine", "I Can't Believe That You're In Love With Me", "Canyon Lady", "I Get A Kick Out Of You"], "artists": ["Johnny Hodges", "Johnny Hodges", "Joe Henderson", "Clifford Brown"], "centerDistance": 0.04754742499999999, "angle": 0.0}, {"songs": ["The Trip", "Salt Song", "If You Could See Me Now", "In Your Own Sweet Way", "Strictly Instrumental", "Half Nelson", "Memories Of You", "Un Poco Loco", "Sky Dive", "Ory's Creole Trombone", "Pennies From Heaven", "Swing 42", "Brownie Speaks", "Went Like It Came", "My Blue Heaven", "Deep River", "Bayou Red (First Version)", "All Night Long", "All the Things You Are", "Get Happy"], "artists": ["Art Pepper", "Stanley Turrentine", "Joe Lovano", "Miles Davis Quintet", "Harry James", "Miles Davis Quintet", "Benny Goodman", "Bud Powell", "Freddie Hubbard", "Louis Armstrong", "The Dave Brubeck Quartet", "St\u00e9phane Grappelli", "Clifford Brown", "Pharoah Sanders", "Oscar Peterson Trio", "Tommy Dorsey", "Andrew Hill", "Sonny Criss", "Sonny Criss", "Frank Morgan"], "centerDistance": 0.029000989499999998, "angle": 1.2566370614359172}, {"songs": ["Rattlers Grove", "Just Enough"], "artists": ["Cannonball Adderley", "Grover Washington Jr."], "centerDistance": 0.027900265, "angle": 2.5132741228718345}, {"songs": ["I'm Old Fashioned", "I've Got You Under My Skin"], "artists": ["Paul Desmond", "Paul Desmond"], "centerDistance": 0.00129471, "angle": 3.7699111843077517}, {"songs": ["Right On", "In My Father's Eyes", "Take You Higher"], "artists": ["Mindi Abair", "Everette Harp", "Euge Groove"], "centerDistance": 0.00104421, "angle": 5.026548245743669}]