[{"songs": ["Butterfly", "12 + 12", "Smash", "Sunrise Sunset", "Sabbath Prayer", "DeGaulle", "Impressions", "Synergy", "Phinupi (24-Bit Mastering) (2002 Digital Remaster)", "Return To Paradise (24-Bit Mastering) (2002 Digital Remaster)", "Hive", "Interlude I (LP Version)", "Soul Intro/The Chicken (Live Version)", "Welcome to Frankfurt", "The Castro Hustle", "A Song for Karen Carpenter", "Bessie's Blues", "Slang (bass solo)", "Remembering (LP Version)", "Float"], "artists": ["Herbie Hancock", "Ron Carter", "Avishai Cohen", "Eddie Gomez", "Eddie Gomez", "Vijay Iyer & Mike Ladd", "McCoy Tyner", "Dave Weckl Band", "Doug Watkins", "Doug Watkins", "John Scofield", "Freddie Hubbard", "Jaco Pastorius Big Band", "Charlie Hunter", "Stuart Hamm", "Charlie Hunter", "Chick Corea Akoustic Band", "Weather Report", "Lenny White", "Wallace Roney"], "centerDistance": 0.026736878000000002, "angle": 0.0}, {"songs": ["Shango", "Coup De Ville"], "artists": ["Gerald Veasley", "Gerald Veasley"], "centerDistance": 0.01601895, "angle": 1.2566370614359172}, {"songs": ["You Can't Hide", "Final Degree"], "artists": ["Abraham LaBoriel", "Abraham LaBoriel"], "centerDistance": 0.0111982, "angle": 2.5132741228718345}, {"songs": ["Dear John", "Echoes"], "artists": ["Brian Bromberg", "Brian Bromberg"], "centerDistance": 0.01573305, "angle": 3.7699111843077517}, {"songs": ["Liz & Opie", "E jam", "Lejos De Usted", "What Is Hip?", "When I Fall In Love", "I Wanna Play For You", "Are You Ready (For The Future)", "Finger prints", "Outdoors", "The Past Is A Different Country, I Don't Live There Anymore", "Trictatism", "Alpha"], "artists": ["Victor Wooten", "Christian McBride", "Christian McBride", "Marcus Miller", "Marcus Miller", "Stanley Clarke", "Stanley Clarke", "Alain Caron", "Jonas Hellborg", "Jonas Hellborg", "Ray Brown", "Charlie Haden Quartet West"], "centerDistance": 0.014381516666666665, "angle": 5.026548245743669}]