[{"songs": ["The Future", "Day to Day Basis", "Tell Me Why", "Psychadelic Phlegm", "Intro", "UK Warriors", "The Nice Up", "Pause 4 Cause", "So Hard", "What Do You Say?", "Hoe!", "Lyrics Of Fury", "The Release Party", "My Life", "Sick 'n' Tired", "The Last Sunshine", "Loving", "Dettrimentally Stable", "Therapy", "Ten Crack Commandments (Amended Album Version)"], "artists": ["Rodney P", "Skinnyman", "Lowkey", "Jehst", "Jehst", "Roots Manuva", "Rodney P", "Roots Manuva", "Blak Twang", "Del", "Del", "Eric B. & Rakim", "Dilated Peoples", "KRS-One", "Ms. Dynamite", "Pigeon John", "Trim", "Monie Love", "Swollen Members", "Notorious B.I.G."], "centerDistance": 0.12359020600000001, "angle": 0.0}, {"songs": ["Square Beamer", "Stopclock"], "artists": ["Fallacy", "Fallacy"], "centerDistance": 0.8972865, "angle": 1.2566370614359172}, {"songs": ["Question", "What R U Dark Remix Instrumental", "Has It Come to This? (live in France)", "Better Not Waste My Time", "The Maggot", "Self Destruct", "Find A Way", "Song for Kelly", "Tommy C", "Banana Skit", "What We Made (Dirty Version)", "Beware Of The Boys (Mundian To Bach Ke)", "Just Like Me"], "artists": ["Klashnekoff", "Oxide & Neutrino", "The Streets", "N-Dubz", "Goldie Lookin' Chain", "Ms. Dynamite", "Big Brovaz", "Goldie Lookin' Chain", "Dan Le Sac vs Scroobius Pip", "M.I.A.", "Example", "Panjabi MC", "Jamie Foxx"], "centerDistance": 0.0256729876923077, "angle": 2.5132741228718345}, {"songs": ["It's Over", "Back in the Day", "Pononee Girl", "Adrenaline", "Fellowship", "Pity Of War Interlude", "He's Gangsta", "Case Closed", "Ink My Whole Body"], "artists": ["Skinnyman", "Mark B & Blade", "Infinite Livez", "Swollen Members", "Binary Star", "Jedi Mind Tricks", "Dooley-O", "Tonedeff", "Wiz Khalifa"], "centerDistance": 0.06530820555555553, "angle": 3.7699111843077517}, {"songs": ["Gardening", "Broken"], "artists": ["Skill Mega", "Skill Mega"], "centerDistance": 0.00650883, "angle": 5.026548245743669}]