[{"songs": ["Murder Ink", "Lil' Ghetto Boy", "One More Road To Cross", "One Day", "GO!", "Paid In Full", "Hardcore", "The Gangsta, The Killa And The Dope Dealer", "I Know You Got Soul", "She Luv It"], "artists": ["Dr. Dre", "Dr. Dre", "DMX", "UGK", "Common", "Eric B. & Rakim", "Redman", "Westside Connection", "Eric B. & Rakim", "UGK"], "centerDistance": 0.0179270985, "angle": 0.0}, {"songs": ["Wanksta", "I Got 5 On It", "Comin' Real Again", "Adrenaline", "Everywhere I Go", "Wife 4 Life", "Umi Says", "Fight Music", "Family Business", "You Gotta Have Heart", "Remember That", "Suicide", "Guess Who's Back", "Freedom of Speech", "D-Low", "10,000 Times", "Beware", "Set It Off", "For Da Low", "Slap"], "artists": ["50 Cent", "Luniz", "MC Breed", "Mobb Deep", "Blaze Ya Dead Homie", "4th Avenue Jones", "Mos Def", "D12", "Kanye West", "Westside Connection", "Rakim", "Jedi Mind Tricks", "Rakim", "Immortal Technique", "Blac Haze", "Blu Cantrell", "Big Punisher", "Kardinal Offishall", "Rick Ross", "Ludacris"], "centerDistance": 0.003987024900000001, "angle": 1.2566370614359172}, {"songs": ["Cali Sunshine (Feat. Bilal)", "Don't Mess With Me", "Evil E - What About Sex?", "Shakedown", "IT'S DANGER", "Upside Down", "Hood In Ya Life"], "artists": ["The Game", "Lil' Kim", "Ice-T", "Roscoe", "Yukmouth", "San Quinn", "Kurupt & Roscoe"], "centerDistance": 0.006309317571428572, "angle": 2.5132741228718345}, {"songs": ["No Endz, No Skinz", "Holla", "Intro", "Here Comes Tecca Nina", "ATLiens", "Intro", "Hood Took Me Under", "Dominant Species", "Rebel Without A Pause"], "artists": ["Big L", "Busta Rhymes", "Tech N9ne", "Tech N9ne", "OutKast", "Jedi Mind Tricks", "Compton's Most Wanted", "Immortal Technique", "Public Enemy"], "centerDistance": 0.015715707222222222, "angle": 3.7699111843077517}, {"songs": ["Flamboyant", "Blow My Buzz", "Adrenaline Rush"], "artists": ["Big L", "D12", "Obie Trice"], "centerDistance": 0.03533448333333333, "angle": 5.026548245743669}]