[{"songs": ["The Shepherd And The Sheep Dog", "Anti-Happy", "Temptations", "Parables", "Barhoppin'", "The Grill", "Clout", "The Shining", "Weird", "Michael's", "Krazy Kings", "Watch How It Go Down (Produced by DJ Premier)", "My Knuckles", "Paper Plates", "Us", "Dance the Frantic (feat. Pigeon John & Toni Hill)", "Ain't Shit Changed Feat. Lawrence Arnell", "Aristotle's Dilemma", "At The Helm", "Unity (Produced by R.Thentic)"], "artists": ["Third Sight", "Third Sight", "Freestyle Fellowship", "Abstract Rude", "Hangar 18", "Obscure Disorder", "S.A. Smash", "The Away Team", "S.A. Smash", "Pugslee Atomz", "Company Flow", "Termanology", "Vordul Mega", "Serengeti", "Grayskul", "Grayskul", "Vinnie Paz", "Vinnie Paz", "HIEROGLYPHICS", "Wordsworth"], "centerDistance": 0.007089509000000001, "angle": 0.0}, {"songs": ["Neva Grow Up", "Split Personality (ES Vs. The God Awful)", "Explosive", "C.P.R."], "artists": ["Krumbsnatcha", "7L & Esoteric", "Diverse", "K-Otix"], "centerDistance": 0.0067750475, "angle": 1.2566370614359172}, {"songs": ["That's Coke", "Bad News", "H.B.T.", "As the Wheel Turns (Instrumental)", "Why"], "artists": ["La Coka Nostra", "Latyrx", "Copywrite", "Nicolay & Kay", "Fashawn"], "centerDistance": 0.00685061, "angle": 2.5132741228718345}, {"songs": ["American Gothic", "Dear Life"], "artists": ["Vakill", "Vakill"], "centerDistance": 0.006645705, "angle": 3.7699111843077517}, {"songs": ["Solar Powered", "Nothing But Time", "Inside", "Testimony"], "artists": ["Binary Star", "Kenn Starr", "Kenn Starr", "Declaime"], "centerDistance": 0.0066625025000000004, "angle": 5.026548245743669}]