[{"songs": ["It's Over", "Do You Sleep?", "Drop Dead Gorgeous", "When We Are Together", "White (Heartbreak Remix)", "Picture Me", "So Hard", "If I Know You", "I'm Still in Love", "I Believe", "Pollyanne", "Wishing I Was There", "Torn", "The Game Is Won", "Watched You Fall", "Lonely Girl", "Never Ever (All Star remix)", "What If...", "Promises", "When I Get Back To The Shore"], "artists": ["Lisa Loeb", "Lisa Loeb", "Republica", "Texas", "Charlotte Hatherley", "Republica", "Voice of the Beehive", "Nerina Pallot", "Voice of the Beehive", "Marcella Detroit", "Meredith Brooks", "Natalie Imbruglia", "Natalie Imbruglia", "Lucie Silvas", "Meredith Brooks", "Sandi Thom", "All Saints", "The Lightning Seeds", "Billie Piper", "Thea Gilmore"], "centerDistance": 0.04816675499999999, "angle": 0.0}, {"songs": ["Me Hostage", "Shiny Black Taxi Cab"], "artists": ["Shampoo", "Shampoo"], "centerDistance": 0.048672599999999996, "angle": 1.2566370614359172}, {"songs": ["I'm Freaking Out", "Cakewalk (Demo version)"], "artists": ["Wendy James", "Wendy James"], "centerDistance": 0.00109845, "angle": 2.5132741228718345}, {"songs": ["She Walks Beautiful", "Walking Out"], "artists": ["Amy Studt", "Amy Studt"], "centerDistance": 0.0513125, "angle": 3.7699111843077517}, {"songs": ["The Golden Rule", "Stone In My Shoe", "Arienne", "Right Here", "Never Happy", "I'm Worth It", "Whispers", "The Windmills Of Your Mind", "God Bless The Child", "Goin' Down", "Afterglow"], "artists": ["Alisha's Attic", "Alisha's Attic", "Tasmin Archer", "Lucie Silvas", "Sin\u00e9ad Quinn", "Sin\u00e9ad Quinn", "Fairground Attraction", "Sharleen Spiteri", "Sharleen Spiteri", "Melanie C", "Natascha Sohl"], "centerDistance": 0.20496551363636356, "angle": 5.026548245743669}]