[{"songs": ["That Old Black Magic", "Pra dizer adeus", "Coisa Mais Linda", "Samba de Verao", "Berimbau", "Wave", "Sandalia Dela", "Next Year, Baby", "Corcovado", "Summer Samba", "Desde que o Samba e Samba", "La Puerta", "Insensatez", "Suspeita (Stephane Malca Remix)", "Besame Mucho", "It's Only Love", "Me liga", "\u00e1gua de beber", "Menininha do port\u00e3o", "Mas Que Nada"], "artists": ["Jo\u00e3o Donato", "Edu Lobo", "Carlos Lyra", "Marcos Valle", "Baden Powell", "Gal Costa", "Duke Pearson", "Celso Fonseca", "Luciana Souza", "Walter Wanderley", "Caetano Veloso & Gilberto Gil", "Nana Caymmi", "Jair Rodrigues", "The Ipanemas", "Tania Maria", "Tania Maria", "Cris Delanno", "Toninho Horta", "Maria Rita", "Ana Caram"], "centerDistance": 0.12406578500000003, "angle": 0.0}, {"songs": ["Vitrine Carioca", "Nostalgia"], "artists": ["M\u00e1rcio Faraco", "M\u00e1rcio Faraco"], "centerDistance": 0.00242254, "angle": 1.2566370614359172}, {"songs": ["E Ai?", "O grande amor", "Batida Diferente", "Dindi", "O Pato", "Samba De Duas Notas", "Meditacao", "Quem Quiser Encontrar O Amor", "Retrato Em Branco E Preto", "Ela e Carioca", "Caminhos Cruzados", "Over the Rainbow", "The Night We Called It A Day", "Tanto Tempo", "Next to You", "And Roses And Roses", "Lua", "So Finha De Ser Com Voce", "A Beira Mar", "E"], "artists": ["Johnny Alf", "Johnny Alf", "Roberto Menescal", "Sylvia Telles", "Rosa Passos", "Luiz Bonf\u00e1", "Jo\u00e3o Gilberto", "Tamba Trio", "Rosa Passos", "Eliane Elias", "Leila Pinheiro", "Pery Ribeiro", "Celso Fonseca", "Bebel Gilberto", "Bebel Gilberto", "Astrud Gilberto", "Ive Mendes", "Astrud Gilberto", "Ive Mendes", "Bossa Tres"], "centerDistance": 0.1355203955, "angle": 2.5132741228718345}, {"songs": ["Feitinha P'ro Poeta", "Cheirando Fumaca"], "artists": ["Jongo Trio", "Jongo Trio"], "centerDistance": 0.0025339, "angle": 3.7699111843077517}, {"songs": ["In\u00fatil Paisagem", "Lobo Bobo", "Samba de Ver\u00e3o", "Soneto De Separa\u00e7\u00e3o", "S\u00f3 Me Fez Bem", "Pela Luz Dos Olhos Teus", "De Conversa Em Conversa", "Corcovado", "Tim Dom Dom", "Carta Ao Tom 74", "Garota de Ipanema", "Lobo Bobo", "Dia Das Rosas", "S\u00f3 Em Teus Bra\u00e7os", "Instante de Dois", "Garota De Ipanema", "Consumir E Viver"], "artists": ["Os Cariocas", "Carlos Lyra", "Roberto Menescal", "Vin\u00edcius de Moraes", "Edu Lobo", "Vin\u00edcius de Moraes", "Jo\u00e3o Gilberto", "Nara Le\u00e3o", "Jorge Ben", "Toquinho", "Jair Rodrigues", "Wilson Simonal", "Maysa", "Nana Caymmi", "Cibelle", "Pery Ribeiro", "Paulinho da Viola"], "centerDistance": 0.14082364058823532, "angle": 5.026548245743669}]