[{"songs": ["Evil Will Prevail [Live on KCRW \"Brave New World\"] [Previously Unreleased]", "War News Blues", "Pig On Her Head", "I Know A Chicken", "Shoo Fly", "How Long How Long", "Iwiwal", "Electric To Me Turn", "Make and Break Harbour", "More Bacon Than the Pan Can Handle", "Look Out, There's a Monster Coming", "Be Like You", "Wednesday (No Se Apoye)", "Stop Performing", "September 11th at the Shambhala Center", "Come Back to Shelby", "Sometimes", "Boom Boom Pow", "Camaro", "Johnny Saucep'N"], "artists": ["The Flaming Lips", "Lightnin' Hopkins", "Laurie Berkner", "Laurie Berkner", "Elizabeth Mitchell", "Blind Lemon Jefferson", "Loudon Wainwright III", "Bruce Haack", "Stan Rogers", "Mike Doughty", "The Bonzo Dog Band", "Asylum Street Spankers", "Mike Doughty", "The Roches", "The Roches", "Two Cow Garage", "Camper Van Beethoven", "Kidz Bop Kids", "Two Cow Garage", "Moxy Fr\u00fcvous"], "centerDistance": 0.0009492135, "angle": 0.0}, {"songs": ["Peanut-Butter Sandwich"], "artists": ["Shel Silverstein"], "centerDistance": 1.0, "angle": 1.2566370614359172}, {"songs": ["When I Get My Wings", "Ride Me Down Easy"], "artists": ["Billy Joe Shaver", "Billy Joe Shaver"], "centerDistance": 0.00483227, "angle": 2.5132741228718345}, {"songs": ["Day Care Blues", "I Think I'll Need a Bandaid"], "artists": ["Trout Fishing in America", "Trout Fishing in America"], "centerDistance": 0.000516292, "angle": 3.7699111843077517}, {"songs": ["Santa Got Arrested"], "artists": ["The Arrogant Worms"], "centerDistance": 0.000519383, "angle": 5.026548245743669}]