[{"songs": ["These Arms Of Mine", "(Ain't That) Good News", "This Old Heart Of Mine (Is Weak For You)", "You're The Man - Pts. I & II", "Hold On I'm Comin'", "There's A Ghost In My House", "Soul Sister, Brown Sugar", "Knock On Wood", "It's Raining", "Don't Mess With My Man", "When She Was My Girl", "I Found That Girl", "What's Going On", "Pastime Paradise", "You Can Come Right Back To Me", "Bless You"], "artists": ["Otis Redding", "The Supremes", "The Isley Brothers", "Marvin Gaye", "Sam & Dave", "R. Dean Taylor", "Sam & Dave", "Eddie Floyd", "Irma Thomas", "Irma Thomas", "The Four Tops", "The Jackson 5", "The Undisputed Truth", "Stevie Wonder", "David Ruffin", "Martha Reeves & The Vandellas"], "centerDistance": 0.22651906249999998, "angle": 0.0}, {"songs": ["Try A Little Tenderness", "Love Is Better In The A.M. (Part 1 & 2)", "Meet Me In Church", "Hey Lordy", "Rescue My Heart", "Play A Song For Me"], "artists": ["Brook Benton", "Johnnie Taylor", "Bobby Marchan", "Bobby Taylor", "The Monitors", "Major Lance"], "centerDistance": 0.08166558333333333, "angle": 1.2566370614359172}, {"songs": ["Reconsider Baby", "If It's in You to Do Wrong", "(It's Wonderful) The Love I Feel For You", "You Ain't Nothin' But A Nothin'", "I Feel For You", "Baby Shake", "I'm Glad You're Back", "Baby, Won't You Please Come Home?"], "artists": ["Ike & Tina Turner", "The Impressions", "Dee Dee Sharp", "Dee Dee Sharp", "Mary Wells", "Eddie Holland", "Gary \"U.S.\" Bonds", "Ray Charles"], "centerDistance": 0.34890957499999997, "angle": 2.5132741228718345}, {"songs": ["Money (That's What I Want)", "My Guy", "Do You Love Me", "Ego Tripping Out", "Since I Met You Baby", "Hold What You've Got", "The Monkey Time", "Hey Little Girl", "The Heartache Is Gone", "Together 'Til The End Of Time", "You're Pouring Water On A Drowning Man", "Try Me", "I've Been Good To You", "Do The Boomerang", "Can't Stop Now (Love Is Calling)", "It's A Pleasure", "You Can't Keep A Good Man Down", "Just To Keep You Satisfied", "Signal Your Intention"], "artists": ["Barrett Strong", "Mary Wells", "The Contours", "Marvin Gaye", "Ivory Joe Hunter", "Joe Tex", "Major Lance", "Dee Clark", "Bettye Swann", "Brenda Holloway", "Percy Sledge", "James Brown", "Brenda Holloway", "Jr. Walker & The All Stars", "Tammi Terrell", "Frances Nero", "James & Bobby Purify", "The Monitors", "Kim Weston"], "centerDistance": 0.2176648157894736, "angle": 3.7699111843077517}, {"songs": ["I'm Just A Prisoner", "Bo Diddley", "Way Down South Where the Blues Began", "Fingertips, Part 2", "Working in a Coalmine", "Nothing Can Stop Me", "Getting Mighty Crowded", "Brazil", "Satisfaction Guaranteed (Or Take Your Love Back)", "Good Timin'", "Speedoo", "Please Don't Be Mad", "I Couldn't Stop Loving You", "That Day When She Needed Me", "You're Gonna Need Me", "Gonna Keep On Tryin' Till I Win Your Love", "You Can Have Her", "In The Jailhouse Now", "Marionette", "Tell It Like It Is"], "artists": ["Candi Staton", "Bo Diddley", "Big Maybelle", "Stevie Wonder", "Lee Dorsey", "Gene Chandler", "Betty Everett", "The Coasters", "Harold Melvin & The Blue Notes", "Jimmy Jones", "The Cadillacs", "Bobby Rydell", "Brenton Wood", "The Contours", "Barbara Lynn", "Edwin Starr", "Clarence \"Frogman\" Henry", "Clarence \"Frogman\" Henry", "The Marvelettes", "Aaron Neville"], "centerDistance": 0.15414789, "angle": 5.026548245743669}]