[{"songs": ["Skeleton Boy", "Lovesick", "Hearts On Fire", "Paris Is Burning", "Doubt", "Burial", "One Life Stand", "The Reeling", "Folds In Your Hands", "Song for No One", "Come Back Home", "Electric Feel", "Remain", "Dawn Of The Dead", "Symphonies", "Kids", "Walking On A Dream", "Fader", "Love Lost"], "artists": ["Friendly Fires", "Friendly Fires", "Cut Copy", "Ladyhawke", "Delphic", "Miike Snow", "Hot Chip", "Passion Pit", "Passion Pit", "Miike Snow", "Two Door Cinema Club", "MGMT", "Delphic", "Does It Offend You, Yeah?", "Dan Black", "MGMT", "Empire Of The Sun", "The Temper Trap", "The Temper Trap"], "centerDistance": 0.07413332368421052, "angle": 0.0}, {"songs": ["Stars Come Out"], "artists": ["Calvin Harris"], "centerDistance": 1.0, "angle": 1.2566370614359172}, {"songs": ["The Rain"], "artists": ["Calvin Harris"], "centerDistance": 0.994102, "angle": 2.5132741228718345}, {"songs": ["Won't Go Quietly", "Remedy", "3 Little Words", "In Step", "Pjanoo", "Acapella", "Hey Boy Hey Girl", "Flux", "Superstylin'", "Left My Heart In Tokyo", "Riverside", "Starz In Their Eyes", "One More Chance", "Get Shaky", "Fight For This Love", "Call On Me", "God Is A DJ", "Insomnia", "Ooh La La", "MCs Can Kiss"], "artists": ["Example", "Little Boots", "Frankmusik", "Frankmusik", "Eric Prydz", "Kelis", "The Chemical Brothers", "Bloc Party", "Groove Armada", "Mini Viva", "Sidney Samson", "Just Jack", "Bloc Party", "The Ian Carey Project", "Cheryl Cole", "Eric Prydz", "Faithless", "Faithless", "Goldfrapp", "Uffie"], "centerDistance": 0.102118605, "angle": 3.7699111843077517}, {"songs": ["Raindrops", "The Girl and the Robot", "Romeo", "DVNO", "I Believe", "Audacity Of Huge", "Pogo", "In My Arms", "Paris Four Hundred", "My People", "Zdarlight", "Bonafied Lovin' (Tough Guys)", "Talk Like That", "Lover", "Come Together", "Call Me Up"], "artists": ["Basement Jaxx", "R\u00f6yksopp", "Basement Jaxx", "Justice", "Simian Mobile Disco", "Simian Mobile Disco", "Digitalism", "Mylo", "Mylo", "The Presets", "Digitalism", "Chromeo", "The Presets", "Pnau", "Pnau", "Chromeo"], "centerDistance": 0.08972326874999999, "angle": 5.026548245743669}]