[{"songs": ["A Night in Tunisia", "Chinq Miau", "These Foolish Things", "Surrey With the Fringe on Top", "Stranger In Town", "One Cylinder", "Autumn Leaves", "Tumbleweed", "The Third World", "Hey Now", "Blues Etude", "Step Tempest", "On Green Dolphin Street", "Autumn In New York", "You'd Be So Nice To Come Home To"], "artists": ["Art Blakey & The Jazz Messengers", "Yusef Lateef", "Lennie Tristano", "Ahmad Jamal", "Paul Desmond", "Lou Donaldson", "Ahmad Jamal", "Michael Brecker", "Herbie Nichols", "Red Garland", "Oscar Peterson", "Herbie Nichols", "Red Garland", "Bobby Timmons", "Jim Hall"], "centerDistance": 0.02862855666666667, "angle": 0.0}, {"songs": ["Parisian Thoroughfare", "Are You Real", "Punjab", "Inanout", "Rockin' Chair", "Slow Freight", "Out Of Nowhere", "Seed Shack", "Gone With The Wind", "Darn That Dream"], "artists": ["Bud Powell", "Art Blakey & The Jazz Messengers", "Pepper Adams", "Pepper Adams", "Ray Bryant", "Ray Bryant", "James Moody", "Gene Ammons", "Lucky Thompson", "Gerry Mulligan Quartet"], "centerDistance": 0.0291890398, "angle": 1.2566370614359172}, {"songs": ["Waltz Me Blues", "Once In a While", "Yearnin'", "Butch And Butch", "Blue Friday", "Full House", "Blues On The Corner", "Evonce", "But Beautiful"], "artists": ["Art Pepper", "Art Blakey", "Oliver Nelson", "Oliver Nelson", "Kenny Dorham", "Wes Montgomery", "McCoy Tyner", "Thelonious Monk", "Freddie Hubbard"], "centerDistance": 0.16190416666666665, "angle": 2.5132741228718345}, {"songs": ["Jazz Me Blues", "I'm An Old Cowhand", "Work Song", "Candy", "This Is for Benny", "Five Months from Midnight", "Swingin' at the Haven", "Trane's Blues", "Half Nelson"], "artists": ["Art Pepper", "Sonny Rollins", "Cannonball Adderley", "Lee Morgan", "Sonny Criss", "Michael Brecker", "Branford Marsalis", "Miles Davis Quintet", "Miles Davis Quintet"], "centerDistance": 0.15089844444444447, "angle": 3.7699111843077517}, {"songs": ["Old Folks", "Isotope", "Little Sheri", "Koto Song", "Mood Indigo", "Blackbird, Bye Bye", "Flight of the Foo Birds", "My Funny Valentine", "All Or Nothing At All", "What Game Shall We Play Today", "As Long As There's Music"], "artists": ["Kenny Dorham", "Joe Henderson", "Stanley Turrentine", "Dave Brubeck", "Johnny Hodges", "Keith Jarrett Trio", "Count Basie", "Bill Evans & Jim Hall", "John Coltrane Quartet", "Chick Corea", "Cedar Walton"], "centerDistance": 0.022381558090909092, "angle": 5.026548245743669}]