[{"songs": ["Into My Arms", "Seele in Not", "Obscura", "Baptisma", "Demon", "Sweet", "Bad Trash", "Murderous Trap", "Ich Glaub' An Dich!", "Intro", "Sumer", "I Am With You", "Die Macht in dir", "Die Wirklichkeit", "Destroy Me", "Get Away", "Human Error", "Tyberi Folla", "Shadow", "Noisy Awareness"], "artists": ["Deine Lakaien", "Lacrimosa", "The Beauty of Gemina", "Sopor Aeternus & The Ensemble Of Shadows", "London After Midnight", "Switchblade Symphony", "Switchblade Symphony", "Frozen Plasma", "Illuminate", "Illuminate", "Qntal", "Rotersand", "Zeraphine", "Zeraphine", "Unter Null", "Terminal Choice", "Combichrist", "Leandra", "Apoptygma Berzerk", "Leandra"], "centerDistance": 0.07064489999999998, "angle": 0.0}, {"songs": ["Odyssey Asylum", "My Shadows"], "artists": ["Diary of Dreams", "Deine Lakaien"], "centerDistance": 0.574167, "angle": 1.2566370614359172}, {"songs": ["Advance", "My Despair", "Brother against Brother", "Kings Men Come", "The Sweet Life", "Smell the Witch", "Show Me the Way", "Hexenpolizei", "Sind so kleine H\u00e4nde", "This Great Design", "Symphonie de la Morgue Souterraine", "Breathe", "Ego", "Virtual Love", "Back in the Moment (feat. Joachim Witt)", "Desire", "Transcend (Liquid Club Mix by Parallel)", "Manifesto (Fast Forward Mix)", "Nightmare"], "artists": ["Diorama", "In Strict Confidence", "L'\u00c2me Immortelle", "The Beauty of Gemina", "Veljanov", "Mortiis", "Alien Vampires", "Santa Hates You", "Stendal Blast", "Attrition", "Psychopomps", "Technoir", "Otto Dix", "Otto Dix", "Angelzoom", "Gary Numan", "God Module", "Technoir", "The SlimP"], "centerDistance": 0.04592286, "angle": 2.5132741228718345}, {"songs": ["Deorganized Dreams", "Mindshadow (v2)"], "artists": ["November Process", "November Process"], "centerDistance": 0.002133395, "angle": 3.7699111843077517}, {"songs": ["Frozen In Me", "Close behind you", "Inferno", "Traveling Son", "Let Me Destroy You (Feat. Deranged Psyche Of Nebula-H)", "In Die Einsamkeit"], "artists": ["Agonised by Love", "Agonised by Love", "Ego Likeness", "Ego Likeness", "Neikka RPM", "Girls Under Glass"], "centerDistance": 0.035308058333333336, "angle": 5.026548245743669}]