[{"songs": ["Dime, Quarter, Nickel, Penny", "Servin' tha Fiends", "Get Your Roll On", "Screw Dat (Screwed & Chopped)", "Intro", "Walk It Out", "23 Hr. Lock Down", "Aye", "Let me get that!", "Drop It Off", "Nothing Is Promised feat. Yung Joc (Explicit Album Version)", "The Porch 3", "Sample Dat Ass", "We Thuggin' (Explicit Album Version)", "The Fuck Up (Interlude)", "Magno, Ya Heard", "Oh Baby Flow", "Only Real N....", "Tight Whips", "Ridin' Big part II"], "artists": ["Nappy Roots", "Bone Thugs-N-Harmony", "Big Tymers", "Mike Jones", "Petey Pablo", "Unk", "Ying Yang Twins", "Huey", "Diamond", "Lil Wyte", "Boyz N da Hood", "Project Pat", "Chingy Featuring Murphy Lee", "Boyz N da Hood", "Fat Joe", "Magno", "Magno", "Soulja Slim", "504 Boyz", "Pastor Troy"], "centerDistance": 0.09169165, "angle": 0.0}, {"songs": ["Tuck Ya Ice [feat. Baby] [Explicit Album Version]", "Where Is Da Bud Part 2", "intro/notebook paper", "Stuntin'", "Stunna Shades Flow", "So Real So Right"], "artists": ["Trick Daddy", "Three 6 Mafia", "Huey", "Jibbs", "Kiotti", "Shawnna"], "centerDistance": 0.012643399999999999, "angle": 1.2566370614359172}, {"songs": ["I Do It - New", "Southern Gorillas"], "artists": ["Bone Crusher", "Bone Crusher"], "centerDistance": 0.011713, "angle": 2.5132741228718345}, {"songs": ["Got 'Em Hatin' (Explicit Album Version)", "Comin' Your Direction", "Do Something (Amended Album Version)"], "artists": ["Plies", "Lil Wyte", "Gorilla Zoe"], "centerDistance": 0.012400566666666668, "angle": 3.7699111843077517}, {"songs": ["Do Dat", "Tell Me Why (H&F Explicit Album Version)", "Gotta Getcha (Edited Version)", "BYOB (Explicit Album Version)", "Presenting Dungeon Family", "Curtains (DF 2nd Generation)", "Meal", "Feel My Pain", "Life or Death", "We The Truth", "We The Ones", "Cold Hard World", "Big Body 24's"], "artists": ["Petey Pablo", "8Ball & MJG", "Jermaine Dupri", "Yung Joc", "Dungeon Family", "Dungeon Family", "Rocko", "C-Murder", "C-Murder", "Big Tuck", "Al Kapone", "MJG", "MJG"], "centerDistance": 0.012372353846153848, "angle": 5.026548245743669}]