[{"songs": ["If You Want It", "Intro", "Stz'll Got It", "Tha Nigga", "Twitted", "Untouchable", "Back In The Days", "Trouble", "Anything You Want", "She's So Tight", "Bang Bang", "Luv 4 Me", "It's Easy", "Straight Boss", "Ko Rock Stuff", "I Got A Cold", "Automobile (Feat. Eazy-E)", "Come Together", "Homicide", "Humps for the Blvd."], "artists": ["2nd II None", "2nd II None", "Lil 1/2 Dead", "Richie Rich", "Richie Rich", "Above the Law", "I.M.P.", "Roscoe", "Mr. Capone-E", "The Conscious Daughters", "Ya Boy", "Killa Tay", "Ya Boy", "Crooked I", "King Tee", "King Tee", "N.W.A featuring Eazy-E", "Kid Frost", "Kid Frost", "Rodney O & Joe Cooley"], "centerDistance": 0.018746054000000005, "angle": 0.0}, {"songs": ["Light Speed", "Bitch Niggaz"], "artists": ["Dr. Dre", "Dr. Dre"], "centerDistance": 0.0843874, "angle": 1.2566370614359172}, {"songs": ["Ol' English", "Wild West", "Live On The Mic", "Don't Do That", "Armed & Dangerous (Explicit)", "Love LA (Original Version)", "Joyride", "All Caught Up", "Addiction", "Agent 187", "Holla Boyz Outro"], "artists": ["The Game", "South Central Cartel", "Kurupt", "Soopafly", "Mack 10", "Knoc-Turn'Al", "Mr. Capone-E", "The Conscious Daughters", "Macadoshis", "Killa Tay", "Shade Sheist"], "centerDistance": 0.008080156363636362, "angle": 2.5132741228718345}, {"songs": ["Street Scene (LP Version)", "The New Jazz (One) (LP Version)"], "artists": ["Digital Underground", "Digital Underground"], "centerDistance": 0.00126476, "angle": 3.7699111843077517}, {"songs": ["And Ya Don't Stop", "Born and Raised In Compton", "We Want Eazy", "Jack Mode", "At The Speed Of Life", "X", "The Gangsta, The Killa And The Dope Dealer", "Duck Sick II", "Playas Wit Da Choppas", "Menace To Society", "Ain't No Playa", "Bow Down", "Game (Interlude)", "Why You Wanna Act This Way", "One More Road To Cross", "Season Of Da Sicc", "Hold Me Down", "Play 4G", "Drug Wars", "The Hooride"], "artists": ["Warren G", "DJ Quik", "Eazy-E", "Compton's Most Wanted", "Xzibit", "Xzibit", "Westside Connection", "Compton's Most Wanted", "Mac Mall", "Above the Law", "Rappin' 4-Tay", "Westside Connection", "Luniz", "Soopafly", "DMX", "Brotha Lynch Hung", "50 Cent", "C-Bo", "Hollow Tip", "Hollow Tip"], "centerDistance": 0.08803005300000001, "angle": 5.026548245743669}]