[{"songs": ["Do Wrong Shoes", "You're Nearer"], "artists": ["Jackie Allen", "Jackie Allen"], "centerDistance": 0.0007717785, "angle": 0.0}, {"songs": ["Move (2006 Digital Remaster)", "Time Line", "Madcap", "Circus", "Choro Para Contrabaixo"], "artists": ["Art Taylor", "Peter Herbolzheimer Rhythm Combination & Brass", "Peter Herbolzheimer Rhythm Combination & Brass", "Rudresh Mahanthappa", "Zimbo Trio"], "centerDistance": 0.0005239515999999999, "angle": 1.2566370614359172}, {"songs": ["I Love You", "Come Together", "Walkin' Up", "The Prophet", "Jeannine (Live)", "My Foolish Heart", "Ill Wind", "Since I Fell For You", "A Heavy Town", "Changing Tides (LP Version)", "Easy Living", "angel eyes", "The Look Of Love", "To Life", "Agua Dulce (Sweetwater) (Digitally Remastered 99)", "You Do Something To Me", "White Christmas (LP Version)", "I've Got You Under My Skin", "What Will I Tell My Heart?", "You'd Be So Nice To Come Home To"], "artists": ["Brian Bromberg", "Brian Bromberg", "Bill Evans", "Stefon Harris", "Donald Byrd", "Charlie Haden", "Oscar Peterson", "Lee Morgan", "The Blackbyrds", "Brian Culbertson", "Clifford Brown", "O'Donel Levy", "The Three Sounds", "Eddie Gomez", "The Jazz Crusaders", "Sonny Rollins", "James Carter", "Paul Desmond", "David Sanborn", "Jim Hall"], "centerDistance": 0.00523452955, "angle": 2.5132741228718345}, {"songs": ["Kids Are Pretty People", "Thursday's Lullaby"], "artists": ["Hank Jones", "Benny Green"], "centerDistance": 0.0004629835, "angle": 3.7699111843077517}, {"songs": ["My Funny Valentine", "How Long Has This Been Going On", "La Vie En Rose"], "artists": ["Ron Carter", "Ike Quebec", "Jacky Terrasson"], "centerDistance": 0.33368918433333333, "angle": 5.026548245743669}]