[{"songs": ["Red Eye", "You Stop My Heart", "The Impossible", "Until The End Of Time", "Teach Him", "Naked", "1st & Love", "I Need Love", "Everything To Me", "Un-thinkable (I'm Ready)", "Energy", "Part Of The List", "Roger That", "Birthday Sex", "Pretty Wings", "One Shot", "Here I Am", "Heaven Sent", "Whatcha Say", "Ms. Parker"], "artists": ["Amerie", "Melanie Fiona", "Mariah Carey", "Justin Timberlake", "Melanie Fiona", "Marques Houston", "Brandy", "Robin Thicke", "Monica", "Alicia Keys", "Keri Hilson", "Ne-Yo", "Young Money", "Jeremih", "Maxwell", "JLS", "Monica", "Keyshia Cole", "Jason Der\u00fclo", "Young Money"], "centerDistance": 0.023166699000000002, "angle": 0.0}, {"songs": ["Lucky Me"], "artists": ["Chris Brown"], "centerDistance": 1.0, "angle": 1.2566370614359172}, {"songs": ["Famous Girl"], "artists": ["Chris Brown"], "centerDistance": 0.977693, "angle": 2.5132741228718345}, {"songs": ["Sweet Memories", "Deep Inside", "Freak Like Me (lp version)", "When You Comin' Back To Me", "French Kissing", "Average Man", "Cozy", "Don't Cry For Me"], "artists": ["Lisa Stansfield", "Patra", "Adina Howard", "Brenda Russell", "Sarah Connor", "Des'ree", "Next", "Brownstone"], "centerDistance": 0.00088617725, "angle": 3.7699111843077517}, {"songs": ["Wait Your Turn", "Fire Bomb", "Doesn't Mean Anything", "Scared Of Lonely", "Smash Into You", "Imma Be", "Outta My Head"], "artists": ["Rihanna", "Rihanna", "Alicia Keys", "Beyonc\u00e9", "Beyonc\u00e9", "Black Eyed Peas", "Leona Lewis"], "centerDistance": 0.004475555714285714, "angle": 5.026548245743669}]