[{"songs": ["Don't Break My Heart", "No One Knows You're A Dog", "We Repel Each Other", "I'll Keep Holding On", "Breakaway", "Captain Captain", "'68", "You Walked In The Room", "Yesterday's Trash", "Make a Fool Out of Me", "Outta My Mind", "You Build Me Up (To Bring Me Down)", "I Don't Mind", "How The West Was Won", "Waddlin' Around", "City Slang", "Dollar In My Pocket", "You Can't Find Me", "Busy Body", "Shame and Misery"], "artists": ["The Dirtbombs", "Blacktop", "Reigning Sound", "The Detroit Cobras", "The Detroit Cobras", "The King Khan & BBQ Show", "'68 Comeback", "'68 Comeback", "The Hentchmen", "The Deadly Snakes", "BBQ", "The Datsuns", "The Deadly Snakes", "Demon's Claws", "BBQ", "Sonic's Rendezvous Band", "The Come Ons", "The Datsuns", "Lyres", "The Greenhornes"], "centerDistance": 0.113319125, "angle": 0.0}, {"songs": ["Mojo Kitty", "Your Love Is a Fine Thing", "Live The Life", "Everybody Sexareeno!", "We Gonna Ball", "Static Disaster", "Into The Snow", "Never Change", "Murdering Train Track Blues", "Spanish Rose", "Momentary Muse", "Ballad of Hollis Brown", "I'll be back home", "Bowling Ball", "Cockroach Blues", "Set Me On Fire", "Which Way to Go", "Sheena Is A Parasite", "Lipstick Lesbian"], "artists": ["Blacktop", "Reigning Sound", "Oblivians", "Les Sexareenos", "Les Sexareenos", "The Hunches", "The King Khan & BBQ Show", "Oblivians", "The Hunches", "Cheater Slicks", "Cheater Slicks", "Billy Childish", "The Mojomatics", "Bassholes", "Bassholes", "Baseball Furies", "Eddy Current Suppression Ring", "The Horrors", "the knights of the new crusade"], "centerDistance": 0.05452048315789474, "angle": 1.2566370614359172}, {"songs": ["Oh Boy", "Mastermind"], "artists": ["Cocktail Slippers", "Cocktail Slippers"], "centerDistance": 0.001297815, "angle": 2.5132741228718345}, {"songs": ["Bile", "Eliseo"], "artists": ["Lamps", "Lamps"], "centerDistance": 0.00109965, "angle": 3.7699111843077517}, {"songs": ["War All The Time", "The Holy Unreal Glow Of Hope"], "artists": ["Dan Melchior's Broke Revue", "Dan Melchior's Broke Revue"], "centerDistance": 0.0428779, "angle": 5.026548245743669}]