[{"songs": ["Quiet Houses", "Heard Them Stirring", "About Face", "All We Ask", "Fools", "A Sunday Smile", "Furr", "Red And Purple", "Sleeping Lessons", "Neon Bible", "2080", "Dear God (Sincerely M.O.F.)", "Say Please", "No One Does It Like You", "7/4 (Shoreline)", "Harmonix", "3rd Planet", "Epilogue", "Husks and Shells", "Roscoe"], "artists": ["Fleet Foxes", "Fleet Foxes", "Grizzly Bear", "Grizzly Bear", "The Dodos", "Beirut", "Blitzen Trapper", "The Dodos", "The Shins", "Arcade Fire", "Yeasayer", "Monsters Of Folk", "Monsters Of Folk", "Department of Eagles", "Broken Social Scene", "Surfer Blood", "Modest Mouse", "The Antlers", "Volcano Choir", "Midlake"], "centerDistance": 0.181905815, "angle": 0.0}, {"songs": ["Heretics", "Fiery Crash"], "artists": ["Andrew Bird", "Andrew Bird"], "centerDistance": 0.103874, "angle": 1.2566370614359172}, {"songs": ["The Modern Leper", "Bright Pink Bookmark"], "artists": ["Frightened Rabbit", "Frightened Rabbit"], "centerDistance": 0.0630603, "angle": 2.5132741228718345}, {"songs": ["I Stand Corrected", "Can You Tell", "Ghost Under Rocks", "In A Cave", "Your English Is Good"], "artists": ["Vampire Weekend", "Ra Ra Riot", "Ra Ra Riot", "Tokyo Police Club", "Tokyo Police Club"], "centerDistance": 0.053897799999999996, "angle": 3.7699111843077517}, {"songs": ["Pagan Angel and a Borrowed Car", "In the Mausoleum", "In the Aeroplane Over the Sea", "The Wild Hunt", "Black River Killer", "Oviedo", "Yankee Bayonet (I Will Be Home Then)", "We Are Nowhere and It's Now", "Road to Joy", "I Buried A Bone", "This Is Not a Test", "Of Moons, Birds & Monsters", "Ocean Breathes Salty", "The Youth", "Girlfriend", "Thieves", "Acts Of Man", "Which Will", "Tightrope", "Olympic Airways"], "artists": ["Iron & Wine", "Beirut", "Neutral Milk Hotel", "The Tallest Man on Earth", "Blitzen Trapper", "Blind Pilot", "The Decemberists", "Bright Eyes", "Bright Eyes", "Blind Pilot", "She & Him", "MGMT", "Modest Mouse", "MGMT", "Phoenix", "She & Him", "Midlake", "Nick Drake", "Yeasayer", "Foals"], "centerDistance": 0.08014569999999996, "angle": 5.026548245743669}]