[{"songs": ["Cop It", "Nod Factor"], "artists": ["MIMS", "Skillz"], "centerDistance": 0.6726315, "angle": 0.0}, {"songs": ["Mafia Music", "Holla at a Nigga (feat. Skip)", "Let's Get 'Em", "Keep It On The Hush", "They Don't Really Know Bout Dro (Explicit Album Version)", "Cadillac On 22's Part 2", "Wurrs My Cash", "Set It Out", "Introduction (Hot Boyz/Let Em Burn)", "I Choose You/Pat Reppin' Hypnotize Minds", "Cadillac Pimpin'", "Bonus Track", "Go Too Far", "Firr Az That Thang", "Don't Say Nothin'", "Georgia Peach", "Ways Of The World", "Do You", "Visions of a Blur", "None Tonight"], "artists": ["Rick Ross", "Juvenile", "Master P", "Ludacris", "Young Dro", "David Banner", "Chingy", "Nappy Roots", "Hot Boy$", "Project Pat", "YoungBloodZ", "A.K.", "Jibbs", "Jibbs", "Will Smith", "Rasheeda", "Lil' Zane", "Bow Wow", "Darc Mind", "Lil' Zane"], "centerDistance": 0.7563891999999999, "angle": 1.2566370614359172}, {"songs": ["Paper Chaser", "Money To Blow (Street Version)", "Sugar Walls", "Going Hard In The Paint"], "artists": ["Playaz Circle", "Birdman", "Young Cash", "Young Cash"], "centerDistance": 0.67032025, "angle": 2.5132741228718345}, {"songs": ["Broke And Disgusted", "Can't Make It Home", "Pop, Pop, Pop/Cuttin' Tonight Interlude", "Get Low"], "artists": ["Yo Gotti", "Devin the Dude", "YoungBloodZ", "Stat Quo"], "centerDistance": 0.763033, "angle": 3.7699111843077517}, {"songs": ["Southern Fried Intro", "The Greatest (Featuring Mannie Fresh) (Amended Album Version)", "The Deepest Hood", "Like Me"], "artists": ["Ludacris", "T.I.", "Al Kapone AKA Kapeezy", "Khia"], "centerDistance": 0.76955, "angle": 5.026548245743669}]