[{"songs": ["Sex Toyz", "Messiah", "Butterfly", "Boom", "The Last Three Letters", "Misery Loves Its Company", "Blood Runs Forever", "The Deep End", "Bite To Break Skin", "And the Hero Will Drown", "Hollywood Whore", "Tears Don't Fall", "Cries In Vain", "Chelsea Smile", "I'm Made of Wax, Larry, What Are You Made Of?", "If It Means a Lot to You", "Hello Fascination", "Sing For The Moment", "Darling", "Without Me"], "artists": ["BrokeNCYDE", "Dead Celebrity Status", "Crazy Town", "P.O.D.", "Alesana", "The Red Jumpsuit Apparatus", "Scary Kids Scaring Kids", "Scary Kids Scaring Kids", "Senses Fail", "Story of the Year", "Papa Roach", "Bullet For My Valentine", "Bullet For My Valentine", "Bring Me The Horizon", "A Day To Remember", "A Day To Remember", "Breathe Carolina", "Eminem", "Eyes Set To Kill", "Eminem"], "centerDistance": 0.0192751215, "angle": 0.0}, {"songs": ["Bottle And A Gun"], "artists": ["Hollywood Undead"], "centerDistance": 0.958326, "angle": 1.2566370614359172}, {"songs": ["Pimpin'"], "artists": ["Hollywood Undead"], "centerDistance": 1.0, "angle": 2.5132741228718345}, {"songs": ["The Theory Of Ghettotivity", "Grab Tha Cash"], "artists": ["Downsiid", "Downsiid"], "centerDistance": 0.00117649, "angle": 3.7699111843077517}, {"songs": ["Somewhere in the World It's Midnight", "Clap for the Killers", "E. Charles White"], "artists": ["Street Sweeper Social Club", "Street Sweeper Social Club", "Molotov"], "centerDistance": 0.0014135833333333333, "angle": 5.026548245743669}]