[{"songs": ["Promised Land", "Birks' Works"], "artists": ["Harold Land", "Red Garland"], "centerDistance": 0.00197722, "angle": 0.0}, {"songs": ["I Remember Clifford", "Isotope", "Cascades", "La Villa", "Time On My Hands", "We Kiss In A Shadow", "Move (2006 Digital Remaster)", "High Seas (2006 Digital Remaster)", "Deep Purple", "Reflection", "I'm Getting Sentimental Over You", "Crescendo Blues", "Milt's Tune", "Midnite Waltz", "Sugar and Spice", "So Do It!", "That Healin' Feelin'", "Sunset (LP Version)", "Early And Later Part 1", "Flowers On The Wall"], "artists": ["Art Blakey", "Joe Henderson", "Oliver Nelson", "Kenny Dorham", "Sonny Rollins", "Sonny Rollins", "Art Taylor", "Art Taylor", "Art Pepper", "Roy Haynes", "Milt Jackson", "Frank Morgan", "Frank Morgan", "Billy Higgins", "Billy Higgins", "Wes Montgomery", "Richard \"Groove\" Holmes", "Yusef Lateef", "Sonny Criss", "Oliver Nelson"], "centerDistance": 0.06645913850000001, "angle": 1.2566370614359172}, {"songs": ["After Hours", "All the Things You Are"], "artists": ["Roy Haynes", "Bud Powell"], "centerDistance": 0.002735, "angle": 2.5132741228718345}, {"songs": ["Mr. Kenyatta", "'Round About Midnight", "Sands", "Amsterdam After Dark", "Appointment In Milano"], "artists": ["Lee Morgan", "Dizzy Reece", "Dizzy Reece", "George Coleman", "Bobby Watson"], "centerDistance": 0.018400354, "angle": 3.7699111843077517}, {"songs": ["Bolivia", "Yours Is My Heart Alone"], "artists": ["Cedar Walton", "Cannonball Adderley"], "centerDistance": 0.108622, "angle": 5.026548245743669}]