[{"songs": ["Jussa Playa", "What About Us?", "Idiot Gear", "Freak Show", "Heatish", "Man vs. Ape", "Spit In The Wind", "Crash the Boards", "Forbidden Scriptures", "Dance With Me", "Haunted", "The Fr8s", "This is My Life", "Call It Cali", "U Know the Name", "Slave", "Mike, Aaron and Eddie", "Remind My Soul", "Four Square", "Mayday"], "artists": ["Count Bass D", "Mr. Lif", "Louis Logic", "Louis Logic", "HIEROGLYPHICS", "Eyedea & Abilities", "PackFM", "Cali Agents", "Vakill", "Hangar 18", "Grayskul", "Bigg Jus", "Cali Agents", "Aceyalone", "K-Otix", "Black Moon", "Haiku D'Etat", "Akrobatik", "Emanon", "Natural Elements"], "centerDistance": 0.36142005000000005, "angle": 0.0}, {"songs": ["Widespread", "Holier than Thou", "Dedication To Peo '97", "Miles to the Sun", "Mary Jane", "Prom Quiz", "Sweetest Way to Die", "Look At the Sun", "Defined (Freeverse)", "I Think", "Let Me In", "Dylsexia", "Info Kill II", "Quiet On The Set", "Did You Ever", "Heavy Rotation", "Bazooka Tooth", "Beef", "Our Secret", "Release"], "artists": ["MHz", "MHz", "Bigg Jus", "HIEROGLYPHICS", "Tha Alkaholiks", "Grayskul", "Vakill", "Reef the Lost Cauze", "Wordsworth", "Aceyalone", "Copywrite", "Rob Sonic", "Company Flow", "DJ Mayonnaise", "Factor", "Dilated Peoples", "Aesop Rock", "Mos Def", "Souls of Mischief", "Blackalicious"], "centerDistance": 0.19829538, "angle": 1.2566370614359172}, {"songs": ["Apparently", "Imsotired", "The Love Is Back", "Funk Terrorist"], "artists": ["Antipop Consortium", "Sole", "Metermaids", "Metermaids"], "centerDistance": 0.011945780000000001, "angle": 2.5132741228718345}, {"songs": ["Ode To Tanya", "Want U To Want Me"], "artists": ["Tanya Morgan", "Tanya Morgan"], "centerDistance": 0.0075134699999999995, "angle": 3.7699111843077517}, {"songs": ["Hear Me Though", "Up 2 No Good Again", "Slick Talkin'", "Timeless", "Freeverse", "Children (f/ Anetra)", "Missing Pieces", "Kindness For Weakness", "I'm An American ft. B-Real", "Rear View Mirror"], "artists": ["Copywrite", "Tame One", "Tame One", "Finale", "Tonedeff", "Tonedeff", "Rashid Hadee", "Dilated Peoples", "La Coka Nostra", "Termanology"], "centerDistance": 0.18597767099999998, "angle": 5.026548245743669}]