[{"songs": ["The Butcher Boy", "Courting in the Kitchen", "Follow Me Up to Carlow", "Arthur McBride", "The Streets of New York", "Isn't It Grand Boys", "LuckotheIrish", "I've Pursued Nothing", "Between Far and Away", "Free Flight", "Between Earth And Sky", "Finnegan's Wake", "The Mulligan Guard", "Foxhunter 1", "Blackwater 1", "The Liberty Tree", "\u00c9irigh Suas a St\u00f3ir\u00edn", "New York Girls", "Granny Quinn's / The Lilac Reel / Sporting Pat", "Solid Ground"], "artists": ["Tommy Makem", "The Clancy Brothers and Tommy Makem", "Planxty", "Planxty", "The Wolfe Tones", "The Clancy Brothers", "The Elders", "The Tossers", "The Elders", "Robin Bullock", "Robin Bullock", "The Clancy Brothers and Tommy Makem", "Mick Moloney", "Blackwater", "Blackwater", "Karan Casey", "Karan Casey", "Finbar Furey", "Solas", "Dolores Keane"], "centerDistance": 0.08233169800000001, "angle": 0.0}, {"songs": ["In the Town of Ballybay", "Mary Mack"], "artists": ["Tommy Makem & Liam Clancy", "Tommy Makem & Liam Clancy"], "centerDistance": 0.8968849999999999, "angle": 1.2566370614359172}, {"songs": ["Seoth\u00edn Se\u00f3 Ho / \u00d3r\u00f3 mo Bh\u00e1id\u00edn / Coochenanty", "O\u00edche Nollag", "Clancy's Wooden Wedding", "The Winter It Is Past", "An Draighne\u00e1n Donn - The Blackthorn Tree", "John Doherty's Fancy; Brogan's Ferry"], "artists": ["Joe Heaney", "Joe Heaney", "Mick Moloney", "Susan McKeown", "Susan McKeown", "Tommy Peoples"], "centerDistance": 0.00435041, "angle": 2.5132741228718345}, {"songs": ["Let Somebody Know", "All I Remember", "Dirty old Town", "When Last We Met", "Lullaby", "Ned Of The Hill", "The Spanish Cloak", "Sagart na Czile Baine (The Fair Haired Priest)", "Rainbow"], "artists": ["Moving Hearts", "Moving Hearts", "The Blarney Lads", "Seamus Egan", "Seamus Egan", "The Fureys", "The Fureys", "Cherish the Ladies", "Paul Brady"], "centerDistance": 0.039093193333333325, "angle": 3.7699111843077517}, {"songs": ["The Maid of Coolmore", "The Pipe on the Hob"], "artists": ["The Bothy Band", "The Bothy Band"], "centerDistance": 0.00402663, "angle": 5.026548245743669}]