[{"songs": ["Right and Exact", "React", "Seinfeld", "Hypocrite", "Everything", "Top Qualified", "Playing With Matches", "Paragon", "One Of Those Days", "So Sweet", "Philistine David"], "artists": ["Dilated Peoples", "Onyx", "Jeru the Damaja", "Akrobatik", "Phil da Agony", "Haiku D'Etat", "Pugslee Atomz", "Daily Plannet", "Apathy", "Tanya Morgan", "Brother Ali"], "centerDistance": 0.03069630272727274, "angle": 0.0}, {"songs": ["The Get Down", "Faded"], "artists": ["Tha Alkaholiks", "Tha Alkaholiks"], "centerDistance": 0.9985735, "angle": 1.2566370614359172}, {"songs": ["Slaughtahouse", "Saturday Nite Live"], "artists": ["Masta Ace", "Masta Ace"], "centerDistance": 0.08441660000000001, "angle": 2.5132741228718345}, {"songs": ["I Love It", "Unclean", "You Can't Hide, You Can't Run", "Early to Rise", "Making U Move", "Soul Flower (2 Tha 3 Mix)", "This is My Life", "Brawl", "Bang 2 Dis", "Intro", "Cap Is Back", "Shout It Out", "Interlude", "Look At the Sun", "Get Them Open", "Give it Up", "Enemies", "Outro", "Robot", "Be Careful"], "artists": ["The Beatnuts", "KRS-One", "Dilated Peoples", "Nice & Smooth", "Rasco", "The Pharcyde", "Cali Agents", "R.A. the Rugged Man", "Onyx", "Cali Agents", "Cappadonna", "HIEROGLYPHICS", "Ol' Dirty Bastard", "Reef the Lost Cauze", "Diamond D", "Reef the Lost Cauze", "Xzibit", "Xzibit", "KRS-One & Buckshot", "Killah Priest"], "centerDistance": 0.06859557999999999, "angle": 3.7699111843077517}, {"songs": ["Reign of the Tec", "Get It Live", "Getaway", "Intro", "Da Truth", "My Way", "Boy Meets Girl", "Remind My Soul", "Billie Jean (Safe Sex)", "Beasts From The East", "Certain Things We Do", "L.I. Interlude", "Murder MC's", "Live At The Garden (skit)", "Bionic", "Teacher, Teacher", "9th Chamber", "Game Of Life", "Watch Those", "Let's Go"], "artists": ["The Beatnuts", "Redman", "KRS-One", "Rakim", "AZ", "O.C.", "AZ", "Akrobatik", "Jeru the Damaja", "Lost Boyz", "Lost Boyz", "Rakim", "Black Moon", "Cocoa Brovaz", "Camp Lo", "Slick Rick", "Inspectah Deck", "Cocoa Brovaz", "Big Punisher", "Pharoahe Monch"], "centerDistance": 0.07162585000000002, "angle": 5.026548245743669}]