[{"songs": ["Domination", "Tornado Of Souls", "Used", "More Than Meets The Eye", "Hammer and Life", "Downfall", "Hyperdrive", "The Green And Black", "Silver Bride", "Sampo", "Enemy of God", "Ironbound", "Epitaph", "People Of The Lie", "Edge Of Thorns", "I Don't Believe in Love", "Caught In A Mosh", "Indians", "Atmas Heave", "Room With a View"], "artists": ["Symphony X", "Megadeth", "Pain of Salvation", "Testament", "Exodus", "Exodus", "Devin Townsend", "Overkill", "Amorphis", "Amorphis", "Kreator", "Overkill", "Sanctuary", "Kreator", "Savatage", "Queensr\u00ffche", "Anthrax", "Anthrax", "Aghora", "Atheist"], "centerDistance": 0.055570145, "angle": 0.0}, {"songs": ["Sell My Heart For Stones", "A Future Uncertain", "Bleak", "Sleeping Giant", "ObZen", "Electric Red", "Day Ten: Memories", "Tempting Time", "Day Two: Isolation", "Austere", "Heaven's Black Sea", "State of Disobedience", "The Sun's Architect", "The Sleep of Restless Hours"], "artists": ["Nevermore", "Nevermore", "Opeth", "Mastodon", "Meshuggah", "Meshuggah", "Ayreon", "Animals as Leaders", "Ayreon", "Ihsahn", "Ihsahn", "Textures", "Textures", "Disillusion"], "centerDistance": 0.17810034142857137, "angle": 1.2566370614359172}, {"songs": ["Addicted!", "Supercrush!"], "artists": ["Devin Townsend Project", "Devin Townsend Project"], "centerDistance": 0.05318515, "angle": 2.5132741228718345}, {"songs": ["What If...?", "When The Link Becomes Missing", "Tides Of Blood", "Explained Away", "Still Black", "Terra Incognita (The Undiscovered World)", "Beyond The Gateway Of Legends"], "artists": ["Control Denied", "Control Denied", "Into Eternity", "Anacrusis", "Anacrusis", "Consortium Project III", "Consortium Project III"], "centerDistance": 0.029080525714285713, "angle": 3.7699111843077517}, {"songs": ["Taste Revenge", "Color Your World", "End of Your Days", "Biosfear", "Onward Into Battle", "We Only Say Goodbye", "Down to the Wire", "Life Flow", "The Dark Side", "Breakdown (Radio Edit) (2006 Remastered)", "Moving In Circles", "I'm Sorry", "Ghostship: i) The Gathering The Night Before", "Haunted Dreams", "A New World", "The Alien Inside", "Absolute Zero", "Section X", "Feed the Fire", "In The Hopes Of A Dream"], "artists": ["Sanctuary", "Devin Townsend", "Evergrey", "Circus Maximus", "Katatonia", "Fates Warning", "Fates Warning", "Threshold", "Beyond Twilight", "Queensr\u00ffche", "Symphorce", "Chris Caffery", "Shadow Gallery", "Circus Maximus", "Empty Tremor", "Empty Tremor", "Ark", "Beyond Twilight", "Ark", "Symphorce"], "centerDistance": 0.016320008000000004, "angle": 5.026548245743669}]