[{"songs": ["Old Devil Moon", "Too Close for Comfort", "I'll Sail This Ship Alone", "Candyman", "Heal The Pain", "Alfie", "You Needed Me", "Parachute", "That Cat Is High (LP Version)", "A Sultan Goes To Harlem", "East Of The Sun", "Top Forty", "Spooky", "Lullaby", "Banana Split For My Baby", "Tangerine", "CLEAR BODY CLEAR MIND", "The Very Thought Of You", "The few", "I've Got My Love To Keep Me Warm"], "artists": ["Jamie Cullum", "Jamie Cullum", "The Beautiful South", "Christina Aguilera", "George Michael", "Lily Allen", "Boyzone", "Cheryl Cole", "The Manhattan Transfer", "Stanley Black", "David Rose", "Robert Palmer", "The Puppini Sisters", "Stanley Black", "Louis Prima & Keely Smith", "Lawrence Welk", "The Jive Aces", "Jamie Davis", "The Jive Aces", "Les Brown"], "centerDistance": 0.011886935849999999, "angle": 0.0}, {"songs": ["Come Fly With Me", "Ich Idiot Lie\u00df Dich Gehen", "Slip & Sliding"], "artists": ["Westlife", "Roger Cicero", "Matt Bianco"], "centerDistance": 0.033861479666666666, "angle": 1.2566370614359172}, {"songs": ["Between The Devil And The Deep Blue Sea (LP Version)", "You'd Better Love Me", "Bei Mir Bist Du Sch\u00f6n", "My Baby Just Cares For Me"], "artists": ["Bobby Darin", "Jack Jones", "The Puppini Sisters", "Buddy Greco"], "centerDistance": 0.0012906050000000002, "angle": 2.5132741228718345}, {"songs": ["Volare (Nel Blu Di Pinto Di Blu) (Digitally Remastered 99)", "My Kind Of Girl (Digitally Remastered 99)"], "artists": ["Wayne Newton", "Wayne Newton"], "centerDistance": 0.0012932, "angle": 3.7699111843077517}, {"songs": ["I've Got You Under My Skin", "Somethin' Stupid", "When You're Smiling", "Summer Wind", "Oh Marie", "Die sein", "My Baby Just Cares For Me", "Walkin' My Baby Back Home", "You Stepped Out Of A Dream", "Hey, Louis Prima", "Alright Okay You Win", "Nice Work If You Can Get It", "Bell Bottom Trousers", "All Of Me (Album Version)", "The Gentleman Is a Dope", "Baby Won't You Please Come Home"], "artists": ["Frank Sinatra", "Robbie Williams & Nicole Kidman", "David Rose", "Ray Quinn", "Louis Prima", "Annett Louisan", "George Michael", "Nat King Cole", "Peter Cincotti", "The Brian Setzer Orchestra", "Jamie Davis", "Fred Astaire", "Guy Lombardo", "John Stevens", "Jo Stafford", "The Nat King Cole Trio"], "centerDistance": 0.0062335929375, "angle": 5.026548245743669}]