[{"songs": ["Walk Back Home", "You Can Come", "Eg diktar meg eit liv", "Sometimes Serious"], "artists": ["Morten Abel", "Morten Abel", "Herborg Kr\u00e5kevik", "The September When"], "centerDistance": 0.0605119, "angle": 0.0}, {"songs": ["Boom Boom", "\u00dbbermensch", "Walk The Walk", "Circles", "Poltistat!", "Quiet Exit", "He Loves Me", "Sen\u00f3r Flamingos Adieu", "Kontroll p\u00e5 kontinentet", "Joe Dallesandro", "Lament", "Still In Love", "When Susannah Cries", "Slippery", "Ubudne Gjesta", "Hjernen Er Alene", "Hold Kjeft", "Anything 'Bout June", "Poor Little Girl", "Morning Song"], "artists": ["Dumdum Boys", "Raga Rockers", "Venke Knutson", "Heroes & Zeros", "Skambankt", "Elvira Nikolaisen", "Elvira Nikolaisen", "Kaizers Orchestra", "Kaizers Orchestra", "Briskeby", "Seigmen", "Venke Knutson", "Espen Lind", "Ingrid Olava", "Tungtvann", "Seigmen", "Tungtvann", "Unni Wilhelmsen", "Bj\u00f8rn Berge", "Jim St\u00e4rk"], "centerDistance": 0.0383799435, "angle": 1.2566370614359172}, {"songs": ["Om ikke \u00e5 bli v\u00e5t i h\u00e5ret", "Fagerborg Hotell"], "artists": ["Postgirobygget", "Postgirobygget"], "centerDistance": 0.07894565, "angle": 2.5132741228718345}, {"songs": ["virvelvind", "ikkje f\u00e5kk med kj\u00e6rligheten"], "artists": ["John Olav Nilsen & Gjengen", "John Olav Nilsen & Gjengen"], "centerDistance": 0.0008847334999999999, "angle": 3.7699111843077517}, {"songs": ["Ryktet", "Ikke Meg", "Cipramillion", "Pain", "Reasons To Stay Indoors", "Pungjazz", "Ved r\u00f8rende norske rett skrivnings regler", "Maniac", "Thinking Of You", "The Andy Edmunds Show", "De enda nyere nyfeministene"], "artists": ["Trang F\u00f8dsel", "Trang F\u00f8dsel", "Heroes & Zeros", "The September When", "Savoy", "Dance With A Stranger", "Bare Egil Band", "Glenn Lyse", "Askil Holm", "Askil Holm", "Black Debbath"], "centerDistance": 0.03561757190909091, "angle": 5.026548245743669}]