[{"songs": ["Nobody's Fault", "Last Quarter", "The Snail Song", "Love In June", "Charlotte St.", "Don't Want To Stay (Album Version)", "Soul Assassins", "In Your Prime", "Fairweather", "Tearing Me Apart", "Dog Faced Boy", "Chia-Like, I Shall Grow", "Perfect Memory (I'll Remember You) (LP Version)", "Monique the Freak", "The Prettiest Girl In The Whole Wide World", "N\u00fc Rock"], "artists": ["Phantom Planet", "Youth Group", "Phillip Boa", "The Wannadies", "The Life and Times", "Rock Kills Kid", "The Kissaway Trail", "The Cooper Temple Clause", "Between the Trees", "Vega 4", "Eels", "Say Anything", "Remy Zero", "Ween", "Rivers Cuomo", "Morningwood"], "centerDistance": 0.009741415625000001, "angle": 0.0}, {"songs": ["Nectarine", "Off The Ground"], "artists": ["Throneberry", "Throneberry"], "centerDistance": 0.883734, "angle": 1.2566370614359172}, {"songs": ["Love Me Like An Alien", "All The Kids", "It's All In Your Mind (live)", "The Razor (Album Version)", "Little Man", "You'll Never Have a Hold on Me", "Ordinary Saturday", "Locked-In", "Vampires", "World", "Hey Girl (Acoustic Version)"], "artists": ["Phillip Boa", "Dealership", "Beck", "Head Automatica", "Sebadoh", "Trashmonkeys", "Esthetic Education", "fIREHOSE", "Classic Case", "Dealership", "Zornik"], "centerDistance": 0.009419241818181818, "angle": 2.5132741228718345}, {"songs": ["Brother Woodrow/Closing Prayer", "She's On", "1st Things 1st", "The Fool", "Hag", "Anneliese", "This Is What We Are", "Chasing Lights", "Been Training Dogs", "Tougher Than It Is", "I.O.U.", "Hello, My Treacherous Friends", "Do I Have Your Attention?", "Rocket", "When We Two Parted", "Fast Girl", "You See Colours", "Asexual Meat Kitchen", "Follow Me", "London Song"], "artists": ["Afghan Whigs", "Skin", "Phantom Planet", "Camper Van Beethoven", "The Breeders", "The Killtakers", "The Killtakers", "Last Winter", "The Cooper Temple Clause", "Cake", "The Replacements", "OK Go", "The Blood Arm", "El Presidente", "Afghan Whigs", "Gyroscope", "Delays", "Biffy Clyro", "The Cloud Room", "The Breeders"], "centerDistance": 0.009636870000000002, "angle": 3.7699111843077517}, {"songs": ["Instantly Gratified", "Up So Close"], "artists": ["People In Planes", "Cake"], "centerDistance": 0.0104677, "angle": 5.026548245743669}]