[{"songs": ["Africanisme banakine", "Vengeance", "Enfant du destin (petit cheval)", "17-Oct", "De Deux", "Le Hip Hop Est Ma Flamme", "S.N.I", "Zone rouge", "L'amour Est Mort", "Impasse D\u00e9sillusion", "Fripouilles & billets sales"], "artists": ["Youssoupha", "Zoxea", "Medine", "Medine", "Le Rat Luciano", "Triptik", "Sniper", "KDD", "Oxmo Puccino", "Oxmo Puccino", "Escobar Macson"], "centerDistance": 0.8701873636363637, "angle": 0.0}, {"songs": ["Jusqu'\u00e0 la prochaine temp\u00eate", "Bicophobe", "A la page r\u00e9volutionnaire", "Face \u00e0 Zo", "Loin Du Compte (1999)", "Freestyle 18", "Nous Contre Eux", "Tueur en s\u00e9ries", "Jaloux assieds toi (feat. Ericsson Le Zulu, Jacky Brown)", "Ca Vient de Chez nous", "Pulsions textuelles", "How Many Guns", "Don't Mean Nuthin'", "Interlude", "Freestyle 43", "L'oiseau Fait Sa Cage (2000)", "Victoire", "Freestyle 21", "Faites du Bruit", "Sol pleureur"], "artists": ["Mysa", "Mysa", "Scred Connexion", "Zoxea", "Fonky Family", "Roc\u00e9", "Le Rat Luciano", "Despo Rutti", "Pit Baccardi", "Pit Baccardi", "mokless", "Sheek", "Sheek", "Dany Dan", "Chiens de Paille", "La Rumeur", "Les Sages Po\u00e8tes de la Rue", "Chiens de Paille", "Svinkels", "Bouch\u00e9es Doubles"], "centerDistance": 0.8764283500000001, "angle": 1.2566370614359172}, {"songs": ["Gangstaz (feat. Taro OG, Myssa, Inko)", "Illegal Life (feat. Emilie)", "Pour Les Quartiers feat. Jmi Sissoko", "Les Gens Comme Eux remix feat. Medine et Sinik"], "artists": ["Alpha 5.20", "Alibi Montana", "Bakar", "Bakar"], "centerDistance": 0.8368884999999999, "angle": 2.5132741228718345}, {"songs": ["Outro", "So"], "artists": ["Mac Tyer", "Mac Tyer"], "centerDistance": 0.7858, "angle": 3.7699111843077517}, {"songs": ["Gangsta", "Plus loin", "Inflammable", "Les Miens", "Cigarette Piegee", "O\u00f9 Je Vis"], "artists": ["Sefyu", "Don Choa", "Don Choa", "Shurik'N", "JoeyStarr", "Shurik'N"], "centerDistance": 0.8118006666666666, "angle": 5.026548245743669}]