[{"songs": ["For Heaven's Sake", "The Third World (Alternate Take)", "The Spinning Song (Alternate Take)", "Stocking Feet", "Remembrance", "Chili Peppers (2006 Digital Remaster)", "Besame Mucho (Instrumental)"], "artists": ["McCoy Tyner", "Herbie Nichols", "Herbie Nichols", "Ray Bryant", "Michel Camilo", "Duke Pearson", "Gonzalo Rubalcaba"], "centerDistance": 0.06025211571428572, "angle": 0.0}, {"songs": ["Blue Moon", "When I Fall In Love", "I Thought About You", "Alone", "Astigmatic", "Old Devil Moon"], "artists": ["The Three Sounds", "Keith Jarrett Trio", "Keith Jarrett Trio", "Misha Alperin", "Simple Acoustic Trio", "Joanne Brackeen"], "centerDistance": 0.006437101666666666, "angle": 1.2566370614359172}, {"songs": ["Holy Land", "A Paris", "Pepper Returns", "The Bead Game", "Sugar", "St. Louis Blues", "The Nearness Of You", "Pre-Judgement Atmosphere (LP Version)", "The Eye Of The Hurricane", "Truth Is Fallen (LP Version)", "Pastoral (Continuaci\u00f3n)", "The Summary", "Everything in Its Right Place (Alternate Version)", "Venture Inward", "Mean to Me", "Toki's Theme", "You Go To My Head", "The River I", "The River X", "C-Sri"], "artists": ["Cedar Walton", "Jacky Terrasson", "Art Pepper", "Joe Henderson", "Stanley Turrentine", "Red Garland", "Red Garland", "Keith Jarrett", "Herbie Hancock", "Dave Brubeck", "Paquito D'Rivera", "Hank Jones", "Brad Mehldau Trio", "Andrew Hill", "Lennie Tristano", "The Dave Brubeck Quartet", "Lennie Tristano", "Ketil Bj\u00f8rnstad & David Darling", "Ketil Bj\u00f8rnstad & David Darling", "Joanne Brackeen"], "centerDistance": 0.0951056415, "angle": 2.5132741228718345}, {"songs": ["Autumn in New York", "Bemsha Swing", "Love For Sale (Live) (1996 Digital Remaster)"], "artists": ["Kenny Barron", "Kenny Barron", "The Three Sounds"], "centerDistance": 0.008198226666666667, "angle": 3.7699111843077517}, {"songs": ["Gabriola Passage", "Nana"], "artists": ["Renee Rosnes", "Renee Rosnes"], "centerDistance": 0.240042, "angle": 5.026548245743669}]