[{"songs": ["Historia de Taxi", "Una Mujer de Bandera", "\u00a1Que Sensaci\u00f3n!", "Flores De Alquiler", "So\u00f1ar\u00e9", "Cuando suena un blues (Maqueta)", "Cosa De Dos", "Qu\u00e9 Le Voy A Hacer", "Ain't It Better Like This", "Tal Para Cual", "La chica del gorro azul", "Queriendo Alcanzarte", "Lentamente", "Dos Extra\u00f1os", "Colgando en Tus Manos", "Presagios", "El Arte De Llorar", "Tabaco y chanel", "Yo Deber\u00eda", "Geograf\u00eda"], "artists": ["Ricardo Arjona", "Hombres G", "La Banda Del Capitan Canalla", "La Quinta Estaci\u00f3n", "Rosana", "Rosana", "La Quinta Estaci\u00f3n", "David Civera", "M\u00f3nica Naranjo", "Ana Torroja", "La Oreja de Van Gogh", "Mikel Erentxun", "Mikel Erentxun", "Merche", "Carlos Baute", "David DeMar\u00eda", "Ana Torroja", "Bacilos", "Merche", "La Oreja de Van Gogh"], "centerDistance": 0.019548599500000003, "angle": 0.0}, {"songs": ["Devuelveme La Vida", "Camino"], "artists": ["David Civera", "Jarabe de Palo"], "centerDistance": 0.004647555, "angle": 1.2566370614359172}, {"songs": ["Y Yo Queria"], "artists": ["Kiko & Shara"], "centerDistance": 0.00382294, "angle": 2.5132741228718345}, {"songs": ["Alcohol", "En este instante", "The Heart of the Matter", "Doctora L\u00e1ser"], "artists": ["La Banda Del Capitan Canalla", "Mar\u00eda Isabel", "Julio Iglesias Jr.", "Las Ketchup"], "centerDistance": 0.0044214775, "angle": 3.7699111843077517}, {"songs": ["Duende", "Mira Luna \"Les jours de moisson\"", "Quiz\u00e1s", "Cosas Que Dir\u00e1n", "Alejate De Mi", "He Sido un Falso", "Lo Que Yo M\u00e1s Quiero", "Take My Heart", "M\u00e1s De Lo Que Pido", "Llego Tu Amor", "No importa", "Duende", "Scent of Earth", "Como Voy A Odiarte", "No te rindas", "Sal De Mi Piel", "All Up 2 You (feat. Akon, Wisin & Yandel)"], "artists": ["Miguel Bos\u00e9", "Ana Bel\u00e9n", "Enrique Iglesias", "El Sue\u00f1o de Morfeo", "Camila", "Carlos Baute", "Son by Four", "Patricia Manterola", "Yuridia", "Reik", "Marquess", "Ana Torroja y Miguel Bos\u00e9", "Soraya", "Sin Bandera", "Alex Ubago", "Belinda", "Aventura"], "centerDistance": 0.018111019411764708, "angle": 5.026548245743669}]