[{"songs": ["Told You So", "My Dreams About Not Sleeping Until 3 PM", "Eye For An Eye", "Asshole", "Apology", "Untouchable", "Summer Jam", "Equals", "Eating Pie", "My Geraldine Lies Over the Delaware", "Nuthin Runnin Through My Brain", "Gods of War", "Over It", "Let's Moshercise!!!", "Sing It Again Rookie Biatch", "Filthy Habits", "Mainlining Murder", "Fucked Reality", "Masquerade", "Money"], "artists": ["The F-Ups", "Latterman", "The F-Ups", "Guttermouth", "Big D and the Kids Table", "The Leftovers", "Set Your Goals", "Set Your Goals", "Bracket", "The Wonder Years", "Dead To Me", "Lars Frederiksen and the Bastards", "Pulley", "The Wonder Years", "Daggermouth", "The Flatliners", "Lars Frederiksen and the Bastards", "Choking Victim", "Much The Same", "Choking Victim"], "centerDistance": 0.047890824999999984, "angle": 0.0}, {"songs": ["Second Chances", "Jolly Green Dumbass", "Manufactured Inspirato", "83% Off Your Self-Esteem", "The Mend", "Bad Day", "Let It Go", "Street In My Hometown", "Manatee", "I Want To Take You Out For Ice Cream", "Someday We're All Gonna Weigh 400 Lbs.", "Drink It Down", "The Getaway", "Suspended Animation", "City of Lost Children", "Satellite", "Not A Worry In The World"], "artists": ["Better Luck Next Time", "Fenix TX", "Fenix TX", "Latterman", "Gob", "Gob", "Better Luck Next Time", "The Methadones", "Nerf Herder", "Nerf Herder", "The Lawrence Arms", "Diesel Boy", "Ten Foot Pole", "Dynamite Boy", "Enemy You", "Dynamite Boy", "The Ataris"], "centerDistance": 0.043887608823529406, "angle": 1.2566370614359172}, {"songs": ["Miss the Bus", "Overrated", "Inspection Station", "Solid Connex", "Alcohol Makes The World Go Around", "Pulse Check", "The Freedom Haters", "Dying", "Alright", "Get Your Study Hall Outta My Recess", "Zero Tolerance Drum Policy", "Wishing There Were Walkways", "Ring of Fire = 4 Points", "The Russians Are Coming", "The Augur's Tale", "Happily Ever After", "Paychecks", "Vanessa"], "artists": ["Whole Wheat Bread", "Whole Wheat Bread", "The Bouncing Souls", "The Copyrights", "The Methadones", "The Copyrights", "Broadway Calls", "Osker", "Osker", "Dillinger Four", "None More Black", "None More Black", "The Sainte Catherines", "The Lillingtons", "The Lillingtons", "Bullets To Broadway", "Bullets To Broadway", "Fifteen"], "centerDistance": 0.1364906788888889, "angle": 2.5132741228718345}, {"songs": ["Touchdown Boy", "Understatement", "Fudge Bar", "I See Red", "No Pool Party Tonight", "Jackie Is An Athiest", "Sundowners", "Inconsolable", "I've Cried 4 U", "She's No Rocket Scientist", "On My Own", "Last Kiss (Album Version)"], "artists": ["blink-182", "New Found Glory", "Sinkhole", "Ghoti Hook", "Huntingtons", "Huntingtons", "Broadway Calls", "The Unlovables", "The Unlovables", "The Mr. T Experience", "Teenage Bottlerocket", "Mest"], "centerDistance": 0.00144775, "angle": 3.7699111843077517}, {"songs": ["Manimal", "I Won't See You in the Pit", "Working Class Whore", "Here Comes the Neighborhood", "Outright Lies", "Wrecktheplacefantastic", "Are You Just Scared?", "Had My Chance", "Toss Around", "lines are faded", "montreal (street kids)", "We Won't Submit", "Out To Everyone", "Too Loose", "Last Call", "Looks That Kill", "The International Badminton Championship: La P'tite Grise vs Jef", "Your Worst Mistake", "Tonight I'm Burning"], "artists": ["The Vandals", "Guttermouth", "Pulley", "The Lawrence Arms", "88 Fingers Louie", "Dillinger Four", "Big D and the Kids Table", "88 Fingers Louie", "Common Rider", "Time Again", "Time Again", "Against All Authority", "Atom and His Package", "Only Crime", "Street Dogs", "Diesel Boy", "The Sainte Catherines", "Strung Out", "Bombshell Rocks"], "centerDistance": 0.0384255105263158, "angle": 5.026548245743669}]