[{"songs": ["Right Side Of The Bed", "Kill to Believe", "Composure", "My Will Be Done", "The Bleeding", "Travesty", "Marianas Trench", "Gimme Half", "Danger: Wildman", "The Worst Is Yet to Come", "Crow Killer", "It Was Written In Blood", "Almost Home (III)", "Failure To Operate", "Like Light To The Flies", "Drowned And Torn Asunder", "Heartless", "Lancaster", "The After Dinner Payback", "Beautiful Tragedy"], "artists": ["Atreyu", "Bleeding Through", "August Burns Red", "Unearth", "Five Finger Death Punch", "Haste the Day", "August Burns Red", "The Devil Wears Prada", "The Devil Wears Prada", "Still Remains", "Unearth", "Bring Me The Horizon", "Evergreen Terrace", "Evergreen Terrace", "Trivium", "Trivium", "A Day To Remember", "Texas in July", "From Autumn To Ashes", "In This Moment"], "centerDistance": 0.08832894, "angle": 0.0}, {"songs": ["The Back Harlow Road"], "artists": ["36 Crazyfists"], "centerDistance": 0.976594, "angle": 1.2566370614359172}, {"songs": ["Clear The Coast", "This Calling", "Starting Over", "The Darkest Nights", "Meaning In Tragedy", "The Poison", "Just Another Star", "A Constant Reminder", "Reckless Abandon", "Prayers"], "artists": ["36 Crazyfists", "All That Remains", "Killswitch Engage", "As I Lay Dying", "As I Lay Dying", "Bullet For My Valentine", "Bullet For My Valentine", "It Dies Today", "It Dies Today", "In This Moment"], "centerDistance": 0.19172839, "angle": 2.5132741228718345}, {"songs": ["Path to Prevail (Demo Version)", "Empty And Alone", "Help"], "artists": ["Bloodsimple", "Sunk Loto", "Sunk Loto"], "centerDistance": 0.0015210033333333333, "angle": 3.7699111843077517}, {"songs": ["Return The Favour", "Beg For Silence"], "artists": ["This Is Menace", "This Is Menace"], "centerDistance": 0.00152309, "angle": 5.026548245743669}]