[{"songs": ["Cats Walk Underground", "In Select", "I am you", "sliding forward", "Bridges To Shambhala", "Love Shelter", "Another B", "Sunday Morning Samba", "Vinyl Maniac", "Kharmalion", "Drummer Boy", "Can't Hide Love", "Apocalypso", "Homebreakers", "Bossa con affanno", "green running", "Little Trix", "Theme From Abbadesse's Street"], "artists": ["Tape Five", "Stockholm Cyclo", "Marc Moulin", "General Fuzz", "Yulara", "Sundial Aeon", "Montefiori Cocktail", "Italian Secret Service", "9th Cloud", "Bossa Nostra", "Italian Secret Service", "Gazzara", "Bossa Nostra", "Gazzara", "Monsieur Blumenberg", "Aromabar", "UKO", "Soulstance"], "centerDistance": 0.03533919105555556, "angle": 0.0}, {"songs": ["Ra", "Grey Skies", "Easy Come", "Untitled"], "artists": ["Sundial", "Josh One", "Asheni", "Ive Mendes"], "centerDistance": 0.0215507, "angle": 1.2566370614359172}, {"songs": ["Sonar", "Ocean Floor", "All Right", "Dois"], "artists": ["Natural High Productions", "Afternoons In Stereo", "Guardner", "Cool Hipnoise"], "centerDistance": 0.013992675000000001, "angle": 2.5132741228718345}, {"songs": ["Ways", "Agua de Beber", "Slow Pull", "Riding the Mambo", "Avenue Du Gare (Martini Dub Mix)"], "artists": ["Guardner", "Montefiori Cocktail", "Jerry Dimmer", "Soulstance", "Tape Five"], "centerDistance": 0.0049152933999999995, "angle": 3.7699111843077517}, {"songs": ["Contas novas", "Suspect Walk", "Point Of View", "The Trip of the Mind", "Amor ideal", "Let Things Slide"], "artists": ["Panaphonic", "Ohm Guru", "Voo Doo Phunk", "Duran Y Garcia", "Soul Quality Quartet", "Nor Elle"], "centerDistance": 0.004603519166666666, "angle": 5.026548245743669}]