[{"songs": ["L\u00e4t du henne komma n\u00e4rmre", "Bjur\u00f6 klubb", "Tusen bitar", "Jag kan inte skilja p\u00e5", "Cheek to Cheek", "Dom kommer kliva p\u00e5 dig igen", "Live Tomorrow", "Birds", "Without You", "Lev som en gris d\u00f6 som en hund", "Release Me", "Sverige", "Summerbreeze", "Family Values", "Ingenting \u00e4r vettigt 03:30", "You're Not Coming Home Tonight", "Oh Boy", "I Samma Bil", "High Drama", "Touch Me"], "artists": ["Melissa Horn", "Laleh", "Maia Hirasawa", "Melissa Horn", "Sahara Hotnights", "H\u00e5kan Hellstr\u00f6m", "Laleh", "Frida Hyv\u00f6nen", "Timo R\u00e4is\u00e4nen", "Markus Kruneg\u00e5rd", "Oh Laura", "Kent", "Johnossi", "Johnossi", "Markus Kruneg\u00e5rd", "First Aid Kit", "Miss Li", "Bo Kaspers Orkester", "Laakso", "Weeping Willows"], "centerDistance": 0.07351628499999999, "angle": 0.0}, {"songs": ["Papercup Words", "Tell Me", "Warm, Dark, Comforting Night", "The Partisan", "Dear I", "Get On With Your Life", "Where Friend Rhymes With End", "City", "Little Man", "Heart Attack", "Hos Dig \u00c4r Jag Underbar", "Laid In Earth", "Nightmares", "Poppies and Peonies", "Smooth criminal", "Vraket", "Waiting For The Bells", "Anna", "Spanish Moss", "Come On (You Have Arrived)"], "artists": ["Elin Sigvardsson", "Taken by Trees", "Loney, dear", "Jenny Wilson", "Elin Sigvardsson", "Stina Nordenstam", "Ane Brun", "Billie the Vision & The Dancers", "Elin Ruth Sigvardsson", "Elin Ruth Sigvardsson", "Patrik Isaksson", "Ane Brun", "Billie the Vision & The Dancers", "Christian Kjellvander", "Montt Mardi\u00e9", "Lisa Ekdahl", "Joel Alme", "Taken by Trees", "Joel Alme", "Amanda Jenssen"], "centerDistance": 0.058498965000000014, "angle": 1.2566370614359172}, {"songs": ["Aldrig ensam", "En Hand I Himlen"], "artists": ["Jonathan Johansson", "Jonathan Johansson"], "centerDistance": 0.058831350000000004, "angle": 2.5132741228718345}, {"songs": ["\u00c4ppel\u00f6ga", "Svensktalande b\u00e4ttre folk"], "artists": ["Anna J\u00e4rvinen", "Anna J\u00e4rvinen"], "centerDistance": 0.0383662, "angle": 3.7699111843077517}, {"songs": ["Little Lies", "I Don't Sleep Well", "Long Lost Penpal", "Fade", "Come Out", "Old Man's Car", "Mario", "Polish Daughter", "Nothing, Nobody, Right & Wrongs", "Stormy Weather", "New Fool", "Glue Girl", "H\u00f6ga klackar och korta kjolar"], "artists": ["Anna Ternheim", "Hello Saferide", "Hello Saferide", "Sophie Zelmani", "Kristofer \u00c5str\u00f6m", "Kristofer \u00c5str\u00f6m", "Rebecka T\u00f6rnqvist", "Christian Kjellvander", "Tingsek", "Moneybrother", "Nikola Sarcevic", "Nikola Sarcevic", "Orup"], "centerDistance": 0.10388646769230768, "angle": 5.026548245743669}]