[{"songs": ["Party Dolly", "Party Time", "Intergalactic", "Them No Care", "Everyone Falls In Love", "Same Complain", "Higher Level", "Stepz Out", "Touch The Road", "There For You", "Hey Ladies", "Pop Thong Ma", "That Girl", "My Heart Is Booked", "Hell in Harlem", "Dip & Fall Back", "They Don't Know", "A Who Seh Ne Dun (Wake De Man)", "My Woman", "Best Days Of My Life"], "artists": ["Determine", "Wayne Marshall", "T.O.K.", "Super Cat", "Tanto Metro & Devonte", "Morgan Heritage", "Elephant Man", "Zumjay", "Mavado", "Beres Hammond", "T.O.K.", "Future Troubles", "Kiprich", "Pinchers", "Pinchers", "Patra", "Warrior King", "Cutty Ranks", "Cutty Ranks", "Voicemail"], "centerDistance": 0.26559851999999984, "angle": 0.0}, {"songs": ["Model Again"], "artists": ["Harry Toddler"], "centerDistance": 0.0151982, "angle": 1.2566370614359172}, {"songs": ["Stiff Tongue"], "artists": ["Harry Toddler"], "centerDistance": 0.0151982, "angle": 2.5132741228718345}, {"songs": ["Superlative", "Love You To The Bone"], "artists": ["Chaka Demus", "Chaka Demus"], "centerDistance": 0.00925728, "angle": 3.7699111843077517}, {"songs": ["Step It Outta Babylon", "Better She Gwan"], "artists": ["Yellowman & Fathead", "Peter Metro"], "centerDistance": 0.009090319999999999, "angle": 5.026548245743669}]