[{"songs": ["Maggot Fetus... Teeth Like Thorns", "Dead Inside", "Dominus Sathanas", "Invocation", "ii. Belus Doed", "A Few Shreds Of Thoughts", "The Cycle Of The Cycles", "The Old House on the Hill", "Primul om", "The Deep Is The Skies", "Isoders Dronning", "I", "...In The Woods", "Der Kulden R\u00e5r", "Leviathan", "(A Shimmering Radiance) Diadem of 12 Stars", "Unreleased Outro", "Todeswalzer", "Face in a Night Time Mirror - Part 1", "Byzantine Meditation (Urban Mix)"], "artists": ["1349", "Beherit", "Burzum", "1349", "Burzum", "Blut Aus Nord", "Blut Aus Nord", "Carpathian Forest", "Negur\u0103 Bunget", "Arcturus", "Enslaved", "Negur\u0103 Bunget", "In The Woods...", "Khold", "Akercocke", "Wolves in the Throne Room", "Mortiis", "Windir", "Wolves in the Throne Room", "Antaeus"], "centerDistance": 0.027037112099999993, "angle": 0.0}, {"songs": ["Wolf & Man", "Wolf & Destiny"], "artists": ["Ulver", "Ulver"], "centerDistance": 0.9902385, "angle": 1.2566370614359172}, {"songs": ["\u00c6rie Descends", "Infernal Rites", "Phormula", "A Void Of Lifeless Dreams"], "artists": ["Thorns", "Akercocke", "Ephel Duath", "Limbonic Art"], "centerDistance": 0.02008815, "angle": 2.5132741228718345}, {"songs": ["Silver Dwarf", "Between The Living And The Dead", "The Watchers Mass Part 2", "The Zkeleton Keyz to the Dead", "The Eerie Obzidian Circuz"], "artists": ["Solefald", "Peccatum", "Peccatum", "Diabolical Masquerade", "Diabolical Masquerade"], "centerDistance": 0.027047159999999997, "angle": 3.7699111843077517}, {"songs": ["Crater Of The Valkyries", "Pa slagmark langt mot nord", "Ghoul", "Kamp", "Nihilist - Lord Sathanas Returns (Bonus)"], "artists": ["Solefald", "Gorgoroth", "Carpathian Forest", "Khold", "Black Funeral"], "centerDistance": 0.024118931400000005, "angle": 5.026548245743669}]