[{"songs": ["Anchor Of My Soul", "Impossible Possibility"], "artists": ["Telecast", "Telecast"], "centerDistance": 0.00335211, "angle": 0.0}, {"songs": ["Every Day's Another Day (Journey To Eternity)", "You Are Holy (Prince Of Peace)", "Salvation Is Here (Passion: the early session 01 EP Version)", "Grace", "As I Lift You Up", "You Are Glory", "Yesterday, Today And Forever", "Marvelous Light", "Blessed Be Your Name", "Breathe", "We Crown You", "Greatly To Be Praised", "You Led Me To The Cross", "My Savior My God (Album Version)", "Adonai", "I Exalt Thee", "Draw Me Close", "I WIll Lift My Eyes", "Mighty Love", "Only Grace"], "artists": ["NewSong", "NewSong", "Kristian Stanfill", "Michael W. Smith", "Jeff Deyo", "Rush of Fools", "Vicky Beeching", "Charlie Hall", "Tree63", "Rebecca St. James", "Fee", "Fee", "Matt Redman", "Aaron Shust", "Avalon", "Israel & New Breed", "The Katinas", "Bebo Norman", "Bob Carlisle", "Matthew West"], "centerDistance": 0.25631485, "angle": 1.2566370614359172}, {"songs": ["Open Up The Gates", "Hungry (Falling on My Knees)", "Remember", "Ancient of Days", "Praise The Lord All Nations", "It Is Well With My Soul", "His Strength Is Perfect", "Your Love Is Life - Album Version"], "artists": ["Planetshakers", "Joy Williams", "Wes King", "Ron Kenoly", "Ron Kenoly", "Bob Carlisle", "Kathy Troccoli", "Tenth Avenue North"], "centerDistance": 0.042891805, "angle": 2.5132741228718345}, {"songs": ["Beautiful Jesus", "Walk The World", "Hosanna"], "artists": ["Kristian Stanfill", "Charlie Hall", "Christy Nockels"], "centerDistance": 0.17765699999999998, "angle": 3.7699111843077517}, {"songs": ["Hiding Place", "Last One Standing", "Living For Your Glory", "All To You", "Nothing But The Blood", "God of Wonders", "Take My Hands (Praises)", "Jesus Washed", "Nothing But The Blood", "Love the Lord", "The Motions", "Remain", "You Are My All In All", "Take the Limits Off", "When God Ran", "East To West", "I Want To Be Ready", "To Live Is Christ", "O Come Let Us Adore Him", "Take My Life"], "artists": ["Starfield", "MercyMe", "Tim Hughes", "Lincoln Brewster", "Tree63", "By the Tree", "Newsboys", "By the Tree", "Matt Redman", "Lincoln Brewster", "Matthew West", "Starfield", "Natalie Grant", "Israel & New Breed", "Phillips, Craig & Dean", "Casting Crowns", "Shawn McDonald", "Parachute Band", "Parachute Band", "Jadon Lavik"], "centerDistance": 0.173871245, "angle": 5.026548245743669}]