[{"songs": ["Eye Mountain", "Has Been Trying Not to Wonder", "Cyberia", "Pitbull", "Eyewarm", "Drum Light", "Follow Your Shadow", "Crumble (17 02 99 ! Persona Be Praised !)", "Unborn Baby"], "artists": ["Frog Pocket", "Lexaunculpt", "Chevron", "Jega", "Frog Pocket", "\u00b5-Ziq", "Freeform", "Lesser", "Venetian Snares + Speedranch"], "centerDistance": 0.04346590555555556, "angle": 0.0}, {"songs": ["equino", "Staid", "The Unmute Clipon Revolver", "Boss Eye", "Mr Bad News (Clark Remix)", "War Pigs", "flatter platter play boy batter", "You Make Me Sick", "aliasing", "Audio Stool", "face blast", "Square Two", "Skylight Red Omega", "Fire Beats", "WNSN"], "artists": ["The Gasman", "The Gasman", "Lexaunculpt", "Milanese", "Milanese", "Doormouse", "Doormouse", "Sickboy", "Exillon", "Blectum from Blechdom", "Duran Duran Duran", "Gimmik", "Team Doyobi", "Venetian Snares + Speedranch", "Autechre"], "centerDistance": 0.029792577333333334, "angle": 1.2566370614359172}, {"songs": ["888", "777"], "artists": ["Nautilis", "Nautilis"], "centerDistance": 0.0964299, "angle": 2.5132741228718345}, {"songs": ["Suggested Surgery", "Fuck What Ya Heard", "Left Me"], "artists": ["Electronic Music Composer", "Electronic Music Composer", "Eight Frozen Modules"], "centerDistance": 0.5496359666666667, "angle": 3.7699111843077517}, {"songs": ["Kisses", "Penvag", "Tirade Of Abuse From A Sweaty Cunt", "Sink Snow Angel", "Sheepdip"], "artists": ["Datach'i", "Datach'i", "Tim Exile", "Venetian Snares", "Quinoline Yellow"], "centerDistance": 0.044643612000000006, "angle": 5.026548245743669}]