[{"songs": ["grind and hustle", "No Introduction"], "artists": ["Ransom", "Ransom"], "centerDistance": 0.0022889, "angle": 0.0}, {"songs": ["Nemosh", "Pritisni Stop"], "artists": ["Frenkie", "Frenkie"], "centerDistance": 0.9328935, "angle": 1.2566370614359172}, {"songs": ["Outro", "Illegal Business", "Form Of Intellect", "Petrified (Sessions @ AOL)", "Say Your Prayers", "The Prophecy", "Welcome To The Terrordome", "Shok TV", "Long Distance Runner", "Spun", "Sex And Violence", "Conditional Love", "4, 5, 6", "Smile", "Soldierfied", "It's a Shame", "The Building", "Intro", "In Your Room (Tribute To Depeche Mode)", "Going Hard"], "artists": ["Edo Maajka", "KRS-One", "Gang Starr", "Fort Minor", "Gang Starr", "Immortal Technique", "Pharoahe Monch", "Saigon", "Promoe", "Flipsyde", "Boogie Down Productions", "Arrested Development", "Kool G Rap", "K'NAAN", "Lifesavas", "Kool G Rap", "Looptroop Rockers", "Karramba", "Karramba", "Talib Kweli"], "centerDistance": 0.0173598495, "angle": 2.5132741228718345}, {"songs": ["Ginger & Lemon", "Live Life Quick (featuring Big B, Just Cause, and Saint Dog)", "Feelz So Good (D Loc)", "V Ter\u00e9nu"], "artists": ["Looptroop Rockers", "Subnoize Souljaz", "Subnoize Souljaz", "LA4"], "centerDistance": 0.0020391324999999997, "angle": 3.7699111843077517}, {"songs": ["Saletova Osveta", "Slatke Male Maloletnice", "Grippo", "Rise", "Proper Propaganda", "5 p\u00e4iv\u00e4\u00e4 5 y\u00f6t\u00e4"], "artists": ["Edo Maajka", "Beogradski Sindikat", "Saul Williams", "Flobots", "Dilated Peoples", "Avain"], "centerDistance": 0.07517306166666665, "angle": 5.026548245743669}]