[{"songs": ["Yes Indeed", "One Call", "Walk It Talk It", "Sunflower - Spider-Man: Into the Spider-Verse"], "artists": ["Lil Baby", "Gunna", "Migos", "Post Malone"], "centerDistance": 0.63487375, "angle": 3.3749875858267355, "color": [0, 0]}, {"songs": ["Fine China", "KIKA (feat. Tory Lanez)", "151 Rum", "Plastic"], "artists": ["Future", "6ix9ine", "Jid", "Jaden Smith"], "centerDistance": 0.4397125, "angle": 4.72407961278542, "color": [1, 0]}, {"songs": ["Hard Work Pays Off", "Splashin", "robbery", "Demons and Angels (feat. Juice WRLD)", "Unbothered", "can't leave without it", "infinity (888) - feat. Joey Bada$$", "Legends", "Fuck Love (Feat. Trippie Redd)", "Know Me", "Cold Shoulder (feat. YoungBoy Never Broke Again)", "Chanel (Go Get It) [feat. Gunna & Lil Baby]", "66", "Notice Me", "Kung Fu", "Bad Girls (feat. Gucci Mane)", "Wanted You (feat. Lil Uzi Vert)", "Early Morning Trappin (feat. Trippie Redd)", "Praise The Lord (Da Shine)", "Speed It Up"], "artists": ["Future", "Rich The Kid", "Juice WRLD", "A Boogie Wit da Hoodie", "SKI MASK THE SLUMP GOD", "21 Savage", "xxxtentacion", "Juice WRLD", "xxxtentacion", "NAV", "Gucci Mane", "Young Thug", "Lil Yachty", "Migos", "YBN Cordae", "lil skies", "NAV", "Rich The Kid", "A$AP Rocky", "Gunna"], "centerDistance": 0.5628871999999999, "angle": 6.271494674778856, "color": [2, 0]}, {"songs": ["Space Cadet (feat. Gunna)", "Overdue (with Travis Scott)", "wokeuplikethis*"], "artists": ["Metro Boomin", "Metro Boomin", "Playboi Carti"], "centerDistance": 0.5189063333333334, "angle": 1.0753918380578193, "color": [3, 0]}, {"songs": ["MoshPit (feat. Juice WRLD)", "Calling My Spirit", "Murder On My Mind"], "artists": ["Kodak Black", "Kodak Black", "YNW Melly"], "centerDistance": 0.47797599999999996, "angle": 2.156140365679608, "color": [4, 0]}]