[{"songs": ["Slick Talk", "Workin Out", "can't leave without it", "SIRENS | Z1RENZ [FEAT. J.I.D | J.1.D]", "Unbothered", "The Games We Play", "NEVER", "Understood", "Tony Tone", "151 Rum", "No Role Modelz", "Up To Something (feat. Travis Scott & Young Thug)", "Paramedic!", "OG Beeper", "Big Fish", "What's Free (feat. Rick Ross & JAY-Z)", "What Would Meek Do? (feat. Kanye West)", "Backseat Freestyle", "Pay You Back (feat. 21 Savage)", "DNA."], "artists": ["Jid", "Jid", "21 Savage", "Denzel Curry", "SKI MASK THE SLUMP GOD", "Pusha T", "J.I.D", "Mick Jenkins", "A$AP Rocky", "J.I.D", "J. Cole", "Metro Boomin", "SOB X RBE", "A$AP Rocky", "Vince Staples", "Meek Mill", "Pusha T", "Kendrick Lamar", "Meek Mill", "Kendrick Lamar"], "centerDistance": 0.7381532499999999, "angle": 3.6914109520625678, "color": [0, 0]}, {"songs": ["Crushed Up", "Jumpin on a Jet"], "artists": ["Future", "Future"], "centerDistance": 0.8242035000000001, "angle": 4.768472184026958, "color": [1, 0]}, {"songs": ["all my friends", "Space Cadet (feat. Gunna)", "The Man Who Has Everything", "Legacy (feat. Travis Scott & 21 Savage)", "KIKA (feat. Tory Lanez)", "Plastic"], "artists": ["21 Savage", "Metro Boomin", "Chance the Rapper", "Offset", "6ix9ine", "Jaden Smith"], "centerDistance": 0.8311345000000001, "angle": 6.227102103537319, "color": [2, 0]}, {"songs": ["Calling My Spirit", "MoshPit (feat. Juice WRLD)", "robbery"], "artists": ["Kodak Black", "Kodak Black", "Juice WRLD"], "centerDistance": 0.8518149999999999, "angle": 1.2578128550759136, "color": [3, 0]}, {"songs": ["SUMO | ZUMO", "KOD", "Sin (feat. Jaden Smith)"], "artists": ["Denzel Curry", "J. Cole", "Young Thug"], "centerDistance": 0.80098, "angle": 2.6143497200981756, "color": [4, 0]}]