[{"songs": ["Who R U?", "FUN!", "Outside!", "Skrawberries (feat. BJ The Chicago Kid)", "NOWHERE2GO", "KOVERT", "Come Back Baby", "Blaxploitation", "Plain Clothes", "The Games We Play", "Don't Forget About Me", "Understood", "151 Rum", "HONEY", "Freeee (Ghost Town, Pt. 2) [feat. Ty Dolla $ign]", "WAV Files", "KOD", "i", "All Mine", "Ghost Town (feat. PARTYNEXTDOOR)"], "artists": ["Anderson .Paak", "Vince Staples", "Vince Staples", "Jid", "Earl Sweatshirt", "Smino", "Pusha T", "NoName", "Mick Jenkins", "Pusha T", "NoName", "Mick Jenkins", "J.I.D", "BROCKHAMPTON", "Kids See Ghosts", "Lupe Fiasco", "J. Cole", "Kendrick Lamar", "Kanye West", "Kanye West"], "centerDistance": 0.8122043449999999, "angle": 3.624321931841635, "color": [0, 0]}, {"songs": ["Saviers Road"], "artists": ["Anderson .Paak"], "centerDistance": 0.0, "angle": 4.623159937749952, "color": [1, 0]}, {"songs": ["L.M.F.", "Way Up"], "artists": ["Smino", "Jaden Smith"], "centerDistance": 0.86555245, "angle": 0.08922904263473797, "color": [2, 0]}, {"songs": ["New Orleans"], "artists": ["BROCKHAMPTON"], "centerDistance": 0.8661030000000001, "angle": 1.0880670485430546, "color": [3, 0]}, {"songs": ["Kids See Ghosts (feat. Yasiin Bey)", "SUMO | ZUMO", "Switch", "See You Again (feat. Kali Uchis)"], "artists": ["Kids See Ghosts", "Denzel Curry", "6LACK", "Tyler, the Creator"], "centerDistance": 0.910163125, "angle": 2.6179217983034366, "color": [4, 0]}]