[{"songs": ["Spice Girl", "Right My Wrongs"], "artists": ["Amin\u00e9", "Bryson Tiller"], "centerDistance": 0.37422649999999996, "angle": 1.1245015848967643, "color": [0, 0]}, {"songs": ["MIDDLE CHILD", "all my friends", "monster"], "artists": ["J. Cole", "21 Savage", "21 Savage"], "centerDistance": 0.30540133333333336, "angle": 2.3384788061772817, "color": [1, 0]}, {"songs": ["10 Freaky Girls (with 21 Savage)", "i"], "artists": ["Metro Boomin", "lil skies"], "centerDistance": 0.414974, "angle": 3.5878873954879253, "color": [2, 0]}, {"songs": ["Swervin (feat. 6ix9ine)", "Back To Back", "Mask Off", "Black Beatles", "Congratulations", "I Love It (& Lil Pump)", "No Stylist", "Rack City", "God's Plan", "No Role Modelz", "Leave Me Alone", "3005", "Low (feat T-Pain)", "Lean Wit Me", "Bound 2", "GOKU", "We Dem Boyz", "Feeling Myself (feat. Beyonc\u00e9)", "Lucid Dreams", "Transportin'"], "artists": ["A Boogie Wit da Hoodie", "Drake", "Future", "Rae Sremmurd", "Post Malone", "Kanye West", "French Montana", "Tyga", "Drake", "J. Cole", "Flipp Dinero", "Childish Gambino", "Flo Rida", "Juice WRLD", "Kanye West", "Jaden Smith", "Wiz Khalifa", "Nicki Minaj", "Juice WRLD", "Kodak Black"], "centerDistance": 0.20129315, "angle": 4.806662201916468, "color": [3, 0]}, {"songs": ["KIKA (feat. Tory Lanez)", "I Fall Apart"], "artists": ["6ix9ine", "Post Malone"], "centerDistance": 0.148399, "angle": 6.188912085647808, "color": [4, 0]}]