[{"songs": ["Good Form", "Hard White"], "artists": ["Nicki Minaj", "Nicki Minaj"], "centerDistance": 0.7589619999999999, "angle": 4.822487203872838, "color": [0, 0]}, {"songs": ["Break Up with Your Girlfriend, I'm Bored", "Make Up", "More Than That", "Dark Horse", "High by the Beach", "5 In the Morning", "Phresh Out the Runway", "Bitch I'm Madonna (feat. Nicki Minaj)", "Wasted Times", "TROPHY", "Without Me (feat. Juice WRLD)", "Tia Tamera (feat. Rico Nasty)", "Try Me", "Jewels N' Drugs (feat. T.I., Too $hort & Twista)", "Lonely", "Strip That Down", "Myself", "Judas", "Sweet but Psycho", "bury a friend"], "artists": ["Ariana Grande", "Ariana Grande", "Lauren Jauregui", "Katy Perry", "Lana Del Rey", "Charli XCX", "Rihanna", "Madonna", "The Weeknd", "Charli XCX", "Halsey", "Doja Cat", "The Weeknd", "Lady Gaga", "Demi Lovato", "Liam Payne", "bazzi", "Banks", "Ava Max", "Billie Eilish"], "centerDistance": 0.8377467449999999, "angle": 6.173087083691438, "color": [1, 0]}, {"songs": ["S\u00f3 Depois do Carnaval", "Terremoto"], "artists": ["Lexa", "Anitta"], "centerDistance": 0.98541415, "angle": 1.100636685253015, "color": [2, 0]}, {"songs": ["Throw a Fit", "Like I Used To"], "artists": ["Tinashe", "Tinashe"], "centerDistance": 0.92479835, "angle": 2.3113715939941795, "color": [3, 0]}, {"songs": ["Sally Walker", "Formation", "Sorry", "Motivate", "Kream (feat. Tyga)", "Summer Bummer (feat. A$AP Rocky & Playboi Carti)", "Sober II (Melodrama)", "Angel", "LBD", "OMG (feat. Quavo)", "Like I Do (feat. GoldLink)", "Accelerate (feat. Ty Dolla $ign & 2 Chainz)", "Saudade Daquilo", "Steady (feat. Tory Lanez)", "Perfectly Wrong", "Mooo!", "Dumb Blonde (feat. Nicki Minaj)", "Swan Song (From The Motion Picture \"Alita: Battle Angel\")"], "artists": ["Iggy Azalea", "Beyonc\u00e9", "Beyonc\u00e9", "Little Mix", "Iggy Azalea", "Lana Del Rey", "Lorde", "Fifth Harmony", "Becky G", "Camila Cabello", "Christina Aguilera", "Christina Aguilera", "IZA", "Bebe Rexha", "Shawn Mendes", "Doja Cat", "Avril Lavigne", "Dua Lipa"], "centerDistance": 0.8812257888888889, "angle": 3.5678135313743127, "color": [4, 0]}]