[{"songs": ["Pipe (feat. XNDA)", "Me So Bad (feat. Ty Dolla $ign & French Montana)", "lEvEL uP", "Sweetener", "Barbie Tingz", "Thought I Knew You (feat. The Weeknd)", "everytime", "OMG (feat. Wiz Khalifa)", "Hey Iggy", "Consideration (feat. SZA)", "Games", "Stay Long Love You (feat. Gunna)", "Jewels N' Drugs (feat. T.I., Too $hort & Twista)", "Done For Me (feat. Kehlani)", "8th Grade", "Petty", "Deep End", "I Like That", "Dona da Minha Vida", "Dopamine"], "artists": ["Christina Aguilera", "Tinashe", "Ciara", "Ariana Grande", "Nicki Minaj", "Nicki Minaj", "Ariana Grande", "Iggy Azalea", "Iggy Azalea", "Rihanna", "Demi Lovato", "Mariah Carey", "Lady Gaga", "Charlie Puth", "Mariah Carey", "Jessie J", "Lykke Li", "Janelle Mon\u00e1e", "Rouge", "Jessie J"], "centerDistance": 0.7916500249999998, "angle": 3.6896229894681913, "color": [0, 0]}, {"songs": ["Like I Do (feat. GoldLink)"], "artists": ["Christina Aguilera"], "centerDistance": 0.0, "angle": 4.708775543157069, "color": [1, 0]}, {"songs": ["Throw a Fit"], "artists": ["Tinashe"], "centerDistance": 0.79679, "angle": 0.0036134372276208637, "color": [2, 0]}, {"songs": ["Needed Me", "Summer Bummer (feat. A$AP Rocky & Playboi Carti)", "Nights Like This (feat. Ty Dolla $ign)", "Without Me (feat. Juice WRLD)"], "artists": ["Rihanna", "Lana Del Rey", "Kehlani", "Halsey"], "centerDistance": 0.910367225, "angle": 1.355099408843797, "color": [3, 0]}, {"songs": ["Formation", "Sorry"], "artists": ["Beyonc\u00e9", "Beyonc\u00e9"], "centerDistance": 0.86767, "angle": 2.6704704357793148, "color": [4, 0]}]