[{"songs": ["Let It Go", "I Wanna Be Yours", "505", "Warriors", "Gold", "Battle Cry", "What You Know", "Fallingforyou", "All I Want", "Night Time", "Undercover Martyn", "Little Talks", "Ooh La", "Seaside", "Cough Syrup", "Mountain Sound", "Club Foot", "Car Radio", "Fire", "Intro"], "artists": ["The Neighbourhood", "Arctic Monkeys", "Arctic Monkeys", "Imagine Dragons", "Sir Sly", "Imagine Dragons", "Two Door Cinema Club", "The 1975", "Kodaline", "The xx", "Two Door Cinema Club", "Of Monsters and Men", "The Kooks", "The Kooks", "Young the Giant", "Of Monsters and Men", "Kasabian", "Twenty One Pilots", "Kasabian", "alt-J"], "centerDistance": 0.80021685, "angle": 3.5900825028944396, "color": [0, 0]}, {"songs": ["Crystalised", "Breezeblocks", "Casual Affair", "Crossfire"], "artists": ["The xx", "alt-J", "Panic! at the Disco", "Brandon Flowers"], "centerDistance": 0.86982165, "angle": 4.760545782520731, "color": [1, 0]}, {"songs": ["Female Robbery"], "artists": ["The Neighbourhood"], "centerDistance": 0.031116000000000033, "angle": 6.235028505043544, "color": [2, 0]}, {"songs": ["Things We Lost in the Fire", "Sex", "Bad Blood", "Brand New Day"], "artists": ["Bastille", "The 1975", "Bastille", "Kodaline"], "centerDistance": 0.8448896, "angle": 1.0913067449858476, "color": [3, 0]}, {"songs": ["Don't Stop (Color on the Walls)", "Coming of Age"], "artists": ["Foster the People", "Foster the People"], "centerDistance": 0.8787834999999999, "angle": 2.4291879282269413, "color": [4, 0]}]