[{"songs": ["One More (feat. M\u00d8)", "If I Could Change Your Mind", "Boys Don't Cry", "Don't Save Me", "Never Wanna Know", "Mother & Father", "Vanessa", "Talking Body", "On My Side", "Never Let Me Go", "Anything Could Happen", "Echo", "All You Never Say", "Give You What You Like"], "artists": ["Elliphant", "HAIM", "Natalia Kills", "HAIM", "M\u00d8", "BROODS", "Grimes", "Tove Lo", "Leighton Meester", "Florence + the Machine", "Ellie Goulding", "Foxes", "Birdy", "Avril Lavigne"], "centerDistance": 0.8887416214285714, "angle": 2.356194490192345, "color": [0, 0]}, {"songs": ["National Anthem"], "artists": ["Lana Del Rey"], "centerDistance": 0.83945, "angle": 3.458651601643311, "color": [1, 0]}, {"songs": ["Nobody Asked Me (If I Was Okay)", "I Will", "Buzzcut Season", "A World Alone", "Better Than That", "Daddy's Girl", "Just Like a Dream", "Black Beauty", "Sober", "Every Tear Disappears", "OctaHate", "This Isn't Control", "Promises", "Regret", "Crave", "Dust Hymn", "Waste", "Best Friend", "Salty Sweet", "Repetition"], "artists": ["Sky Ferreira", "Sky Ferreira", "Lorde", "Lorde", "Marina & the Diamonds", "Natalia Kills", "Lykke Li", "Lana Del Rey", "BROODS", "St. Vincent", "Ryn Weaver", "MS MR", "Ryn Weaver", "St. Vincent", "Tove Lo", "Purity Ring", "Foster the People", "Foster the People", "MS MR", "Purity Ring"], "centerDistance": 0.7931935499999999, "angle": 4.561108713094276, "color": [2, 0]}, {"songs": ["Shampain"], "artists": ["Marina & the Diamonds"], "centerDistance": 0.834851, "angle": 0.15128026729041277, "color": [3, 0]}, {"songs": ["Silver Line", "All This and Heaven Too", "A Night to Remember"], "artists": ["Lykke Li", "Florence + the Machine", "Betty Who"], "centerDistance": 0.9055833, "angle": 1.2537373787413788, "color": [4, 0]}]