[{"songs": ["Handmade Heaven", "Last Dance", "Woman Like Me (feat. Nicki Minaj)", "Confident", "Like That", "Think About Us"], "artists": ["Marina", "Dua Lipa", "Little Mix", "Demi Lovato", "Bea Miller", "Little Mix"], "centerDistance": 0.9058607833333334, "angle": 4.6367937764493234, "color": [0, 0]}, {"songs": ["Cry Baby", "National Anthem", "Off to the Races", "Bellyache", "my boy", "New Americana", "Colors", "I Did Something Bad", "Team", "Green Light", "...Ready For It?", "Hey Hey Hey", "Love Me", "My My My!", "Habits (Stay High)", "Better Than That", "Birthday", "Lies", "Not on Drugs", "Birdie"], "artists": ["Melanie Martinez", "Lana Del Rey", "Lana Del Rey", "Billie Eilish", "Billie Eilish", "Halsey", "Halsey", "Taylor Swift", "Lorde", "Lorde", "Taylor Swift", "Katy Perry", "Katy Perry", "Troye Sivan", "Tove Lo", "Marina & the Diamonds", "Selena Gomez", "Marina & the Diamonds", "Tove Lo", "Avril Lavigne"], "centerDistance": 0.8213452050000001, "angle": 0.07559520393536623, "color": [1, 0]}, {"songs": ["1999", "Party for One"], "artists": ["Charli XCX", "Carly Rae Jepsen"], "centerDistance": 0.92326915, "angle": 1.0305035863451604, "color": [2, 0]}, {"songs": ["Milk and Cookies", "Plum", "What I Need (feat. Kehlani)", "Feelings"], "artists": ["Melanie Martinez", "Troye Sivan", "Hayley Kiyoko", "Hayley Kiyoko"], "centerDistance": 0.679496775, "angle": 2.4430298756991498, "color": [3, 0]}, {"songs": ["Sad", "Mine"], "artists": ["Bebe Rexha", "Bebe Rexha"], "centerDistance": 0.9081843, "angle": 3.525195936784268, "color": [4, 0]}]