[{"songs": ["Steady (feat. Tory Lanez)"], "artists": ["Bebe Rexha"], "centerDistance": 0.7148639999999999, "angle": 1.3684833596440518, "color": [0, 0]}, {"songs": ["Fetish (feat. Gucci Mane)"], "artists": ["Selena Gomez"], "centerDistance": 0.596218, "angle": 2.4645951180108616, "color": [1, 0]}, {"songs": ["Saudade Daquilo", "Summer Bummer (feat. A$AP Rocky & Playboi Carti)"], "artists": ["IZA", "Lana Del Rey"], "centerDistance": 0.802298, "angle": 3.560706876377671, "color": [2, 0]}, {"songs": ["OMG (feat. Quavo)", "Good Form", "Motivate", "Formation", "Sober II (Melodrama)"], "artists": ["Camila Cabello", "Nicki Minaj", "Little Mix", "Beyonc\u00e9", "Lorde"], "centerDistance": 0.6993036, "angle": 4.65681863474448, "color": [3, 0]}, {"songs": ["Down (feat. Gucci Mane)", "Them Girls Be Like", "In the Dark", "God is a Woman", "Love Lies (with Normani)", "BED (feat. Ariana Grande)", "everytime", "...Ready For It?", "Now or Never", "Needed Me", "Witness", "Power (feat. Stormzy)", "Bad Liar", "Bitch Better Have My Money", "Linha de Frente", "OMG (feat. Wiz Khalifa)", "Call It What You Want", "Accelerate", "No Drama", "Tokyo Snow Trip"], "artists": ["Fifth Harmony", "Fifth Harmony", "Camila Cabello", "Ariana Grande", "Khalid", "Nicki Minaj", "Ariana Grande", "Taylor Swift", "Halsey", "Rihanna", "Katy Perry", "Little Mix", "Selena Gomez", "Rihanna", "IZA", "Iggy Azalea", "Taylor Swift", "Christina Aguilera", "Tinashe", "Iggy Azalea"], "centerDistance": 0.6232262499999999, "angle": 0.05557034564020835, "color": [4, 0]}]