[{"songs": ["Baby Blue (feat. Chance The Rapper)", "The Blacker the Berry", "Complexion (A Zulu Love) [feat. Rapsody]", "Energy", "Everyday (feat. Rod Stewart x Miguel x Mark Ronson)", "March Madness", "Jumpman", "I Serve the Base", "R.I.C.O. (feat. Drake)", "Know Yourself", "All Eyes on You (feat. Chris Brown & Nicki Minaj)", "Blessings", "How Great (feat. Jay Electronica & My cousin Nicole)", "Trap Queen", "Sunday Candy", "Ultralight Beam", "No Role Modelz", "Father Stretch My Hands, Pt. 1", "I. The Worst Guys (feat. Chance the Rapper)", "Photosynthesis"], "artists": ["Action Bronson", "Kendrick Lamar", "Kendrick Lamar", "Drake", "A$AP Rocky", "Future", "Drake & Future", "Future", "Meek Mill", "Drake", "Meek Mill", "Chance the Rapper", "Chance the Rapper", "Fetty Wap", "Donnie Trumpet & The Social Experiment", "Kanye West", "J. Cole", "Kanye West", "Childish Gambino", "Saba"], "centerDistance": 0.6208236650000001, "angle": 3.5533115517037377, "color": [0, 0]}, {"songs": ["Reborn", "Cudi Montage"], "artists": ["Kids See Ghosts", "Kids See Ghosts"], "centerDistance": 0.9633726499999999, "angle": 4.739937975326152, "color": [1, 0]}, {"songs": ["BLEACH", "a lot", "monster"], "artists": ["BROCKHAMPTON", "21 Savage", "21 Savage"], "centerDistance": 0.9675020333333334, "angle": 6.255636312238125, "color": [2, 0]}, {"songs": ["IV. Sweatpants", "Shoota (feat. Lil Uzi Vert)"], "artists": ["Childish Gambino", "Playboi Carti"], "centerDistance": 0.96337615, "angle": 1.159077428680952, "color": [3, 0]}, {"songs": ["KOD", "Spice Girl"], "artists": ["J. Cole", "Amin\u00e9"], "centerDistance": 0.96479185, "angle": 2.345703852303366, "color": [4, 0]}]