[{"songs": ["Sue Me", "Hurts Like Hell (feat. Offset)", "Sad", "you should see me in a crown", "Fools"], "artists": ["Sabrina Carpenter", "Madison Beer", "Bebe Rexha", "Billie Eilish", "Madison Beer"], "centerDistance": 0.814926, "angle": 1.4849038409992668, "color": [0, 0]}, {"songs": ["Into You"], "artists": ["Julia Michaels"], "centerDistance": 0.0, "angle": 2.5226256345348714, "color": [1, 0]}, {"songs": ["Pretty", "Terrified"], "artists": ["Terror Jr", "Terror Jr"], "centerDistance": 0.859684, "angle": 3.5938215831671814, "color": [2, 0]}, {"songs": ["Deep", "Nasa", "Bad Idea", "Last Hurrah", "Think About Us (feat. Ty Dolla $ign)", "Sweet but Psycho", "Only Want You (feat. 6LACK)", "Wolves", "Call It What You Want", "Body Heat", "Bad Liar", "Without Me", "King of My Heart", "FOOLISH", "Tell Me It's Over", "AFTER YOU", "Talk", "Hold Tight (feat. Uhmeer)", "Think About Us", "Homework (feat. lil Aaron)"], "artists": ["Julia Michaels", "Ariana Grande", "Ariana Grande", "Bebe Rexha", "Little Mix", "Ava Max", "Rita Ora", "Selena Gomez & Marshmello", "Taylor Swift", "Selena Gomez", "Selena Gomez", "Halsey", "Taylor Swift", "Meghan Trainor", "Avril Lavigne", "Meghan Trainor", "Khalid", "Sabrina Carpenter", "Little Mix", "Kim Petras"], "centerDistance": 0.6844404500000001, "angle": 4.616639408759669, "color": [3, 0]}, {"songs": ["I Can't Get Enough", "Don\u2019t Feel Like Crying"], "artists": ["benny blanco, Tainy, Selena Gomez & J Balvin", "Sigrid"], "centerDistance": 0.47489650000000005, "angle": 0.09574957162501985, "color": [4, 0]}]