[{"songs": ["The Lucky Ones", "Can't Control the Kids", "Mirrors", "One Woman Army", "Poison", "Blow", "Radioactive", "Save the Day", "Judas", "Applause", "C'mon", "Saturday Night", "In the Dark", "It Should Be Easy (feat. will.i.am)", "Hold It Against Me", "Break Free (feat. Zedd)", "Fuck U Betta", "Bionic", "Caught in the Middle", "Birthday"], "artists": ["Kerli", "Kerli", "Natalia Kills", "Porcelain Black", "Nicole Scherzinger", "Ke$ha", "Rita Ora", "Selena Gomez", "Lady Gaga", "Lady Gaga", "Ke$ha", "Natalia Kills", "Dev", "Britney Spears", "Britney Spears", "Ariana Grande", "Neon Hitch", "Christina Aguilera", "Charli XCX", "Katy Perry"], "centerDistance": 0.6891564000000001, "angle": 1.1077745209817778, "color": [0, 0]}, {"songs": ["Get Outta My Way", "Lovesick"], "artists": ["Kylie Minogue", "Emily Osment"], "centerDistance": 0.787938, "angle": 2.2647133150986356, "color": [1, 0]}, {"songs": ["What You Waiting For?", "Hollaback Girl"], "artists": ["Gwen Stefani", "Gwen Stefani"], "centerDistance": 0.813687, "angle": 3.6046144594029124, "color": [2, 0]}, {"songs": ["Don't Hold Your Breath", "Where Have You Been", "Burn"], "artists": ["Nicole Scherzinger", "Rihanna", "Ellie Goulding"], "centerDistance": 0.8174596666666666, "angle": 4.76155325351977, "color": [3, 0]}, {"songs": ["Untouched"], "artists": ["The Veronicas"], "centerDistance": 0.807509, "angle": 6.234021034044506, "color": [4, 0]}]