[{"songs": ["Narcos", "Stir Fry"], "artists": ["Migos", "Migos"], "centerDistance": 0.8829955, "angle": 3.485056378065645, "color": [0, 0]}, {"songs": ["Psycho (feat. Ty Dolla $ign)", "Icon", "44 More", "KOD", "Neighbors", "all my friends", "HUMBLE.", "a lot", "KIKA (feat. Tory Lanez)"], "artists": ["Post Malone", "Jaden Smith", "Logic", "J. Cole", "J. Cole", "21 Savage", "Kendrick Lamar", "21 Savage", "6ix9ine"], "centerDistance": 0.879918, "angle": 4.819921775975511, "color": [1, 0]}, {"songs": ["Nowadays (feat. Landon Cube)", "Red Roses (feat. Landon Cube)"], "artists": ["lil skies", "lil skies"], "centerDistance": 0.8936105000000001, "angle": 6.175652511588765, "color": [2, 0]}, {"songs": ["Occupied", "Amen", "Candy Paint", "All Girls Are The Same", "Wasted (feat. Lil Uzi Vert)", "I'm Upset", "Contra", "SAD!", "Nephew (feat. Lil Pump)", "Domo23", "Look at Me!", "Breakfast (feat. A$AP Rocky)", "Roll in Peace (feat. XXXTENTACION)", "Nice For What", "Taste (feat. Offset)", "Ric Flair Drip (& Metro Boomin)", "Praise The Lord (Da Shine) [feat. Skepta]", "Mo Bamba", "Sauce It Up", "Plain Jane"], "artists": ["Rich Brian", "Rich Brian", "Post Malone", "Juice WRLD", "Juice WRLD", "Drake", "Logic", "xxxtentacion", "smokepurpp", "Tyler, the Creator", "xxxtentacion", "Jaden Smith", "Kodak Black", "Drake", "Tyga", "Offset", "A$AP Rocky", "Sheck Wes", "LIL UZI VERT", "A$AP Ferg"], "centerDistance": 0.7855746000000001, "angle": 1.0339381642204053, "color": [3, 0]}, {"songs": ["10 Freaky Girls (with 21 Savage)", "Nuketown (feat. Juice WRLD)", "Yacht Club (feat. Juice WRLD)"], "artists": ["Metro Boomin", "SKI MASK THE SLUMP GOD", "Lil Yachty"], "centerDistance": 0.8893953333333333, "angle": 2.15480131079806, "color": [4, 0]}]