[{"songs": ["Because It's In The Music", "Beach2k20", "Goya Soda", "Damn (what must a woman do)", "Science", "Thank U, Next", "Hard Rain", "No Tears Left To Cry", "Backseat (feat. Carly Rae Jepsen)", "Unlock It (feat. Kim Petras and Jay Park)", "Sober", "Your Song", "Anywhere", "Get Together", "Boy Problems", "Forbidden Love", "Shedontknowbutsheknows", "Aura", "Sanctify", "Dancing"], "artists": ["Robyn", "Robyn", "Christine and the Queens", "Christine and the Queens", "Allie X", "Ariana Grande", "Lykke Li", "Ariana Grande", "Charli XCX", "Charli XCX", "Lorde", "Rita Ora", "Rita Ora", "Madonna", "Carly Rae Jepsen", "Madonna", "Tove Lo", "Lady Gaga", "Years & Years", "Kylie Minogue"], "centerDistance": 0.815672215, "angle": 3.6641508662946016, "color": [0, 0]}, {"songs": ["Girl of the Year", "My My My!", "Think About Us"], "artists": ["Allie X", "Troye Sivan", "Little Mix"], "centerDistance": 0.8964858000000001, "angle": 4.767903604019485, "color": [1, 0]}, {"songs": ["Nostalgia", "Way Down"], "artists": ["M\u00d8", "M\u00d8"], "centerDistance": 0.8625095, "angle": 6.227670683544791, "color": [2, 0]}, {"songs": ["Party for One", "Plum", "Want To"], "artists": ["Carly Rae Jepsen", "Troye Sivan", "Dua Lipa"], "centerDistance": 0.8828159000000001, "angle": 1.1705431153694859, "color": [3, 0]}, {"songs": ["Hair Body Face", "Green Light", "Baby (feat. Marina & Luis Fonsi)", "you should see me in a crown"], "artists": ["Lady Gaga", "Lorde", "Clean Bandit", "Billie Eilish"], "centerDistance": 0.92231775, "angle": 2.5603981285697195, "color": [4, 0]}]