[{"songs": ["Plum", "you should see me in a crown", "Missing U"], "artists": ["Troye Sivan", "Billie Eilish", "Robyn"], "centerDistance": 0.6384733333333333, "angle": 4.760779779014207, "color": [0, 0]}, {"songs": ["Way Down", "Nostalgia"], "artists": ["M\u00d8", "M\u00d8"], "centerDistance": 0.5886775, "angle": 6.234794508550068, "color": [1, 0]}, {"songs": ["Baby (feat. Marina and The Diamonds & Luis Fonsi)", "My My My!", "Eyes Closed", "High Five"], "artists": ["Clean Bandit", "Troye Sivan", "Halsey", "Sigrid"], "centerDistance": 0.53455925, "angle": 1.2585633051592273, "color": [2, 0]}, {"songs": ["Mama (feat. Ellie Goulding)", "Woman Like Me (feat. Nicki Minaj)", "Don\u2019t Feel Like Crying", "Ciao Adios", "Too Good at Goodbyes", "Sad"], "artists": ["Clean Bandit", "Little Mix", "Sigrid", "Anne-Marie", "Sam Smith", "Bebe Rexha"], "centerDistance": 0.5597131666666667, "angle": 2.663045037853749, "color": [3, 0]}, {"songs": ["Wasabi", "1999", "Falling to Pieces", "Your Song", "IDGAF", "Hotter Than Hell", "Shedontknowbutsheknows", "Sua cara (Feat. Anitta & Pabllo Vittar)", "Radioactive", "Aura", "Do What U Want", "Roulette", "Unlock It (feat. Kim Petras and Jay Park)", "Lies", "Sanctify", "I Can\u2019t Get Enough (benny blanco, Selena Gomez, J Balvin, Tainy)", "Witness", "Self Control", "Say My Name (feat. Bebe Rexha & J Balvin)", "Human Being (feat. Zhala)"], "artists": ["Little Mix", "Charli XCX", "Rita Ora", "Rita Ora", "Dua Lipa", "Dua Lipa", "Tove Lo", "Major Lazer", "Marina & the Diamonds", "Lady Gaga", "Lady Gaga", "Katy Perry", "Charli XCX", "Marina & the Diamonds", "Years & Years", "Benny Blanco", "Katy Perry", "Bebe Rexha", "David Guetta", "Robyn"], "centerDistance": 0.6292630000000001, "angle": 3.7087820523087096, "color": [4, 0]}]