[{"songs": ["Geek'd (feat. Lil Baby)", "Twerk (feat. Cardi B)", "Backin' It Up (feat. Cardi B)", "Swervin (feat. 6ix9ine)", "BUTTERFLY DOORS", "Sally Walker", "Rule the World (feat. Ariana Grande)", "Racks On Racks", "Bartier Cardi (feat. 21 Savage)", "Drip (feat. Migos)", "Look Back At It", "Splashin", "a&t", "Roof", "Barbie Drip", "No Stylist", "Armed And Dangerous", "Noticed", "Countin' Up", "No Limit (feat. A$AP Rocky & Cardi B)"], "artists": ["Bhad Bhabie", "City Girls", "Pardison Fontaine", "A Boogie Wit da Hoodie", "LIL PUMP", "Iggy Azalea", "2 Chainz", "LIL PUMP", "Cardi B", "Cardi B", "A Boogie Wit da Hoodie", "Rich The Kid", "21 Savage", "Rico Nasty", "Nicki Minaj", "French Montana", "Juice WRLD", "lil Mosey", "Rico Nasty", "G-Eazy"], "centerDistance": 0.6696714500000001, "angle": 1.1521455263853175, "color": [0, 0]}, {"songs": ["Bestie (feat. Kodak Black)", "Act Up", "all my friends", "Better Now"], "artists": ["Bhad Bhabie", "City Girls", "21 Savage", "Post Malone"], "centerDistance": 0.50649, "angle": 2.3593288023759156, "color": [1, 0]}, {"songs": ["Hard White", "Kream (feat. Tyga)"], "artists": ["Nicki Minaj", "Iggy Azalea"], "centerDistance": 0.7417320000000001, "angle": 3.5602434539993713, "color": [2, 0]}, {"songs": ["KIKA (feat. Tory Lanez)", "Nuketown (feat. Juice WRLD)", "Faucet Failure", "One Call", "Space Cadet (feat. Gunna)"], "artists": ["6ix9ine", "SKI MASK THE SLUMP GOD", "SKI MASK THE SLUMP GOD", "Gunna", "Metro Boomin"], "centerDistance": 0.7743648000000001, "angle": 4.761158105622826, "color": [3, 0]}, {"songs": ["Crushed Up", "Jumpin on a Jet"], "artists": ["Future", "Future"], "centerDistance": 0.702589, "angle": 6.234416181941449, "color": [4, 0]}]