[{"songs": ["Wolves", "Good for You", "Only You (with Little Mix)", "Love You Like a Love Song", "Who Says", "Starving", "IDGAF", "Only You", "Capital Letters", "Work B**ch", "Side Effects (feat. Emily Warren)", "Rainberry", "Bigger Than Me", "Shedontknowbutsheknows", "Love Lies (with Normani)", "I Don\u2019t Wanna Live Forever (Fifty Shades Darker) - From \"Fifty Shades Darker (Original Motion Picture Soundtrack)\"", "Anxiety (with Selena Gomez)", "breathin", "No Tears Left To Cry", "I Can\u2019t Get Enough (benny blanco, Selena Gomez, J Balvin, Tainy)"], "artists": ["Selena Gomez", "Selena Gomez", "Cheat Codes", "Selena Gomez & the Scene", "Selena Gomez & the Scene", "Hailee Steinfeld", "Dua Lipa", "Cheat Codes", "Hailee Steinfeld", "Britney Spears", "The Chainsmokers", "Zayn", "Katy Perry", "Tove Lo", "Khalid", "Zayn", "Julia Michaels", "Ariana Grande", "Ariana Grande", "Benny Blanco"], "centerDistance": 0.7374913999999999, "angle": 3.6293886166964455, "color": [0, 0]}, {"songs": ["Eastside (with Halsey & Khalid)", "lovely (with Khalid)"], "artists": ["Benny Blanco", "Billie Eilish"], "centerDistance": 0.98193955, "angle": 4.720087080268215, "color": [1, 0]}, {"songs": ["Delicate"], "artists": ["Taylor Swift"], "centerDistance": 0.9814217, "angle": 6.275487207296061, "color": [2, 0]}, {"songs": ["End Game"], "artists": ["Taylor Swift"], "centerDistance": 0.9805131, "angle": 1.035546579834211, "color": [3, 0]}, {"songs": ["I'm a Mess", "Sober", "Close to Me (with Diplo) (feat. Swae Lee)", "Kream (feat. Tyga)"], "artists": ["Bebe Rexha", "Demi Lovato", "Ellie Goulding", "Iggy Azalea"], "centerDistance": 0.9829006250000001, "angle": 2.581821675162395, "color": [4, 0]}]