[{"songs": ["Crush Culture"], "artists": ["Conan Gray"], "centerDistance": 0.666282, "angle": 1.1499391410799058, "color": [0, 0]}, {"songs": ["Holy"], "artists": ["King Princess"], "centerDistance": 0.853862, "angle": 2.3441401653433775, "color": [1, 0]}, {"songs": ["Blur"], "artists": ["M\u00d8"], "centerDistance": 0.871162, "angle": 3.5383411896068497, "color": [2, 0]}, {"songs": ["Crush"], "artists": ["Tessa Violet"], "centerDistance": 0.0, "angle": 4.732542213870322, "color": [3, 0]}, {"songs": ["still feel.", "Hallucinating", "I Don't Get to Say I Love You Anymore", "Wish You Were Gay", "Jerome", "Semi-Automatic", "Miss You", "Handmade Heaven", "Shut Up and Dance", "Anxious", "Doubt", "Guns for Hands", "Sober Up", "Fever Pitch", "There's No Way (feat. Julia Michaels)", "Ace of Hearts", "My Love", "Role Models", "Swim", "lovely"], "artists": ["half\u2022alive", "Elohim", "Tessa Violet", "Billie Eilish", "Zella Day", "Twenty One Pilots", "Gabrielle Aplin", "Marina", "Walk the Moon", "Hippo Campus", "Hippo Campus", "Twenty One Pilots", "AJR", "Rainbow Kitten Surprise", "Lauv", "Zella Day", "Lenka", "AJR", "Fickle Friends", "Billie Eilish"], "centerDistance": 0.8579474000000002, "angle": 6.263032073693955, "color": [4, 0]}]