[{"songs": ["Brand New Day", "Unbelievers", "Diane Young"], "artists": ["Kodaline", "Vampire Weekend", "Vampire Weekend"], "centerDistance": 0.8807756666666666, "angle": 3.2676490489055654, "color": [0, 0]}, {"songs": ["Overjoyed", "It's Time", "On Top of the World", "Snap Out of It", "I Wanna Be Yours", "Cough Syrup", "Somebody Told Me", "Runaways", "Nicotine", "Anna Sun", "Next Year", "She Moves in Her Own Way", "Ooh La", "Undercover Martyn", "Tongue Tied", "Use Somebody", "No Light, No Light", "Vegas Lights", "Chasing Cars", "Never Let Me Go"], "artists": ["Bastille", "Imagine Dragons", "Imagine Dragons", "Arctic Monkeys", "Arctic Monkeys", "Young the Giant", "The Killers", "The Killers", "Panic! at the Disco", "Walk the Moon", "Two Door Cinema Club", "The Kooks", "The Kooks", "Two Door Cinema Club", "Grouplove", "Kings of Leon", "Florence + the Machine", "Panic! at the Disco", "Snow Patrol", "Florence + the Machine"], "centerDistance": 0.8139257000000002, "angle": 4.731449343440245, "color": [1, 0]}, {"songs": ["Things We Lost in the Fire", "Coming of Age", "Don't Stop (Color on the Walls)"], "artists": ["Bastille", "Foster the People", "Foster the People"], "centerDistance": 0.5722330000000001, "angle": 6.264124944124031, "color": [2, 0]}, {"songs": ["Sweater Weather", "Afraid", "Chocolate", "Sex", "Sex on Fire", "Fitzpleasure", "Crossfire"], "artists": ["The Neighbourhood", "The Neighbourhood", "The 1975", "The 1975", "Kings of Leon", "alt-J", "Brandon Flowers"], "centerDistance": 0.8584389, "angle": 1.15648726200929, "color": [3, 0]}, {"songs": ["Crystalised", "Islands"], "artists": ["The xx", "The xx"], "centerDistance": 0.8966535, "angle": 2.210883004026961, "color": [4, 0]}]