[{"songs": ["Mine Right Now", "Level Up", "Sucker", "Falling Apart", "You And I", "Wish You Were Gay", "2 Kids", "Hell After This", "Take you home", "Homework (feat. lil Aaron)", "Lost Time", "Party for One", "FOOLISH", "you should see me in a crown", "AFTER YOU", "Missing U", "What I Need (feat. Kehlani)", "Wanna Be Missed", "Sanctify", "1999"], "artists": ["Sigrid", "Sigrid", "BROODS", "BROODS", "L\u00e9on", "Billie Eilish", "Alice Merton", "Dido", "Dido", "Kim Petras", "L\u00e9on", "Carly Rae Jepsen", "Meghan Trainor", "Billie Eilish", "Meghan Trainor", "Robyn", "Hayley Kiyoko", "Hayley Kiyoko", "Years & Years", "Charli XCX"], "centerDistance": 0.8276428899999999, "angle": 1.128901572959128, "color": [0, 0]}, {"songs": ["The Knife", "Overnight"], "artists": ["Maggie Rogers", "Maggie Rogers"], "centerDistance": 0.9932601299999999, "angle": 2.3771545931942737, "color": [1, 0]}, {"songs": ["Mimicry", "Giving Up the Ghost", "Speak Your Mind"], "artists": ["Kerli", "Kerli", "Alice Merton"], "centerDistance": 0.8920167000000001, "angle": 3.6254076134294193, "color": [2, 0]}, {"songs": ["Someone New", "Closer"], "artists": ["Astrid S", "Astrid S"], "centerDistance": 0.9187364, "angle": 4.873660633664565, "color": [3, 0]}, {"songs": ["Last Dance", "Heaven in Hiding", "Pillow", "Sad"], "artists": ["Dua Lipa", "Halsey", "Bebe Rexha", "Bebe Rexha"], "centerDistance": 0.9718564000000001, "angle": 6.1219136538997105, "color": [4, 0]}]