[{"songs": ["Bickenhead", "Bartier Cardi (feat. 21 Savage)", "She Bad", "Barbie Dreams", "Apeshit", "Backin' It Up (feat. Cardi B)", "MotorSport", "Twerk (feat. Cardi B)", "Hey Iggy", "Nice For What", "In My Feelings", "Heard About Us", "All Mine", "Faded Love (feat. Future)", "DNA.", "SAD!", "Hi Bich", "Twerk", "Stir Fry", "Phresh Out the Runway"], "artists": ["Cardi B", "Cardi B", "Cardi B & YG", "Nicki Minaj", "The Carters", "Pardison Fontaine", "Migos", "City Girls", "Iggy Azalea", "Drake", "Drake", "The Carters", "Kanye West", "Tinashe", "Kendrick Lamar", "xxxtentacion", "Bhad Bhabie", "City Girls", "Migos", "Rihanna"], "centerDistance": 0.6801508, "angle": 3.617164960088102, "color": [0, 0]}, {"songs": ["HUMBLE.", "Yikes", "KOD", "Switch", "KIKA (feat. Tory Lanez)"], "artists": ["Kendrick Lamar", "Kanye West", "J. Cole", "6LACK", "6ix9ine"], "centerDistance": 0.8837132999999999, "angle": 4.838572479611747, "color": [1, 0]}, {"songs": ["Chun-Li", "Kream (feat. Tyga)"], "artists": ["Nicki Minaj", "Iggy Azalea"], "centerDistance": 0.585207, "angle": 6.157001807952529, "color": [2, 0]}, {"songs": ["Rule the World (feat. Ariana Grande)", "monster", "24/7 (feat. Ella Mai)", "Crushed Up"], "artists": ["2 Chainz", "21 Savage", "Meek Mill", "Future"], "centerDistance": 0.9151288, "angle": 1.083721334056082, "color": [3, 0]}, {"songs": ["Better Now", "Psycho (feat. Ty Dolla $ign)"], "artists": ["Post Malone", "Post Malone"], "centerDistance": 0.841634, "angle": 2.399236340426839, "color": [4, 0]}]