[{"songs": ["Where Have You Been", "Only Girl (In the World)"], "artists": ["Rihanna", "Rihanna"], "centerDistance": 0.7690505000000001, "angle": 2.5447338938379533, "color": [0, 0]}, {"songs": ["Boyfriend", "She Don't Like the Lights", "#thatPOWER", "Don't Wake Me Up", "Do What U Want", "Blurred Lines", "Call Me Maybe", "The Way", "Locked Out of Heaven", "Pound the Alarm", "Wild", "C'mon", "Animal", "Birthday", "Chasing the Sun", "Scream", "DJ Got Us Fallin' in Love", "Va Va Voom", "Break Free (feat. Zedd)", "Let Me Love You (Until You Learn to Love Yourself)"], "artists": ["Justin Bieber", "Justin Bieber", "will.i.am", "Chris Brown", "Lady Gaga", "Robin Thicke", "Carly Rae Jepsen", "Ariana Grande", "Bruno Mars", "Nicki Minaj", "Jessie J", "Ke$ha", "Conor Maynard", "Katy Perry", "The Wanted", "Usher", "Usher", "Nicki Minaj", "Ariana Grande", "Ne-Yo"], "centerDistance": 0.6870288, "angle": 3.6806148577374733, "color": [1, 0]}, {"songs": ["SexyBack", "Dynamite", "Rock Your Body"], "artists": ["Justin Timberlake", "Taio Cruz", "Justin Timberlake"], "centerDistance": 0.8365763333333334, "angle": 4.805691652919025, "color": [2, 0]}, {"songs": ["Dark Horse", "Bang Bang", "Ready or Not", "Hangover"], "artists": ["Katy Perry", "Jessie J", "Bridgit Mendler", "Taio Cruz"], "centerDistance": 0.7591472499999999, "angle": 6.189882634645251, "color": [3, 0]}, {"songs": ["Die Young"], "artists": ["Ke$ha"], "centerDistance": 0.723438, "angle": 1.0915976435646062, "color": [4, 0]}]