[{"songs": ["Strong Enough", "All That She Wants", "The Sign", "Fantasy", "I'm Outta Love"], "artists": ["Cher", "Ace of Base", "Ace of Base", "Mariah Carey", "Anastacia"], "centerDistance": 0.6495426, "angle": 3.612766229482285, "color": [0, 0]}, {"songs": ["Only Girl (In the World)", "Where Have You Been"], "artists": ["Rihanna", "Rihanna"], "centerDistance": 0.814003, "angle": 4.823652892904262, "color": [1, 0]}, {"songs": ["Barbie Girl", "...Baby One More Time", "Toxic", "If You Had My Love", "What You Waiting For?", "Spice Up Your Life", "Hero"], "artists": ["Aqua", "Britney Spears", "Britney Spears", "Jennifer Lopez", "Gwen Stefani", "Spice Girls", "Mariah Carey"], "centerDistance": 0.7891062857142856, "angle": 6.171921394660014, "color": [2, 0]}, {"songs": ["All or Nothing", "Vogue", "Love at First Sight", "Waiting for Tonight", "Applause", "Wannabe", "Sissy That Walk", "Torn", "Bad Romance", "Let There Be Love", "Not Myself Tonight", "Walking on Air", "Straight Up", "I Wanna Dance with Somebody (Who Loves Me)", "Left Outside Alone", "All for You", "Livin' La Vida Loca", "Dancing on My Own", "Cool", "It's Raining Men"], "artists": ["Cher", "Madonna", "Kylie Minogue", "Jennifer Lopez", "Lady Gaga", "Spice Girls", "RuPaul", "Natalie Imbruglia", "Lady Gaga", "Christina Aguilera", "Christina Aguilera", "Katy Perry", "Paula Abdul", "Whitney Houston", "Anastacia", "Janet Jackson", "Ricky Martin", "Robyn", "Gwen Stefani", "Geri Halliwell"], "centerDistance": 0.7421823999999998, "angle": 1.1909929026383317, "color": [3, 0]}, {"songs": ["Can't Get You Out of My Head", "Hung Up"], "artists": ["Kylie Minogue", "Madonna"], "centerDistance": 0.668216, "angle": 2.401879566060309, "color": [4, 0]}]