[{"songs": ["Saturday Nights", "Love Lies"], "artists": ["Khalid", "Khalid & Normani"], "centerDistance": 0.3451305, "angle": 2.3719615453994036, "color": [0, 0]}, {"songs": ["Eastside (with Halsey & Khalid)", "lovely (with Khalid)"], "artists": ["Benny Blanco", "Billie Eilish"], "centerDistance": 0.719355, "angle": 3.6089605067527764, "color": [1, 0]}, {"songs": ["Without Me", "Let You Love Me", "Sweet but Psycho", "Expectations", "Dancing With a Stranger (with Normani)", "Hurts Like Hell (feat. Offset)", "More Than That"], "artists": ["Halsey", "Rita Ora", "Ava Max", "Lauren Jauregui", "Sam Smith", "Madison Beer", "Lauren Jauregui"], "centerDistance": 0.7049517142857142, "angle": 4.845959468106149, "color": [2, 0]}, {"songs": ["Motion", "Thank U, Next", "Beautiful (feat. Camila Cabello)", "Nights Like This (feat. Ty Dolla $ign)", "Girls Like You (feat. Cardi B)", "Switch", "Call Out My Name", "Mine", "God is a Woman", "Fingers", "Let Me", "2002", "Bad At Love", "Shot Clock", "The Way I Am", "3 Nights", "Dona de Mim", "Nonchalant", "GTFO", "Velvet Rope"], "artists": ["Khalid", "Ariana Grande", "bazzi", "Kehlani", "Maroon 5", "6LACK", "The Weeknd", "bazzi", "Ariana Grande", "Zayn", "Zayn", "Anne-Marie", "Halsey", "Ella Mai", "Charlie Puth", "Dominic Fike", "IZA", "6LACK", "Mariah Carey", "Rita Ora"], "centerDistance": 0.7347013, "angle": 6.149614819458126, "color": [3, 0]}, {"songs": ["Growing Pains", "Dance to This (feat. Ariana Grande)", "Sue Me", "My My My!", "Not Today", "Too Good at Goodbyes", "Think About Us", "Paris", "Sucker Punch"], "artists": ["Alessia Cara", "Troye Sivan", "Sabrina Carpenter", "Troye Sivan", "Alessia Cara", "Sam Smith", "Little Mix", "Sabrina Carpenter", "Sigrid"], "centerDistance": 0.8230857777777777, "angle": 1.1203935707760513, "color": [4, 0]}]