[{"songs": ["Walk It Talk It", "Narcos", "Yes Indeed"], "artists": ["Migos", "Migos", "Lil Baby"], "centerDistance": 0.8088069999999999, "angle": 2.478441537053823, "color": [0, 0]}, {"songs": ["KIKA (feat. Tory Lanez)", "Nowadays (feat. Landon Cube)", "44 More"], "artists": ["6ix9ine", "lil skies", "Logic"], "centerDistance": 0.8171276666666666, "angle": 3.6218443999643264, "color": [1, 0]}, {"songs": ["Psycho (feat. Ty Dolla $ign)", "God's Plan", "I Like It", "Sunflower (Spider-Man: Into the Spider-Verse)", "Yikes"], "artists": ["Post Malone", "Drake", "Cardi B", "Post Malone & Swae Lee", "Kanye West"], "centerDistance": 0.5220754, "angle": 4.766112391535995, "color": [2, 0]}, {"songs": ["a lot", "The Ringer", "all my friends", "Switch"], "artists": ["21 Savage", "Eminem", "21 Savage", "6LACK"], "centerDistance": 0.7721764999999999, "angle": 6.2294618960282815, "color": [3, 0]}, {"songs": ["Over Now", "In My Feelings", "Lucid Dreams", "SAD!", "Taste (feat. Offset)", "Moonlight", "This Is America", "HUMBLE.", "Look Alive (feat. Drake)", "Mo Bamba", "All Girls Are The Same", "Apeshit", "XO TOUR Llif3", "Leave Me Alone", "Bodak Yellow", "Praise The Lord (Da Shine)", "Mask Off", "Look Back At It", "Plug Walk", "Let You Down"], "artists": ["Post Malone", "Drake", "Juice WRLD", "xxxtentacion", "Tyga", "xxxtentacion", "Childish Gambino", "Kendrick Lamar", "BlocBoy JB", "Sheck Wes", "Juice WRLD", "The Carters", "LIL UZI VERT", "Flipp Dinero", "Cardi B", "A$AP Rocky", "Future", "A Boogie Wit da Hoodie", "Rich The Kid", "NF"], "centerDistance": 0.6321166, "angle": 1.348134457627622, "color": [4, 0]}]