[{"songs": ["Put Your Money on Me", "Signs of Life"], "artists": ["Arcade Fire", "Arcade Fire"], "centerDistance": 0.6972955000000001, "angle": 3.365730215379366, "color": [0, 0]}, {"songs": ["Four Out of Five", "One Point Perspective"], "artists": ["Arctic Monkeys", "Arctic Monkeys"], "centerDistance": 0.6525785, "angle": 4.743411131344018, "color": [1, 0]}, {"songs": ["Exits", "The Less I Know the Better", "Fever", "Mess Around", "So Young", "Cocoon", "Doing It To Death", "Les Cactus"], "artists": ["Foals", "Tame Impala", "Balthazar", "Cage the Elephant", "Portugal. The Man", "Milky Chance", "The Kills", "The Last Shadow Puppets"], "centerDistance": 0.6601046249999999, "angle": 6.2521631562202575, "color": [2, 0]}, {"songs": ["Stepson", "Youth", "Let It Happen", "Bunker", "HARMONY HALL", "From Nowhere", "The Look", "Hazey", "COLD COLD COLD", "Bad Habit", "Purple Yellow Red and Blue", "Lonely Boy", "When You Die", "SOMEONE TO LOSE", "Lonesome Street", "Love Is Mystical", "Like Acid Rain", "Hunnybee", "Identikit", "I Love You"], "artists": ["Foals", "Glass Animals", "Tame Impala", "Balthazar", "Vampire Weekend", "Dan Croll", "Metronomy", "Glass Animals", "Cage the Elephant", "The Kooks", "Portugal. The Man", "The Black Keys", "MGMT", "The Vaccines", "Blur", "Cold War Kids", "Unknown Mortal Orchestra", "Unknown Mortal Orchestra", "Radiohead", "Woodkid"], "centerDistance": 0.7361693500000002, "angle": 1.180218834947695, "color": [3, 0]}, {"songs": ["The System Only Dreams in Total Darkness", "Day I Die"], "artists": ["The National", "The National"], "centerDistance": 0.6820934999999999, "angle": 2.118888859216268, "color": [4, 0]}]