[{"songs": ["High Hopes", "Do I Wanna Know?", "Sex on Fire", "Don't Stop (Color on the Walls)", "Club Foot"], "artists": ["Panic! at the Disco", "Arctic Monkeys", "Kings of Leon", "Foster the People", "Kasabian"], "centerDistance": 0.9130527599999999, "angle": 2.5936546143255628, "color": [0, 0]}, {"songs": ["Burn Out", "Real Life", "Polarize", "Stressed Out", "Afraid", "I Wanna Be Yours", "Chasing Cars", "Take Me Out", "Gods", "Take This Lonely Heart", "Use Somebody", "I Always Wanna Die (Sometimes)", "Timebomb", "Clean Water", "Heaven", "Deep Water", "Best Day of My Life", "Tongue Tied", "Houdini", "eVeR sinCE nEw yORK"], "artists": ["Imagine Dragons", "Imagine Dragons", "Twenty One Pilots", "Twenty One Pilots", "The Neighbourhood", "Arctic Monkeys", "Snow Patrol", "Franz Ferdinand", "Nothing But Thieves", "Nothing But Thieves", "Kings of Leon", "The 1975", "Walk the Moon", "Sleeping at Last", "The Neighbourhood", "American Authors", "American Authors", "Grouplove", "Foster the People", "Harry Styles"], "centerDistance": 0.833953865, "angle": 3.696247303599458, "color": [1, 0]}, {"songs": ["Somebody Told Me", "Mr. Brightside"], "artists": ["The Killers", "The Killers"], "centerDistance": 0.91288335, "angle": 4.7976349119282755, "color": [2, 0]}, {"songs": ["Things We Lost in the Fire", "Bad Blood"], "artists": ["Bastille", "Bastille"], "centerDistance": 0.9198503499999999, "angle": 6.1979393756359995, "color": [3, 0]}, {"songs": ["Ain't No Rest for the Wicked", "Crossfire", "Come a Little Closer"], "artists": ["Cage the Elephant", "Brandon Flowers", "Cage the Elephant"], "centerDistance": 0.9434759333333332, "angle": 1.0009866824610016, "color": [4, 0]}]