[{"songs": ["I Want You", "Beautiful Wreck", "To The Hills", "come out and play", "so sad so sexy", "idontwannabeyouanymore", "Team", "Buzzcut Season", "Done", "Everything Goes (Wow)", "Zero", "Handmade Heaven", "What You Know", "Love", "\u041a\u0430\u0436\u0434\u044b\u0439 \u0440\u0430\u0437", "Close To Me", "Hypnotic", "Summertime Sadness", "Over My Head", "Again"], "artists": ["M\u00d8", "M\u00d8", "Laurel", "Billie Eilish", "Lykke Li", "Billie Eilish", "Lorde", "Lorde", "Meg Myers", "BROODS", "Imagine Dragons", "Marina", "Two Door Cinema Club", "Lana Del Rey", "\u043c\u043e\u043d\u0435\u0442\u043e\u0447\u043a\u0430", "Ellie Goulding", "Zella Day", "Lana Del Rey", "Echosmith", "Empress Of"], "centerDistance": 0.7992088350000002, "angle": 2.362001655617414, "color": [0, 0]}, {"songs": ["What a Heavenly Way to Die", "Plum"], "artists": ["Troye Sivan", "Troye Sivan"], "centerDistance": 0.8593695, "angle": 3.5571744691575766, "color": [1, 0]}, {"songs": ["Pumped Up Kicks", "Don't Stop (Color on the Walls)"], "artists": ["Foster the People", "Foster the People"], "centerDistance": 0.9213863, "angle": 4.752347282697739, "color": [2, 0]}, {"songs": ["sex money feelings die", "Thunder"], "artists": ["Lykke Li", "Imagine Dragons"], "centerDistance": 0.86576415, "angle": 6.243227004866537, "color": [3, 0]}, {"songs": ["The Hype"], "artists": ["Twenty One Pilots"], "centerDistance": 0.9030548, "angle": 1.155214511227113, "color": [4, 0]}]