[{"songs": ["Don't Stay", "Timebomb", "Wish You Were Gay", "come out and play", "JOYFUL", "What You Know", "High", "Free Animal", "Give Us a Little Love", "Baby", "Gold", "Car Radio", "Best Day of My Life", "Quarter Past Midnight", "Chlorine (Alt Mix)", "Good Mourning", "The Other", "Lie", "Overgrown", "Shut Up and Dance"], "artists": ["X Ambassadors", "Walk the Moon", "Billie Eilish", "Billie Eilish", "X Ambassadors", "Two Door Cinema Club", "Sir Sly", "Foreign Air", "Fallulah", "Bishop Briggs", "Imagine Dragons", "Twenty One Pilots", "American Authors", "Bastille", "Twenty One Pilots", "Halsey", "Lauv", "Halsey", "machineheart", "Walk the Moon"], "centerDistance": 0.53412955, "angle": 4.865239291756822, "color": [0, 0]}, {"songs": ["Pompeii", "Sweater Weather", "She's So Lovely"], "artists": ["Bastille", "The Neighbourhood", "Scouting for Girls"], "centerDistance": 0.6540073333333333, "angle": 6.130334995807455, "color": [1, 0]}, {"songs": ["Birds"], "artists": ["Imagine Dragons"], "centerDistance": 0.561436, "angle": 1.0964255213115335, "color": [2, 0]}, {"songs": ["I Want It All"], "artists": ["Coin"], "centerDistance": 0.321627, "angle": 2.3457013539951994, "color": [3, 0]}, {"songs": ["Pumped Up Kicks", "Breezeblocks"], "artists": ["Foster the People", "alt-J"], "centerDistance": 0.6791045, "angle": 3.5949771866788645, "color": [4, 0]}]