[{"songs": ["Goodness Gracious", "Lights", "Roar", "Pompeii", "Wake Me Up", "Hey Brother", "Rather Be (feat. Jess Glynne)", "I Need Your Love (feat. Ellie Goulding)", "Dark Horse (feat. Juicy J)", "Neon Lights", "Wrecking Ball", "Applause", "Heart Attack", "Outside (feat. Ellie Goulding)", "Come & Get It", "Break Free (feat. Zedd)", "I Will Never Let You Down", "Slow Down", "Titanium (feat. Sia)", "Call Me Maybe"], "artists": ["Ellie Goulding", "Ellie Goulding", "Katy Perry", "Bastille", "Avicii", "Avicii", "Clean Bandit", "Calvin Harris", "Katy Perry", "Demi Lovato", "Miley Cyrus", "Lady Gaga", "Demi Lovato", "Calvin Harris", "Selena Gomez", "Ariana Grande", "Rita Ora", "Selena Gomez", "David Guetta", "Carly Rae Jepsen"], "centerDistance": 0.4330514, "angle": 1.184333267969568, "color": [0, 0]}, {"songs": ["Bang Bang"], "artists": ["Jessie J"], "centerDistance": 0.6081799999999999, "angle": 2.356194490192345, "color": [1, 0]}, {"songs": ["Royals", "Team"], "artists": ["Lorde", "Lorde"], "centerDistance": 0.409138, "angle": 3.528055712415122, "color": [2, 0]}, {"songs": ["Die Young", "Your Love"], "artists": ["Ke$ha", "Nicole Scherzinger"], "centerDistance": 0.6345095000000001, "angle": 4.6999169346378995, "color": [3, 0]}, {"songs": ["Only Girl (In the World)", "Where Have You Been"], "artists": ["Rihanna", "Rihanna"], "centerDistance": 0.5843675, "angle": 0.01247204574679106, "color": [4, 0]}]