[{"songs": ["Birdie", "I Fell In Love With the Devil"], "artists": ["Avril Lavigne", "Avril Lavigne"], "centerDistance": 0.730274, "angle": 3.5750850860056502, "color": [0, 0]}, {"songs": ["COPYCAT", "Handmade Heaven", "i'm so tired...", "Don\u2019t Feel Like Crying", "High Hopes", "Carousel", "Love", "Royals", "Bandito", "Stressed Out", "New Americana", "Mariners Apartment Complex", "Walls Could Talk", "Dollhouse", "Say Amen (Saturday Night)", "Afraid", "TOOTIMETOOTIMETOOTIME", "Sign Of The Times", "Valentino", "La Di Da"], "artists": ["Billie Eilish", "Marina", "Lauv", "Sigrid", "Panic! at the Disco", "Melanie Martinez", "Lana Del Rey", "Lorde", "Twenty One Pilots", "Twenty One Pilots", "Halsey", "Lana Del Rey", "Halsey", "Melanie Martinez", "Panic! at the Disco", "The Neighbourhood", "The 1975", "Harry Styles", "Years & Years", "Lennon Stella"], "centerDistance": 0.7030903000000002, "angle": 4.757712650600922, "color": [1, 0]}, {"songs": ["Give Yourself A Try", "Way Down"], "artists": ["The 1975", "M\u00d8"], "centerDistance": 0.8316245, "angle": 6.237861636963354, "color": [2, 0]}, {"songs": ["you should see me in a crown", "My My My!", "What a Heavenly Way to Die", "What I Need (feat. Kehlani)", "Feelings"], "artists": ["Billie Eilish", "Troye Sivan", "Troye Sivan", "Hayley Kiyoko", "Hayley Kiyoko"], "centerDistance": 0.6640318, "angle": 1.154332769438792, "color": [3, 0]}, {"songs": ["Animal", "Green Light", "Me Beija Com Raiva", "Crush", "Hunger", "Thunder"], "artists": ["Aurora", "Lorde", "J\u00e3o", "Tessa Violet", "Florence + the Machine", "Imagine Dragons"], "centerDistance": 0.7528561666666667, "angle": 2.3924575214103783, "color": [4, 0]}]