[{"songs": ["Better", "Switch", "Love On The Brain", "Don't", "Ivy", "Thinkin Bout You", "Done For Me (feat. Kehlani)", "Pretty Little Fears (feat. J. Cole)", "Boss", "everytime", "R.E.M", "Best Part (feat. H.E.R.)", "Summer", "Teenage Fantasy", "I Like That", "Halo", "The One", "GTFO", "Do Re mi", "Too Much (feat. Timbaland)"], "artists": ["Khalid", "6LACK", "Rihanna", "Bryson Tiller", "Frank Ocean", "Frank Ocean", "Charlie Puth", "6LACK", "The Carters", "Ariana Grande", "Ariana Grande", "Daniel Caesar", "The Carters", "Jorja Smith", "Janelle Mon\u00e1e", "Beyonc\u00e9", "Jorja Smith", "Mariah Carey", "Blackbear", "Zayn"], "centerDistance": 0.8448167999999999, "angle": 1.7141299754285777, "color": [0, 0]}, {"songs": ["Try Me"], "artists": ["The Weeknd"], "centerDistance": 0.0, "angle": 3.0684843462559726, "color": [1, 0]}, {"songs": ["Saturday Nights"], "artists": ["Khalid"], "centerDistance": 0.827856, "angle": 4.494120526074283, "color": [2, 0]}, {"songs": ["Wasted Times"], "artists": ["The Weeknd"], "centerDistance": 0.03159400000000001, "angle": 4.494120526074283, "color": [2, 1]}, {"songs": ["Needed Me", "Sorry", "Nights Like This (feat. Ty Dolla $ign)", "Shot Clock"], "artists": ["Rihanna", "Beyonc\u00e9", "Kehlani", "Ella Mai"], "centerDistance": 0.86779205, "angle": 0.2182684543104072, "color": [3, 0]}]