[{"songs": ["Will He", "Bitter Fuck", "Super Rich Kids", "Loaded Gun", "Peach Scone", "Come Over", "Rich and Blind", "Myself", "Head In The Clouds", "Introvert (feat. Joji)", "Midsummer Madness", "J'OUVERT", "Glow Like Dat", "Ivy", "NOWHERE2GO", "Jocelyn Flores", "Sunflower", "Self Care", "Guardian angel", "Feels Like Summer"], "artists": ["Joji", "Joji", "Frank Ocean", "6LACK", "Hobo Johnson", "The Internet", "Juice WRLD", "NAV", "88Rising", "Rich Brian", "88Rising", "BROCKHAMPTON", "Rich Brian", "Frank Ocean", "Earl Sweatshirt", "xxxtentacion", "Rex Orange County", "Mac Miller", "xxxtentacion", "Vince Staples"], "centerDistance": 0.8807013850000001, "angle": 1.1240248069814003, "color": [0, 0]}, {"songs": ["Unfair"], "artists": ["6LACK"], "centerDistance": 0.874916, "angle": 2.3561944901923453, "color": [1, 0]}, {"songs": ["ZEZE (feat. Travis Scott & Offset)"], "artists": ["Kodak Black"], "centerDistance": 0.99134654, "angle": 3.5883641734032903, "color": [2, 0]}, {"songs": ["Scared Of Love", "New Orleans", "Topanga", "Nuketown (feat. Juice WRLD)"], "artists": ["Juice WRLD", "BROCKHAMPTON", "Trippie Redd", "SKI MASK THE SLUMP GOD"], "centerDistance": 0.955422875, "angle": 4.820533856614235, "color": [3, 0]}, {"songs": ["Sundress", "Reborn"], "artists": ["A$AP Rocky", "Kids See Ghosts"], "centerDistance": 0.98973825, "angle": 6.175040430950041, "color": [4, 0]}]