[{"songs": ["Cake By The Ocean", "New Rules", "Blurred Lines", "Moves Like Jagger", "What Do You Mean?", "Timber", "Want To Want Me", "Treasure", "I Feel It Coming", "Treat You Better", "Attention", "Locked Out of Heaven", "I Gotta Feeling", "2002", "Ain't Your Mama", "2U (feat. Justin Bieber)", "Feels (feat. Pharrell Williams, Katy Perry & Big Sean)", "chAiNEd tO the RhyTHM", "Billie Jean", "The Way I Am"], "artists": ["DNCE", "Dua Lipa", "Robin Thicke", "Maroon 5", "Justin Bieber", "Pitbull", "Jason Der\u00fclo", "Bruno Mars", "The Weeknd", "Shawn Mendes", "Charlie Puth", "Bruno Mars", "Black Eyed Peas", "Anne-Marie", "Jennifer Lopez", "David Guetta", "Calvin Harris", "Katy Perry", "Michael Jackson", "Charlie Puth"], "centerDistance": 0.36437505, "angle": 3.653173615876637, "color": [0, 0]}, {"songs": ["Filthy"], "artists": ["Justin Timberlake"], "centerDistance": 0.33201099999999995, "angle": 4.7407161556026605, "color": [1, 0]}, {"songs": ["Toothbrush", "Sorry Not Sorry", "Swish Swish"], "artists": ["DNCE", "Demi Lovato", "Katy Perry"], "centerDistance": 0.6057353333333334, "angle": 6.254858131961615, "color": [2, 0]}, {"songs": ["There's Nothing Holdin' Me Back", "Ciao Adios"], "artists": ["Shawn Mendes", "Anne-Marie"], "centerDistance": 0.493234, "angle": 1.2874584610916227, "color": [3, 0]}, {"songs": ["Say Something", "Dusk Till Dawn", "IDGAF", "What Lovers Do (feat. SZA)"], "artists": ["Justin Timberlake", "Zayn", "Dua Lipa", "Maroon 5"], "centerDistance": 0.43339, "angle": 2.5656310761506127, "color": [4, 0]}]