[{"songs": ["Love at First Sight", "In Your Eyes", "Toxic", "Applause", "Waiting for Tonight", "Not Myself Tonight", "Birthday", "Walking on Air", "Maneater", "Sissy That Walk", "Break Free (feat. Zedd)", "Say It Right", "Love Don't Cost a Thing", "Bionic", "I Begin to Wonder", "Don't Stop the Music", "Buttons", "She Wolf", "Hideaway", "Something New"], "artists": ["Kylie Minogue", "Kylie Minogue", "Britney Spears", "Lady Gaga", "Jennifer Lopez", "Christina Aguilera", "Katy Perry", "Katy Perry", "Nelly Furtado", "RuPaul", "Ariana Grande", "Nelly Furtado", "Jennifer Lopez", "Christina Aguilera", "Dannii Minogue", "Rihanna", "The Pussycat Dolls", "Shakira", "Kiesza", "Girls Aloud"], "centerDistance": 0.7347862499999999, "angle": 1.2033019943022802, "color": [0, 0]}, {"songs": ["Hung Up", "Sorry"], "artists": ["Madonna", "Madonna"], "centerDistance": 0.660923, "angle": 2.335949009987922, "color": [1, 0]}, {"songs": ["What You Waiting For?", "Hollaback Girl"], "artists": ["Gwen Stefani", "Gwen Stefani"], "centerDistance": 0.7936695, "angle": 3.6494904009605076, "color": [2, 0]}, {"songs": ["Gimme More", "Poker Face", "Strong Enough", "TiK ToK", "Get Over You"], "artists": ["Britney Spears", "Lady Gaga", "Cher", "Ke$ha", "Sophie Ellis-Bextor"], "centerDistance": 0.8194692, "angle": 4.713492513652709, "color": [3, 0]}, {"songs": ["Believe", "Murder on the Dancefloor", "Only Girl (In the World)"], "artists": ["Cher", "Sophie Ellis-Bextor", "Rihanna"], "centerDistance": 0.772046, "angle": 6.282081773911566, "color": [4, 0]}]