[{"songs": ["OKRA", "Who Dat Boy", "Leave Me Alone", "Space Cadet (feat. Gunna)", "1400 / 999 Freestyle"], "artists": ["Tyler, the Creator", "Tyler, the Creator", "Flipp Dinero", "Metro Boomin", "Trippie Redd"], "centerDistance": 0.8971328399999999, "angle": 1.2213867164815868, "color": [0, 0]}, {"songs": ["I Fall Apart", "Icon"], "artists": ["Post Malone", "Jaden Smith"], "centerDistance": 0.90939315, "angle": 2.453298019580965, "color": [1, 0]}, {"songs": ["Betrayed"], "artists": ["Lil Xan"], "centerDistance": 0.8397, "angle": 3.6372577574954708, "color": [2, 0]}, {"songs": ["SUMO | ZUMO"], "artists": ["Denzel Curry"], "centerDistance": 0.831774, "angle": 4.821217495409976, "color": [3, 0]}, {"songs": ["Meet Mr. NICEGUY", "Bring Out Your Dead", "Joan of Arc", "1000 Rounds", "Aftershock", "Benz Truck (\u0433\u0435\u043b\u0438\u043a)", "Cry Alone", "HDMI", "D(R)Own", "Death by Dishonor", "CtrlAltDelete", "SAD!", "P.S Fuck You Cunt (feat. Lil Peep)", "Moonlight", "SUPER SAIYAN SUPERMAN | ZUPER ZA1YAN ZUPERMAN", "Red Bottom Sky", "Gimme The Loot", "All Girls Are The Same", "BAD KID", "Unbothered"], "artists": ["$uicideboy$", "$uicideboy$", "Night Lovell", "Pouya", "Pouya", "LIL PEEP", "LIL PEEP", "Bones", "GhosteMane", "GhosteMane", "Bones", "xxxtentacion", "Fat Nick", "xxxtentacion", "Denzel Curry", "Yung Lean", "Big Baby Tape", "Juice WRLD", "Night Lovell", "SKI MASK THE SLUMP GOD"], "centerDistance": 0.7290380000000001, "angle": 6.174356792154299, "color": [4, 0]}]