[{"songs": ["Ready Yet", "Colder", "Hurts Like Hell", "Dazed & Confused", "come out and play", "Hurts Like Hell (feat. Offset)", "i'm so tired...", "Wanna Be Missed", "Uh Huh", "you should see me in a crown", "Low Key In Love", "There's No Way", "Holy", "Safe", "Boy in the Bubble", "Mona Lisa", "If I Killed Someone For You", "prfct", "Without Me", "New Friends"], "artists": ["Sasha Sloan", "Nina Nesbitt", "Madison Beer", "Ruel", "Billie Eilish", "Madison Beer", "Lauv", "Hayley Kiyoko", "Julia Michaels", "Billie Eilish", "Jaira burns", "Lauv", "King Princess", "Daya", "Alec Benjamin", "Sabrina Carpenter", "Alec Benjamin", "Sabrina Carpenter", "Halsey", "Maty Noyes"], "centerDistance": 0.8493485500000002, "angle": 3.445250904176057, "color": [0, 0]}, {"songs": ["Faking It", "Younger", "Talia", "What I Need (feat. Kehlani)", "Don\u2019t Feel Like Crying", "High Five"], "artists": ["Sasha Sloan", "Ruel", "King Princess", "Hayley Kiyoko", "Sigrid", "Sigrid"], "centerDistance": 0.7359460833333333, "angle": 4.777229390108029, "color": [1, 0]}, {"songs": ["Terrified", "Pretty"], "artists": ["Terror Jr", "Terror Jr"], "centerDistance": 0.9076447000000001, "angle": 6.218344897456247, "color": [2, 0]}, {"songs": ["La Di Da", "Bad"], "artists": ["Lennon Stella", "Lennon Stella"], "centerDistance": 0.8529445, "angle": 1.0824919318414254, "color": [3, 0]}, {"songs": ["Nostalgia", "Way Down"], "artists": ["M\u00d8", "M\u00d8"], "centerDistance": 0.9099349, "angle": 2.229824273406189, "color": [4, 0]}]