[{"songs": ["The City", "Why'd You Only Call Me When You're High?", "Fireproof", "Stockholm Syndrome", "Cardiac Arrest", "Anna Sun", "What You Know", "Laura Palmer", "The Wire", "I Wanna Get Better", "I'm a Mess", "Tongue Tied", "Something Good Can Work", "Forever", "Cool Kids", "High Hopes", "Blank Space", "Kathleen", "Shuffle", "Hold Back the River"], "artists": ["The 1975", "Arctic Monkeys", "One Direction", "One Direction", "Bad Suns", "Walk the Moon", "Two Door Cinema Club", "Bastille", "HAIM", "Bleachers", "Ed Sheeran", "Grouplove", "Two Door Cinema Club", "HAIM", "Echosmith", "Kodaline", "Taylor Swift", "Catfish and The Bottlemen", "Bombay Bicycle Club", "James Bay"], "centerDistance": 0.8131012, "angle": 3.6024588206012282, "color": [0, 0]}, {"songs": ["Sex", "Pompeii", "Coming of Age"], "artists": ["The 1975", "Bastille", "Foster the People"], "centerDistance": 0.563718, "angle": 4.683606654032532, "color": [1, 0]}, {"songs": ["R U Mine?", "She Moves in Her Own Way", "If You Wanna", "Love Like This", "Take Me to Church", "Let's Dance to Joy Division"], "artists": ["Arctic Monkeys", "The Kooks", "The Vaccines", "Kodaline", "Hozier", "The Wombats"], "centerDistance": 0.8858640166666666, "angle": 0.028782326352157384, "color": [2, 0]}, {"songs": ["Diane Young", "Unbelievers"], "artists": ["Vampire Weekend", "Vampire Weekend"], "centerDistance": 0.8573035, "angle": 1.463876326719448, "color": [3, 0]}, {"songs": ["Sweater Weather", "Afraid"], "artists": ["The Neighbourhood", "The Neighbourhood"], "centerDistance": 0.8146725, "angle": 2.5331675736603394, "color": [4, 0]}]