[{"songs": ["Promises (with Sam Smith)", "Hope", "Soul Survivor", "Do What U Want", "Side Effects (feat. Emily Warren)", "Music to My Eyes", "Ain't My Fault", "Walking on Air", "Where Have You Been", "Beautiful (feat. DaVido & Love Ssega)", "S&M", "Lady Wood", "Dreams", "Sweet Nothing (feat. Florence Welch)", "I Wanna Go", "Better Left Unsaid", "TiK ToK", "Survivors", "Funeral", "We R Who We R"], "artists": ["Calvin Harris", "The Chainsmokers", "Rita Ora", "Lady Gaga", "The Chainsmokers", "Lady Gaga", "Zara Larsson", "Katy Perry", "Rihanna", "Clean Bandit", "Rihanna", "Tove Lo", "Dua Lipa", "Calvin Harris", "Britney Spears", "Ariana Grande", "Ke$ha", "Selena Gomez", "Zara Larsson", "Ke$ha"], "centerDistance": 0.6829694, "angle": 1.2572006258501967, "color": [0, 0]}, {"songs": ["Woman Like Me (feat. Nicki Minaj)", "Strip (feat. Sharaya J)"], "artists": ["Little Mix", "Little Mix"], "centerDistance": 0.9688283, "angle": 2.551578748219873, "color": [1, 0]}, {"songs": ["1999", "Party for One"], "artists": ["Charli XCX", "Carly Rae Jepsen"], "centerDistance": 0.96295925, "angle": 3.4526341905450755, "color": [2, 0]}, {"songs": ["Mama (feat. Ellie Goulding)", "Missing U", "I'm a Mess", "Head Above Water"], "artists": ["Clean Bandit", "Robyn", "Bebe Rexha", "Avril Lavigne"], "centerDistance": 0.7245728499999999, "angle": 4.747012312914752, "color": [3, 0]}, {"songs": ["Let Me Go (with Alesso, Florida Georgia Line & watt)", "when the party's over", "End Game"], "artists": ["Hailee Steinfeld", "Billie Eilish", "Taylor Swift"], "centerDistance": 0.9702828, "angle": 6.248561974649525, "color": [4, 0]}]