[{"songs": ["Play", "1999", "Kiss and Make Up", "Sweet but Psycho", "Without Me", "Let You Love Me", "Thank U, Next", "Party for One", "This Feeling (feat. Kelsea Ballerini)", "Feeling of Falling", "breathin", "Woman Like Me (feat. Nicki Minaj)", "365", "No Candle No Light (feat. Nicki Minaj)", "Only Want You", "None of my Business", "Side Effects (feat. Emily Warren)", "Better", "End Game (feat. Ed Sheeran & Future)", "Sue Me"], "artists": ["Jax Jones & Years & Years", "Charli XCX & Troye Sivan", "Dua Lipa & BLACKPINK", "Ava Max", "Halsey", "Rita Ora", "Ariana Grande", "Carly Rae Jepsen", "The Chainsmokers", "Cheat Codes & Kim Petras", "Ariana Grande", "Little Mix", "Zedd & Katy Perry", "Zayn", "Rita Ora", "Cher Lloyd", "The Chainsmokers", "Khalid", "Taylor Swift", "Sabrina Carpenter"], "centerDistance": 0.34687785, "angle": 1.2262331944430178, "color": [0, 0]}, {"songs": ["Ruin My Life", "Trust My Lonely"], "artists": ["Zara Larsson", "Alessia Cara"], "centerDistance": 0.385501, "angle": 2.235683510264902, "color": [1, 0]}, {"songs": ["I Like It", "Delicate"], "artists": ["Cardi B, Bad Bunny & J Balvin", "Taylor Swift"], "centerDistance": 0.5477479999999999, "angle": 3.4861557859416723, "color": [2, 0]}, {"songs": ["Paris"], "artists": ["Sabrina Carpenter"], "centerDistance": 0.584862, "angle": 4.495606101763556, "color": [3, 0]}, {"songs": ["when the party's over"], "artists": ["Billie Eilish"], "centerDistance": 0.629363, "angle": 0.21678287862113255, "color": [4, 0]}]