[{"songs": ["The Moments I'm Missing", "Sacred", "Peer Pressure (feat. Julia Michaels)", "Back In My Body", "come out and play", "Safe", "Close To Me", "Ocean Eyes", "Learn To Live", "Fire", "What I Need (feat. Kehlani)", "Peer Pressure", "If I'm Being Honest", "The Good Side", "Wanna Be Missed", "Last Dance", "Stay Young", "you mean the whole wide world to me", "Mermaid", "On My Mind"], "artists": ["Nina Nesbitt", "Nina Nesbitt", "James Bay", "Maggie Rogers", "Billie Eilish", "Daya", "Ellie Goulding", "Billie Eilish", "Alice Merton", "Sara Bareilles", "Hayley Kiyoko", "James Bay", "dodie", "Troye Sivan", "Hayley Kiyoko", "Dua Lipa", "Maisie Peters", "Christina Perri", "Skott", "Ellie Goulding"], "centerDistance": 0.80792243, "angle": 4.86039920995675, "color": [0, 0]}, {"songs": ["Sad", "Mine"], "artists": ["Bebe Rexha", "Bebe Rexha"], "centerDistance": 0.9334597, "angle": 6.135175077607525, "color": [1, 0]}, {"songs": ["Bigger Wow", "New Friends"], "artists": ["Avril Lavigne", "Maty Noyes"], "centerDistance": 0.88841945, "angle": 1.104092130310141, "color": [2, 0]}, {"songs": ["Overnight"], "artists": ["Maggie Rogers"], "centerDistance": 0.833187, "angle": 2.356194490192344, "color": [3, 0]}, {"songs": ["monster"], "artists": ["dodie"], "centerDistance": 0.9122209, "angle": 3.608296850074547, "color": [4, 0]}]