[{"songs": ["My Number", "She Moves in Her Own Way", "Come a Little Closer", "Reflektor", "Chocolate", "If You Wanna", "Shuffle", "Eez-Eh", "Islands", "Sex on Fire"], "artists": ["Foals", "The Kooks", "Cage the Elephant", "Arcade Fire", "The 1975", "The Vaccines", "Bombay Bicycle Club", "Kasabian", "The xx", "Kings of Leon"], "centerDistance": 0.8516724999999999, "angle": 1.2527853631285337, "color": [0, 0]}, {"songs": ["Bad Blood", "Things We Lost in the Fire"], "artists": ["Bastille", "Bastille"], "centerDistance": 0.810249, "angle": 2.4799031180444375, "color": [1, 0]}, {"songs": ["Ask Yourself", "Nevermind", "What You Know", "Next Year", "Why'd You Only Call Me When You're High?", "Ooh La", "Snap Out of It", "Tongue Tied", "Amsterdam", "Lisztomania", "On Top of the World", "You Only Live Once", "Anna Sun", "Cough Syrup", "1901", "Time to Pretend", "All the Rage Back Home", "We Exist", "When You Were Young", "Intro"], "artists": ["Foster the People", "Foster the People", "Two Door Cinema Club", "Two Door Cinema Club", "Arctic Monkeys", "The Kooks", "Arctic Monkeys", "Grouplove", "Imagine Dragons", "Phoenix", "Imagine Dragons", "The Strokes", "Walk the Moon", "Young the Giant", "Phoenix", "MGMT", "Interpol", "Arcade Fire", "The Killers", "alt-J"], "centerDistance": 0.7581921, "angle": 3.7488793308169406, "color": [2, 0]}, {"songs": ["Diane Young", "Unbelievers"], "artists": ["Vampire Weekend", "Vampire Weekend"], "centerDistance": 0.8241715000000001, "angle": 4.78749223913697, "color": [3, 0]}, {"songs": ["Fitzpleasure"], "artists": ["alt-J"], "centerDistance": 0.869565, "angle": 6.208082048427306, "color": [4, 0]}]