[{"songs": ["Strip That Down", "Only Want You (feat. 6LACK)", "Without Me", "Dancing With a Stranger (with Normani)", "Sweet but Psycho", "Last Hurrah", "Hurts Like Hell (feat. Offset)"], "artists": ["Liam Payne", "Rita Ora", "Halsey", "Sam Smith", "Ava Max", "Bebe Rexha", "Madison Beer"], "centerDistance": 0.9728799814285715, "angle": 2.3455294239510884, "color": [0, 0]}, {"songs": ["Let Me", "Keep Talking (feat. Julia Michaels)", "Me Beija Com Raiva", "Home With You", "History", "Summer Love", "Myself", "2002", "Love Me Again", "Sauce", "Imagine", "Thank U, Next", "Monster In Me", "Nights Like This (feat. Ty Dolla $ign)", "Saturday Nights", "Two of Us", "sWeeT CreAtUre", "tWo ghOSTs", "Lost In Japan", "Sucker"], "artists": ["Zayn", "Rita Ora", "J\u00e3o", "Liam Payne", "One Direction", "One Direction", "bazzi", "Anne-Marie", "Olly Murs", "Justin Timberlake", "Ariana Grande", "Ariana Grande", "Little Mix", "Kehlani", "Khalid", "Louis Tomlinson", "Harry Styles", "Harry Styles", "Shawn Mendes", "Jonas Brothers"], "centerDistance": 0.8975671559999998, "angle": 3.5664686060241824, "color": [1, 0]}, {"songs": ["There You Are", "Plum", "Think About Us", "Better"], "artists": ["Zayn", "Troye Sivan", "Little Mix", "Khalid"], "centerDistance": 0.72790578, "angle": 4.775910835615972, "color": [2, 0]}, {"songs": ["More Than That", "Expectations", "Waves (feat. 6LACK)"], "artists": ["Lauren Jauregui", "Lauren Jauregui", "Normani"], "centerDistance": 0.9902966966666668, "angle": 6.219663451948304, "color": [3, 0]}, {"songs": ["Nothing Breaks Like a Heart (feat. Miley Cyrus)", "Just Like You", "Fire On Fire", "Sue Me", "Paris"], "artists": ["Mark Ronson", "Louis Tomlinson", "Sam Smith", "Sabrina Carpenter", "Sabrina Carpenter"], "centerDistance": 0.9929240180000001, "angle": 1.1547584890094855, "color": [4, 0]}]