[{"songs": ["If I Lose Myself", "Have It All", "Secrets", "Zero", "Best Day of My Life", "Say Amen (Saturday Night)", "Hall of Fame", "Just My Type", "Something Human", "Without Me", "A Million Dreams", "Pompeii", "2 Souls on Fire (feat. Quavo)", "Some Nights", "Find You", "We Can Do Better", "Ferrari", "Hair Too Long", "Get Up and Fight", "Dark Horse"], "artists": ["OneRepublic", "Jason Mraz", "P!nk", "Imagine Dragons", "American Authors", "Panic! at the Disco", "The Script", "The Vamps", "Muse", "Halsey", "P!nk", "Bastille", "Bebe Rexha", "fun.", "Nick Jonas", "Matt Simons", "Bebe Rexha", "The Vamps", "Muse", "Katy Perry"], "centerDistance": 0.6776760000000001, "angle": 3.52132941742947, "color": [0, 0]}, {"songs": ["Start Again (feat. Logic)", "Girls Like You (feat. Cardi B)", "What Lovers Do (feat. SZA)"], "artists": ["OneRepublic", "Maroon 5", "Maroon 5"], "centerDistance": 0.35974033333333333, "angle": 4.702665065658875, "color": [1, 0]}, {"songs": ["Repercussions", "Like That"], "artists": ["Bea Miller", "Bea Miller"], "centerDistance": 0.7996285000000001, "angle": 0.009723914725814353, "color": [2, 0]}, {"songs": ["Bad Liar", "Dancing's Not a Crime"], "artists": ["Imagine Dragons", "Panic! at the Disco"], "centerDistance": 0.6788675, "angle": 1.1733431115970951, "color": [3, 0]}, {"songs": ["Want You Back", "Bigger Wow"], "artists": ["5 Seconds of Summer", "Avril Lavigne"], "centerDistance": 0.753999, "angle": 2.336962308468376, "color": [4, 0]}]