[{"songs": ["A Dustland Fairytale", "Chasing Cars", "Take Me Out", "Run", "Use Somebody", "You Only Live Once", "Reptilia", "Do You Want To", "Fluorescent Adolescent", "Underdog", "Banquet", "Chelsea Dagger", "Ooh La", "Munich", "Wake Up"], "artists": ["The Killers", "Snow Patrol", "Franz Ferdinand", "Snow Patrol", "Kings of Leon", "The Strokes", "The Strokes", "Franz Ferdinand", "Arctic Monkeys", "Kasabian", "Bloc Party", "The Fratellis", "The Kooks", "Editors", "Arcade Fire"], "centerDistance": 0.8497868000000001, "angle": 3.5520794163118037, "color": [0, 0]}, {"songs": ["Afraid", "Female Robbery"], "artists": ["The Neighbourhood", "The Neighbourhood"], "centerDistance": 0.880323, "angle": 4.730833036152994, "color": [1, 0]}, {"songs": ["Sex on Fire", "Bad Blood", "Pompeii", "Club Foot", "Crystalised", "I Predict a Riot", "Soul Meets Body"], "artists": ["Kings of Leon", "Bastille", "Bastille", "Kasabian", "The xx", "Kaiser Chiefs", "Death Cab for Cutie"], "centerDistance": 0.8687695714285714, "angle": 6.264741251411282, "color": [2, 0]}, {"songs": ["Only the Young", "Welcome to Fabulous Las Vegas", "Runaways", "It's Time", "Next Year", "Cough Syrup", "The Suburbs", "Ruby", "Tongue Tied", "I Wanna Be Yours", "I Would Do Anything for You", "Undercover Martyn", "Evil", "An End Has A Start", "Sweet Disposition", "To Lose My Life", "Slow Hands", "What Kind of Man", "Bloodbuzz Ohio", "Anna Sun"], "artists": ["Brandon Flowers", "Brandon Flowers", "The Killers", "Imagine Dragons", "Two Door Cinema Club", "Young the Giant", "Arcade Fire", "Kaiser Chiefs", "Grouplove", "Arctic Monkeys", "Foster the People", "Two Door Cinema Club", "Interpol", "Editors", "The Temper Trap", "White Lies", "Interpol", "Florence + the Machine", "The National", "Walk the Moon"], "centerDistance": 0.7791583999999998, "angle": 1.1828478047856974, "color": [3, 0]}, {"songs": ["Demons", "Don't Stop (Color on the Walls)", "Death", "Let's Dance to Joy Division", "Diane Young", "A Lack of Understanding"], "artists": ["Imagine Dragons", "Foster the People", "White Lies", "The Wombats", "Vampire Weekend", "The Vaccines"], "centerDistance": 0.8747579999999999, "angle": 2.3733257964706134, "color": [4, 0]}]