[{"songs": ["a lot", "Calling My Spirit", "MoshPit (feat. Juice WRLD)", "Murder On My Mind", "KIKA (feat. Tory Lanez)"], "artists": ["21 Savage", "Kodak Black", "Kodak Black", "YNW Melly", "6ix9ine"], "centerDistance": 0.6800376, "angle": 4.77952148633716, "color": [0, 0]}, {"songs": ["Jumpin on a Jet", "One Call"], "artists": ["Future", "Gunna"], "centerDistance": 0.268432, "angle": 6.216052801227116, "color": [1, 0]}, {"songs": ["Space Cadet (feat. Gunna)", "10 Freaky Girls (feat. 21 Savage)"], "artists": ["Metro Boomin", "Metro Boomin"], "centerDistance": 0.714496, "angle": 1.0536381669742765, "color": [2, 0]}, {"songs": ["Legacy (feat. Travis Scott & 21 Savage)", "robbery", "1400 / 999 Freestyle", "Nonstop", "Sundress", "Yes Indeed", "Narcos"], "artists": ["Offset", "Juice WRLD", "Trippie Redd", "Drake", "A$AP Rocky", "Lil Baby", "Migos"], "centerDistance": 0.7976747142857145, "angle": 2.1202843924172434, "color": [3, 0]}, {"songs": ["F&N", "can't leave without it", "Speed It Up", "Splashin", "Statute Of Limitations", "Look Back At It", "NCAA", "Father's Day", "Pay You Back (feat. 21 Savage)", "Demons and Angels (feat. Juice WRLD)", "Tic Tac Toe (feat. Kodak Black)", "Cold Shoulder (feat. YoungBoy Never Broke Again)", "Spendin' (feat. Gucci Mane)", "City Girls", "Slime Belief", "Old Money", "Chanel (Go Get It) [feat. Gunna & Lil Baby]", "Foreign", "1400 / 999 Freestyle (feat. Juice WRLD)", "No Stylist"], "artists": ["Future", "21 Savage", "Gunna", "Rich The Kid", "2 Chainz", "A Boogie Wit da Hoodie", "2 Chainz", "Gucci Mane", "Meek Mill", "A Boogie Wit da Hoodie", "Meek Mill", "Gucci Mane", "iLoveMakonnen", "YNW Melly", "YoungBoy Never Broke Again", "Playboi Carti", "Young Thug", "Playboi Carti", "Trippie Redd", "French Montana"], "centerDistance": 0.7077863000000001, "angle": 3.518903816236115, "color": [4, 0]}]