[{"songs": ["Generation Why", "Greek God", "Are You Bored Yet? (feat. Clairo)", "still feel.", "The Love Club", "If I'm Being Honest", "National Anthem", "Team", "Sincerity Is Scary", "Doubt", "Gods & Monsters", "Anxious", "Pleaser", "Rollercoaster", "Semi-Automatic", "Mercy (feat. What So Not & Two Feet)", "monster", "Run", "The Other", "Play Date"], "artists": ["Conan Gray", "Conan Gray", "Wallows", "half\u2022alive", "Lorde", "dodie", "Lana Del Rey", "Lorde", "The 1975", "Hippo Campus", "Lana Del Rey", "Hippo Campus", "Wallows", "Bleachers", "Twenty One Pilots", "M\u00d8", "dodie", "Lany", "Lauv", "Melanie Martinez"], "centerDistance": 0.8175158300000002, "angle": 1.129826076109878, "color": [0, 0]}, {"songs": ["idontwannabeyouanymore"], "artists": ["Billie Eilish"], "centerDistance": 0.859659, "angle": 2.2189307377931033, "color": [1, 0]}, {"songs": ["Bad Ideas", "Crush"], "artists": ["Tessa Violet", "Tessa Violet"], "centerDistance": 0.87379425, "angle": 3.311983725478445, "color": [2, 0]}, {"songs": ["Wish You Were Gay", "sex money feelings die", "There's No Way (feat. Julia Michaels)", "Thunder"], "artists": ["Billie Eilish", "Lykke Li", "Lauv", "Imagine Dragons"], "centerDistance": 0.90584455, "angle": 4.723872017121544, "color": [3, 0]}, {"songs": ["Blur"], "artists": ["M\u00d8"], "centerDistance": 0.9237455, "angle": 6.271702270442732, "color": [4, 0]}]