[{"songs": ["Satellites", "Something", "Can't Get Over", "Evacuate the Dancefloor", "Everytime We Touch", "Release Me", "Mr. Saxobeat", "Come Into My World", "Amazing", "From Paris To Berlin", "Hot", "Me and My Imagination", "Get Back (ASAP)", "Stereo Love", "Better Off Alone", "Poison", "Infinity 2008", "Dirty Talk", "Dancing on My Own", "God Is A Girl"], "artists": ["September", "Lasgo", "September", "Cascada", "Cascada", "Agnes", "Alexandra Stan", "Kylie Minogue", "Inna", "Infernal", "Inna", "Sophie Ellis-Bextor", "Alexandra Stan", "Edward Maya", "Alice Deejay", "Nicole Scherzinger", "Guru Josh Project", "Wynter Gordon", "Robyn", "Groove Coverage"], "centerDistance": 0.4692784, "angle": 2.369684143467622, "color": [0, 0]}, {"songs": ["Get Outta My Way", "Murder on the Dancefloor", "On the Metro"], "artists": ["Kylie Minogue", "Sophie Ellis-Bextor", "Girls Aloud"], "centerDistance": 0.5774386666666665, "angle": 3.620925343593428, "color": [1, 0]}, {"songs": ["Beautiful Life", "All That She Wants"], "artists": ["Ace of Base", "Ace of Base"], "centerDistance": 0.6217075000000001, "angle": 4.872166543719235, "color": [2, 0]}, {"songs": ["It Feels So Good", "Sky"], "artists": ["Sonique", "Sonique"], "centerDistance": 0.522417, "angle": 6.123407743845041, "color": [3, 0]}, {"songs": ["My Heart Is Refusing Me", "Believe"], "artists": ["Loreen", "Cher"], "centerDistance": 0.6264325, "angle": 1.0914636367912607, "color": [4, 0]}]