[{"songs": ["Fire", "Electric Feel", "Reflektor", "Mr. Brightside", "Sex on Fire", "Somebody Told Me", "Closer", "Reckoner", "Someday", "Reptilia", "Heads Will Roll", "House of Cards"], "artists": ["Kasabian", "MGMT", "Arcade Fire", "The Killers", "Kings of Leon", "The Killers", "Kings of Leon", "Radiohead", "The Strokes", "The Strokes", "Yeah Yeah Yeahs", "Radiohead"], "centerDistance": 0.8726399166666668, "angle": 1.2024206468746819, "color": [0, 0]}, {"songs": ["VCR", "I Wanna Be Yours", "Tessellate", "505", "What You Know", "Undercover Martyn", "Take Me Out", "Little Talks", "Time to Pretend", "Dog Days Are Over", "The Suburbs", "Sweet Disposition", "Pompeii", "Young Blood", "Houdini", "Inhaler", "Banquet", "On Melancholy Hill", "Helicopter", "A-Punk"], "artists": ["The xx", "Arctic Monkeys", "alt-J", "Arctic Monkeys", "Two Door Cinema Club", "Two Door Cinema Club", "Franz Ferdinand", "Of Monsters and Men", "MGMT", "Florence + the Machine", "Arcade Fire", "The Temper Trap", "Bastille", "The Naked and Famous", "Foster the People", "Foals", "Bloc Party", "Gorillaz", "Bloc Party", "Vampire Weekend"], "centerDistance": 0.8127785500000002, "angle": 2.3975485227979227, "color": [1, 0]}, {"songs": ["Radioactive", "Don't Stop (Color on the Walls)", "Demons", "My Mistakes Were Made for You"], "artists": ["Imagine Dragons", "Foster the People", "Imagine Dragons", "The Last Shadow Puppets"], "centerDistance": 0.8776329999999999, "angle": 3.532061885061621, "color": [2, 0]}, {"songs": ["Afraid", "Female Robbery"], "artists": ["The Neighbourhood", "The Neighbourhood"], "centerDistance": 0.814416, "angle": 4.718999777382486, "color": [3, 0]}, {"songs": ["Islands", "Breezeblocks", "My Number", "Ooh La", "Seaside", "Club Foot"], "artists": ["The xx", "alt-J", "Foals", "The Kooks", "The Kooks", "Kasabian"], "centerDistance": 0.6991978333333333, "angle": 6.27657451018179, "color": [4, 0]}]