[{"songs": ["Crystalised", "The Youth"], "artists": ["The xx", "MGMT"], "centerDistance": 0.9110549000000001, "angle": 2.467265125281736, "color": [0, 0]}, {"songs": ["Radioactive", "Demons"], "artists": ["Imagine Dragons", "Imagine Dragons"], "centerDistance": 0.8906264500000001, "angle": 3.6077045685876143, "color": [1, 0]}, {"songs": ["Cry Baby", "The Beach", "Stressed Out", "Polarize", "I Found", "What You Know", "Fucked My Way Up to the Top", "If I Believe You", "Te Vi na Rua Ontem", "Hold Me Down", "Houdini", "Mr. Brightside", "High", "Little Talks", "Tongue Tied", "Windows", "Undercover Martyn", "If I Get High", "Someday", "Dirty Paws"], "artists": ["The Neighbourhood", "The Neighbourhood", "Twenty One Pilots", "Twenty One Pilots", "Amber Run", "Two Door Cinema Club", "Lana Del Rey", "The 1975", "Konai", "Halsey", "Foster the People", "The Killers", "Sir Sly", "Of Monsters and Men", "Grouplove", "Awolnation", "Two Door Cinema Club", "Nothing But Thieves", "The Strokes", "Of Monsters and Men"], "centerDistance": 0.80018357, "angle": 4.706981372129507, "color": [2, 0]}, {"songs": ["Love It If We Made It"], "artists": ["The 1975"], "centerDistance": 0.85276, "angle": 0.0054076082551830496, "color": [3, 0]}, {"songs": ["Come a Little Closer", "Pompeii", "Coming of Age"], "artists": ["Cage the Elephant", "Bastille", "Foster the People"], "centerDistance": 0.8774299666666666, "angle": 1.2330608883195069, "color": [4, 0]}]