[{"songs": ["Look What You Made Me Do", "IDGAF", "Last Dance", "Bad Liar", "Nostalgia", "Ciao Adios"], "artists": ["Taylor Swift", "Dua Lipa", "Dua Lipa", "Selena Gomez", "M\u00d8", "Anne-Marie"], "centerDistance": 0.7845311666666667, "angle": 3.4248439600660396, "color": [0, 0]}, {"songs": ["My My My!", "Green Light", "Younger Now"], "artists": ["Troye Sivan", "Lorde", "Miley Cyrus"], "centerDistance": 0.553418, "angle": 4.768456045466573, "color": [1, 0]}, {"songs": ["Missing U", "What I Need (feat. Kehlani)", "Sad", "you should see me in a crown"], "artists": ["Robyn", "Hayley Kiyoko", "Bebe Rexha", "Billie Eilish"], "centerDistance": 0.7684089999999999, "angle": 6.227118242097703, "color": [2, 0]}, {"songs": ["Bloom", "God is a Woman", "No Tears Left To Cry", "Call It What You Want", "Girls (feat. Cardi B, Bebe Rexha & Charli XCX)", "Without Me", "1999", "Lost In Japan", "Girls Like You (feat. Cardi B)", "Party for One", "In the Dark", "Homemade Dynamite", "Havana (feat. Young Thug)", "Bad At Love", "Masochist", "2002", "I Got You", "Curious", "Dancing With a Stranger (with Normani)", "Better"], "artists": ["Troye Sivan", "Ariana Grande", "Ariana Grande", "Taylor Swift", "Rita Ora", "Halsey", "Charli XCX", "Shawn Mendes", "Maroon 5", "Carly Rae Jepsen", "Camila Cabello", "Lorde", "Camila Cabello", "Halsey", "Christina Aguilera", "Anne-Marie", "Bebe Rexha", "Hayley Kiyoko", "Sam Smith", "Khalid"], "centerDistance": 0.6766797, "angle": 1.3294507152500277, "color": [3, 0]}, {"songs": ["Woman Like Me (feat. Nicki Minaj)", "Growing Pains", "Think About Us", "Bigger Than Me"], "artists": ["Little Mix", "Alessia Cara", "Little Mix", "Katy Perry"], "centerDistance": 0.76888575, "angle": 2.376741963197798, "color": [4, 0]}]