[{"songs": ["Hunger"], "artists": ["Florence + the Machine"], "centerDistance": 0.9122609, "angle": 3.612291948907964, "color": [0, 0]}, {"songs": ["One of The Drunks", "Old Fashioned", "Heaven\u2019s Gate", "Bandito", "Tear in My Heart", "whAtEveR it tAkes", "TOOTIMETOOTIMETOOTIME", "Dead!", "Welcome to the Black Parade", "Sky Full of Song", "Without Me", "What I Need (feat. Kehlani)", "Sign Of The Times", "Something Human", "Tell Me It's Over", "Pompeii", "Feelings", "Bad At Love", "Get Up and Fight", "Nobody Can Save Me"], "artists": ["Panic! at the Disco", "Panic! at the Disco", "Fall Out Boy", "Twenty One Pilots", "Twenty One Pilots", "Imagine Dragons", "The 1975", "My Chemical Romance", "My Chemical Romance", "Florence + the Machine", "Halsey", "Hayley Kiyoko", "Harry Styles", "Muse", "Avril Lavigne", "Bastille", "Hayley Kiyoko", "Halsey", "Muse", "Linkin Park"], "centerDistance": 0.8284275600000001, "angle": 4.868389407623583, "color": [1, 0]}, {"songs": ["Thunder", "Lust for Life (with The Weeknd)"], "artists": ["Imagine Dragons", "Lana Del Rey"], "centerDistance": 0.9464757, "angle": 6.1271848799406925, "color": [2, 0]}, {"songs": ["Give Yourself A Try"], "artists": ["The 1975"], "centerDistance": 0.9126489, "angle": 1.100097031476725, "color": [3, 0]}, {"songs": ["Young and Menace", "Girls Like You (feat. Cardi B)", "Connection"], "artists": ["Fall Out Boy", "Maroon 5", "OneRepublic"], "centerDistance": 0.9028782666666667, "angle": 2.356194490192344, "color": [4, 0]}]