[{"songs": ["In Some Trouble (feat. Ty Dolla $ign)", "The Reaper", "Billie Jean", "100 Summers", "What's Free (feat. Rick Ross & JAY-Z)", "Skydive", "Skydive II (feat. 6LACK)", "Excuse Me", "WAV Files", "Ghost Town (feat. PARTYNEXTDOOR)", "Ace (feat. Smino & Saba)", "Candy Paint", "Down (feat. Nikki Jean)", "Man of the Year", "Understood", "No Role Modelz", "Work Out", "3005", "Vacation (feat. Joey Bada$$)", "The Games We Play"], "artists": ["Vic Mensa", "A Boogie Wit da Hoodie", "A Boogie Wit da Hoodie", "Meek Mill", "Meek Mill", "Boogie", "Boogie", "A$AP Rocky", "Lupe Fiasco", "Kanye West", "NoName", "Post Malone", "Lupe Fiasco", "ScHoolboy Q", "Mick Jenkins", "J. Cole", "Chance the Rapper", "Childish Gambino", "Flatbush ZOMBiES", "Pusha T"], "centerDistance": 0.8066628, "angle": 1.0079390510130688, "color": [0, 0]}, {"songs": ["Invincible", "L.M.F.", "Life"], "artists": ["Amin\u00e9", "Smino", "Saba"], "centerDistance": 0.8489263333333333, "angle": 2.091791524417964, "color": [1, 0]}, {"songs": ["What I Know Now (feat. Wiz Khalifa)", "Broken (feat. Jessie Reyez)"], "artists": ["They.", "They."], "centerDistance": 0.783488, "angle": 3.4053524394788717, "color": [2, 0]}, {"songs": ["Reverse (feat. G-Eazy)", "Outstanding", "Father Stretch My Hands, Pt. 1", "KOD"], "artists": ["Vic Mensa", "MADEINTYO", "Kanye West", "J. Cole"], "centerDistance": 0.630701, "angle": 4.788302402776516, "color": [3, 0]}, {"songs": ["MoshPit (feat. Juice WRLD)", "Sundress", "Calling My Spirit", "Home", "I Love", "The Man Who Has Everything", "Hard Piano (feat. Rick Ross)", "OKRA", "HUMBLE."], "artists": ["Kodak Black", "A$AP Rocky", "Kodak Black", "Vince Staples", "JOYNER LUCAS", "Chance the Rapper", "Pusha T", "Tyler, the Creator", "Kendrick Lamar"], "centerDistance": 0.8084273333333333, "angle": 6.20727188478776, "color": [4, 0]}]