[{"songs": ["If You Wanna", "Shuffle", "Coming of Age", "Let's Dance to Joy Division", "She Moves in Her Own Way", "Come a Little Closer"], "artists": ["The Vaccines", "Bombay Bicycle Club", "Foster the People", "The Wombats", "The Kooks", "Cage the Elephant"], "centerDistance": 0.8298741666666668, "angle": 2.3197816546711145, "color": [0, 0]}, {"songs": ["Don't Lie", "Someday", "Tongue Tied", "Fluorescent Adolescent", "Anna Sun", "My Number", "Afterlife", "Last Nite", "What You Know", "My Body", "Mardy Bum", "Next Year", "Colours", "Float On", "Red Eyes", "I Would Do Anything for You", "Chelsea Dagger", "Always Like This", "Forever", "Cough Syrup"], "artists": ["Vampire Weekend", "The Strokes", "Grouplove", "Arctic Monkeys", "Walk the Moon", "Foals", "Arcade Fire", "The Strokes", "Two Door Cinema Club", "Young the Giant", "Arctic Monkeys", "Two Door Cinema Club", "Grouplove", "Modest Mouse", "The War on Drugs", "Foster the People", "The Fratellis", "Bombay Bicycle Club", "HAIM", "Young the Giant"], "centerDistance": 0.7858171, "angle": 3.609078363948758, "color": [1, 0]}, {"songs": ["Don't Swallow the Cap", "Sea of Love"], "artists": ["The National", "The National"], "centerDistance": 0.8421405, "angle": 4.75750009367687, "color": [2, 0]}, {"songs": ["Unbelievers", "Reflektor", "Fitzpleasure"], "artists": ["Vampire Weekend", "Arcade Fire", "alt-J"], "centerDistance": 0.5544976666666667, "angle": 6.238074193887406, "color": [3, 0]}, {"songs": ["Chocolate", "Sex"], "artists": ["The 1975", "The 1975"], "centerDistance": 0.847137, "angle": 1.1385413240496653, "color": [4, 0]}]