[{"songs": ["Sozinha", "Eu Quero Ser como Voc\u00ea", "A Rua", "Call It What You Want", "King of My Heart", "Voices in My Head", "Colors", "Daddy Issues", "Good Vibes", "Rock Bottom", "Coming Down", "Dona da Minha Vida", "Deixa Ele Sofrer", "Confident", "Ghost", "Party for One", "Ready or Not", "Toda Sua", "What I Need (feat. Kehlani)", "One of the Boys"], "artists": ["Manu Gavassi", "J\u00e3o", "J\u00e3o", "Taylor Swift", "Taylor Swift", "Ashley Tisdale", "Halsey", "Demi Lovato", "Rouge", "Hailee Steinfeld", "Halsey", "Rouge", "Anitta", "Demi Lovato", "Katy Perry", "Carly Rae Jepsen", "Bridgit Mendler", "IZA", "Hayley Kiyoko", "Katy Perry"], "centerDistance": 0.86629004, "angle": 1.1092895185400184, "color": [0, 0]}, {"songs": ["V\u00edcio"], "artists": ["Manu Gavassi"], "centerDistance": 0.05526299999999995, "angle": 2.151507110896233, "color": [1, 0]}, {"songs": ["Repercussions", "Like That", "Mona Lisa", "Into You"], "artists": ["Bea Miller", "Bea Miller", "Sabrina Carpenter", "Julia Michaels"], "centerDistance": 0.925420275, "angle": 3.666802172134505, "color": [2, 0]}, {"songs": ["High Five", "Don\u2019t Feel Like Crying"], "artists": ["Sigrid", "Sigrid"], "centerDistance": 0.95466935, "angle": 4.70901976449072, "color": [3, 0]}, {"songs": ["Sad", "Mine"], "artists": ["Bebe Rexha", "Bebe Rexha"], "centerDistance": 0.93010355, "angle": 0.003369215893969546, "color": [4, 0]}]