[{"songs": ["FRIENDS", "Flames", "Where Have You Been", "Can't Stop The Feeling! (Original Song From Dreamworks Animation's \"Trolls\")", "Only Girl (In the World)", "2U (feat. Justin Bieber)", "Wolves", "Say Something"], "artists": ["Marshmello", "David Guetta", "Rihanna", "Justin Timberlake", "Rihanna", "David Guetta", "Selena Gomez & Marshmello", "Justin Timberlake"], "centerDistance": 0.773462875, "angle": 2.285366855415379, "color": [0, 0]}, {"songs": ["Sweet but Psycho", "Only Want You (feat. 6LACK)", "Favourite Thing", "Mama (feat. Ellie Goulding)", "365", "I Can't Get Enough", "Hurts Like Hell", "Hurts Like Hell (feat. Offset)", "My Way", "Baby (feat. Marina & Luis Fonsi)", "Hair Body Face", "The Cure", "Feels (feat. Pharrell Williams, Katy Perry & Big Sean)", "Stay"], "artists": ["Ava Max", "Rita Ora", "Fleur East", "Clean Bandit", "Zedd & Katy Perry", "Benny Blanco", "Madison Beer", "Madison Beer", "Ava Max", "Clean Bandit", "Lady Gaga", "Lady Gaga", "Calvin Harris", "Zedd & Alessia Cara"], "centerDistance": 0.47858507142857143, "angle": 3.590134758151578, "color": [1, 0]}, {"songs": ["Someone New", "When I Die", "Into You", "Eastside", "Closer", "Summer"], "artists": ["Astrid S", "Alma", "Julia Michaels", "Benny Blanco", "Astrid S", "Alma"], "centerDistance": 0.4615183333333333, "angle": 4.836599415661166, "color": [2, 0]}, {"songs": ["Bones (feat. OneRepublic)", "What A Time (feat. Niall Horan)", "More Than That", "Ciao Adios", "2002", "Friends", "lEvEL uP", "Friends", "Get Outta My Way", "One Kiss (with Dua Lipa)", "Missing U", "Piece of Me", "La La La", "Work B**ch", "Genie in a Bottle", "Hung Up", "Sorry", "I Can Only. (feat. Alessia Cara)"], "artists": ["Galantis", "Julia Michaels", "Lauren Jauregui", "Anne-Marie", "Anne-Marie", "Raye", "Ciara", "Marshmello & Anne-Marie", "Kylie Minogue", "Calvin Harris", "Robyn", "Britney Spears", "Naughty Boy", "Britney Spears", "Christina Aguilera", "Madonna", "Madonna", "JoJo"], "centerDistance": 0.7103068333333334, "angle": 6.15897487190311, "color": [3, 0]}, {"songs": ["Don\u2019t Feel Like Crying", "Only Want You", "Sucker Punch", "Pretty"], "artists": ["Sigrid", "Rita Ora", "Sigrid", "Terror Jr"], "centerDistance": 0.44773399999999997, "angle": 1.077832665490515, "color": [4, 0]}]