[{"songs": ["Call It What You Want", "Life on the Nickel", "What You Know", "Tongue Tied", "Undercover Martyn", "1901", "Fluorescent Adolescent", "It's Time", "A-Punk", "Time to Pretend", "Ooh La", "Little Talks", "Lasso", "On Top of the World", "Take Me Out", "Snap Out of It", "Shake Me Down", "Colours", "Cousins", "Anna Sun"], "artists": ["Foster the People", "Foster the People", "Two Door Cinema Club", "Grouplove", "Two Door Cinema Club", "Phoenix", "Arctic Monkeys", "Imagine Dragons", "Vampire Weekend", "MGMT", "The Kooks", "Of Monsters and Men", "Phoenix", "Imagine Dragons", "Franz Ferdinand", "Arctic Monkeys", "Cage the Elephant", "Grouplove", "Vampire Weekend", "Walk the Moon"], "centerDistance": 0.7402088499999999, "angle": 3.591996615358953, "color": [0, 0]}, {"songs": ["Crystalised", "Islands"], "artists": ["The xx", "The xx"], "centerDistance": 0.8564099999999999, "angle": 4.674040613854278, "color": [1, 0]}, {"songs": ["Somebody Told Me", "Mr. Brightside"], "artists": ["The Killers", "The Killers"], "centerDistance": 0.836156, "angle": 0.03834836653041229, "color": [2, 0]}, {"songs": ["Things We Lost in the Fire", "Bad Blood"], "artists": ["Bastille", "Bastille"], "centerDistance": 0.8089955, "angle": 1.4279086183683027, "color": [3, 0]}, {"songs": ["She Moves in Her Own Way", "Sweater Weather", "Breezeblocks", "Sex on Fire", "Club Foot", "Ain't No Rest for the Wicked", "My Number", "Afraid", "Shuffle", "Reflektor", "Dog Days Are Over", "Fitzpleasure"], "artists": ["The Kooks", "The Neighbourhood", "alt-J", "Kings of Leon", "Kasabian", "Cage the Elephant", "Foals", "The Neighbourhood", "Bombay Bicycle Club", "Arcade Fire", "Florence + the Machine", "alt-J"], "centerDistance": 0.8584882500000001, "angle": 2.509952616863629, "color": [4, 0]}]