[{"songs": ["Someone New", "Closer"], "artists": ["Astrid S", "Astrid S"], "centerDistance": 0.7417195000000001, "angle": 2.50187899548855, "color": [0, 0]}, {"songs": ["Sight Of You", "No Drug Like Me", "You And I", "Into You", "Only Want You (feat. 6LACK)", "Lucky Strike", "Bigger Wow", "Girl of the Year", "you should see me in a crown", "IDGAF", "Only Want You", "What I Need (feat. Kehlani)", "Last Dance", "Plum", "My Way", "Think About Us", "Nostalgia"], "artists": ["Sigrid", "Carly Rae Jepsen", "L\u00e9on", "Julia Michaels", "Rita Ora", "Troye Sivan", "Avril Lavigne", "Allie X", "Billie Eilish", "Dua Lipa", "Rita Ora", "Hayley Kiyoko", "Dua Lipa", "Troye Sivan", "Ava Max", "Little Mix", "M\u00d8"], "centerDistance": 0.7988983529411764, "angle": 3.757066669934623, "color": [1, 0]}, {"songs": ["Burning", "Overnight"], "artists": ["Maggie Rogers", "Maggie Rogers"], "centerDistance": 0.748786, "angle": 4.839590256574895, "color": [2, 0]}, {"songs": ["Mine Right Now", "Handmade Heaven", "If U Think About Me\u2026", "Bad Idea", "Last Hurrah", "Sweet but Psycho", "Old Me", "When I Die", "Do With It", "Homework (feat. lil Aaron)", "Party for One", "Happy", "Learn To Live", "Wish You Were Gay", "Everything Goes (Wow)", "Thursday (feat. H.E.R.)", "Without Me", "Thank U, Next", "Dancing With a Stranger (with Normani)", "Green Light"], "artists": ["Sigrid", "Marina", "Kim Petras", "Ariana Grande", "Bebe Rexha", "Ava Max", "Betty Who", "Alma", "Betty Who", "Kim Petras", "Carly Rae Jepsen", "Julia Michaels", "Alice Merton", "Billie Eilish", "BROODS", "Jess Glynne", "Halsey", "Ariana Grande", "Sam Smith", "Lorde"], "centerDistance": 0.7726949500000002, "angle": 6.15598403098938, "color": [3, 0]}, {"songs": ["Pretty", "Terrified"], "artists": ["Terror Jr", "Terror Jr"], "centerDistance": 0.850518, "angle": 1.1173016466603531, "color": [4, 0]}]