[{"songs": ["Lean Wit Me", "DR. WHOEVER", "Spice Girl"], "artists": ["Juice WRLD", "Amin\u00e9", "Amin\u00e9"], "centerDistance": 0.48763566666666663, "angle": 1.4252181050200061, "color": [0, 0]}, {"songs": ["Switch", "Going Bad (feat. Drake)"], "artists": ["6LACK", "Meek Mill"], "centerDistance": 0.6860531, "angle": 2.5032265801763094, "color": [1, 0]}, {"songs": ["I Am Who They Say I Am (feat. Kevin Gates and Quando Rondo)", "Swervin (feat. 6ix9ine)", "Every Season", "Die Young", "Intro", "Slime Belief", "Wit It", "A$AP Forever (feat. Moby)", "F**k Sleep (feat. FKA twigs)", "Transportin'", "All Mine", "Devil in a New Dress (feat. Rick Ross)", "I'm Upset", "Off Da Zoinkys", "Ni**as in Paris", "Skrawberries (feat. BJ The Chicago Kid)", "Wet Dreamz", "What's the Use?", "Outstanding", "Gotta Have It"], "artists": ["YoungBoy Never Broke Again", "A Boogie Wit da Hoodie", "Roddy Ricch", "Roddy Ricch", "Meek Mill", "YoungBoy Never Broke Again", "Gunna", "A$AP Rocky", "A$AP Rocky", "Kodak Black", "Kanye West", "Kanye West", "Drake", "Jid", "Jay-Z & Kanye West", "Jid", "J. Cole", "Mac Miller", "MADEINTYO", "Jay-Z & Kanye West"], "centerDistance": 0.41508979999999995, "angle": 3.592536851279699, "color": [2, 0]}, {"songs": ["One Call", "10 Freaky Girls (feat. 21 Savage)"], "artists": ["Gunna", "Metro Boomin"], "centerDistance": 0.5776438500000001, "angle": 4.7876643721318635, "color": [3, 0]}, {"songs": ["L.M.F."], "artists": ["Smino"], "centerDistance": 0.609356, "angle": 6.207909915432412, "color": [4, 0]}]