[{"songs": ["All Star", "Wherever You Will Go", "Walkin' On The Sun", "Every Morning", "Our Lives"], "artists": ["Smash Mouth", "The Calling", "Smash Mouth", "Sugar Ray", "The Calling"], "centerDistance": 0.7815648000000001, "angle": 3.5257193531161692, "color": [0, 0]}, {"songs": ["Good Life", "She Is", "This Love", "Gives You Hell", "Save Tonight", "Dirty Little Secret"], "artists": ["OneRepublic", "The Fray", "Maroon 5", "The All-American Rejects", "Eagle-Eye Cherry", "The All-American Rejects"], "centerDistance": 0.6712503333333334, "angle": 4.820776816040721, "color": [1, 0]}, {"songs": ["50 Ways to Say Goodbye", "Hall of Fame", "Gorilla"], "artists": ["Train", "The Script", "Bruno Mars"], "centerDistance": 0.47004466666666667, "angle": 6.174797471523555, "color": [2, 0]}, {"songs": ["Hey, Soul Sister", "Everybody Talks", "Hall of Fame (feat. will.i.am)", "Love Don't Die", "Best Day of My Life", "Counting Stars", "One More Night", "This Is How a Heart Breaks", "Some Nights", "Monster", "The Way", "Radioactive", "Mr. Jones", "I Won't Give Up", "We Are Young (feat. Janelle Mon\u00e1e)", "Bonfire Heart", "You and Me", "Unwell", "Lonely No More", "Fairytale Gone Bad"], "artists": ["Train", "Neon Trees", "The Script", "The Fray", "American Authors", "OneRepublic", "Maroon 5", "Rob Thomas", "fun.", "Imagine Dragons", "Fastball", "Imagine Dragons", "Counting Crows", "Jason Mraz", "fun.", "James Blunt", "Lifehouse", "Matchbox Twenty", "Rob Thomas", "Sunrise Avenue"], "centerDistance": 0.59823575, "angle": 1.02954874273453, "color": [3, 0]}, {"songs": ["Bad Day", "Tonight Tonight", "Kryptonite", "If I Am"], "artists": ["Daniel Powter", "Hot Chelle Rae", "3 Doors Down", "Nine Days"], "centerDistance": 0.7858115000000001, "angle": 2.159466956331741, "color": [4, 0]}]