[{"songs": ["Maze", "HEmotions", "i", "Breathe", "Demons and Angels (feat. Juice WRLD)", "SAUCE!", "Lick", "Murder On My Mind", "One Call", "How Did I Get Here (feat. J. Cole)", "Outstanding", "Mixed Personalities (feat. Kanye West)", "all my friends", "MIDDLE CHILD", "a lot", "Love Drugs and Sex", "MoshPit (feat. Juice WRLD)", "ION (feat. Smokepurpp)", "Nuketown (feat. Juice WRLD)", "Crushed Up"], "artists": ["Juice WRLD", "Juice WRLD", "lil skies", "lil skies", "A Boogie Wit da Hoodie", "xxxtentacion", "Offset", "YNW Melly", "Gunna", "Offset", "Gunna", "YNW Melly", "21 Savage", "J. Cole", "21 Savage", "A Boogie Wit da Hoodie", "Kodak Black", "LIL PUMP", "SKI MASK THE SLUMP GOD", "Future"], "centerDistance": 0.7292205, "angle": 1.2434209409235892, "color": [0, 0]}, {"songs": ["Bleed It"], "artists": ["Blueface"], "centerDistance": 0.864402, "angle": 2.380223064569577, "color": [1, 0]}, {"songs": ["Thotiana"], "artists": ["Blueface"], "centerDistance": 0.882584, "angle": 3.4689680394611013, "color": [2, 0]}, {"songs": ["First Off (feat. Travis Scott)", "Momma I Hit a Lick (feat. Kendrick Lamar)"], "artists": ["Future", "2 Chainz"], "centerDistance": 0.8501354999999999, "angle": 4.557713014352625, "color": [3, 0]}, {"songs": ["Pure Cocaine", "Shoota (feat. Lil Uzi Vert)"], "artists": ["Lil Baby", "Playboi Carti"], "centerDistance": 0.9017949000000001, "angle": 0.15467596603206424, "color": [4, 0]}]