[{"songs": ["Good Mourning", "Molecules", "Ocean Eyes", "Hotter Than Hell", "King of My Heart", "Youth", "No Tears Left To Cry", "Look What You Made Me Do", "Wanna Be Missed", "I Got You", "Shedontknowbutsheknows", "Nasa", "Flashes", "Tennis Court", "Bigger Than Me", "Born to Die", "Blue Jeans", "Someone Else", "Bad Liar", "Your Song"], "artists": ["Halsey", "Hayley Kiyoko", "Billie Eilish", "Dua Lipa", "Taylor Swift", "Troye Sivan", "Ariana Grande", "Taylor Swift", "Hayley Kiyoko", "Bebe Rexha", "Tove Lo", "Ariana Grande", "Tove Lo", "Lorde", "Katy Perry", "Lana Del Rey", "Lana Del Rey", "Miley Cyrus", "Selena Gomez", "Rita Ora"], "centerDistance": 0.8087462999999999, "angle": 3.5489165850392403, "color": [0, 0]}, {"songs": ["Heaven in Hiding", "you should see me in a crown", "Green Light", "Milk and Cookies"], "artists": ["Halsey", "Billie Eilish", "Lorde", "Melanie Martinez"], "centerDistance": 0.62736025, "angle": 4.717011308259378, "color": [1, 0]}, {"songs": ["Last Dance", "Dance to This (feat. Ariana Grande)", "Sad", "Hurts Like Hell (feat. Offset)", "Birdie", "On My Mind", "Bigger Wow"], "artists": ["Dua Lipa", "Troye Sivan", "Bebe Rexha", "Madison Beer", "Avril Lavigne", "Ellie Goulding", "Avril Lavigne"], "centerDistance": 0.8693796428571429, "angle": 6.2785629793048985, "color": [2, 0]}, {"songs": ["Girls (feat. Cardi B, Bebe Rexha & Charli XCX)", "Think About Us", "Woman Like Me (feat. Nicki Minaj)"], "artists": ["Rita Ora", "Little Mix", "Little Mix"], "centerDistance": 0.8705896666666666, "angle": 1.3775269683732398, "color": [3, 0]}, {"songs": ["Way Down", "Nostalgia"], "artists": ["M\u00d8", "M\u00d8"], "centerDistance": 0.8773325000000001, "angle": 2.4632217767062397, "color": [4, 0]}]