[{"songs": ["Crushed Up", "Jumpin on a Jet"], "artists": ["Future", "Future"], "centerDistance": 0.8228249999999999, "angle": 2.530636213873594, "color": [0, 0]}, {"songs": ["Pick It Up (Feat. A$AP Rocky)", "Japan"], "artists": ["Famous Dex", "Famous Dex"], "centerDistance": 0.825277, "angle": 3.6607806493602597, "color": [1, 0]}, {"songs": ["Foot Fungus", "Reborn To Rebel", "a lot", "Armed And Dangerous", "Walk", "gun smoke", "1400 / 999 Freestyle (feat. Juice WRLD)", "Splashin", "BUTTERFLY DOORS", "Get Dripped (feat. Playboi Carti)", "R.I.P.", "Mo Bamba", "SAUCE!", "Leave Me Alone", "Noticed", "You Was Right", "Magnolia", "Skrawberries (feat. BJ The Chicago Kid)", "Ned Flanders (feat. A$AP Ferg)", "Ps & Qs"], "artists": ["SKI MASK THE SLUMP GOD", "SKI MASK THE SLUMP GOD", "21 Savage", "Juice WRLD", "Comethazine", "21 Savage", "Trippie Redd", "Rich The Kid", "LIL PUMP", "Lil Yachty", "Playboi Carti", "Sheck Wes", "xxxtentacion", "Flipp Dinero", "lil Mosey", "LIL UZI VERT", "Playboi Carti", "Jid", "MADEINTYO", "LIL UZI VERT"], "centerDistance": 0.6769800000000001, "angle": 4.825958128852909, "color": [2, 0]}, {"songs": ["Topanga", "Yacht Club (feat. Juice WRLD)", "REEL IT IN"], "artists": ["Trippie Redd", "Lil Yachty", "Amin\u00e9"], "centerDistance": 0.737408, "angle": 6.169616158711367, "color": [3, 0]}, {"songs": ["Space Cadet (feat. Gunna)", "Calling My Spirit", "MoshPit (feat. Juice WRLD)", "10 Freaky Girls (feat. 21 Savage)", "Legacy (feat. Travis Scott & 21 Savage)"], "artists": ["Metro Boomin", "Kodak Black", "Kodak Black", "Metro Boomin", "Offset"], "centerDistance": 0.7538524000000001, "angle": 1.1387896740776107, "color": [4, 0]}]