[{"songs": ["Low Key (feat. Tyga)", "Sweet but Psycho", "Thief", "None of my Business", "Crown", "Break Up with Your Girlfriend, I'm Bored", "Empire", "Thank U, Next", "No Drug Like Me", "FOOLISH", "I'M DOWN", "Loyal", "Perfect To Me", "Thursday (feat. H.E.R.)", "No One", "What A Time (feat. Niall Horan)", "Hurts Like Hell (feat. Offset)", "Adore You", "Something New", "My Way"], "artists": ["Ally Brooke", "Ava Max", "Alice Chater", "Cher Lloyd", "Kelly Rowland", "Ariana Grande", "Nina Nesbitt", "Ariana Grande", "Carly Rae Jepsen", "Meghan Trainor", "Meghan Trainor", "Paloma Faith", "Anne-Marie", "Jess Glynne", "Jess Glynne", "Julia Michaels", "Madison Beer", "Jessie Ware", "Girls Aloud", "Ava Max"], "centerDistance": 0.36056745, "angle": 3.6126399386199686, "color": [0, 0]}, {"songs": ["Only Want You (feat. 6LACK)", "Think About Us (feat. Ty Dolla $ign)", "Think About Us", "Flux"], "artists": ["Rita Ora", "Little Mix", "Little Mix", "Ellie Goulding"], "centerDistance": 0.12814924999999996, "angle": 4.801404660096402, "color": [1, 0]}, {"songs": ["Only Want You", "Colder", "Into You", "There You Are"], "artists": ["Rita Ora", "Nina Nesbitt", "Julia Michaels", "Zayn"], "centerDistance": 0.36319725, "angle": 6.194169627467874, "color": [2, 0]}, {"songs": ["Party for One", "Voices in My Head"], "artists": ["Carly Rae Jepsen", "Ashley Tisdale"], "centerDistance": 0.43210000000000004, "angle": 1.2785147096910254, "color": [3, 0]}, {"songs": ["More Than That", "Expectations"], "artists": ["Lauren Jauregui", "Lauren Jauregui"], "centerDistance": 0.4007005, "angle": 2.4455773241554972, "color": [4, 0]}]