[{"songs": ["sLiDe (feat. frank ocean & MIGOS)", "Skrt on Me (feat. Nicki Minaj)", "We Found Love (feat. Calvin Harris)", "Closer (feat. Halsey)", "Rockabye (feat. Sean Paul & Anne-Marie)", "These Days (feat. Jess Glynne, Macklemore & Dan Caplen)", "Applause", "No Promises (feat. Demi Lovato)", "Paris", "Symphony (feat. Zara Larsson)", "Don't Leave Me Alone (feat. Anne-Marie)", "Girls (feat. Cardi B, Bebe Rexha & Charli XCX)", "Cold Water (feat. Justin Bieber & M\u00d8)", "Know No Better (feat. Travis Scott, Camila Cabello & Quavo)", "Titanium (feat. Sia)", "TiK ToK", "I Wanna Go", "Your Song", "Hey Brother", "La La La (feat. Sam Smith)"], "artists": ["Calvin Harris", "Calvin Harris", "Rihanna", "The Chainsmokers", "Clean Bandit", "Rudimental", "Lady Gaga", "Cheat Codes", "The Chainsmokers", "Clean Bandit", "David Guetta", "Rita Ora", "Major Lazer", "Major Lazer", "David Guetta", "Ke$ha", "Britney Spears", "Rita Ora", "Avicii", "Naughty Boy"], "centerDistance": 0.6160649, "angle": 1.1351140331783904, "color": [0, 0]}, {"songs": ["Only Girl (In the World)", "Die Young", "Womanizer", "Hung Up", "Burn", "Hush Hush; Hush Hush", "I Don't Feel Like Dancin'"], "artists": ["Rihanna", "Ke$ha", "Britney Spears", "Madonna", "Ellie Goulding", "The Pussycat Dolls", "Scissor Sisters"], "centerDistance": 0.7385948571428571, "angle": 2.3668674663778435, "color": [1, 0]}, {"songs": ["Can't Get You Out of My Head"], "artists": ["Kylie Minogue"], "centerDistance": 0.731724, "angle": 3.5986208995772966, "color": [2, 0]}, {"songs": ["Don't Call Me Up", "Make Me Like You"], "artists": ["Mabel", "Gwen Stefani"], "centerDistance": 0.7929189999999999, "angle": 4.830374332776749, "color": [3, 0]}, {"songs": ["Poker Face", "Get Over You", "Murder on the Dancefloor"], "artists": ["Lady Gaga", "Sophie Ellis-Bextor", "Sophie Ellis-Bextor"], "centerDistance": 0.7372116666666666, "angle": 6.165199954787527, "color": [4, 0]}]