[{"songs": ["Morning Glory", "Too Deep", "In My Head", "Needy", "Dreams", "Greatest Love", "Wasted", "we, diamonds", "Tia Tamera (feat. Rico Nasty)", "Riot", "Good Bad", "Focus", "KELLY", "Every Kind of Way", "Ain't Good For Ya (Interlude)", "The One", "Crown", "Stuck With Me (feat. Little Dragon)", "Cuz I Love You", "One Mo' Gen"], "artists": ["Kehlani", "Kehlani", "Ariana Grande", "Ariana Grande", "Solange", "Ciara", "Summer Walker", "Dawn Richard", "Doja Cat", "Summer Walker", "Ella Mai", "H.E.R.", "Kelly Rowland", "H.E.R.", "Tinashe", "Jorja Smith", "Kelly Rowland", "Tinashe", "Lizzo", "Mariah Carey"], "centerDistance": 0.788174555, "angle": 1.184275087594977, "color": [0, 0]}, {"songs": ["Stay Flo"], "artists": ["Solange"], "centerDistance": 0.82075, "angle": 2.366953972190604, "color": [1, 0]}, {"songs": ["Shot Clock", "Don't Watch Me Cry"], "artists": ["Ella Mai", "Jorja Smith"], "centerDistance": 0.88437375, "angle": 3.5281138927897118, "color": [2, 0]}, {"songs": ["Unfair", "Been A While"], "artists": ["6LACK", "6LACK"], "centerDistance": 0.92112365, "angle": 4.689273813388819, "color": [3, 0]}, {"songs": ["sauce"], "artists": ["Dawn Richard"], "centerDistance": 0.851496, "angle": 0.023115166995869352, "color": [4, 0]}]