[{"songs": ["Angel"], "artists": ["Fifth Harmony"], "centerDistance": 0.644208, "angle": 1.3434226801738438, "color": [0, 0]}, {"songs": ["Milk and Cookies", "Cake"], "artists": ["Melanie Martinez", "Melanie Martinez"], "centerDistance": 0.826519, "angle": 2.4861710787206412, "color": [1, 0]}, {"songs": ["Good for You (feat. A$AP Rocky)", "No Tears Left To Cry", "Dangerous Woman", "...Ready For It?", "Tell Me You Love Me", "In the Dark", "Witness", "I Have Questions", "Now or Never", "He Like That", "Malibu", "PILLOWTALK", "Strangers (feat. Lauren Jauregui)", "OMG (feat. Wiz Khalifa)", "Green Light", "Bitch Better Have My Money", "Love Lies (with Normani)", "Touch", "Homemade Dynamite", "Switch (feat. Anitta)"], "artists": ["Selena Gomez", "Ariana Grande", "Ariana Grande", "Taylor Swift", "Demi Lovato", "Camila Cabello", "Katy Perry", "Camila Cabello", "Halsey", "Fifth Harmony", "Miley Cyrus", "Zayn", "Halsey", "Iggy Azalea", "Lorde", "Rihanna", "Khalid", "Little Mix", "Lorde", "Iggy Azalea"], "centerDistance": 0.6477403, "angle": 3.6289194772674387, "color": [2, 0]}, {"songs": ["Girls (feat. Cardi B, Bebe Rexha & Charli XCX)", "Needed Me", "What I Need (feat. Kehlani)", "Plum"], "artists": ["Rita Ora", "Rihanna", "Hayley Kiyoko", "Troye Sivan"], "centerDistance": 0.7388870000000001, "angle": 4.791739708629221, "color": [3, 0]}, {"songs": ["Bad Liar", "Look What You Made Me Do", "Sorry Not Sorry", "My My My!", "Steady (feat. Tory Lanez)"], "artists": ["Selena Gomez", "Taylor Swift", "Demi Lovato", "Troye Sivan", "Bebe Rexha"], "centerDistance": 0.5093916, "angle": 6.203834578935054, "color": [4, 0]}]