[{"songs": ["Right Now", "uNDER yOU", "Tell Me You Love Me", "Sucker", "Capital Letters", "Safe", "In My Blood", "New Rules", "Strip That Down", "Thumbs", "Sexy Dirty Love", "I Got You", "Let Me", "Cake By The Ocean", "Most Girls", "Dead", "Familiar", "Bad At Love", "Sick Boy", "Dusk Till Dawn - Radio Edit"], "artists": ["Nick Jonas", "Nick Jonas", "Demi Lovato", "Jonas Brothers", "Hailee Steinfeld", "Daya", "Shawn Mendes", "Dua Lipa", "Liam Payne", "Sabrina Carpenter", "Demi Lovato", "Bebe Rexha", "Zayn", "DNCE", "Hailee Steinfeld", "Madison Beer", "Liam Payne", "Halsey", "The Chainsmokers", "Zayn"], "centerDistance": 0.54955635, "angle": 1.1294411607223056, "color": [0, 0]}, {"songs": ["Don't Go Breaking My Heart", "Younger Now"], "artists": ["Backstreet Boys", "Miley Cyrus"], "centerDistance": 0.6894045, "angle": 2.266058206246778, "color": [1, 0]}, {"songs": ["Back to You (feat. Bebe Rexha & Digital Farm Animals)", "Just Like You"], "artists": ["Louis Tomlinson", "Louis Tomlinson"], "centerDistance": 0.6920655, "angle": 3.383836990585161, "color": [2, 0]}, {"songs": ["There's Nothing Holdin' Me Back", "Wolves", "Connection", "Girls Like You (feat. Cardi B)"], "artists": ["Shawn Mendes", "Selena Gomez", "OneRepublic", "Maroon 5"], "centerDistance": 0.58972275, "angle": 4.7247706963191565, "color": [3, 0]}, {"songs": ["Beautiful Trauma", "Toothbrush"], "artists": ["P!nk", "DNCE"], "centerDistance": 0.6915875, "angle": 6.27080359124512, "color": [4, 0]}]