[{"songs": ["Talk"], "artists": ["Khalid"], "centerDistance": 0.5554760000000001, "angle": 3.5653050690293027, "color": [0, 0]}, {"songs": ["Empty Space", "Naked"], "artists": ["James Arthur", "James Arthur"], "centerDistance": 0.526213, "angle": 4.8504308370443505, "color": [1, 0]}, {"songs": ["Back to Black", "Rehab"], "artists": ["Amy Winehouse", "Amy Winehouse"], "centerDistance": 0.782851, "angle": 6.145143450519925, "color": [2, 0]}, {"songs": ["Let You Love Me", "Perfect To Me"], "artists": ["Rita Ora", "Anne-Marie"], "centerDistance": 0.5051155, "angle": 1.147083911355387, "color": [3, 0]}, {"songs": ["Dancing With a Stranger", "Fire On Fire - From \"Watership Down\"", "Preach", "Sound Of An Orchestra", "Velvet Rope", "My Love Goes On (feat. Joss Stone)", "Let Me", "Adore You", "Love On The Brain", "Hello", "Set Fire to the Rain", "Thinking Out Loud", "How Would You Feel (Paean)", "Loyal", "Love Me Again", "If I Ain't Got You", "Then", "If Our Love Is Wrong", "Walk", "Let Me Down"], "artists": ["Sam Smith", "Sam Smith", "John Legend", "Mika", "Rita Ora", "James Morrison", "Zayn", "Jessie Ware", "Rihanna", "Adele", "Adele", "Ed Sheeran", "Ed Sheeran", "Paloma Faith", "John Newman", "Alicia Keys", "Anne-Marie", "Calum Scott", "Kwabs", "Jorja Smith"], "centerDistance": 0.6016448999999999, "angle": 2.280179301014254, "color": [4, 0]}]