[{"songs": ["Say My Name", "Like I Do", "Symphony (feat. Zara Larsson)", "Don't Let Me Down", "Stay", "Crazy", "Sick Boy", "I Miss You (feat. Julia Michaels)", "Hey Brother", "Your Song", "Just Got Paid", "Addicted to You", "Cheerleader (Felix Jaehn Remix)", "I'll Never Love Again", "The Cure", "Outside", "Don't You Worry Child - Radio Edit", "We Found Love (feat. Calvin Harris)", "La La La", "Papaoutai"], "artists": ["David Guetta", "David Guetta", "Clean Bandit", "The Chainsmokers", "Zedd", "Lost Frequencies", "The Chainsmokers", "Clean Bandit", "Avicii", "Rita Ora", "Sigala", "Avicii", "Omi", "Lady Gaga", "Lady Gaga", "Calvin Harris", "Swedish House Mafia", "Rihanna", "Naughty Boy", "Stromae"], "centerDistance": 0.6601709500000001, "angle": 1.0995574287564276, "color": [0, 0]}, {"songs": ["FRIENDS", "Bones (feat. OneRepublic)"], "artists": ["Marshmello", "Galantis"], "centerDistance": 0.424336, "angle": 2.356194490192345, "color": [1, 0]}, {"songs": ["Let You Love Me", "Can't Get You Out of My Head"], "artists": ["Rita Ora", "Kylie Minogue"], "centerDistance": 0.709365, "angle": 3.612831551628262, "color": [2, 0]}, {"songs": ["One Kiss (with Dua Lipa)", "All Night"], "artists": ["Calvin Harris", "Steve Aoki"], "centerDistance": 0.755549, "angle": 4.869468613064179, "color": [3, 0]}, {"songs": ["Born Naked (feat. Clairy Browne)", "Sorry"], "artists": ["RuPaul", "Madonna"], "centerDistance": 0.9191279, "angle": 6.126105674500097, "color": [4, 0]}]