[{"songs": ["AMERICAN SPORTS", "The Age of the Understatement", "Humility (feat. George Benson)", "When You Die", "Lonely Boy", "Tranz", "Let It Happen", "Mr. Tillman", "NEED A LITTLE TIME", "COLD COLD COLD", "Exits", "HARMONY HALL", "Birch Tree", "Disappointing Diamonds Are The Rarest Of Them All", "CITY LOOKS PRETTY", "Bad Habit", "Chamber of Reflection", "The Sky Is A Neighborhood", "On the Level", "WRONG VIBRATION"], "artists": ["Arctic Monkeys", "The Last Shadow Puppets", "Gorillaz", "MGMT", "The Black Keys", "Gorillaz", "Tame Impala", "Father John Misty", "Courtney Barnett", "Cage the Elephant", "Foals", "Vampire Weekend", "Foals", "Father John Misty", "Courtney Barnett", "The Kooks", "Mac DeMarco", "Foo Fighters", "Mac DeMarco", "Balthazar"], "centerDistance": 0.8179942949999999, "angle": 3.739717801815241, "color": [0, 0]}, {"songs": ["One Point Perspective", "Les Cactus", "Mess Around", "Fever", "So Young"], "artists": ["Arctic Monkeys", "The Last Shadow Puppets", "Cage the Elephant", "Balthazar", "Portugal. The Man"], "centerDistance": 0.7120831200000001, "angle": 4.769022811836027, "color": [1, 0]}, {"songs": ["The Less I Know the Better", "Hunnybee", "Doing It To Death", "List of Demands (Reparations)"], "artists": ["Tame Impala", "Unknown Mortal Orchestra", "The Kills", "The Kills"], "centerDistance": 0.8687735249999999, "angle": 6.2265514757282485, "color": [2, 0]}, {"songs": ["The System Only Dreams in Total Darkness", "Day I Die"], "artists": ["The National", "The National"], "centerDistance": 0.855835, "angle": 1.3343545185450143, "color": [3, 0]}, {"songs": ["Put Your Money on Me", "Signs of Life"], "artists": ["Arcade Fire", "Arcade Fire"], "centerDistance": 0.847055, "angle": 2.7083893255594145, "color": [4, 0]}]