[{"songs": ["Havana (feat. Young Thug)", "2002", "New Rules", "Rockabye (feat. Sean Paul & Anne-Marie)", "One Kiss", "No Tears Left To Cry", "Kiss and Make Up", "Scared to Be Lonely", "It Ain't Me", "Closer (feat. Halsey)", "cRYINg In THE clUB", "Symphony (feat. Zara Larsson)", "I Got You", "Strangers (feat. Lauren Jauregui)", "For You (Fifty Shades Freed)", "Break Free (feat. Zedd)", "Swish Swish (Feat. Nicki Minaj)", "I'll Be There", "Ain't My Fault", "Sorry Not Sorry"], "artists": ["Camila Cabello", "Anne-Marie", "Dua Lipa", "Clean Bandit", "Calvin Harris & Dua Lipa", "Ariana Grande", "Dua Lipa & BLACKPINK", "Martin Garrix & Dua Lipa", "Kygo & Selena Gomez", "The Chainsmokers", "Camila Cabello", "Clean Bandit", "Bebe Rexha", "Halsey", "Liam Payne & Rita Ora", "Ariana Grande", "Katy Perry", "Jess Glynne", "Zara Larsson", "Demi Lovato"], "centerDistance": 0.39187764999999997, "angle": 1.0182439653204565, "color": [0, 0]}, {"songs": ["Stay", "There's Nothing Holdin' Me Back", "Growing Pains", "My My My!", "On My Mind"], "artists": ["Zedd & Alessia Cara", "Shawn Mendes", "Alessia Cara", "Troye Sivan", "Ellie Goulding"], "centerDistance": 0.5687555999999999, "angle": 2.0970652409672725, "color": [1, 0]}, {"songs": ["Wolves", "Bad Liar"], "artists": ["Selena Gomez & Marshmello", "Selena Gomez"], "centerDistance": 0.287961, "angle": 3.450073651867143, "color": [2, 0]}, {"songs": ["Ciao Adios", "Look What You Made Me Do", "Back to You (feat. Bebe Rexha & Digital Farm Animals)"], "artists": ["Anne-Marie", "Taylor Swift", "Louis Tomlinson"], "centerDistance": 0.37353333333333333, "angle": 4.768702704129684, "color": [3, 0]}, {"songs": ["IDGAF", "Woman Like Me (feat. Nicki Minaj)", "Let You Love Me", "Girls (feat. Cardi B, Bebe Rexha & Charli XCX)", "Think About Us", "Too Good at Goodbyes", "Sweet but Psycho"], "artists": ["Dua Lipa", "Little Mix", "Rita Ora", "Rita Ora", "Little Mix", "Sam Smith", "Ava Max"], "centerDistance": 0.42562785714285706, "angle": 6.226871583434592, "color": [4, 0]}]