[{"songs": ["What a Girl Wants", "Break Free (feat. Zedd)", "Waiting for Tonight", "Wannabe", "No Scrubs", "Bye Bye Bye", "Walking on Air", "Say My Name", "S&M", "Vogue", "Birthday", "Hollaback Girl", "Buttons", "All for You", "Take a Bow", "Survivor", "Come & Get It", "Bang Bang", "Say It Right", "Waterfalls"], "artists": ["Christina Aguilera", "Ariana Grande", "Jennifer Lopez", "Spice Girls", "TLC", "*NSYNC", "Katy Perry", "Destiny's Child", "Rihanna", "Madonna", "Katy Perry", "Gwen Stefani", "The Pussycat Dolls", "Janet Jackson", "Madonna", "Destiny's Child", "Selena Gomez", "Jessie J, Ariana Grande & Nicki Minaj", "Nelly Furtado", "TLC"], "centerDistance": 0.7914619, "angle": 4.865171805420182, "color": [0, 0]}, {"songs": ["Believe"], "artists": ["Cher"], "centerDistance": 0.834601, "angle": 6.1304024821440946, "color": [1, 0]}, {"songs": ["I Turn to You", "Fantasy", "Emotions", "Spice Up Your Life", "Halo"], "artists": ["Christina Aguilera", "Mariah Carey", "Mariah Carey", "Spice Girls", "Beyonc\u00e9"], "centerDistance": 0.7041074, "angle": 1.1017058325784266, "color": [2, 0]}, {"songs": ["Only Girl (In the World)", "Don't Hold Your Breath"], "artists": ["Rihanna", "Nicole Scherzinger"], "centerDistance": 0.851629, "angle": 2.356194490192344, "color": [3, 0]}, {"songs": ["...Baby One More Time", "Stronger", "If You Had My Love"], "artists": ["Britney Spears", "Britney Spears", "Jennifer Lopez"], "centerDistance": 0.7119693333333332, "angle": 3.610683147806263, "color": [4, 0]}]