[{"songs": ["Wouldn't Leave", "Violent Crimes", "See You Again", "Where This Flower Blooms", "Pursuit of Happiness (Nightmare)", "Nice For What", "BOOGIE", "DNA.", "What Would Meek Do? (feat. Kanye West)", "Jocelyn Flores", "Hard Piano (feat. Rick Ross)", "Money Trees", "SAD!", "Distorted Records", "Tony Tone", "monster", "Lean Wit Me", "break da law", "The Story of O.J.", "Space Cadet (feat. Gunna)"], "artists": ["Kanye West", "Kanye West", "Tyler, the Creator", "Tyler, the Creator", "Kid Cudi", "Drake", "BROCKHAMPTON", "Kendrick Lamar", "Pusha T", "xxxtentacion", "Pusha T", "Kendrick Lamar", "xxxtentacion", "A$AP Rocky", "A$AP Rocky", "21 Savage", "Juice WRLD", "21 Savage", "Jay-Z", "Metro Boomin"], "centerDistance": 0.7386863000000001, "angle": 1.1848481383294027, "color": [0, 0]}, {"songs": ["Feel the Love", "Reborn"], "artists": ["Kids See Ghosts", "Kids See Ghosts"], "centerDistance": 0.3809105, "angle": 2.39291129256633, "color": [1, 0]}, {"songs": ["6 Summers", "Saviers Road"], "artists": ["Anderson .Paak", "Anderson .Paak"], "centerDistance": 0.8926779499999999, "angle": 3.600974446803258, "color": [2, 0]}, {"songs": ["The Ringer", "Kamikaze"], "artists": ["Eminem", "Eminem"], "centerDistance": 0.8964143, "angle": 4.809037601040186, "color": [3, 0]}, {"songs": ["Nonstop", "KOD", "Life", "Icon", "Sunflower - Spider-Man: Into the Spider-Verse", "Stir Fry", "Psycho (feat. Ty Dolla $ign)", "KIKA (feat. Tory Lanez)", "DR. WHOEVER", "Switch"], "artists": ["Drake", "J. Cole", "Saba", "Jaden Smith", "Post Malone", "Migos", "Post Malone", "6ix9ine", "Amin\u00e9", "6LACK"], "centerDistance": 0.87256268, "angle": 6.18653668652409, "color": [4, 0]}]