[{"songs": ["Burn", "Only Girl (In the World)"], "artists": ["Ellie Goulding", "Rihanna"], "centerDistance": 0.881543, "angle": 1.10977401580847, "color": [0, 0]}, {"songs": ["Masterpiece"], "artists": ["Jessie J"], "centerDistance": 0.900604, "angle": 2.356194490192345, "color": [1, 0]}, {"songs": ["XO"], "artists": ["Beyonc\u00e9"], "centerDistance": 0.876861, "angle": 3.6026149645762198, "color": [2, 0]}, {"songs": ["One Last Time"], "artists": ["Ariana Grande"], "centerDistance": 0.823052, "angle": 4.849035438960095, "color": [3, 0]}, {"songs": ["Love Me", "This Moment", "Break Free (feat. Zedd)", "C'mon", "Applause", "Wonderland", "Without the Love", "Someone Else", "Come & Get It", "MANiCURE", "Welcome to New York", "Wildest Dreams", "Perfume", "Alien", "#GETITRIGHT", "Made in the USA", "Slow Down", "Fool in Love", "Bang Bang", "Mr. Know It All"], "artists": ["Katy Perry", "Katy Perry", "Ariana Grande", "Ke$ha", "Lady Gaga", "Ke$ha", "Demi Lovato", "Miley Cyrus", "Selena Gomez", "Lady Gaga", "Taylor Swift", "Taylor Swift", "Britney Spears", "Britney Spears", "Miley Cyrus", "Demi Lovato", "Selena Gomez", "Rihanna", "Jessie J, Ariana Grande & Nicki Minaj", "Kelly Clarkson"], "centerDistance": 0.7680148000000001, "angle": 6.146538848604181, "color": [4, 0]}]