[{"songs": ["Don't Wanna Know (feat. Kendrick Lamar)", "God is a Woman", "In My Blood", "No Tears Left To Cry", "Without Me", "Sorry Not Sorry", "Call It What You Want", "Bad Liar", "Let Me", "Dusk Till Dawn - Radio Edit", "Bad At Love", "Tell Me You Love Me", "Ferrari", "Sucker", "No Excuses", "What About Us", "Sick Boy", "I Got You", "Dark Horse", "Say Amen (Saturday Night)"], "artists": ["Maroon 5", "Ariana Grande", "Shawn Mendes", "Ariana Grande", "Halsey", "Demi Lovato", "Taylor Swift", "Imagine Dragons", "Zayn", "Zayn", "Halsey", "Demi Lovato", "Bebe Rexha", "Jonas Brothers", "Meghan Trainor", "P!nk", "The Chainsmokers", "Bebe Rexha", "Katy Perry", "Panic! at the Disco"], "centerDistance": 0.4563821, "angle": 3.591629411463612, "color": [0, 0]}, {"songs": ["My My My!", "Plum", "Tell Me It's Over"], "artists": ["Troye Sivan", "Troye Sivan", "Avril Lavigne"], "centerDistance": 0.6364826666666666, "angle": 4.809693075841269, "color": [1, 0]}, {"songs": ["Want You Back", "Don't Go Breaking My Heart", "Younger Now"], "artists": ["5 Seconds of Summer", "Backstreet Boys", "Miley Cyrus"], "centerDistance": 0.6615676666666667, "angle": 6.185881211723008, "color": [2, 0]}, {"songs": ["Connection", "Start Again (feat. Logic)"], "artists": ["OneRepublic", "OneRepublic"], "centerDistance": 0.427445, "angle": 1.0669125319290078, "color": [3, 0]}, {"songs": ["What Lovers Do (feat. SZA)", "There's Nothing Holdin' Me Back", "Beautiful Trauma"], "artists": ["Maroon 5", "Shawn Mendes", "P!nk"], "centerDistance": 0.36725566666666665, "angle": 2.399227681637335, "color": [4, 0]}]