[{"songs": ["Taste (feat. Offset)", "SWISH", "Yuso (feat. Lil Wayne & Saweetie)", "can't leave without it", "November 18th", "gOOd fOrM (feaT. liL WaynE)", "Sunflower - Spider-Man: Into the Spider-Verse", "Psycho (feat. Ty Dolla $ign)", "West Coast", "The Flute Song", "Familia (with Anuel Aa, feat. Bantu) - Spider-Man: Into the Spider-Verse", "Sundress", "KOD", "Spendin' (feat. Gucci Mane)", "No Budget (feat. Rich The Kid)", "HUMBLE.", "Calm Down", "All The Stars (with SZA)", "SOHO", "Bae"], "artists": ["Tyga", "Tyga", "Kid Ink", "21 Savage", "Drake", "Nicki Minaj", "Post Malone", "Post Malone", "G-Eazy", "Russ", "Nicki Minaj", "A$AP Rocky", "J. Cole", "iLoveMakonnen", "Kid Ink", "Kendrick Lamar", "G-Eazy", "Kendrick Lamar", "Jaden Smith", "O.T. Genasis"], "centerDistance": 0.5794274500000001, "angle": 1.204498413607042, "color": [0, 0]}, {"songs": ["Crushed Up", "Jumpin on a Jet"], "artists": ["Future", "Future"], "centerDistance": 0.27871749999999995, "angle": 2.467184255918725, "color": [1, 0]}, {"songs": ["Nonstop", "Plastic", "Wanted You (feat. Lil Uzi Vert)", "Freshman List"], "artists": ["Drake", "Jaden Smith", "NAV", "NAV"], "centerDistance": 0.649674, "angle": 3.596840428047586, "color": [2, 0]}, {"songs": ["KIKA (feat. Tory Lanez)", "Space Cadet (feat. Gunna)", "10 Freaky Girls (feat. 21 Savage)"], "artists": ["6ix9ine", "Metro Boomin", "Metro Boomin"], "centerDistance": 0.40986966666666663, "angle": 4.726496600176447, "color": [3, 0]}, {"songs": ["What I Know Now (feat. Wiz Khalifa)", "Broken (feat. Jessie Reyez)"], "artists": ["They.", "They."], "centerDistance": 0.7166075000000001, "angle": 6.269077687387829, "color": [4, 0]}]