[{"songs": ["Drive and Disconnect", "I Don't Even Know Why Though", "I Wish I Missed My Ex", "Canceled", "Love Me Right", "Numb", "Nonchalant", "Feels Right", "No Reply", "Old Times", "Candy", "Fingers", "Drowning", "Gentleman", "A Little More", "Happy Without Me", "All Over You", "Correct", "Not All the Way", "Long As I Live"], "artists": ["Nao", "Alina Baraz", "Mahalia", "Bryson Tiller", "Amber Mark", "Sabrina Claudio", "6LACK", "Alina Baraz", "Mahalia", "Marsha Ambrosius", "Doja Cat", "Zayn", "Mario", "Gallant", "Alessia Cara", "Chloe x Halle", "Majid Jordan", "MNEK", "Kyle Dion", "Toni Braxton"], "centerDistance": 0.6706904999999999, "angle": 2.356194490192345, "color": [0, 0]}, {"songs": ["Trip"], "artists": ["Ella Mai"], "centerDistance": 0.9506167, "angle": 3.5367539395901675, "color": [1, 0]}, {"songs": ["Better", "A No No"], "artists": ["Khalid", "Mariah Carey"], "centerDistance": 0.5130915, "angle": 4.71731338898799, "color": [2, 0]}, {"songs": ["Not Today"], "artists": ["Alessia Cara"], "centerDistance": 0.696496, "angle": 6.278260898576285, "color": [3, 0]}, {"songs": ["Who Hurt You?"], "artists": ["Daniel Caesar"], "centerDistance": 0.0, "angle": 1.1756350407945222, "color": [4, 0]}]