[{"songs": ["Sucker Punch", "Don\u2019t Feel Like Crying"], "artists": ["Sigrid", "Sigrid"], "centerDistance": 0.8419135, "angle": 2.51593017831898, "color": [0, 0]}, {"songs": ["Science", "In The Next Life", "Party for One", "Chic Chick", "Iconic", "Candy", "Alone", "1999", "Cherry", "Backseat (feat. Carly Rae Jepsen)", "Devil in Paradise", "Flicker", "Ever Again", "IMMATERIAL", "Shedontknowbutsheknows", "Running", "SAMARITAN", "Body Language", "Shivering Gold", "Temple"], "artists": ["Allie X", "Kim Petras", "Carly Rae Jepsen", "Poppy", "Poppy", "slayyyter", "slayyyter", "Charli XCX", "Rina Sawayama", "Charli XCX", "Cruel Youth", "Rina Sawayama", "Robyn", "Sophie", "Tove Lo", "Dua Lipa", "ionnalee", "Carly Rae Jepsen", "Tove Lo", "ionnalee"], "centerDistance": 0.7743307500000001, "angle": 3.64993339993372, "color": [1, 0]}, {"songs": ["Close Your Eyes", "Feelings", "What I Need (feat. Kehlani)"], "artists": ["Kim Petras", "Hayley Kiyoko", "Hayley Kiyoko"], "centerDistance": 0.8091376666666666, "angle": 4.768561046087648, "color": [2, 0]}, {"songs": ["Little Things", "Missing U", "Paris", "Sue Me", "Not Today"], "artists": ["Allie X", "Robyn", "Sabrina Carpenter", "Sabrina Carpenter", "Alessia Cara"], "centerDistance": 0.6782792000000001, "angle": 6.227013241476627, "color": [3, 0]}, {"songs": ["Nostalgia", "Hair Body Face", "Lucky Strike", "Sweet but Psycho", "Plum", "Without Me", "Want To", "Let You Love Me", "Green Light", "you should see me in a crown"], "artists": ["M\u00d8", "Lady Gaga", "Troye Sivan", "Ava Max", "Troye Sivan", "Halsey", "Dua Lipa", "Rita Ora", "Lorde", "Billie Eilish"], "centerDistance": 0.85213132, "angle": 1.1295076827207646, "color": [4, 0]}]