[{"songs": ["Kiss Me Goodbye", "Little Lies", "Take Me Higher", "Better Not Said", "Cola Song (feat. J Balvin)", "I Will Never Let You Down", "Break Up Song", "Glow", "Giant in My Heart", "Braveheart", "Blame (feat. John Newman)", "Welcome to the Jungle", "Break the Rules", "Can't Stop Dancin'", "It Should Be Easy (feat. will.i.am)", "Feels So Good", "Together (feat. Gwen Stefani)", "Million Miles", "A.K.A. (feat. T.I.)", "Caught in the Middle"], "artists": ["Alexandra Stan", "Alexandra Stan", "Inna", "Havana Brown", "Inna", "Rita Ora", "Pixie Lott", "Ella Henderson", "Kiesza", "Neon Jungle", "Calvin Harris", "Neon Jungle", "Charli XCX", "Becky G", "Britney Spears", "Kylie Minogue", "Calvin Harris", "Kylie Minogue", "Jennifer Lopez", "Charli XCX"], "centerDistance": 0.7977694, "angle": 1.1036195724956928, "color": [0, 0]}, {"songs": ["Your Love"], "artists": ["Nicole Scherzinger"], "centerDistance": 0.839153, "angle": 2.3629647297577865, "color": [1, 0]}, {"songs": ["Baby Don't Lie"], "artists": ["Gwen Stefani"], "centerDistance": 0.854257, "angle": 3.62230988701988, "color": [2, 0]}, {"songs": ["Army of Love"], "artists": ["Kerli"], "centerDistance": 0.9072121, "angle": 4.8681145651510915, "color": [3, 0]}, {"songs": ["Break Free (feat. Zedd)", "The Heart Wants What It Wants"], "artists": ["Ariana Grande", "Selena Gomez"], "centerDistance": 0.871372, "angle": 6.127459722413185, "color": [4, 0]}]