[{"songs": ["On Me (feat. Cardi B)", "Uptown Vibes (feat. Fabolous & Anuel AA)", "Nonstop", "No Stylist", "Never Recover (Lil Baby & Gunna, Drake)", "Time (feat. Meek Mill)", "No Stylist (feat. Drake)", "Mob Ties", "Both (feat. Drake)", "Bigger Than You (feat. Drake & Quavo)", "Jefe (feat. Meek Mill)", "Digital Dash", "Where Ya At", "Tuesday (feat. Drake)", "a lot", "MIDDLE CHILD", "Startender (feat. Offset and Tyga)", "Look Back At It", "KIKA (feat. Tory Lanez)", "Space Cadet (feat. Gunna)"], "artists": ["Meek Mill", "Meek Mill", "Drake", "French Montana", "Lil Baby", "Lil Baby", "French Montana", "Drake", "Gucci Mane", "2 Chainz", "T.I.", "Drake & Future", "Future", "iLoveMakonnen", "21 Savage", "J. Cole", "A Boogie Wit da Hoodie", "A Boogie Wit da Hoodie", "6ix9ine", "Metro Boomin"], "centerDistance": 0.68141897, "angle": 1.0995574287564276, "color": [0, 0]}, {"songs": ["MAMA (feat. Nicki Minaj, Kanye West)"], "artists": ["6ix9ine"], "centerDistance": 0.9768963, "angle": 2.356194490192345, "color": [1, 0]}, {"songs": ["Red Room"], "artists": ["Offset"], "centerDistance": 0.9751408, "angle": 3.612831551628262, "color": [2, 0]}, {"songs": ["ZEZE (feat. Travis Scott & Offset)"], "artists": ["Kodak Black"], "centerDistance": 0.9614524, "angle": 4.869468613064179, "color": [3, 0]}, {"songs": ["Keanu Reeves", "Momma I Hit a Lick (feat. Kendrick Lamar)"], "artists": ["Logic", "2 Chainz"], "centerDistance": 0.9794311, "angle": 6.126105674500097, "color": [4, 0]}]