[{"songs": ["Satisfaction", "Rainberry", "Best Song Ever", "Monster In Me", "Story of My Life", "Break Up with Your Girlfriend, I'm Bored", "Fake Smile", "Home With You", "Keep Talking (feat. Julia Michaels)", "Dancing With a Stranger (with Normani)", "Depend On It", "Soul Survivor", "Beautiful (feat. Camila Cabello)", "Waves (feat. 6LACK)", "In the Dark", "3:15", "The Distance (feat. Ty Dolla $ign)", "Revival", "GTFO", "The Way I Am"], "artists": ["Zayn", "Zayn", "One Direction", "Little Mix", "One Direction", "Ariana Grande", "Ariana Grande", "Liam Payne", "Rita Ora", "Sam Smith", "Liam Payne", "Rita Ora", "bazzi", "Normani", "Camila Cabello", "bazzi", "Mariah Carey", "Selena Gomez", "Mariah Carey", "Charlie Puth"], "centerDistance": 0.771271185, "angle": 2.412525685616461, "color": [0, 0]}, {"songs": ["Think About Us", "Nights Like This (feat. Ty Dolla $ign)"], "artists": ["Little Mix", "Kehlani"], "centerDistance": 0.8170525, "angle": 3.5211943682490734, "color": [1, 0]}, {"songs": ["Dona de Mim", "Call Out My Name", "Shot Clock", "Throw a Fit"], "artists": ["IZA", "The Weeknd", "Ella Mai", "Tinashe"], "centerDistance": 0.922738025, "angle": 4.773287961865286, "color": [2, 0]}, {"songs": ["Needed Me", "Don't Watch Me Cry"], "artists": ["Rihanna", "Jorja Smith"], "centerDistance": 0.94018775, "angle": 6.22228632569899, "color": [3, 0]}, {"songs": ["Saturday Nights", "Better"], "artists": ["Khalid", "Khalid"], "centerDistance": 0.8122815, "angle": 1.273541932761213, "color": [4, 0]}]