[{"songs": ["Moonshine", "Money Make Her Smile", "Animals", "I Won't Give Up", "Chains", "Mirrors", "Maps", "Not a Bad Thing", "All of Me", "What Now", "Break Free (feat. Zedd)", "Birthday", "Roar", "Bang Bang", "One", "Royals", "Jealous", "Money on My Mind", "Ring Off", "What You Wanted"], "artists": ["Bruno Mars", "Bruno Mars", "Maroon 5", "Jason Mraz", "Nick Jonas", "Justin Timberlake", "Maroon 5", "Justin Timberlake", "John Legend", "Rihanna", "Ariana Grande", "Katy Perry", "Katy Perry", "Jessie J, Ariana Grande & Nicki Minaj", "Ed Sheeran", "Lorde", "Nick Jonas", "Sam Smith", "Beyonc\u00e9", "OneRepublic"], "centerDistance": 0.7685749999999998, "angle": 1.0995574287564276, "color": [0, 0]}, {"songs": ["The Man Who Can't Be Moved", "Breakeven"], "artists": ["The Script", "The Script"], "centerDistance": 0.9043914, "angle": 2.356194490192345, "color": [1, 0]}, {"songs": ["XO", "Masterpiece"], "artists": ["Beyonc\u00e9", "Jessie J"], "centerDistance": 0.8579038999999999, "angle": 3.612831551628262, "color": [2, 0]}, {"songs": ["Midnight Memories"], "artists": ["One Direction"], "centerDistance": 0.866356, "angle": 4.869468613064179, "color": [3, 0]}, {"songs": ["Night Changes"], "artists": ["One Direction"], "centerDistance": 0.9003988, "angle": 6.126105674500097, "color": [4, 0]}]