[{"songs": ["Moments", "This Time Around", "All About That Bass", "Break the Rules", "Boom Clap", "Chandelier", "Fancy (feat. Charli XCX)", "Ghost", "Shake It Off", "Shower", "Living for Love", "BO$$", "Bed of Lies (feat. Skylar Grey)", "Why Try", "Eye of the Needle", "Teacher", "Wallace", "Buy a Heart (feat. Meek Mill)", "Only Love Can Hurt Like This", "I Can't Stop Drinking About You"], "artists": ["Tove Lo", "Tove Lo", "Meghan Trainor", "Charli XCX", "Charli XCX", "Sia", "Iggy Azalea", "Ella Henderson", "Taylor Swift", "Becky G", "Madonna", "Fifth Harmony", "Nicki Minaj", "Ariana Grande", "Sia", "Nick Jonas", "Azealia Banks", "Nicki Minaj", "Paloma Faith", "Bebe Rexha"], "centerDistance": 0.5924029000000001, "angle": 1.485709286195883, "color": [0, 0]}, {"songs": ["Team"], "artists": ["Lorde"], "centerDistance": 0.985147, "angle": 2.9997809192581033, "color": [1, 0]}, {"songs": ["The Heart Wants What It Wants"], "artists": ["Selena Gomez"], "centerDistance": 0.9760376, "angle": 4.513852552320324, "color": [2, 0]}, {"songs": ["Blank Space"], "artists": ["Taylor Swift"], "centerDistance": 0.9800358, "angle": 4.7407513272510275, "color": [2, 1]}, {"songs": ["Sledgehammer"], "artists": ["Fifth Harmony"], "centerDistance": 0.9847847, "angle": 6.254822960313248, "color": [3, 0]}]