[{"songs": ["Kream (feat. Tyga)"], "artists": ["Iggy Azalea"], "centerDistance": 0.9863937, "angle": 0.9274760764492083, "color": [0, 0]}, {"songs": ["Me & My Girls", "Body Heat", "Dress", "I'm a Slave 4 U", "Whiplash", "Thinking 'Bout You", "Partition", "Sexxx Dreams", "Love Me Down", "OMG", "Chantaje (feat. Maluma)", "Birthday Cake", "Dressin' Up", "Cola", "Skin", "Boyfriend", "Dance for You", "SMS (Bangerz) (feat. Britney Spears)", "All That", "All Hands On Deck"], "artists": ["Selena Gomez", "Selena Gomez", "Taylor Swift", "Britney Spears", "Selena Gomez & the Scene", "Dua Lipa", "Beyonc\u00e9", "Lady Gaga", "Britney Spears", "Camila Cabello", "Shakira", "Rihanna", "Katy Perry", "Lana Del Rey", "Rihanna", "Justin Bieber", "Beyonc\u00e9", "Miley Cyrus", "Zayn", "Tinashe"], "centerDistance": 0.742700595, "angle": 2.233279238544331, "color": [1, 0]}, {"songs": ["Veneno"], "artists": ["Anitta"], "centerDistance": 0.70381, "angle": 3.5390824006394537, "color": [2, 0]}, {"songs": ["I'm a Mess"], "artists": ["Bebe Rexha"], "centerDistance": 0.987529, "angle": 4.844885562734577, "color": [3, 0]}, {"songs": ["Chun-Li"], "artists": ["Nicki Minaj"], "centerDistance": 0.9873457, "angle": 6.150688724829699, "color": [4, 0]}]