[{"songs": ["Troublemaker", "Higher", "Good Feeling", "Timber", "Wild Ones (feat. Sia)", "Party Rock Anthem", "This Is Love", "Like A G6", "Give Me Everything", "We Run the Night", "Glad You Came", "Scream & Shout", "A Little Party Never Killed Nobody (All We Got)", "Rocketeer", "DJ Got Us Fallin' in Love", "How We Do (Party)", "Dance Again", "Don't You Worry Child (Radio Edit) [feat. John Martin]", "Mr. Saxobeat", "Yeah 3X"], "artists": ["Taio Cruz", "Taio Cruz", "Flo Rida", "Pitbull", "Flo Rida", "LMFAO", "will.i.am", "Far East Movement", "Pitbull", "Havana Brown", "The Wanted", "will.i.am", "Fergie", "Far East Movement", "Usher", "Rita Ora", "Jennifer Lopez", "Swedish House Mafia", "Alexandra Stan", "Chris Brown"], "centerDistance": 0.50535605, "angle": 1.0995574287564276, "color": [0, 0]}, {"songs": ["Die Young"], "artists": ["Ke$ha"], "centerDistance": 0.62298, "angle": 2.356194490192345, "color": [1, 0]}, {"songs": ["Only Girl (In the World)"], "artists": ["Rihanna"], "centerDistance": 0.7379560000000001, "angle": 3.612831551628262, "color": [2, 0]}, {"songs": ["Beauty and a Beat"], "artists": ["Justin Bieber"], "centerDistance": 0.8115950000000001, "angle": 4.869468613064179, "color": [3, 0]}, {"songs": ["Down", "Let Me Love You (Until You Learn to Love Yourself)"], "artists": ["Jay Sean", "Ne-Yo"], "centerDistance": 0.664884, "angle": 6.126105674500097, "color": [4, 0]}]