[{"songs": ["LLC", "Miami", "Sweetener", "Apeshit", "Hey Iggy", "Get Up 10", "Money Bag", "Ball For Me (feat. Nicki Minaj)", "Heard About Us", "FEFE", "In My Feelings", "Twerk (feat. Cardi B)", "She Bad", "Goodnight Gotham", "FEFE (feat. Nicki Minaj, Murda Beatz)", "Nonstop", "Taste (feat. Offset)", "Angel", "No Limit (feat. A$AP Rocky & Cardi B)", "Phresh Out the Runway"], "artists": ["Nicki Minaj", "Nicki Minaj", "Ariana Grande", "The Carters", "Iggy Azalea", "Cardi B", "Cardi B", "Post Malone", "The Carters", "6ix9ine", "Drake", "City Girls", "Cardi B & YG", "Rihanna", "6ix9ine", "Drake", "Tyga", "Fifth Harmony", "G-Eazy", "Rihanna"], "centerDistance": 0.7240110999999999, "angle": 1.1799355715845188, "color": [0, 0]}, {"songs": ["7 rings", "Formation", "Sorry"], "artists": ["Ariana Grande", "Beyonc\u00e9", "Beyonc\u00e9"], "centerDistance": 0.7906403333333333, "angle": 2.3252417451299756, "color": [1, 0]}, {"songs": ["Kream (feat. Tyga)", "Psycho (feat. Ty Dolla $ign)", "Babyface Savage (feat. Tory Lanez)", "Act Up"], "artists": ["Iggy Azalea", "Post Malone", "Bhad Bhabie", "City Girls"], "centerDistance": 0.8353935, "angle": 3.4492123342950376, "color": [2, 0]}, {"songs": ["Like I Do (feat. GoldLink)", "Accelerate (feat. Ty Dolla $ign & 2 Chainz)", "Saudade Daquilo"], "artists": ["Christina Aguilera", "Christina Aguilera", "IZA"], "centerDistance": 0.8531489333333333, "angle": 4.664005516780328, "color": [3, 0]}, {"songs": ["Throw a Fit", "Like I Used To", "Steady (feat. Tory Lanez)"], "artists": ["Tinashe", "Tinashe", "Bebe Rexha"], "centerDistance": 0.7869616666666666, "angle": 0.04838346360436141, "color": [4, 0]}]