[{"songs": ["Soho (feat. JID)"], "artists": ["Boogie"], "centerDistance": 0.895904, "angle": 1.75085418170405, "color": [0, 0]}, {"songs": ["The Games We Play", "Ghost Town (feat. PARTYNEXTDOOR)", "Purity (feat. Frank Ocean)", "Gunz N Butter (feat. Juicy J)", "What's Free (feat. Rick Ross & JAY-Z)", "Otis (feat. Otis Redding)", "WAV Files", "untitled 02 l 06.23.2014.", "untitled 03 l 05.28.2013.", "Solo Dolo (Nightmare)", "Manilla", "Hive (feat. Vince Staples & Casey Veggies)", "Goldust", "4:44", "Smile (Feat. Gloria Carter)", "Conversation, Pt. 1", "NEVER", "Vacation (feat. Joey Bada$$)", "Telephone Calls (feat. A$AP Rocky, Tyler, the Creator, Playboi Carti & Yung Gleesh)", "Ride Out (feat. Vince Staples)"], "artists": ["Pusha T", "Kanye West", "A$AP Rocky", "A$AP Rocky", "Meek Mill", "Jay-Z & Kanye West", "Lupe Fiasco", "Kendrick Lamar", "Kendrick Lamar", "Kid Cudi", "Lupe Fiasco", "Earl Sweatshirt", "Danny Brown", "Jay-Z", "Jay-Z", "Mac Miller", "J.I.D", "Flatbush ZOMBiES", "A$AP Mob", "ScHoolboy Q"], "centerDistance": 0.8112869, "angle": 2.807537935183551, "color": [1, 0]}, {"songs": ["OKRA"], "artists": ["Tyler, the Creator"], "centerDistance": 0.887765, "angle": 3.864221688663052, "color": [2, 0]}, {"songs": ["Yikes"], "artists": ["Kanye West"], "centerDistance": 0.689414, "angle": 4.811762690613163, "color": [3, 0]}, {"songs": ["What Would Meek Do? (feat. Kanye West)"], "artists": ["Pusha T"], "centerDistance": 0.0, "angle": 6.183811596951113, "color": [4, 0]}]