[{"songs": ["Last Dance", "My My My!", "Like That", "Think About Us"], "artists": ["Dua Lipa", "Troye Sivan", "Bea Miller", "Little Mix"], "centerDistance": 0.85616575, "angle": 4.815362768600285, "color": [0, 0]}, {"songs": ["Sad", "Fools", "Hurts Like Hell (feat. Offset)", "Bigger Than Me", "Give Yourself A Try", "Bigger Wow"], "artists": ["Bebe Rexha", "Madison Beer", "Madison Beer", "Katy Perry", "The 1975", "Avril Lavigne"], "centerDistance": 0.8703391666666666, "angle": 6.180211518963991, "color": [1, 0]}, {"songs": ["Fetish (feat. Gucci Mane)", "Bad Liar", "Nostalgia"], "artists": ["Selena Gomez", "Selena Gomez", "M\u00d8"], "centerDistance": 0.879544, "angle": 1.0963066673810697, "color": [2, 0]}, {"songs": ["Angel On Fire", "breathin", "I Did Something Bad", "Wanna Be Missed", "Look What You Made Me Do", "Homemade Dynamite", "Bellyache", "Green Light", "Daddy Issues", "No Tears Left To Cry", "Hotter Than Hell", "Lady Wood", "I Got You", "True Disaster", "Bloom", "Born to Die", "Tell Me You Love Me", "Teddy Bear", "Ain't My Fault", "Kiss It Better"], "artists": ["Halsey", "Ariana Grande", "Taylor Swift", "Hayley Kiyoko", "Taylor Swift", "Lorde", "Billie Eilish", "Lorde", "Demi Lovato", "Ariana Grande", "Dua Lipa", "Tove Lo", "Bebe Rexha", "Tove Lo", "Troye Sivan", "Lana Del Rey", "Demi Lovato", "Melanie Martinez", "Zara Larsson", "Rihanna"], "centerDistance": 0.7943400499999999, "angle": 2.2044752649172334, "color": [3, 0]}, {"songs": ["Eyes Closed", "you should see me in a crown", "What I Need (feat. Kehlani)", "Milk and Cookies"], "artists": ["Halsey", "Billie Eilish", "Hayley Kiyoko", "Melanie Martinez"], "centerDistance": 0.63208425, "angle": 3.339127569010408, "color": [4, 0]}]