[{"songs": ["Way Up", "Sunflower - Spider-Man: Into the Spider-Verse", "HUMBLE.", "God's Plan"], "artists": ["Jaden Smith", "Post Malone", "Kendrick Lamar", "Drake"], "centerDistance": 0.59658475, "angle": 3.5976993962833874, "color": [0, 0]}, {"songs": ["Plastic"], "artists": ["Jaden Smith"], "centerDistance": 0.869524, "angle": 4.823427289522066, "color": [1, 0]}, {"songs": ["Sunflower (Spider-Man: Into the Spider-Verse)", "robbery", "Demons and Angels (feat. Juice WRLD)", "All Girls Are The Same", "whoa (mind in awe)", "What Are You So Afraid Of", "Fine China", "Love Drugs and Sex", "1400 / 999 Freestyle (feat. Juice WRLD)", "can't leave without it", "Love Scars 3", "Hard Work Pays Off", "Kamikaze", "Name in the Sand", "Praise The Lord (Da Shine) (feat. Skepta)", "Bad Girls (feat. Gucci Mane)", "Wanted You (feat. Lil Uzi Vert)", "Splashin", "Paramedic!", "Dreamcatcher (feat. Swae Lee & Travis Scott)"], "artists": ["Post Malone", "Juice WRLD", "A Boogie Wit da Hoodie", "Juice WRLD", "xxxtentacion", "xxxtentacion", "Future", "A Boogie Wit da Hoodie", "Trippie Redd", "21 Savage", "Trippie Redd", "Future", "lil Mosey", "lil skies", "A$AP Rocky", "lil skies", "NAV", "Rich The Kid", "SOB X RBE", "Metro Boomin"], "centerDistance": 0.8073162, "angle": 6.17214699804221, "color": [2, 0]}, {"songs": ["MoshPit (feat. Juice WRLD)", "Space Cadet (feat. Gunna)", "Calling My Spirit", "One Call", "Life", "Soho (feat. JID)", "What I Know Now (feat. Wiz Khalifa)"], "artists": ["Kodak Black", "Metro Boomin", "Kodak Black", "Gunna", "Saba", "Boogie", "They."], "centerDistance": 0.8650457571428571, "angle": 1.2246841680318958, "color": [3, 0]}, {"songs": ["Home", "Yikes", "SUMO | ZUMO", "I Love", "Nonstop", "Rule the World (feat. Ariana Grande)"], "artists": ["Vince Staples", "Kanye West", "Denzel Curry", "JOYNER LUCAS", "Drake", "2 Chainz"], "centerDistance": 0.76035105, "angle": 2.442841091032582, "color": [4, 0]}]