[{"songs": ["Music To Watch Boys To", "Salvatore", "Froot", "Bellyache", "I'm a Ruin", "7 rings", "Wildest Dreams", "Mad Hatter", "Ship to Wreck", "Blank Space", "Ocean Eyes", "Drive", "Deep End", "Shake It Out", "Castle", "Gypsy", "Froot", "Cry Baby", "Wild", "FOOLS"], "artists": ["Lana Del Rey", "Lana Del Rey", "Marina & the Diamonds", "Billie Eilish", "Marina & the Diamonds", "Ariana Grande", "Taylor Swift", "Melanie Martinez", "Florence + the Machine", "Taylor Swift", "Billie Eilish", "Halsey", "Lykke Li", "Florence + the Machine", "Halsey", "Lady Gaga", "Marina", "The Neighbourhood", "Troye Sivan", "Troye Sivan"], "centerDistance": 0.754215, "angle": 1.0995574287564276, "color": [0, 0]}, {"songs": ["Mrs. Potato Head"], "artists": ["Melanie Martinez"], "centerDistance": 0.781523, "angle": 2.356194490192345, "color": [1, 0]}, {"songs": ["Sober II (Melodrama)"], "artists": ["Lorde"], "centerDistance": 0.785389, "angle": 3.612831551628262, "color": [2, 0]}, {"songs": ["Royals", "Scary Love"], "artists": ["Lorde", "The Neighbourhood"], "centerDistance": 0.8487450000000001, "angle": 4.869468613064179, "color": [3, 0]}, {"songs": ["breathin"], "artists": ["Ariana Grande"], "centerDistance": 0.807631, "angle": 6.126105674500097, "color": [4, 0]}]