[{"songs": ["IDGAF", "you should see me in a crown", "Green Light", "Missing U", "Sweet but Psycho", "Growing Pains", "Look What You Made Me Do", "Someone New", "Without Me"], "artists": ["Dua Lipa", "Billie Eilish", "Lorde", "Robyn", "Ava Max", "Alessia Cara", "Taylor Swift", "Astrid S", "Halsey"], "centerDistance": 0.8488592222222222, "angle": 3.4326261464619066, "color": [0, 0]}, {"songs": ["Plum", "What I Need (feat. Kehlani)", "Talia", "Heaven in Hiding", "Milk and Cookies"], "artists": ["Troye Sivan", "Hayley Kiyoko", "King Princess", "Halsey", "Melanie Martinez"], "centerDistance": 0.862997, "angle": 4.761499000326333, "color": [1, 0]}, {"songs": ["Girl of the Year", "Sad"], "artists": ["Allie X", "Bebe Rexha"], "centerDistance": 0.8579129999999999, "angle": 6.2340752872379435, "color": [2, 0]}, {"songs": ["Schedules", "Fake Friends", "Used To You", "Party for One", "On the Low", "Not So Bad In LA", "Queendom", "watch", "No Tears Left To Cry", "Bloom", "Blow Your Mind (Mwah)", "Sanctify", "1999", "God is a Woman", "Sugarcoat", "OKOKOK", "Homemade Dynamite", "Heart to Break", "Wanna Be Missed", "Cut to the Feeling"], "artists": ["Sigrid", "Sigrid", "Dagny", "Carly Rae Jepsen", "Tove Styrke", "Allie X", "Aurora", "Billie Eilish", "Ariana Grande", "Troye Sivan", "Dua Lipa", "Years & Years", "Charli XCX", "Ariana Grande", "Jaira burns", "Jaira burns", "Lorde", "Kim Petras", "Hayley Kiyoko", "Carly Rae Jepsen"], "centerDistance": 0.7739910000000001, "angle": 1.0019242453197226, "color": [3, 0]}, {"songs": ["Nostalgia", "Way Down"], "artists": ["M\u00d8", "M\u00d8"], "centerDistance": 0.8730765, "angle": 2.0836503107797597, "color": [4, 0]}]