[{"songs": ["Hey Look Ma, I Made It", "One of The Drunks", "Stressed Out", "whAtEveR it tAkes", "Heathens", "Chasing Cars", "Take Me Out", "Renegades", "Sign Of The Times", "Reptilia", "Use Somebody", "Island in the Sun", "Fluorescent Adolescent", "Last Nite", "Best Day of My Life", "I Always Wanna Die (Sometimes)", "I Fell In Love With the Devil", "Birdie", "Are You Gonna Be My Girl", "Heaven\u2019s Gate"], "artists": ["Panic! at the Disco", "Panic! at the Disco", "Twenty One Pilots", "Imagine Dragons", "Twenty One Pilots", "Snow Patrol", "Franz Ferdinand", "X Ambassadors", "Harry Styles", "The Strokes", "Kings of Leon", "Weezer", "Arctic Monkeys", "The Strokes", "American Authors", "The 1975", "Avril Lavigne", "Avril Lavigne", "Jet", "Fall Out Boy"], "centerDistance": 0.7413917699999999, "angle": 4.736861547678947, "color": [0, 0]}, {"songs": ["Sweater Weather", "Afraid"], "artists": ["The Neighbourhood", "The Neighbourhood"], "centerDistance": 0.8069635, "angle": 6.258712739885328, "color": [1, 0]}, {"songs": ["Mr. Brightside", "Somebody Told Me"], "artists": ["The Killers", "The Killers"], "centerDistance": 0.7438965, "angle": 1.199670356939821, "color": [2, 0]}, {"songs": ["Do I Wanna Know?", "Sex on Fire", "Club Foot"], "artists": ["Arctic Monkeys", "Kings of Leon", "Kasabian"], "centerDistance": 0.8126481999999999, "angle": 2.3855274571368525, "color": [3, 0]}, {"songs": ["Radioactive", "Pompeii", "Love It If We Made It", "Bad Blood", "Ain't No Rest for the Wicked", "Crossfire", "Don't Stop (Color on the Walls)"], "artists": ["Imagine Dragons", "Bastille", "The 1975", "Bastille", "Cage the Elephant", "Brandon Flowers", "Foster the People"], "centerDistance": 0.8365318857142856, "angle": 3.5611945024079006, "color": [4, 0]}]