[{"songs": ["Younger", "Dazed & Confused"], "artists": ["Ruel", "Ruel"], "centerDistance": 0.94097495, "angle": 1.1143781719248809, "color": [0, 0]}, {"songs": ["Plum", "Seventeen", "idontwannabeyouanymore"], "artists": ["Troye Sivan", "Troye Sivan", "Billie Eilish"], "centerDistance": 0.8909235333333333, "angle": 2.354445198742156, "color": [1, 0]}, {"songs": ["La Di Da", "Bad"], "artists": ["Lennon Stella", "Lennon Stella"], "centerDistance": 0.93540505, "angle": 3.4760285221783, "color": [2, 0]}, {"songs": ["Upper West Side", "Talia", "What I Need (feat. Kehlani)", "He'll Never Love You (HNLY)", "Crush Culture", "sex money feelings die", "Sway", "you should see me in a crown", "Back In My Body", "Retrograde", "The Love Club", "Volcanic Love", "Waiting for You", "so sad so sexy", "Team", "Sun In Our Eyes", "Can't Help Myself", "Beautiful Wreck", "Washing Machine Heart", "MJ"], "artists": ["King Princess", "King Princess", "Hayley Kiyoko", "Hayley Kiyoko", "Conan Gray", "Lykke Li", "Tove Styrke", "Billie Eilish", "Maggie Rogers", "Maggie Rogers", "Lorde", "The Aces", "The Aces", "Lykke Li", "Lorde", "M\u00d8", "Now, Now", "M\u00d8", "Mitski", "Now, Now"], "centerDistance": 0.814647785, "angle": 4.7662996598342255, "color": [3, 0]}, {"songs": ["Faking It", "Chasing Parties"], "artists": ["Sasha Sloan", "Sasha Sloan"], "centerDistance": 0.9264955500000001, "angle": 6.2292746277300495, "color": [4, 0]}]