[{"songs": ["Nights Like This (feat. Ty Dolla $ign)", "Feels"], "artists": ["Kehlani", "Kehlani"], "centerDistance": 0.6940459999999999, "angle": 3.4626753045502907, "color": [0, 0]}, {"songs": ["Been A While", "Switch", "Stay Flo", "Waves (feat. 6LACK)"], "artists": ["6LACK", "6LACK", "Solange", "Normani"], "centerDistance": 0.7967310000000001, "angle": 4.696167790682262, "color": [1, 0]}, {"songs": ["Call Me", "Drama", "Easy", "Could've Been (feat. Bryson Tiller)", "CPR", "Easily", "Best Part (feat. H.E.R.)", "Blessed", "Talk 2 U", "Whipped Cream", "Gut Feeling (feat. H.E.R.)", "Take You There", "Shea Butter Baby (with J. Cole)", "Deep", "Roll Some Mo", "Think About Me", "Suncity (feat. Empress Of)", "Solid", "Ivy", "Thinkin Bout You"], "artists": ["Pink Sweat$", "Pink Sweat$", "Mac Ayres", "H.E.R.", "Summer Walker", "Bruno Major", "Daniel Caesar", "Daniel Caesar", "Brent Faiyaz", "Ari Lennox", "Ella Mai", "H.E.R.", "Ari Lennox", "Summer Walker", "Lucky Daye", "DVSN", "Khalid", "Trey Songz", "Frank Ocean", "Frank Ocean"], "centerDistance": 0.5775178000000001, "angle": 0.016221189702427807, "color": [2, 0]}, {"songs": ["Saturday Nights", "Call Out My Name"], "artists": ["Khalid", "The Weeknd"], "centerDistance": 0.7399325, "angle": 1.0934836827763537, "color": [3, 0]}, {"songs": ["You", "Shot Clock"], "artists": ["Jacquees", "Ella Mai"], "centerDistance": 0.613165, "angle": 2.1707461758502795, "color": [4, 0]}]