[{"songs": ["Like Acid Rain", "The World Is Crowded", "The Less I Know the Better", "Friday Morning", "When You Die", "Let It Happen", "Chamber of Reflection", "Still Beating", "Darling", "HARMONY HALL", "Mourning Sound", "Easy Easy", "Oh Baby", "Windowpane", "EVAN FINDS THE THIRD ROOM", "Skiptracing", "LOADING ZONES", "ONE TRICK PONIES", "CASIO", "Shuggie"], "artists": ["Unknown Mortal Orchestra", "Unknown Mortal Orchestra", "Tame Impala", "Khruangbin", "MGMT", "Tame Impala", "Mac DeMarco", "Mac DeMarco", "Real Estate", "Vampire Weekend", "Grizzly Bear", "King Krule", "LCD Soundsystem", "Mild High Club", "Khruangbin", "Mild High Club", "Kurt Vile", "Kurt Vile", "Jungle", "Foxygen"], "centerDistance": 0.44712240000000003, "angle": 3.522146336723547, "color": [0, 0]}, {"songs": ["Four Out of Five", "One Point Perspective"], "artists": ["Arctic Monkeys", "Arctic Monkeys"], "centerDistance": 0.623333, "angle": 4.649403004045382, "color": [1, 0]}, {"songs": ["Nobody", "Me and My Husband"], "artists": ["Mitski", "Mitski"], "centerDistance": 0.5825589999999999, "angle": 0.06298597633930747, "color": [2, 0]}, {"songs": ["Another Weekend", "Exits", "Put Your Money on Me", "Birch Tree", "So Young"], "artists": ["Ariel Pink", "Foals", "Arcade Fire", "Foals", "Portugal. The Man"], "centerDistance": 0.72644, "angle": 1.3513822882147855, "color": [3, 0]}, {"songs": ["The System Only Dreams in Total Darkness", "Day I Die"], "artists": ["The National", "The National"], "centerDistance": 0.7633654999999999, "angle": 2.43971238102457, "color": [4, 0]}]