[{"songs": ["City Lights", "Come & Get It", "Break Free (feat. Zedd)", "Save the Day", "Bottle You Up", "Nasty", "Say OK", "Round & Round", "Brave Honest Beautiful (feat. Meghan Trainor)", "C'mon", "This Kiss", "Bind Your Love", "Birthday", "Without the Love", "In Case", "When the Sun Goes Down", "Piano", "Crazy Kids", "Me & My Girls", "Call Me Maybe"], "artists": ["Bridgit Mendler", "Selena Gomez", "Ariana Grande", "Selena Gomez", "Zendaya", "Pixie Lott", "Vanessa Hudgens", "Selena Gomez & the Scene", "Fifth Harmony", "Ke$ha", "Carly Rae Jepsen", "Cher Lloyd", "Katy Perry", "Demi Lovato", "Demi Lovato", "Selena Gomez & the Scene", "Ariana Grande", "Ke$ha", "Fifth Harmony", "Carly Rae Jepsen"], "centerDistance": 0.8067332, "angle": 3.574974891699023, "color": [0, 0]}, {"songs": ["Ready or Not", "Ghost"], "artists": ["Bridgit Mendler", "Katy Perry"], "centerDistance": 0.44587, "angle": 4.7937552932057015, "color": [1, 0]}, {"songs": ["7 Things", "The Climb"], "artists": ["Miley Cyrus", "Miley Cyrus"], "centerDistance": 0.8487345, "angle": 6.201818994358574, "color": [2, 0]}, {"songs": ["Lovesick", "Let's Be Friends"], "artists": ["Emily Osment", "Emily Osment"], "centerDistance": 0.8711095, "angle": 1.1374140886856665, "color": [3, 0]}, {"songs": ["Be Good to Me", "He Said She Said"], "artists": ["Ashley Tisdale", "Ashley Tisdale"], "centerDistance": 0.9043447499999999, "angle": 2.356194490192344, "color": [4, 0]}]