[{"songs": ["Tyler Durden", "Heartless", "Thank U, Next", "Sweet but Psycho", "Without Me", "Woman Like Me (feat. Nicki Minaj)", "Think About Us", "Bad Idea", "Keep Talking (feat. Julia Michaels)", "I Don't Exist", "My Way", "I Did Something Bad", "Better", "cRYINg In THE clUB", "What A Time (feat. Niall Horan)", "Last Hurrah", "Falling to Pieces", "you should see me in a crown", "In the Dark", "Call It What You Want"], "artists": ["Madison Beer", "Madison Beer", "Ariana Grande", "Ava Max", "Halsey", "Little Mix", "Little Mix", "Ariana Grande", "Rita Ora", "olivia o'brien", "Ava Max", "Taylor Swift", "Khalid", "Camila Cabello", "Julia Michaels", "Bebe Rexha", "Rita Ora", "Billie Eilish", "Camila Cabello", "Taylor Swift"], "centerDistance": 0.5340609500000001, "angle": 1.2524568778317766, "color": [0, 0]}, {"songs": ["Sue Me", "Close Your Eyes", "Mine"], "artists": ["Sabrina Carpenter", "Kim Petras", "Bebe Rexha"], "centerDistance": 0.521365, "angle": 2.4739702756129924, "color": [1, 0]}, {"songs": ["Mona Lisa"], "artists": ["Sabrina Carpenter"], "centerDistance": 0.254652, "angle": 3.5560474334566767, "color": [2, 0]}, {"songs": ["Closer", "Someone New"], "artists": ["Astrid S", "Astrid S"], "centerDistance": 0.6672480000000001, "angle": 4.712646588027679, "color": [3, 0]}, {"songs": ["Party for One", "Voices in My Head", "1999", "Anxiety (feat. Selena Gomez)", "I Can't Get Enough", "Faking It"], "artists": ["Carly Rae Jepsen", "Ashley Tisdale", "Charli XCX", "Julia Michaels", "benny blanco, Tainy, Selena Gomez & J Balvin", "Sasha Sloan"], "centerDistance": 0.6848208333333333, "angle": 6.282927699536596, "color": [4, 0]}]