[{"songs": ["I Hate This Part", "Killer Love", "Love Don't Cost a Thing", "Waiting for Tonight", "I'm a Slave 4 U", "Your Body", "In My Arms", "Get Outta My Way", "Break Free (feat. Zedd)", "Don't Stop the Music", "Not Myself Tonight", "Neon Lights", "Domino", "Birthday", "Radioactive", "Move", "Braveheart", "Whenever, Wherever", "Va Va Voom", "We R Who We R"], "artists": ["The Pussycat Dolls", "Nicole Scherzinger", "Jennifer Lopez", "Jennifer Lopez", "Britney Spears", "Christina Aguilera", "Kylie Minogue", "Kylie Minogue", "Ariana Grande", "Rihanna", "Christina Aguilera", "Demi Lovato", "Jessie J", "Katy Perry", "Rita Ora", "Little Mix", "Neon Jungle", "Shakira", "Nicki Minaj", "Ke$ha"], "centerDistance": 0.6860816000000001, "angle": 1.0965912627488619, "color": [0, 0]}, {"songs": ["Piece of Me", "Poker Face", "Bad Romance"], "artists": ["Britney Spears", "Lady Gaga", "Lady Gaga"], "centerDistance": 0.7109823333333333, "angle": 2.2991039956835384, "color": [1, 0]}, {"songs": ["Hollaback Girl", "Rich Girl"], "artists": ["Gwen Stefani", "Gwen Stefani"], "centerDistance": 0.747532, "angle": 3.6157977176358282, "color": [2, 0]}, {"songs": ["Hung Up", "Sorry"], "artists": ["Madonna", "Madonna"], "centerDistance": 0.7431515, "angle": 4.818310450570505, "color": [3, 0]}, {"songs": ["When I Grow Up", "Don't Hold Your Breath", "Only Girl (In the World)", "Bang Bang", "We Can't Stop"], "artists": ["The Pussycat Dolls", "Nicole Scherzinger", "Rihanna", "Jessie J", "Miley Cyrus"], "centerDistance": 0.5729256, "angle": 6.177263836993771, "color": [4, 0]}]