[{"songs": ["Sally Walker", "My Way", "Don\u2019t Feel Like Crying", "Strip That Down", "Dusk Till Dawn", "There's Nothing Holdin' Me Back"], "artists": ["Iggy Azalea", "Ava Max", "Sigrid", "Liam Payne", "Zayn", "Shawn Mendes"], "centerDistance": 0.7343959999999999, "angle": 2.1757381895956587, "color": [0, 0]}, {"songs": ["FRIENDS", "Flames"], "artists": ["Marshmello", "David Guetta"], "centerDistance": 0.774511, "angle": 3.418220507968384, "color": [1, 0]}, {"songs": ["Eastside"], "artists": ["Benny Blanco"], "centerDistance": 0.37432699999999997, "angle": 4.64918164825858, "color": [2, 0]}, {"songs": ["Only Want You (feat. 6LACK)", "Don't Call Me Up", "Think About Us", "When I Die"], "artists": ["Rita Ora", "Mabel", "Little Mix", "Alma"], "centerDistance": 0.5773115, "angle": 0.06320733212610996, "color": [3, 0]}, {"songs": ["Anxiety", "Dancing With a Stranger", "Break Up with Your Girlfriend, I'm Bored", "Bloodline", "Low Key (feat. Tyga)", "I Found You", "Good for You", "What A Time", "BIG PLANS", "Hurts Like Hell", "Bones (feat. OneRepublic)", "Bed", "Body Heat", "Saudade", "Familia", "Naturally", "Lost In Japan", "Ginga (Participa\u00e7\u00e3o especial de Rincon Sapi\u00eancia)", "Love You Like a Love Song", "Shallow (Radio Edit)"], "artists": ["Julia Michaels", "Sam Smith", "Ariana Grande", "Ariana Grande", "Ally Brooke", "Benny Blanco", "Selena Gomez", "Julia Michaels", "why don't we", "Madison Beer", "Galantis", "Nicki Minaj", "Selena Gomez", "Karol Conka", "Nicki Minaj", "Selena Gomez & the Scene", "Shawn Mendes", "IZA", "Selena Gomez & the Scene", "Lady Gaga"], "centerDistance": 0.5932171499999999, "angle": 0.9412005938907075, "color": [4, 0]}]