[{"songs": ["Girlfriend", "Hollaback Girl", "My Life Would Suck Without You", "Since U Been Gone", "Not Fair"], "artists": ["Avril Lavigne", "Gwen Stefani", "Kelly Clarkson", "Kelly Clarkson", "Lily Allen"], "centerDistance": 0.797973, "angle": 4.799786154535052, "color": [0, 0]}, {"songs": ["So What", "Burn", "When I Grow Up"], "artists": ["P!nk", "Ellie Goulding", "The Pussycat Dolls"], "centerDistance": 0.782884, "angle": 6.195788133029224, "color": [1, 0]}, {"songs": ["Toxic", "Womanizer", "Paparazzi"], "artists": ["Britney Spears", "Britney Spears", "Lady Gaga"], "centerDistance": 0.6785663333333334, "angle": 1.1540794921059403, "color": [2, 0]}, {"songs": ["Only Girl (In the World)", "Die Young", "Can't Get You Out of My Head"], "artists": ["Rihanna", "Ke$ha", "Kylie Minogue"], "centerDistance": 0.7571263333333333, "angle": 2.3642692568400996, "color": [3, 0]}, {"songs": ["Hot n Cold", "Waking Up in Vegas", "S&M", "Applause", "Come & Get It", "Break Free (feat. Zedd)", "Call Me Maybe", "Fighter", "Domino", "Your Body", "Love You Like a Love Song", "Blow", "Sugar", "Blow Me (One Last Kiss)", "Heart Attack", "What the Hell", "Neon Lights", "Birthday", "Counting Stars", "Lights"], "artists": ["Katy Perry", "Katy Perry", "Rihanna", "Lady Gaga", "Selena Gomez", "Ariana Grande", "Carly Rae Jepsen", "Christina Aguilera", "Jessie J", "Christina Aguilera", "Selena Gomez & the Scene", "Ke$ha", "Maroon 5", "P!nk", "Demi Lovato", "Avril Lavigne", "Demi Lovato", "Selena Gomez", "OneRepublic", "Ellie Goulding"], "centerDistance": 0.6901301499999999, "angle": 3.5744590215742598, "color": [4, 0]}]