[{"songs": ["Creeping (feat. Rich the Kid)", "No Rest", "Legends", "Lies (feat. Lil Skies)", "Wasted (feat. Lil Uzi Vert)", "Noticed", "Leave Me", "Ridin (feat. Landon Cube & YBN Nahmir)", "Betrayed", "Me Likey", "HOPE", "SAD!", "Juveniles (feat. YBN Nahmir)", "Kamikaze", "Realer N Realer", "Leave Me Alone", "GHOST", "Let It Eat (feat. Ugly God)", "66", "Outside Today"], "artists": ["lil skies", "lil skies", "Juice WRLD", "Lil Xan", "Juice WRLD", "lil Mosey", "Rich The Kid", "Yung Bans", "Lil Xan", "Trippie Redd", "xxxtentacion", "xxxtentacion", "wifisfuneral", "lil Mosey", "Future", "Flipp Dinero", "Jaden Smith", "Comethazine", "Lil Yachty", "YoungBoy Never Broke Again"], "centerDistance": 0.5789223499999999, "angle": 3.5950269190714774, "color": [0, 0]}, {"songs": ["Shake It Up", "Fine China", "all my friends", "10 Freaky Girls (with 21 Savage)", "wokeuplikethis*", "Space Cadet (feat. Gunna)"], "artists": ["Trippie Redd", "Future", "21 Savage", "Metro Boomin", "Playboi Carti", "Metro Boomin"], "centerDistance": 0.7503523333333333, "angle": 4.741866343152211, "color": [1, 0]}, {"songs": ["KIKA (feat. Tory Lanez)", "Dat $tick", "Sin (feat. Jaden Smith)", "Carrollton"], "artists": ["6ix9ine", "Rich Brian", "Young Thug", "$uicideboy$"], "centerDistance": 0.808546, "angle": 6.253707944412065, "color": [2, 0]}, {"songs": ["Narcos", "Walk It Talk It"], "artists": ["Migos", "Migos"], "centerDistance": 0.8272634999999999, "angle": 1.1265822472123324, "color": [3, 0]}, {"songs": ["MoshPit (feat. Juice WRLD)", "Calling My Spirit"], "artists": ["Kodak Black", "Kodak Black"], "centerDistance": 0.7916654999999999, "angle": 2.471881426448773, "color": [4, 0]}]