[{"songs": ["God's Plan", "HUMBLE.", "Yikes", "KOD"], "artists": ["Drake", "Kendrick Lamar", "Kanye West", "J. Cole"], "centerDistance": 0.6005750000000001, "angle": 4.8322543229106305, "color": [0, 0]}, {"songs": ["Be Careful", "Chun-Li", "Kream (feat. Tyga)"], "artists": ["Cardi B", "Nicki Minaj", "Iggy Azalea"], "centerDistance": 0.18501933333333334, "angle": 6.163319964653645, "color": [1, 0]}, {"songs": ["Way Up"], "artists": ["Jaden Smith"], "centerDistance": 0.821434, "angle": 1.010591340365611, "color": [2, 0]}, {"songs": ["Bartier Cardi (feat. 21 Savage)", "In My Feelings", "MotorSport", "Apeshit", "Bed", "Savior", "Psycho", "SAD!", "Walk It Talk It", "I Love It (& Lil Pump)", "Moonlight", "Sunflower", "Heard About Us", "DNA.", "ZEZE (feat. Travis Scott  Offset)", "Girass\u00f3is de Van Gogh", "Black Beatles", "Minotauro de Borges", "Twerk (feat. Cardi B)", "can't leave without it"], "artists": ["Cardi B", "Drake", "Migos", "The Carters", "Nicki Minaj", "Iggy Azalea", "Post Malone", "xxxtentacion", "Migos", "Kanye West", "xxxtentacion", "Post Malone", "The Carters", "Kendrick Lamar", "Kodak Black", "Baco Exu do Blues", "Rae Sremmurd", "Baco Exu do Blues", "City Girls", "21 Savage"], "centerDistance": 0.5507332500000001, "angle": 2.141048023257163, "color": [3, 0]}, {"songs": ["monster", "KIKA (feat. Tory Lanez)", "Fine China", "Icon"], "artists": ["21 Savage", "6ix9ine", "Future", "Jaden Smith"], "centerDistance": 0.83339875, "angle": 3.261159049201062, "color": [4, 0]}]