[{"songs": ["Last Hurrah", "Sweet but Psycho", "Valentino", "La Di Da", "Hurts Like Hell", "What A Time (feat. Niall Horan)", "There's No Way", "Anxiety", "Mama (feat. Ellie Goulding)", "WHEN I WAS OLDER - Music Inspired By The Film ROMA", "There's No Way (feat. Julia Michaels)", "3 Nights", "Bad At Love", "Water Fountain", "Learn To Live", "New Rules", "Capital Letters", "Safe", "Somebody Else", "Alien"], "artists": ["Bebe Rexha", "Ava Max", "Years & Years", "Lennon Stella", "Madison Beer", "Julia Michaels", "Lauv", "Julia Michaels", "Clean Bandit", "Billie Eilish", "Lauv", "Dominic Fike", "Halsey", "Alec Benjamin", "Alice Merton", "Dua Lipa", "Hailee Steinfeld", "Daya", "The 1975", "Sabrina Carpenter"], "centerDistance": 0.3761199, "angle": 3.5376289328071278, "color": [0, 0]}, {"songs": ["What I Need (feat. Kehlani)", "Talia"], "artists": ["Hayley Kiyoko", "King Princess"], "centerDistance": 0.638359, "angle": 4.751350739818202, "color": [1, 0]}, {"songs": ["Without Me", "Wish You Were Gay", "Hurts Like Hell (feat. Offset)", "Colder", "Be Alright", "Sue Me", "Want To", "Feelings", "Younger", "Say You Won't Let Go", "New Friends"], "artists": ["Halsey", "Billie Eilish", "Madison Beer", "Nina Nesbitt", "Dean Lewis", "Sabrina Carpenter", "Dua Lipa", "Hayley Kiyoko", "Ruel", "James Arthur", "Maty Noyes"], "centerDistance": 0.5128526363636364, "angle": 6.244223547746074, "color": [2, 0]}, {"songs": ["Lucky Strike", "My My My!", "Liability", "Green Light"], "artists": ["Troye Sivan", "Troye Sivan", "Lorde", "Lorde"], "centerDistance": 0.47265225, "angle": 1.2713772277785331, "color": [3, 0]}, {"songs": ["Faking It", "Chasing Parties"], "artists": ["Sasha Sloan", "Sasha Sloan"], "centerDistance": 0.5974615000000001, "angle": 2.406834571629828, "color": [4, 0]}]