[{"songs": ["Sweet but Psycho", "I'll Be There", "Girls Like You", "Beautiful Trauma", "Ghost", "Where We Go", "It Takes Two", "Someone Else", "Bigger Wow", "hate u love u", "Go High", "Baby, You Make Me Crazy", "Knees", "Ferrari", "Let Me Go", "Aftertaste", "God is a Woman", "breathin", "Back To You", "Girls (feat. Cardi B, Bebe Rexha & Charli XCX)"], "artists": ["Ava Max", "Jess Glynne", "Maroon 5", "P!nk", "Katy Perry", "P!nk", "Katy Perry", "Miley Cyrus", "Avril Lavigne", "olivia o'brien", "Kelly Clarkson", "Sam Smith", "Bebe Rexha", "Bebe Rexha", "Avril Lavigne", "Ellie Goulding", "Ariana Grande", "Ariana Grande", "Selena Gomez", "Rita Ora"], "centerDistance": 0.72882047, "angle": 4.859111874317266, "color": [0, 0]}, {"songs": ["Back To You - From 13 Reasons Why \u2013 Season 2 Soundtrack"], "artists": ["Selena Gomez"], "centerDistance": 0.9658313, "angle": 6.13646241324701, "color": [1, 0]}, {"songs": ["Solo (feat. Demi Lovato)", "Sober"], "artists": ["Clean Bandit", "Demi Lovato"], "centerDistance": 0.93480955, "angle": 1.1047357981298838, "color": [2, 0]}, {"songs": ["Repercussions", "Medicina", "Veneno"], "artists": ["Bea Miller", "Anitta", "Anitta"], "centerDistance": 0.9270907999999999, "angle": 2.356194490192344, "color": [3, 0]}, {"songs": ["Delicate"], "artists": ["Taylor Swift"], "centerDistance": 0.9518023, "angle": 3.607653182254806, "color": [4, 0]}]