[{"songs": ["Take Shelter", "Research (feat. Ariana Grande)", "Get Good (Infinitefreefall Remix)"], "artists": ["Years & Years", "Big Sean", "St. South"], "centerDistance": 0.7885234, "angle": 1.0995574287564276, "color": [0, 0]}, {"songs": ["One Time", "Show Off", "Habits of My Heart", "Mr. President", "The Pressure", "God's Whisper", "All I See", "No Flex Zone", "Hot Lights", "Talk Talk", "4u", "All In The Value", "Losing You", "Just Believe", "Art Of Persuasion", "Make You Feel (Alina Baraz & Galimatias )", "I Know (feat. Jhen\u00e9 Aiko)", "Fantasy", "Player Haters' Ball (feat. Blackbear)", "Collide"], "artists": ["Marian Hill", "SoMo", "Jaymes Young", "Pia Mia", "Jhen\u00e9 Aiko", "Raury", "Bondax", "Rae Sremmurd", "Lany", "George Maple", "Blackbear", "Honne", "Aquilo", "G-Eazy", "Alina Baraz", "el raay2", "Big Sean", "Alina Baraz & Galimatias", "Palisades", "Breathe Carolina"], "centerDistance": 0.65828266, "angle": 2.356194490192345, "color": [1, 0]}, {"songs": ["Smile", "My House", "Hunger", "The Rhythm", "Every Little Word", "Tumblr Girls (feat. Christoph Andersson)", "TRNDSTTR (Lucian Remix)", "Mad At Myself", "How That Taste", "Energy", "Company (feat. Travi$ Scott)", "Eyelids", "White Lies", "No Love"], "artists": ["Mikky Ekko", "PVRIS", "Sam Sure", "MNEK", "MNEK", "G-Eazy", "black coast", "Issues", "Kehlani", "Drake", "Drake", "PVRIS", "Milo Greene", "August Alsina"], "centerDistance": 0.7786593571428571, "angle": 3.612831551628262, "color": [2, 0]}, {"songs": ["Bad Intentions"], "artists": ["Niykee Heaton"], "centerDistance": 0.9754009, "angle": 4.869468613064179, "color": [3, 0]}, {"songs": ["Hooligans"], "artists": ["Issues"], "centerDistance": 0.9754476, "angle": 6.126105674500097, "color": [4, 0]}]