[{"songs": ["Look What You Made Me Do", "Girls (feat. Cardi B, Bebe Rexha & Charli XCX)", "Bad Liar", "Green Light", "The Cure", "Wolves"], "artists": ["Taylor Swift", "Rita Ora", "Selena Gomez", "Lorde", "Lady Gaga", "Selena Gomez & Marshmello"], "centerDistance": 0.6627986666666666, "angle": 2.4495362861056913, "color": [0, 0]}, {"songs": ["Dance to This (feat. Ariana Grande)", "My My My!"], "artists": ["Troye Sivan", "Troye Sivan"], "centerDistance": 0.6906465, "angle": 3.691526526716741, "color": [1, 0]}, {"songs": ["There's Nothing Holdin' Me Back", "N\u00e3o Perco Meu Tempo", "Swish Swish", "Ciao Adios", "Sapequinha", "Beautiful Trauma", "you should see me in a crown", "What I Need (feat. Kehlani)"], "artists": ["Shawn Mendes", "Anitta", "Katy Perry", "Anne-Marie", "Lexa", "P!nk", "Billie Eilish", "Hayley Kiyoko"], "centerDistance": 0.742812375, "angle": 4.790895897709924, "color": [2, 0]}, {"songs": ["New Rules", "Blow Your Mind (Mwah)", "No Tears Left To Cry", "God is a Woman", "Sorry Not Sorry", "Havana", "She Loves Control", "...Ready For It?", "Back To You", "2002", "Symphony (feat. Zara Larsson)", "I Got You", "Cheap Thrills", "Shout Out To My Ex", "Too Good at Goodbyes", "Hey Hey Hey", "Applause", "I'll Be There", "Ain't My Fault", "Send My Love (To Your New Lover)"], "artists": ["Dua Lipa", "Dua Lipa", "Ariana Grande", "Ariana Grande", "Demi Lovato", "Camila Cabello", "Camila Cabello", "Taylor Swift", "Selena Gomez", "Anne-Marie", "Clean Bandit", "Bebe Rexha", "Sia", "Little Mix", "Sam Smith", "Katy Perry", "Lady Gaga", "Jess Glynne", "Zara Larsson", "Adele"], "centerDistance": 0.5981850500000001, "angle": 6.204678389854353, "color": [3, 0]}, {"songs": ["Woman Like Me (feat. Nicki Minaj)", "Let You Love Me", "Sweet but Psycho", "1999", "Party for One"], "artists": ["Little Mix", "Rita Ora", "Ava Max", "Charli XCX", "Carly Rae Jepsen"], "centerDistance": 0.6716062, "angle": 1.1561517411284656, "color": [4, 0]}]