[{"songs": ["Way Down", "Give Yourself A Try"], "artists": ["M\u00d8", "The 1975"], "centerDistance": 0.8895885, "angle": 1.1160172228518084, "color": [0, 0]}, {"songs": ["my boy", "Ocean Eyes", "Born to Die", "Bloom", "Royals", "Mariners Apartment Complex", "Glory and Gore", "Somebody Else", "New Americana", "Dollhouse", "R.I.P. 2 My Youth", "Handmade Heaven", "i'm so tired...", "Crush Culture", "Blur", "It Happened Quiet", "Clean", "Car Radio", "sex money feelings die", "Dog Days Are Over"], "artists": ["Billie Eilish", "Billie Eilish", "Lana Del Rey", "Troye Sivan", "Lorde", "Lana Del Rey", "Lorde", "The 1975", "Halsey", "Melanie Martinez", "The Neighbourhood", "Marina", "Lauv", "Conan Gray", "M\u00d8", "Aurora", "Taylor Swift", "Twenty One Pilots", "Lykke Li", "Florence + the Machine"], "centerDistance": 0.78676061, "angle": 2.303659148616444, "color": [1, 0]}, {"songs": ["Dazed & Confused", "Younger"], "artists": ["Ruel", "Ruel"], "centerDistance": 0.93384605, "angle": 3.5230682393756254, "color": [2, 0]}, {"songs": ["My My My!", "Eyes Closed", "Play Date", "Talia", "What I Need (feat. Kehlani)", "Feelings"], "artists": ["Troye Sivan", "Halsey", "Melanie Martinez", "King Princess", "Hayley Kiyoko", "Hayley Kiyoko"], "centerDistance": 0.8808214666666667, "angle": 4.784013683297517, "color": [3, 0]}, {"songs": ["Birdie", "I Fell In Love With the Devil"], "artists": ["Avril Lavigne", "Avril Lavigne"], "centerDistance": 0.9214624, "angle": 6.21156060426676, "color": [4, 0]}]