[{"songs": ["A Lack of Understanding", "Let's Dance to Joy Division", "Moving To New York"], "artists": ["The Vaccines", "The Wombats", "The Wombats"], "centerDistance": 0.5466353333333334, "angle": 4.796276058296551, "color": [0, 0]}, {"songs": ["Diane Young", "Unbelievers"], "artists": ["Vampire Weekend", "Vampire Weekend"], "centerDistance": 0.784064, "angle": 6.1992982292677254, "color": [1, 0]}, {"songs": ["Blow It Up", "Fluorescent Adolescent", "Mardy Bum", "Best Of Friends", "Reptilia", "Chelsea Dagger", "Rearrange", "What You Know", "Can't Stand Me Now", "Someday", "Henrietta", "Standing Next to Me", "Always Where I Need to Be", "Always Like This", "Take Me Out", "Time for Heroes", "Undercover Martyn", "Fire", "Mr. Brightside", "Shake Me Down"], "artists": ["The Vaccines", "Arctic Monkeys", "Arctic Monkeys", "Palma Violets", "The Strokes", "The Fratellis", "Miles Kane", "Two Door Cinema Club", "The Libertines", "The Strokes", "The Fratellis", "The Last Shadow Puppets", "The Kooks", "Bombay Bicycle Club", "Franz Ferdinand", "The Libertines", "Two Door Cinema Club", "Kasabian", "The Killers", "Cage the Elephant"], "centerDistance": 0.7682282, "angle": 0.9818037917793019, "color": [2, 0]}, {"songs": ["She Moves in Her Own Way", "My Number", "Shuffle", "My Mistakes Were Made for You", "Come Closer", "Coming of Age", "I Predict a Riot", "Come a Little Closer", "Ready to Start", "Death"], "artists": ["The Kooks", "Foals", "Bombay Bicycle Club", "The Last Shadow Puppets", "Miles Kane", "Foster the People", "Kaiser Chiefs", "Cage the Elephant", "Arcade Fire", "White Lies"], "centerDistance": 0.8341996999999999, "angle": 2.0474946614704645, "color": [3, 0]}, {"songs": ["Sex", "Chocolate"], "artists": ["The 1975", "The 1975"], "centerDistance": 0.8457515, "angle": 3.3347861431579027, "color": [4, 0]}]