[{"songs": ["So Am I", "Someone New", "Only Want You (feat. 6LACK)", "Last Hurrah", "Into You", "My Bad", "Deep", "When I Die", "Love Me & Let Me Go", "Love Letter", "Colder", "it's not u it's me", "Mama (feat. Ellie Goulding)", "Homework (feat. lil Aaron)", "You And I", "Undrunk", "Closer", "Think About Us (feat. Ty Dolla $ign)", "I Remember", "Bad Idea"], "artists": ["Ava Max", "Astrid S", "Rita Ora", "Bebe Rexha", "Julia Michaels", "Khalid", "Julia Michaels", "Alma", "Ashley Tisdale", "Nina Nesbitt", "Nina Nesbitt", "Bea Miller", "Clean Bandit", "Kim Petras", "L\u00e9on", "Fletcher", "Astrid S", "Little Mix", "Betty Who", "Ariana Grande"], "centerDistance": 0.46622455000000007, "angle": 1.0904195373927008, "color": [0, 0]}, {"songs": ["Swan Song (From The Motion Picture \"Alita: Battle Angel\")", "Let Me Down Slowly (feat. Alessia Cara)"], "artists": ["Dua Lipa", "Alec Benjamin"], "centerDistance": 0.6113265, "angle": 2.338057616576137, "color": [1, 0]}, {"songs": ["Pushing 20", "Flux", "Now That I Found You", "No Drug Like Me", "7 rings", "LBD", "Sally Walker"], "artists": ["Sabrina Carpenter", "Ellie Goulding", "Carly Rae Jepsen", "Carly Rae Jepsen", "Ariana Grande", "Becky G", "Iggy Azalea"], "centerDistance": 0.519444, "angle": 3.506056894325474, "color": [2, 0]}, {"songs": ["1,2,3 Dayz Up (feat. SOPHIE)"], "artists": ["Kim Petras"], "centerDistance": 0.5909329999999999, "angle": 4.804158276766993, "color": [3, 0]}, {"songs": ["Pretty", "Terrified"], "artists": ["Terror Jr", "Terror Jr"], "centerDistance": 0.608606, "angle": 6.191416010797284, "color": [4, 0]}]