[{"songs": ["Bubbly", "Goodbye My Lover", "Breathe Me", "Soulmate"], "artists": ["Colbie Caillat", "James Blunt", "Sia", "Natasha Bedingfield"], "centerDistance": 0.7845605000000001, "angle": 1.1466219479332116, "color": [0, 0]}, {"songs": ["Hurt", "Beautiful"], "artists": ["Christina Aguilera", "Christina Aguilera"], "centerDistance": 0.7672035, "angle": 2.289064966129464, "color": [1, 0]}, {"songs": ["Gravity", "When You're Gone", "White Flag", "Nobody's Home"], "artists": ["Sara Bareilles", "Avril Lavigne", "Dido", "Avril Lavigne"], "centerDistance": 0.789183, "angle": 3.4098950184272576, "color": [2, 0]}, {"songs": ["Arms", "Tragedy", "Skyscraper", "Almost Lover", "Brave", "It Will Rain", "The One That Got Away", "Because of You", "Bad Day", "Bleeding Love", "Already Gone", "Brighter Than the Sun", "Lay Me Down", "Fire Meet Gasoline", "A Thousand Miles", "One", "Better in Time", "Last Kiss", "Talking to the Moon", "The Heart Wants What It Wants"], "artists": ["Christina Perri", "Christina Perri", "Demi Lovato", "A Fine Frenzy", "Sara Bareilles", "Bruno Mars", "Katy Perry", "Kelly Clarkson", "Daniel Powter", "Leona Lewis", "Kelly Clarkson", "Colbie Caillat", "Sam Smith", "Sia", "Vanessa Carlton", "Ed Sheeran", "Leona Lewis", "Taylor Swift", "Bruno Mars", "Selena Gomez"], "centerDistance": 0.6924161499999999, "angle": 4.7001110727935815, "color": [3, 0]}, {"songs": ["Make You Feel My Love", "Chasing Pavements"], "artists": ["Adele", "Adele"], "centerDistance": 0.7434345, "angle": 0.012277907591107251, "color": [4, 0]}]