[{"songs": ["Nasa", "No Tears Left To Cry", "Nasty", "Rhythm Nation", "Don't Wait", "Cuz I Love You", "Fergalicious (feat. will.i.am)", "Hush Hush; Hush Hush", "Never enough", "S.O.S. (Let the Music Play)", "Boys", "Squidward Nose", "Stay Flo", "Nights Like This (feat. Ty Dolla $ign)", "Flicker", "Tia Tamera (feat. Rico Nasty)", "Money", "Please Me", "Cherry", "Duck Duck Goose"], "artists": ["Ariana Grande", "Ariana Grande", "Janet Jackson", "Janet Jackson", "Mapei", "Lizzo", "Fergie", "The Pussycat Dolls", "Rex Orange County", "Jordin Sparks", "Lizzo", "CupcakKe", "Solange", "Kehlani", "Rina Sawayama", "Doja Cat", "Cardi B", "Cardi B", "Rina Sawayama", "CupcakKe"], "centerDistance": 0.8563784, "angle": 3.6694580022540566, "color": [0, 0]}, {"songs": ["Almeda"], "artists": ["Solange"], "centerDistance": 0.9708818, "angle": 4.774024329103704, "color": [1, 0]}, {"songs": ["Caution", "Trip", "Formation"], "artists": ["Mariah Carey", "Ella Mai", "Beyonc\u00e9"], "centerDistance": 0.9827107, "angle": 6.221549958460573, "color": [2, 0]}, {"songs": ["A No No", "Sally Walker", "Girls Need Love"], "artists": ["Mariah Carey", "Iggy Azalea", "Summer Walker"], "centerDistance": 0.9788524, "angle": 1.2794679660050754, "color": [3, 0]}, {"songs": ["Good Form", "Chun-Li"], "artists": ["Nicki Minaj", "Nicki Minaj"], "centerDistance": 0.9851732, "angle": 2.564891675404409, "color": [4, 0]}]