[{"songs": ["Calling My Spirit", "Legacy (feat. Travis Scott & 21 Savage)", "Murder On My Mind", "KIKA (feat. Tory Lanez)"], "artists": ["Kodak Black", "Offset", "YNW Melly", "6ix9ine"], "centerDistance": 0.75824875, "angle": 4.821119695816737, "color": [0, 0]}, {"songs": ["Space Cadet (feat. Gunna)", "Yacht Club (feat. Juice WRLD)"], "artists": ["Metro Boomin", "Lil Yachty"], "centerDistance": 0.8159905, "angle": 6.174454591747538, "color": [1, 0]}, {"songs": ["robbery", "Nonstop", "1400 / 999 Freestyle", "Narcos", "Yes Indeed"], "artists": ["Juice WRLD", "Drake", "Trippie Redd", "Migos", "Lil Baby"], "centerDistance": 0.8518186, "angle": 1.1682598055480176, "color": [2, 0]}, {"songs": ["Crushed Up", "One Call"], "artists": ["Future", "Gunna"], "centerDistance": 0.2955445, "angle": 2.260539940559802, "color": [3, 0]}, {"songs": ["Rocket Ship", "can't leave without it", "gun smoke", "Richard Millie Plain", "Money in the Way", "NCAA", "Identity Theft", "Splashin", "Look Back At It", "Tic Tac Toe (feat. Kodak Black)", "Spendin' (feat. Gucci Mane)", "Father's Day", "Cold Shoulder (feat. YoungBoy Never Broke Again)", "City Girls", "Pay You Back (feat. 21 Savage)", "Slime Belief", "Lesbian (feat. Gunna & Young Thug)", "Swap Meet", "Beasty", "Old Money"], "artists": ["Future", "21 Savage", "21 Savage", "Gunna", "2 Chainz", "2 Chainz", "Kodak Black", "Rich The Kid", "A Boogie Wit da Hoodie", "Meek Mill", "iLoveMakonnen", "Gucci Mane", "Gucci Mane", "YNW Melly", "Meek Mill", "YoungBoy Never Broke Again", "Metro Boomin", "Boogie", "A Boogie Wit da Hoodie", "Playboi Carti"], "centerDistance": 0.7094518999999999, "angle": 3.2986243243235265, "color": [4, 0]}]