[{"songs": ["Red Room", "ZEZE (feat. Travis Scott & Offset)"], "artists": ["Offset", "Kodak Black"], "centerDistance": 0.97175665, "angle": 2.356194490192345, "color": [0, 0]}, {"songs": ["Everybody Dies", "Flexicution", "Playinwitme (Remix) [feat. Logic and Kehlani]", "MIDDLE CHILD", "Wow.", "a lot", "Splashin", "Rainy Days (feat. Eminem)", "monster", "Crushed Up", "Girls Have Fun (feat. G-Eazy & Rich The Kid)", "Legacy (feat. Travis Scott & 21 Savage)", "Floss In The Bank", "Soho (feat. JID)", "No Stylist", "KOD", "BiPolar (feat. Quavo)", "Lucky You (feat. Joyner Lucas)", "MoshPit (feat. Juice WRLD)", "Space Cadet (feat. Gunna)"], "artists": ["Logic", "Logic", "KYLE", "J. Cole", "Post Malone", "21 Savage", "Rich The Kid", "Boogie", "21 Savage", "Future", "Tyga", "Offset", "Tyga", "Boogie", "French Montana", "J. Cole", "Gucci Mane", "Eminem", "Kodak Black", "Metro Boomin"], "centerDistance": 0.8658389099999999, "angle": 3.5020646595778153, "color": [1, 0]}, {"songs": ["Going Bad (feat. Drake)"], "artists": ["Meek Mill"], "centerDistance": 0.9479693, "angle": 4.647934828963287, "color": [2, 0]}, {"songs": ["First Off (feat. Travis Scott)", "Momma I Hit a Lick (feat. Kendrick Lamar)"], "artists": ["Future", "2 Chainz"], "centerDistance": 0.9732492500000001, "angle": 0.06445415142140298, "color": [3, 0]}, {"songs": ["Praise The Lord (Da Shine) (feat. Skepta)"], "artists": ["A$AP Rocky"], "centerDistance": 0.9836597, "angle": 1.2103243208068735, "color": [4, 0]}]