[{"songs": ["MoshPit (feat. Juice WRLD)", "1400 / 999 Freestyle", "Calling My Spirit", "Fine China", "Crushed Up", "I Love", "Red Roses (feat. Landon Cube)", "Shake It Up"], "artists": ["Kodak Black", "Trippie Redd", "Kodak Black", "Future", "Future", "JOYNER LUCAS", "lil skies", "Trippie Redd"], "centerDistance": 0.729760875, "angle": 4.737679573992056, "color": [0, 0]}, {"songs": ["Narcos", "Walk It Talk It"], "artists": ["Migos", "Migos"], "centerDistance": 0.8108145, "angle": 6.257894713572219, "color": [1, 0]}, {"songs": ["Sunflower - Spider-Man: Into the Spider-Verse", "Plastic", "God's Plan", "Psycho (feat. Ty Dolla $ign)"], "artists": ["Post Malone", "Jaden Smith", "Drake", "Post Malone"], "centerDistance": 0.8226267500000001, "angle": 1.0613046586377752, "color": [2, 0]}, {"songs": ["TIC TOC (feat. Lil Baby)", "WAKA (feat. A Boogie Wit da Hoodie)", "Splashin", "Leave Me Alone", "whoa (mind in awe)", "BAD!", "Demons and Angels (feat. Juice WRLD)", "Noticed", "Dreamcatcher (feat. Swae Lee & Travis Scott)", "Unbothered", "Nonstop", "Tic Tac Toe (feat. Kodak Black)", "Yes Indeed", "Pay You Back (feat. 21 Savage)", "Girls Have Fun (feat. G-Eazy & Rich The Kid)", "Plug Walk", "Love Drugs and Sex", "Sold Out Dates (feat. Lil Baby)", "All Girls Are The Same", "Cold Shoulder (feat. YoungBoy Never Broke Again)"], "artists": ["6ix9ine", "6ix9ine", "Rich The Kid", "Flipp Dinero", "xxxtentacion", "xxxtentacion", "A Boogie Wit da Hoodie", "lil Mosey", "Metro Boomin", "SKI MASK THE SLUMP GOD", "Drake", "Meek Mill", "Lil Baby", "Meek Mill", "Tyga", "Rich The Kid", "A Boogie Wit da Hoodie", "Gunna", "Juice WRLD", "Gucci Mane"], "centerDistance": 0.6536846000000001, "angle": 2.2013009663576106, "color": [3, 0]}, {"songs": ["Space Cadet (feat. Gunna)", "monster", "all my friends"], "artists": ["Metro Boomin", "21 Savage", "21 Savage"], "centerDistance": 0.640009, "angle": 3.3071745839183375, "color": [4, 0]}]