[{"songs": ["Let's Be Friends", "Lovesick"], "artists": ["Emily Osment", "Emily Osment"], "centerDistance": 0.8257019999999999, "angle": 4.640730734873586, "color": [0, 0]}, {"songs": ["Ready or Not"], "artists": ["Bridgit Mendler"], "centerDistance": 0.73102, "angle": 0.07165824551110411, "color": [1, 0]}, {"songs": ["Untouched"], "artists": ["The Veronicas"], "centerDistance": 0.887544, "angle": 1.0374236193076278, "color": [2, 0]}, {"songs": ["Dancing Crazy", "Shakespeare", "Top of the World", "Save the Day", "Nobody Does It Like You", "Scars", "Without the Love", "Party in the U.S.A.", "Catch My Breath", "Crazy Kids", "Push", "Life of the Party", "Fall to Pieces", "On My Way", "All You Wanted", "Birthday", "Sweeter Than Fiction", "It Takes Two", "Already Gone", "Rumors"], "artists": ["Miranda Cosgrove", "Miranda Cosgrove", "Bridgit Mendler", "Selena Gomez", "Selena Gomez", "Miley Cyrus", "Demi Lovato", "Miley Cyrus", "Kelly Clarkson", "Ke$ha", "Avril Lavigne", "Shawn Mendes", "Avril Lavigne", "Lea Michele", "Michelle Branch", "Katy Perry", "Taylor Swift", "Katy Perry", "Kelly Clarkson", "Lindsay Lohan"], "centerDistance": 0.7581996, "angle": 2.0031889931041515, "color": [3, 0]}, {"songs": ["Potential Breakup Song", "Army of Love"], "artists": ["Aly & AJ", "Kerli"], "centerDistance": 0.9107202, "angle": 3.3650140706588676, "color": [4, 0]}]