[{"songs": ["I Fall Apart", "Heartbeat", "The Man Who Has Everything"], "artists": ["Post Malone", "Childish Gambino", "Chance the Rapper"], "centerDistance": 0.883219, "angle": 3.462062612620005, "color": [0, 0]}, {"songs": ["OKRA", "robbery", "Wanted You (feat. Lil Uzi Vert)"], "artists": ["Tyler, the Creator", "Juice WRLD", "NAV"], "centerDistance": 0.8371886666666667, "angle": 4.79630179659324, "color": [1, 0]}, {"songs": ["Carrollton", "Soho (feat. JID)"], "artists": ["$uicideboy$", "Boogie"], "centerDistance": 0.8928788000000001, "angle": 6.199272490971036, "color": [2, 0]}, {"songs": ["Excuse Me", "Dreams (Interlude)", "Telephone Calls (feat. A$AP Rocky, Tyler, the Creator, Playboi Carti & Yung Gleesh)", "POTATO SALAD", "Violent Crimes", "Blood on the Leaves", "Bitch, Don\u2019t Kill My Vibe", "Chum", "Christ Conscious", "Solo Dolo (Nightmare)", "Poetic Justice", "White Iverson", "Silkk da Shocka (feat. Syd)", "GHOST!", "Otis (feat. Otis Redding)", "Jazz", "NEVER", "Off Top", "Babylon (feat. Chronixx)", "Rope (feat. SiR) // rosegold"], "artists": ["A$AP Rocky", "A$AP Rocky", "A$AP Mob", "Tyler, the Creator", "Kanye West", "Kanye West", "Kendrick Lamar", "Earl Sweatshirt", "Joey Bada$$", "Kid Cudi", "Kendrick Lamar", "Post Malone", "Isaiah Rashad", "Kid Cudi", "Jay-Z & Kanye West", "Mick Jenkins", "Jid", "Earl Sweatshirt", "Joey Bada$$", "Isaiah Rashad"], "centerDistance": 0.74506945, "angle": 1.0980789934009678, "color": [3, 0]}, {"songs": ["What Would Meek Do? (feat. Kanye West)", "Hard Piano (feat. Rick Ross)"], "artists": ["Pusha T", "Pusha T"], "centerDistance": 0.8543075, "angle": 2.280070803010485, "color": [4, 0]}]