[{"songs": ["Pompeii"], "artists": ["Bastille"], "centerDistance": 0.42428200000000005, "angle": 2.0438341816941397, "color": [0, 0]}, {"songs": ["Money on My Mind", "Blame", "Blurred Lines", "Stay with Me", "Rather Be (feat. Jess Glynne)", "Outside", "Love Me Again", "All of Me", "Hey Brother", "Rude", "Wrapped Up", "Stay High", "Lights", "Elastic Heart", "Addicted to You", "Am I Wrong", "Beneath Your Beautiful", "Too Close", "Rather Be", "Liar Liar"], "artists": ["Sam Smith", "Calvin Harris", "Robin Thicke", "Sam Smith", "Clean Bandit", "Calvin Harris", "John Newman", "John Legend", "Avicii", "Magic!", "Olly Murs", "Tove Lo", "Ellie Goulding", "Sia", "Avicii", "Nico & Vinz", "Labrinth", "Alex Clare", "Clean Bandit", "Cris Cab"], "centerDistance": 0.4104069, "angle": 3.425415366529339, "color": [1, 0]}, {"songs": ["Burnin' Up"], "artists": ["Jessie J"], "centerDistance": 0.693803, "angle": 4.806996551364538, "color": [2, 0]}, {"songs": ["Bang Bang"], "artists": ["Jessie J"], "centerDistance": 0.21464499999999997, "angle": 6.188577736199738, "color": [3, 0]}, {"songs": ["Burn"], "artists": ["Ellie Goulding"], "centerDistance": 0.25264200000000003, "angle": 0.6622529968589408, "color": [3, 1]}]