[{"songs": ["Break Up with Your Girlfriend, I'm Bored", "Sally Walker", "Pretend", "Bubalu", "Cuando Te Bes\u00e9", "Hurts Like Hell (feat. Offset)", "Solo Tu", "Angel", "Medicina", "Hurts Like Hell", "Woman Like Me (feat. Nicki Minaj)", "Drip (feat. Migos)", "Get Up 10", "No Drama", "Without Me (feat. Juice WRLD)", "Black Widow", "I Got Time", "Dark Horse", "Beach House", "No Me Acuerdo"], "artists": ["Ariana Grande", "Iggy Azalea", "CNCO", "Becky G", "Becky G", "Madison Beer", "Rouge", "Fifth Harmony", "Anitta", "Madison Beer", "Little Mix", "Cardi B", "Cardi B", "Tinashe", "Halsey", "Iggy Azalea", "Bebe Rexha", "Katy Perry", "The Chainsmokers", "Thal\u00eda"], "centerDistance": 0.6238298, "angle": 1.1707856727937989, "color": [0, 0]}, {"songs": ["Hard White", "Good Form"], "artists": ["Nicki Minaj", "Nicki Minaj"], "centerDistance": 0.6813775, "angle": 2.2219281081208178, "color": [1, 0]}, {"songs": ["7 rings", "Motivate", "Formation"], "artists": ["Ariana Grande", "Little Mix", "Beyonc\u00e9"], "centerDistance": 0.45643199999999995, "angle": 3.3382288404074982, "color": [2, 0]}, {"songs": ["Like I Used To", "Steady (feat. Tory Lanez)"], "artists": ["Tinashe", "Bebe Rexha"], "centerDistance": 0.7059675, "angle": 4.606975720529027, "color": [3, 0]}, {"songs": ["Like I Do (feat. GoldLink)", "Saudade Daquilo", "Accelerate (feat. Ty Dolla $ign & 2 Chainz)"], "artists": ["Christina Aguilera", "IZA", "Christina Aguilera"], "centerDistance": 0.7348913333333332, "angle": 0.10541325985566186, "color": [4, 0]}]