[{"songs": ["Legend", "Bandito", "Birds", "Burn Out", "Sincerity Is Scary", "Buzzcut Season", "Team", "TOlD YOU SO", "Flowers", "Pumped Up Kicks", "SHC", "Walls Could Talk", "National Anthem", "Little Dark Age", "Superposition", "What You Know", "Don\u2019t Play", "Diet Mountain Dew", "Rollercoaster", "Better Than That"], "artists": ["Twenty One Pilots", "Twenty One Pilots", "Imagine Dragons", "Imagine Dragons", "The 1975", "Lorde", "Lorde", "Paramore", "The Neighbourhood", "Foster the People", "Foster the People", "Halsey", "Lana Del Rey", "MGMT", "Young the Giant", "Two Door Cinema Club", "Halsey", "Lana Del Rey", "Bleachers", "Marina & the Diamonds"], "centerDistance": 0.84866817, "angle": 1.1028967844830726, "color": [0, 0]}, {"songs": ["idontwannabeyouanymore", "Wish You Were Gay", "Alphabet Boy"], "artists": ["Billie Eilish", "Billie Eilish", "Melanie Martinez"], "centerDistance": 0.9433763000000001, "angle": 2.225698466435711, "color": [1, 0]}, {"songs": ["What a Heavenly Way to Die", "Plum"], "artists": ["Troye Sivan", "Troye Sivan"], "centerDistance": 0.9327810999999999, "angle": 3.6330309647326047, "color": [2, 0]}, {"songs": ["Compass", "Blur"], "artists": ["The Neighbourhood", "M\u00d8"], "centerDistance": 0.94967205, "angle": 4.7400617932496205, "color": [3, 0]}, {"songs": ["sex money feelings die", "better alone"], "artists": ["Lykke Li", "Lykke Li"], "centerDistance": 0.96416115, "angle": 6.255512494314656, "color": [4, 0]}]