[{"songs": ["bury a friend", "Let Me Down Slowly", "My Bad", "Colder", "Sue Me"], "artists": ["Billie Eilish", "Alec Benjamin", "Khalid", "Nina Nesbitt", "Sabrina Carpenter"], "centerDistance": 0.9180358200000001, "angle": 1.2971355247944283, "color": [0, 0]}, {"songs": ["Why Haven't I Met You?", "You & I", "Kid in Love", "Hopeless Romantic", "Fall", "Out of Love", "Sucker", "Water Fountain", "Last Hurrah", "BIG PLANS", "What A Time (feat. Niall Horan)", "Without Me", "Talk", "Break Up with Your Girlfriend, I'm Bored", "Thursday (feat. H.E.R.)", "Not Today", "Sweet but Psycho", "More Than That", "Hope (feat. Winona Oak)", "i'm so tired..."], "artists": ["Cameron Dallas", "One Direction", "Shawn Mendes", "Meghan Trainor", "Justin Bieber", "Alessia Cara", "Jonas Brothers", "Alec Benjamin", "Bebe Rexha", "why don't we", "Julia Michaels", "Halsey", "Khalid", "Ariana Grande", "Jess Glynne", "Alessia Cara", "Ava Max", "Lauren Jauregui", "The Chainsmokers", "Lauv"], "centerDistance": 0.8253208400000002, "angle": 2.4794290741404548, "color": [1, 0]}, {"songs": ["Swan Song (From The Motion Picture \"Alita: Battle Angel\")"], "artists": ["Dua Lipa"], "centerDistance": 0.9124645, "angle": 3.6484377285754057, "color": [2, 0]}, {"songs": ["Anxiety (feat. Selena Gomez)", "I Can't Get Enough", "Don\u2019t Feel Like Crying"], "artists": ["Julia Michaels", "benny blanco, Tainy, Selena Gomez & J Balvin", "Sigrid"], "centerDistance": 0.9218496666666667, "angle": 4.785673117452366, "color": [3, 0]}, {"songs": ["7 rings", "Fire On Fire", "LBD"], "artists": ["Ariana Grande", "Sam Smith", "Becky G"], "centerDistance": 0.9205433, "angle": 6.209901170111911, "color": [4, 0]}]