[{"songs": ["Party for One", "1999", "Voices in My Head"], "artists": ["Carly Rae Jepsen", "Charli XCX", "Ashley Tisdale"], "centerDistance": 0.6057893333333334, "angle": 4.723418096453455, "color": [0, 0]}, {"songs": ["Your Song", "Thank U, Next", "No Tears Left To Cry", "None of my Business", "New Rules", "Better", "2002", "I'll Be There", "Shallow", "Close To Me", "Symphony (feat. Zara Larsson)", "Back To You", "All for You", "I Got You", "Flames", "Dancing With a Stranger", "Dancing With a Stranger (with Normani)", "Let Me", "Cheap Thrills", "Roulette"], "artists": ["Rita Ora", "Ariana Grande", "Ariana Grande", "Cher Lloyd", "Dua Lipa", "Khalid", "Anne-Marie", "Jess Glynne", "Lady Gaga", "Ellie Goulding", "Clean Bandit", "Selena Gomez", "Years & Years", "Bebe Rexha", "David Guetta", "Sam Smith", "Sam Smith", "Zayn", "Sia", "Katy Perry"], "centerDistance": 0.62794525, "angle": 6.272156191110821, "color": [1, 0]}, {"songs": ["N\u00e3o Perco Meu Tempo", "Missing U", "Sapequinha"], "artists": ["Anitta", "Robyn", "Lexa"], "centerDistance": 0.745624, "angle": 1.2236967965833525, "color": [2, 0]}, {"songs": ["Only Want You", "Want To", "Think About Us", "Perfect To Me", "Hair Body Face", "My My My!", "Sue Me", "Lucky Strike", "Growing Pains"], "artists": ["Rita Ora", "Dua Lipa", "Little Mix", "Anne-Marie", "Lady Gaga", "Troye Sivan", "Sabrina Carpenter", "Troye Sivan", "Alessia Cara"], "centerDistance": 0.5807195555555555, "angle": 2.4649717726826843, "color": [3, 0]}, {"songs": ["Sweet but Psycho", "Woman Like Me (feat. Nicki Minaj)", "Mama (feat. Ellie Goulding)", "Look What You Made Me Do", "Don't Call Me Up", "My Way", "Beautiful Trauma"], "artists": ["Ava Max", "Little Mix", "Clean Bandit", "Taylor Swift", "Mabel", "Ava Max", "P!nk"], "centerDistance": 0.6212134285714287, "angle": 3.5907472810154175, "color": [4, 0]}]