[{"songs": ["Green Lights", "Revival (interlude)", "Jocelyn Flores", "Black Beatles", "Moonlight", "In My Feelings", "Betrayed", "Man's Not Hot", "No Brainer", "No Limit", "Drowning (feat. Kodak Black)", "Legends", "Airplanes (feat. Hayley Williams)", "Sloppy Seconds", "Airplanes, Part II (feat Eminem & Hayley Williams of Paramore)", "LOCO", "Bounce Back", "Batman", "Icon", "The Boogie"], "artists": ["NF", "Eminem", "xxxtentacion", "Rae Sremmurd", "xxxtentacion", "Drake", "Lil Xan", "Big Shaq", "DJ Khaled", "G-Eazy", "A Boogie Wit da Hoodie", "Juice WRLD", "B.o.B", "Watsky", "B.o.B", "Machine Gun Kelly", "Big Sean", "Jaden Smith", "Jaden Smith", "Outasight"], "centerDistance": 0.7933304000000001, "angle": 3.5764613145106923, "color": [0, 0]}, {"songs": ["JT", "Conversations with my Wife"], "artists": ["Jon Bellion", "Jon Bellion"], "centerDistance": 0.9088769999999999, "angle": 4.783977953255216, "color": [1, 0]}, {"songs": ["The Ringer", "I'm Sorry", "I Love", "The Flute Song", "Overnight"], "artists": ["Eminem", "JOYNER LUCAS", "JOYNER LUCAS", "Russ", "Logic"], "centerDistance": 0.8350544, "angle": 6.21159633430906, "color": [2, 0]}, {"songs": ["WHY", "I Fall Apart", "Psycho (feat. Ty Dolla $ign)", "God's Plan", "At My Best (feat. Hailee Steinfeld)", "Lean Wit Me"], "artists": ["NF", "Post Malone", "Post Malone", "Drake", "Machine Gun Kelly", "Juice WRLD"], "centerDistance": 0.6532056666666667, "angle": 1.1250424483195705, "color": [3, 0]}, {"songs": ["Molly (feat. Brendon Urie of Panic at the Disco)", "Professional Rapper (feat. Snoop Dogg)"], "artists": ["Lil Dicky", "Lil Dicky"], "centerDistance": 0.89706105, "angle": 2.3216738695096684, "color": [4, 0]}]