[{"songs": ["Give Yourself A Try", "Talia", "Milk and Cookies", "Flux", "Bigger Wow"], "artists": ["The 1975", "King Princess", "Melanie Martinez", "Ellie Goulding", "Avril Lavigne"], "centerDistance": 0.9208730600000001, "angle": 1.1629724808012325, "color": [0, 0]}, {"songs": ["Look What You Made Me Do", "idontwannabeyouanymore", "Trigger Bang (feat. Giggs)", "Nostalgia", "Last Hurrah"], "artists": ["Taylor Swift", "Billie Eilish", "Lily Allen", "M\u00d8", "Bebe Rexha"], "centerDistance": 0.85410126, "angle": 2.5594582687864875, "color": [1, 0]}, {"songs": ["Writer In the Dark", "Homemade Dynamite", "Call It What You Want", "Bloom", "watch", "Bad At Love", "Colors", "Angel Down", "Million Dollar Man", "Yo\u00fc and I", "New Rules", "Not So Bad In LA", "Ghost", "Never Ending", "Homesick", "Double Rainbow", "Sugarboy", "Dollhouse", "Water Under The Bridge", "Told You So"], "artists": ["Lorde", "Lorde", "Taylor Swift", "Troye Sivan", "Billie Eilish", "Halsey", "Halsey", "Lady Gaga", "Lana Del Rey", "Lady Gaga", "Dua Lipa", "Allie X", "Katy Perry", "Rihanna", "Dua Lipa", "Katy Perry", "St. Vincent", "Melanie Martinez", "Adele", "Little Mix"], "centerDistance": 0.77497415, "angle": 3.67111600883577, "color": [2, 0]}, {"songs": ["What I Need (feat. Kehlani)", "Feelings"], "artists": ["Hayley Kiyoko", "Hayley Kiyoko"], "centerDistance": 0.9011522000000001, "angle": 4.782773748885052, "color": [3, 0]}, {"songs": ["My My My!", "Too Good at Goodbyes", "Baby Forgive Me", "i'm so tired..."], "artists": ["Troye Sivan", "Sam Smith", "Robyn", "Lauv"], "centerDistance": 0.86413745, "angle": 6.2128005386792235, "color": [4, 0]}]