[{"songs": ["Spice Girl", "Soho (feat. JID)", "Invincible"], "artists": ["Amin\u00e9", "Boogie", "Amin\u00e9"], "centerDistance": 0.8966413333333333, "angle": 1.1130188638017868, "color": [0, 0]}, {"songs": ["KOD", "OKRA", "BagBak", "I Love"], "artists": ["J. Cole", "Tyler, the Creator", "Vince Staples", "JOYNER LUCAS"], "centerDistance": 0.87094625, "angle": 2.406253036379162, "color": [1, 0]}, {"songs": ["3005", "IV. Sweatpants", "WHY", "Superstar (feat. Matthew Santos)", "The Man Who Has Everything", "Objects in the Mirror", "all my friends", "Reverse (feat. G-Eazy)", "Black and Yellow", "Juicy"], "artists": ["Childish Gambino", "Childish Gambino", "NF", "Lupe Fiasco", "Chance the Rapper", "Mac Miller", "21 Savage", "Vic Mensa", "Wiz Khalifa", "The Notorious B.I.G."], "centerDistance": 0.8852515999999999, "angle": 3.610916964565189, "color": [2, 0]}, {"songs": ["Upgrade", "Fade Away", "No Role Modelz", "Ghost Town (feat. PARTYNEXTDOOR)", "Father Stretch My Hands, Pt. 1", "i", "Hol' Up", "Waves", "Smile Back", "Domo23", "NEVER", "George Jeff", "NO NAME", "SUPER PREDATOR (feat. Styles P)", "Pursuit of Happiness (Nightmare) [feat. MGMT & Ratatat]", "WAV Files", "Energy", "Do Not Disturb", "Jonestown (Interlude)", "Liquor Locker"], "artists": ["Logic", "Logic", "J. Cole", "Kanye West", "Kanye West", "Kendrick Lamar", "Kendrick Lamar", "Joey Bada$$", "Mac Miller", "Tyler, the Creator", "J.I.D", "Jaden Smith", "NF", "Joey Bada$$", "Kid Cudi", "Lupe Fiasco", "Drake", "Drake", "Post Malone", "Vic Mensa"], "centerDistance": 0.7953999499999999, "angle": 4.792050737698708, "color": [3, 0]}, {"songs": ["Kamikaze", "The Ringer"], "artists": ["Eminem", "Eminem"], "centerDistance": 0.8691755000000001, "angle": 6.203523549865568, "color": [4, 0]}]