[{"songs": ["Without Me", "Expectations", "Sad", "Woman Like Me (feat. Nicki Minaj)", "Sweet but Psycho"], "artists": ["Halsey", "Lauren Jauregui", "Bebe Rexha", "Little Mix", "Ava Max"], "centerDistance": 0.8290616, "angle": 1.2609749673121344, "color": [0, 0]}, {"songs": ["Home with You", "Cake", "Talia"], "artists": ["Madison Beer", "Melanie Martinez", "King Princess"], "centerDistance": 0.8004636666666666, "angle": 2.6761339070006502, "color": [1, 0]}, {"songs": ["Hurts Like Hell (feat. Offset)", "Mona Lisa", "Sue Me"], "artists": ["Madison Beer", "Sabrina Carpenter", "Sabrina Carpenter"], "centerDistance": 0.81553, "angle": 3.709941485755845, "color": [2, 0]}, {"songs": ["What I Need (feat. Kehlani)", "you should see me in a crown", "Dazed & Confused", "My My My!", "Growing Pains", "2002"], "artists": ["Hayley Kiyoko", "Billie Eilish", "Ruel", "Troye Sivan", "Alessia Cara", "Anne-Marie"], "centerDistance": 0.8248998333333334, "angle": 4.748425873153188, "color": [3, 0]}, {"songs": ["Song Like You", "Buy Me Diamonds", "Sleep talking", "Just The Same", "Tequilawine", "Wanna Be Missed", "She Loves Control", "Back from the Edge", "Colors", "Safe", "In the Dark", "Mermaid", "Bellyache", "Burn Slow", "Sugarcoat", "I Don't Exist", "God is a Woman", "I Got You", "Jump (with Trippie Redd)", "Wild Horses"], "artists": ["Bea Miller", "Bea Miller", "Charlotte Lawrence", "Charlotte Lawrence", "olivia o'brien", "Hayley Kiyoko", "Camila Cabello", "James Arthur", "Halsey", "Daya", "Camila Cabello", "Skott", "Billie Eilish", "Jaira burns", "Jaira burns", "olivia o'brien", "Ariana Grande", "Bebe Rexha", "Julia Michaels", "Bishop Briggs"], "centerDistance": 0.7241247000000001, "angle": 6.247148414411087, "color": [4, 0]}]