[{"songs": ["Missing U"], "artists": ["Robyn"], "centerDistance": 0.82291, "angle": 4.568276223761297, "color": [0, 0]}, {"songs": ["Science", "In The Next Life", "All the Time", "Hard Feelings", "In A Minute", "Honey", "Hello Kitty", "Backseat (feat. Carly Rae Jepsen)", "Platform Shoes", "Peach", "Vibe", "bad days", "Temple", "Want To", "I Don't Even Smoke Weed", "SAMARITAN", "Gemini Feed", "9th of october", "Perfect Places", "Running"], "artists": ["Allie X", "Kim Petras", "Kim Petras", "Poppy", "Poppy", "Robyn", "slayyyter", "Charli XCX", "slayyyter", "BROODS", "Tove Styrke", "Tove Lo", "ionnalee", "Dua Lipa", "Empress Of", "ionnalee", "Banks", "Tove Lo", "Lorde", "Dua Lipa"], "centerDistance": 0.78236785, "angle": 0.14411275662339307, "color": [1, 0]}, {"songs": ["Sucker Punch", "Lucky Strike"], "artists": ["Sigrid", "Troye Sivan"], "centerDistance": 0.831006, "angle": 1.6413266697908897, "color": [2, 0]}, {"songs": ["Girl of the Year"], "artists": ["Allie X"], "centerDistance": 0.0063790000000000235, "angle": 2.8040800235633263, "color": [3, 0]}, {"songs": ["Party for One", "1999"], "artists": ["Carly Rae Jepsen", "Charli XCX"], "centerDistance": 0.7694975, "angle": 3.970029505500186, "color": [4, 0]}]