[{"songs": ["Games", "Body Say", "Let Me Love You", "Like I Do", "Dangerous Woman", "Only", "Vai malandra (feat. Tropkillaz & DJ Yuri Martins)", "Skin", "Dress", "Partition", "Desperado", "Me & My Girls", "Fetish", "Dance for You", "Love Me Down", "High Heels.", "romantics", "Obsessed", "I'm a Slave 4 U", "Buttons"], "artists": ["Demi Lovato", "Demi Lovato", "Ariana Grande", "Christina Aguilera", "Ariana Grande", "Nicki Minaj", "Anitta", "Rihanna", "Taylor Swift", "Beyonc\u00e9", "Rihanna", "Selena Gomez", "Selena Gomez", "Beyonc\u00e9", "Britney Spears", "JoJo", "Tove Lo", "Mariah Carey", "Britney Spears", "The Pussycat Dolls"], "centerDistance": 0.7641114, "angle": 1.0995574287564276, "color": [0, 0]}, {"songs": ["Veneno"], "artists": ["Anitta"], "centerDistance": 0.767877, "angle": 2.356194490192345, "color": [1, 0]}, {"songs": ["Majesty (with Labrinth & feat. Eminem)", "Don't Say You Love Me", "End Game"], "artists": ["Nicki Minaj", "Fifth Harmony", "Taylor Swift"], "centerDistance": 0.9229463, "angle": 3.612831551628262, "color": [2, 0]}, {"songs": ["Say My Name", "Bootylicious"], "artists": ["Destiny's Child", "Destiny's Child"], "centerDistance": 0.92781935, "angle": 4.869468613064179, "color": [3, 0]}, {"songs": ["I'm a Mess"], "artists": ["Bebe Rexha"], "centerDistance": 0.99067782, "angle": 6.126105674500097, "color": [4, 0]}]