[{"songs": ["My My My!", "Liability", "There's Nothing Holdin' Me Back", "you should see me in a crown", "Beautiful Trauma"], "artists": ["Troye Sivan", "Lorde", "Shawn Mendes", "Billie Eilish", "P!nk"], "centerDistance": 0.7965755999999999, "angle": 1.496727936355195, "color": [0, 0]}, {"songs": ["Party for One", "1999"], "artists": ["Carly Rae Jepsen", "Charli XCX"], "centerDistance": 0.7652825000000001, "angle": 2.6348933471716256, "color": [1, 0]}, {"songs": ["...Ready For It?", "Gorgeous", "No Tears Left To Cry", "Thank U, Next", "New Rules", "She Loves Control", "Applause", "Back To You", "Born This Way", "Witness", "Roulette", "Malibu", "Toxic", "cRYINg In THE clUB", "Tell Me You Love Me", "We Can't Stop", "Shout Out To My Ex", "Womanizer", "I Got You", "N\u00e3o Perco Meu Tempo"], "artists": ["Taylor Swift", "Taylor Swift", "Ariana Grande", "Ariana Grande", "Dua Lipa", "Camila Cabello", "Lady Gaga", "Selena Gomez", "Lady Gaga", "Katy Perry", "Katy Perry", "Miley Cyrus", "Britney Spears", "Camila Cabello", "Demi Lovato", "Miley Cyrus", "Little Mix", "Britney Spears", "Bebe Rexha", "Anitta"], "centerDistance": 0.63408515, "angle": 3.773058757988056, "color": [2, 0]}, {"songs": ["Bad Liar", "Sorry Not Sorry", "IDGAF", "Woman Like Me (feat. Nicki Minaj)", "Girls (feat. Cardi B, Bebe Rexha & Charli XCX)", "Let You Love Me", "Last Hurrah"], "artists": ["Selena Gomez", "Demi Lovato", "Dua Lipa", "Little Mix", "Rita Ora", "Rita Ora", "Bebe Rexha"], "centerDistance": 0.7322851428571429, "angle": 4.747869791192352, "color": [3, 0]}, {"songs": ["Green Light"], "artists": ["Lorde"], "centerDistance": 0.69277, "angle": 6.247704496371924, "color": [4, 0]}]