[{"songs": ["Blast Off", "I Was Never There", "Giant", "Dancing With A Stranger", "Reminder", "So Bad (feat. HAIM)", "Nights Like This (feat. Ty Dolla $ign)", "i'm so tired...", "Please Me", "I Found You", "Reset", "Mile High (feat. Metro Boomin & Travis Scott)", "Who Do You Love", "Girls Need Love (Remix)", "Better", "WHEN I WAS OLDER (Music Inspired by the Film \"ROMA\")", "7 rings", "Break Up with Your Girlfriend, I'm Bored", "365", "Crew Love (feat. The Weeknd)"], "artists": ["Gesaffelstein & Pharrell Williams", "The Weeknd & Gesaffelstein", "Calvin Harris, Rag\u2019n\u2019Bone Man", "Sam smith & Normani", "The Weeknd", "Gesaffelstein", "Kehlani", "Lauv & Troye Sivan", "Cardi B & Bruno Mars", "benny blanco & Calvin Harris", "Gesaffelstein", "James Blake", "The Chainsmokers & 5 Seconds of Summer", "Summer Walker & Drake", "Khalid", "Billie Eilish", "Ariana Grande", "Ariana Grande", "Zedd & Katy Perry", "Drake"], "centerDistance": 0.47103830000000013, "angle": 1.1004826454987375, "color": [0, 0]}, {"songs": ["Try Me", "MAMA (feat. Nicki Minaj, Kanye West)"], "artists": ["The Weeknd", "6ix9ine"], "centerDistance": 0.54785, "angle": 2.263604288711219, "color": [1, 0]}, {"songs": ["Sunflower (Spider-Man: Into the Spider-Verse)"], "artists": ["Post Malone & Swae Lee"], "centerDistance": 0.442121, "angle": 3.611906334885952, "color": [2, 0]}, {"songs": ["Going Bad (feat. Drake)", "Drip Too Hard", "Thotiana"], "artists": ["Meek Mill", "Lil Baby & Gunna", "Blueface"], "centerDistance": 0.6404569999999999, "angle": 4.775027978098434, "color": [3, 0]}, {"songs": ["Wow.", "Pure Water", "MIDDLE CHILD", "Swervin (feat. 6ix9ine)"], "artists": ["Post Malone", "Mustard & Migos", "J. Cole", "A Boogie Wit da Hoodie"], "centerDistance": 0.5809325000000001, "angle": 6.220546309465842, "color": [4, 0]}]