[{"songs": ["Crank It Up", "Sucker", "S\u00f3 Depois do Carnaval", "Thank U, Next", "Beijo na Boca (feat. Vit\u00e3o)", "Wasabi", "Soul Survivor", "Not Myself Tonight", "Vem Amor", "Undercover", "Piece of Me", "Forget Forever", "No Tears Left To Cry", "Work Bitch", "Rumors", "New Rules", "Swish Swish (Feat. Nicki Minaj)", "Forget You Not", "Muito Muito", "prfct"], "artists": ["Ashley Tisdale", "Jonas Brothers", "Lexa", "Ariana Grande", "Rouge", "Little Mix", "Rita Ora", "Christina Aguilera", "Ludmilla", "Selena Gomez", "Britney Spears", "Selena Gomez", "Ariana Grande", "Britney Spears", "Lindsay Lohan", "Dua Lipa", "Katy Perry", "Little Mix", "Manu Gavassi", "Sabrina Carpenter"], "centerDistance": 0.7288486, "angle": 3.596175931339393, "color": [0, 0]}, {"songs": ["All The Ways", "Sorry Not Sorry"], "artists": ["Meghan Trainor", "Demi Lovato"], "centerDistance": 0.766274, "angle": 4.7515897844364305, "color": [1, 0]}, {"songs": ["Superstar", "Younger Now", "Confident"], "artists": ["Marina", "Miley Cyrus", "Demi Lovato"], "centerDistance": 0.7673103333333334, "angle": 6.2439845031278445, "color": [2, 0]}, {"songs": ["Voices in My Head", "Look What You Made Me Do", "Who Owns My Heart", "Want To", "1999", "Only Girl (In the World)"], "artists": ["Ashley Tisdale", "Taylor Swift", "Miley Cyrus", "Dua Lipa", "Charli XCX", "Rihanna"], "centerDistance": 0.6955363333333332, "angle": 1.1071114065142167, "color": [3, 0]}, {"songs": ["Mona Lisa"], "artists": ["Sabrina Carpenter"], "centerDistance": 0.81196, "angle": 2.441309537848918, "color": [4, 0]}]