[{"songs": ["We Can Do Better", "Shed a Tear", "Head Held High", "Burn the House Down", "Imaginary Friend", "What I Miss Most", "Sunrise in the East", "Soldier", "Unlonely", "Irony", "All Loved Up", "If You Stay", "Drowning", "Let You Be Right", "Slide", "Don't Turn Around", "HEART$", "Just for Tonight", "Correct", "TV In The Morning"], "artists": ["Matt Simons", "Kodaline", "Kodaline", "AJR", "M\u00d8", "Calum Scott", "Becky Hill", "James Tw", "Jason Mraz", "Christopher", "Amy Shark", "Alex Hepburn", "Mario", "Meghan Trainor", "James Bay", "Amy Shark", "Luke Christopher", "James Bay", "MNEK", "DNCE"], "centerDistance": 0.902330555, "angle": 1.0995574287564276, "color": [0, 0]}, {"songs": ["Not Today"], "artists": ["Alessia Cara"], "centerDistance": 0.805818, "angle": 2.356194490192345, "color": [1, 0]}, {"songs": ["Have It All", "Kiss Me", "Motions", "Fortress"], "artists": ["Jason Mraz", "Magic!", "Magic!", "Lennon Stella"], "centerDistance": 0.86920625, "angle": 3.612831551628262, "color": [2, 0]}, {"songs": ["Not a Damn Thing Changed", "All I Am", "A Little More", "Mark On My Heart", "Nervous", "Outrunning Karma", "1994", "Where Were You in the Morning?", "123", "Stole Your Car", "Loyal To Me", "Back to Life - from \"Bumblebee\""], "artists": ["Lukas Graham", "Jess Glynne", "Alessia Cara", "Olly Murs", "Shawn Mendes", "Alec Benjamin", "Alec Benjamin", "Shawn Mendes", "Jess Glynne", "Charlotte Lawrence", "Nina Nesbitt", "Hailee Steinfeld"], "centerDistance": 0.7670611166666667, "angle": 4.869468613064179, "color": [3, 0]}, {"songs": ["7 Years", "Superhero", "Say Love", "Paradise", "Blur", "Stupid Deep", "Chasing Fire", "Slow Up", "Breakaway", "Look Up Child", "I Will Always Love You"], "artists": ["Lukas Graham", "Lauv", "James Tw", "George Ezra", "M\u00d8", "Jon Bellion", "Lauv", "Jacob Banks", "Lennon Stella", "Lauren Daigle", "Whitney Houston"], "centerDistance": 0.8524852272727274, "angle": 6.126105674500097, "color": [4, 0]}]