[{"songs": ["I Always Wanna Die (Sometimes)", "Void", "Sweater Weather", "Mr. Brightside", "Sky Full of Song", "What You Know", "Gold Rush", "505", "The Ultracheese", "Big God", "Sign Of The Times", "Undercover Martyn", "Stressed Out", "Diane Young", "All My Friends Are Falling In Love", "Quarter Past Midnight", "Someday", "High", "eVeR sinCE nEw yORK", "Shotgun"], "artists": ["The 1975", "The Neighbourhood", "The Neighbourhood", "The Killers", "Florence + the Machine", "Two Door Cinema Club", "Death Cab for Cutie", "Arctic Monkeys", "Arctic Monkeys", "Florence + the Machine", "Harry Styles", "Two Door Cinema Club", "Twenty One Pilots", "Vampire Weekend", "The Vaccines", "Bastille", "The Strokes", "Sir Sly", "Harry Styles", "George Ezra"], "centerDistance": 0.8689441949999999, "angle": 1.0604455657231977, "color": [0, 0]}, {"songs": ["Sincerity Is Scary"], "artists": ["The 1975"], "centerDistance": 0.0, "angle": 2.1520100851926234, "color": [1, 0]}, {"songs": ["My Number", "Pompeii", "Radioactive", "Coming of Age"], "artists": ["Foals", "Bastille", "Imagine Dragons", "Foster the People"], "centerDistance": 0.9282231000000001, "angle": 3.48015964367314, "color": [2, 0]}, {"songs": ["High Hopes", "Breezeblocks", "Nine in the Afternoon", "I Want It All"], "artists": ["Panic! at the Disco", "alt-J", "Panic! at the Disco", "Coin"], "centerDistance": 0.9153941250000001, "angle": 4.808945011197135, "color": [3, 0]}, {"songs": ["Crystalised", "My Mistakes Were Made for You", "She Moves in Her Own Way"], "artists": ["The xx", "The Last Shadow Puppets", "The Kooks"], "centerDistance": 0.9394842666666666, "angle": 6.186629276367141, "color": [4, 0]}]