[{"songs": ["Infinity", "Run in the Rain"], "artists": ["Jaymes Young", "Tom Grennan"], "centerDistance": 0.8460415, "angle": 1.0995574287564276, "color": [0, 0]}, {"songs": ["Live Like Legends", "Game of Survival", "Heroes", "Ocean Eyes", "Rule the World", "Hurricane", "Hold Me Down", "Control", "Mermaid", "24", "Distant", "I Got You", "Battlefield", "Heaven or Hell", "It Happened Quiet", "Sleep Baby Sleep", "Sugarcoat", "Burn Slow", "Ready Yet", "Cliff's Edge"], "artists": ["Ruelle", "Ruelle", "Zayde W\u00f8lf", "Billie Eilish", "Zayde W\u00f8lf", "Fleurie", "Halsey", "Halsey", "Skott", "Jem", "Ocean Jet", "Bebe Rexha", "SVRCINA", "Digital Daggers", "Aurora", "BROODS", "Jaira burns", "Jaira burns", "Sasha Sloan", "Hayley Kiyoko"], "centerDistance": 0.7298402499999999, "angle": 2.356194490192345, "color": [1, 0]}, {"songs": ["Play Date", "Teddy Bear"], "artists": ["Melanie Martinez", "Melanie Martinez"], "centerDistance": 0.8169715, "angle": 3.612831551628262, "color": [2, 0]}, {"songs": ["you should see me in a crown"], "artists": ["Billie Eilish"], "centerDistance": 0.7707269999999999, "angle": 4.869468613064179, "color": [3, 0]}, {"songs": ["Faking It", "Sad"], "artists": ["Sasha Sloan", "Bebe Rexha"], "centerDistance": 0.8633095, "angle": 6.126105674500097, "color": [4, 0]}]