[{"songs": ["Take A Byte", "Stevie\u2019s Dream", "Thank U, Next", "Nasa", "The Distance (feat. Ty Dolla $ign)", "With You", "Charcoal Baby", "Done For Me (feat. Kehlani)", "Ivy", "The Way I Am", "That's What I Like", "Like I Do", "Say My Name", "24K Magic", "El Anillo", "Little Red Corvette", "Kiss", "Come Down", "Me So Bad (feat. Ty Dolla $ign & French Montana)", "Honey"], "artists": ["Janelle Mon\u00e1e", "Janelle Mon\u00e1e", "Ariana Grande", "Ariana Grande", "Mariah Carey", "Mariah Carey", "Blood Orange", "Charlie Puth", "Frank Ocean", "Charlie Puth", "Bruno Mars", "Christina Aguilera", "Destiny's Child", "Bruno Mars", "Jennifer Lopez", "Prince", "Prince & The Revolution", "Anderson .Paak", "Tinashe", "Kehlani"], "centerDistance": 0.820367635, "angle": 1.2133857755380797, "color": [0, 0]}, {"songs": ["Nights Like This (feat. Ty Dolla $ign)"], "artists": ["Kehlani"], "centerDistance": 0.865885, "angle": 2.545908401495098, "color": [1, 0]}, {"songs": ["Girlfriend"], "artists": ["MNEK"], "centerDistance": 0.9463831, "angle": 3.499003204846611, "color": [2, 0]}, {"songs": ["sauce"], "artists": ["Dawn Richard"], "centerDistance": 0.9611154, "angle": 4.8315258308036295, "color": [3, 0]}, {"songs": ["Crown"], "artists": ["Kelly Rowland"], "centerDistance": 0.9700156, "angle": 6.164048456760647, "color": [4, 0]}]