[{"songs": ["Can't Get You Out of My Head", "Hung Up", "Believe"], "artists": ["Kylie Minogue", "Madonna", "Cher"], "centerDistance": 0.8839111666666666, "angle": 4.749552567803705, "color": [0, 0]}, {"songs": ["Truth", "Hella Good", "Settle Down", "Into You", "Blow Your Mind (Mwah)", "Dancing", "Perfect Illusion", "Be Alright", "Maneater", "Swish Swish (Feat. Nicki Minaj)", "Make Me... (feat. G-Eazy)", "Birthday", "Womanizer", "No More Sad Songs", "Work from Home (feat. Ty Dolla $ign)", "M.I.L.F. $", "I Got You", "Ray of Light", "Promiscuous", "Call It What You Want"], "artists": ["Gwen Stefani", "No Doubt", "No Doubt", "Ariana Grande", "Dua Lipa", "Kylie Minogue", "Lady Gaga", "Ariana Grande", "Nelly Furtado", "Katy Perry", "Britney Spears", "Katy Perry", "Britney Spears", "Little Mix", "Fifth Harmony", "Fergie", "Bebe Rexha", "Madonna", "Nelly Furtado", "Taylor Swift"], "centerDistance": 0.8373128999999999, "angle": 6.246021719760572, "color": [1, 0]}, {"songs": ["Party for One", "1999", "Voices in My Head"], "artists": ["Carly Rae Jepsen", "Charli XCX", "Ashley Tisdale"], "centerDistance": 0.8907316666666666, "angle": 1.1325789325677489, "color": [2, 0]}, {"songs": ["Look What You Made Me Do", "All The Ways", "The Cure", "Bad Liar"], "artists": ["Taylor Swift", "Meghan Trainor", "Lady Gaga", "Selena Gomez"], "centerDistance": 0.89189395, "angle": 2.3898495811404743, "color": [3, 0]}, {"songs": ["Misery"], "artists": ["Gwen Stefani"], "centerDistance": 0.0, "angle": 3.5611314822835425, "color": [4, 0]}]