[{"songs": ["3005"], "artists": ["Childish Gambino"], "centerDistance": 0.7922130000000001, "angle": 1.0625569645088584, "color": [0, 0]}, {"songs": ["Break the Bank", "Gangsta", "Long Live A$AP", "6 God", "i", "Started from the Bottom", "Dump Dump", "Hol' Up", "Shot You Down (feat. Jay Rock & Schoolboy Q)", "Blood on the Leaves", "Let It Go", "Peso", "R.I.P. Kevin Miller", "All My Life", "Deeper", "Black Skinhead", "Palm Trees (Prod. By Erick Arc Elliott)", "Illuminate (feat. Kendrick Lamar)", "All Your Fault (feat. Kanye West)", "Bonfire"], "artists": ["ScHoolboy Q", "ScHoolboy Q", "A$AP Rocky", "Drake", "Kendrick Lamar", "Drake", "A$AP Ferg", "Kendrick Lamar", "Isaiah Rashad", "Kanye West", "A$AP Ferg", "A$AP Rocky", "Isaiah Rashad", "Run the Jewels", "Freddie Gibbs & Madlib", "Kanye West", "Flatbush ZOMBiES", "Ab-Soul", "Big Sean", "Childish Gambino"], "centerDistance": 0.7086827500000001, "angle": 2.329765587158367, "color": [1, 0]}, {"songs": ["We Dem Boyz"], "artists": ["Wiz Khalifa"], "centerDistance": 0.751188, "angle": 3.5969742098078754, "color": [2, 0]}, {"songs": ["Apparently"], "artists": ["J. Cole"], "centerDistance": 0.713823, "angle": 4.864182832457384, "color": [3, 0]}, {"songs": ["No Role Modelz"], "artists": ["J. Cole"], "centerDistance": 0.6685760000000001, "angle": 6.131391455106892, "color": [4, 0]}]