[{"songs": ["Come into the Water", "Old Friend", "It's Not Just Me", "When I'm with Him", "Trust Me Baby", "Dark Spring", "Slow Disco", "Savior", "SOUVENIR", "Mr. Tillman", "DATE NIGHT", "Rome (Always in the Dark)", "You Get", "Hard Rain", "In Your Face", "HARMONY HALL", "Sober", "Should Have Known Better", "Hard Feelings/Loveless", "As a Man"], "artists": ["Mitski", "Mitski", "Let's Eat Grandma", "Empress Of", "Empress Of", "Beach House", "St. Vincent", "St. Vincent", "Boygenius", "Father John Misty", "Father John Misty", "Low", "Cat Power", "Lykke Li", "Cat Power", "Vampire Weekend", "Lorde", "Sufjan Stevens", "Lorde", "Anna Calvi"], "centerDistance": 0.81994492, "angle": 3.592225385601054, "color": [0, 0]}, {"songs": ["The System Only Dreams in Total Darkness", "Day I Die"], "artists": ["The National", "The National"], "centerDistance": 0.9637514, "angle": 4.861185803863679, "color": [1, 0]}, {"songs": ["NEED A LITTLE TIME", "CITY LOOKS PRETTY", "BEFORE THE WATER GETS TOO HIGH", "John My Beloved", "Pretty", "When You Die", "Shark Smile", "APATHY", "VEGAS", "KNOCKED DOWN"], "artists": ["Courtney Barnett", "Courtney Barnett", "Parquet Courts", "Sufjan Stevens", "Girlpool", "MGMT", "Big Thief", "Frankie Cosmos", "Big Thief", "The War on Drugs"], "centerDistance": 0.9344713499999999, "angle": 6.134388483700597, "color": [2, 0]}, {"songs": ["Hunnybee"], "artists": ["Unknown Mortal Orchestra"], "centerDistance": 0.9553074, "angle": 1.0543045490758054, "color": [3, 0]}, {"songs": ["Obvious Bicycle"], "artists": ["Vampire Weekend"], "centerDistance": 0.9622723, "angle": 2.32326496733843, "color": [4, 0]}]