[{"songs": ["Lindo Demais", "Lobos", "No Hablo Espa\u00f1ol", "Ai, Amor", "No Tears Left To Cry", "Dona da Minha Vida", "Bloom", "Rebola (Participa\u00e7\u00e3o Especial de Carlinhos Brown e Gloria Groove)", "N\u00e3o Nega", "In My Blood", "A Cor \u00c9 Rosa", "Toda Sua", "Duas da Tarde", "Fica", "High Hopes", "In the Dark", "Let Me", "Bang", "Nossa m\u00fasica", "Fallin' All In You"], "artists": ["J\u00e3o", "J\u00e3o", "Pabllo Vittar", "ANAVIT\u00d3RIA", "Ariana Grande", "Rouge", "Troye Sivan", "IZA", "Mateus Carrilho", "Shawn Mendes", "Silva", "IZA", "Silva", "ANAVIT\u00d3RIA", "Panic! at the Disco", "Camila Cabello", "Zayn", "Anitta", "UM44K", "Shawn Mendes"], "centerDistance": 0.7457074499999999, "angle": 1.125589241975459, "color": [0, 0]}, {"songs": ["N\u00e3o Perco Meu Tempo", "Sapequinha", "What I Need (feat. Kehlani)"], "artists": ["Anitta", "Lexa", "Hayley Kiyoko"], "centerDistance": 0.7676940666666666, "angle": 2.3561944901923457, "color": [1, 0]}, {"songs": ["Sad", "Mine"], "artists": ["Bebe Rexha", "Bebe Rexha"], "centerDistance": 0.9100265999999999, "angle": 3.586799738409232, "color": [2, 0]}, {"songs": ["My My My!", "More Than That", "Sue Me", "Growing Pains"], "artists": ["Troye Sivan", "Lauren Jauregui", "Sabrina Carpenter", "Alessia Cara"], "centerDistance": 0.8597582500000001, "angle": 4.817404986626118, "color": [3, 0]}, {"songs": ["Birdie", "I Fell In Love With the Devil"], "artists": ["Avril Lavigne", "Avril Lavigne"], "centerDistance": 0.9027594000000001, "angle": 6.178169300938158, "color": [4, 0]}]