[{"songs": ["CRY BABY", "Too Late To Say Goodbye", "Lonely Boy", "Love Is Mystical", "Bad Habit", "The Way You Used To Do", "The Sky Is A Neighborhood", "Birch Tree", "Purple Yellow Red and Blue", "HARMONY HALL", "Stop Stop", "Keep On", "Brazil", "Stolen Dance", "All I Think About Now", "Exits", "Bunker", "Do Not Claim Them Anymore", "Outta My Mind", "List of Demands (Reparations)"], "artists": ["Cage the Elephant", "Cage the Elephant", "The Black Keys", "Cold War Kids", "The Kooks", "Queens of the Stone Age", "Foo Fighters", "Foals", "Portugal. The Man", "Vampire Weekend", "The Black Keys", "Portugal. The Man", "Declan Mckenna", "Milky Chance", "Pixies", "Foals", "Balthazar", "Balthazar", "The Arcs", "The Kills"], "centerDistance": 0.766107, "angle": 3.640403776769508, "color": [0, 0]}, {"songs": ["Four Out of Five", "One Point Perspective"], "artists": ["Arctic Monkeys", "Arctic Monkeys"], "centerDistance": 0.8108930000000001, "angle": 4.653355877910972, "color": [1, 0]}, {"songs": ["Put Your Money on Me", "Signs of Life"], "artists": ["Arcade Fire", "Arcade Fire"], "centerDistance": 0.8681270000000001, "angle": 0.05903310247371785, "color": [2, 0]}, {"songs": ["The System Only Dreams in Total Darkness", "Day I Die"], "artists": ["The National", "The National"], "centerDistance": 0.8469065, "angle": 1.4095232448681525, "color": [3, 0]}, {"songs": ["The Less I Know the Better", "Doing It To Death", "Dreams", "Cocoon", "Les Cactus"], "artists": ["Tame Impala", "The Kills", "Beck", "Milky Chance", "The Last Shadow Puppets"], "centerDistance": 0.8680550199999999, "angle": 2.621188879536424, "color": [4, 0]}]