[{"songs": ["a lot", "Faucet Failure", "Psycho (feat. Ty Dolla $ign)", "10 Freaky Girls (feat. 21 Savage)", "Babyface Savage (feat. Tory Lanez)"], "artists": ["21 Savage", "SKI MASK THE SLUMP GOD", "Post Malone", "Metro Boomin", "Bhad Bhabie"], "centerDistance": 0.3991644, "angle": 2.3148727878088495, "color": [0, 0]}, {"songs": ["Japan", "Pick It Up (Feat. A$AP Rocky)"], "artists": ["Famous Dex", "Famous Dex"], "centerDistance": 0.3352295, "angle": 3.5612179793373935, "color": [1, 0]}, {"songs": ["Good Form", "Hard White"], "artists": ["Nicki Minaj", "Nicki Minaj"], "centerDistance": 0.5024170000000001, "angle": 4.8075631708659365, "color": [2, 0]}, {"songs": ["Look at Me!", "Hokage", "Gimme The Loot", "Racks On Racks", "Gucci Gang", "Lucid Dreams", "out for the night", "Lean 4 Real (feat. Skepta)", "\u042e\u043c\u043e\u0440\u0438\u0441\u0442", "\u041c\u041e\u0419 \u041a\u0410\u041b\u0410\u0428\u041d\u0418\u041a\u041e\u0412", "Love Hurts (feat. Travis Scott)", "rockstar (feat. 21 Savage)", "Plain Jane", "Foot Fungus", "Taking A Walk", "All Girls Are The Same", "SAD!", "Praise The Lord (Da Shine) [feat. Skepta]", "Don't Come Out the House (feat. 21 Savage)", "Praise The Lord (Da Shine)"], "artists": ["xxxtentacion", "Big Baby Tape", "Big Baby Tape", "LIL PUMP", "LIL PUMP", "Juice WRLD", "21 Savage", "Playboi Carti", "Face", "Face", "Playboi Carti", "Post Malone", "A$AP Ferg", "SKI MASK THE SLUMP GOD", "Trippie Redd", "Juice WRLD", "xxxtentacion", "A$AP Rocky", "Metro Boomin", "A$AP Rocky"], "centerDistance": 0.29479240000000007, "angle": 6.188011116698339, "color": [3, 0]}, {"songs": ["Mo Bamba", "Topanga", "Walk", "Yacht Club (feat. Juice WRLD)", "Leave Me Alone"], "artists": ["Sheck Wes", "Trippie Redd", "Comethazine", "Lil Yachty", "Flipp Dinero"], "centerDistance": 0.2971508, "angle": 1.151171001047297, "color": [4, 0]}]