[{"songs": ["No Role Modelz", "Swervin (feat. 6ix9ine)", "Silent Ride", "Proud of U (feat. Young Thug)", "Off Deez (with J. Cole)", "Tribe (with J. Cole)", "No Stylist", "OSOM (feat. J. Cole)", "Energy", "Self Care", "10 Bands", "Lucid Dreams", "Come Back Baby", "Calligraphy", "Real Friends", "3005", "Man of the Year", "Paper Trail$", "Legendary (feat. J. Cole)", "The Art of Peer Pressure"], "artists": ["J. Cole", "A Boogie Wit da Hoodie", "Boogie", "EarthGang", "Jid", "Bas", "French Montana", "Jay Rock", "Drake", "Mac Miller", "Drake", "Juice WRLD", "Pusha T", "Saba", "Kanye West", "Childish Gambino", "ScHoolboy Q", "Joey Bada$$", "Joey Bada$$", "Kendrick Lamar"], "centerDistance": 0.5160361, "angle": 2.342240023745545, "color": [0, 0]}, {"songs": ["all my friends", "Purge"], "artists": ["21 Savage", "Bas"], "centerDistance": 0.4189145, "angle": 3.3920321221160377, "color": [1, 0]}, {"songs": ["KOD", "10 Freaky Girls (with 21 Savage)", "Backseat Freestyle", "DR. WHOEVER", "Dark Things"], "artists": ["J. Cole", "Metro Boomin", "Kendrick Lamar", "Amin\u00e9", "Vic Mensa"], "centerDistance": 0.5784924, "angle": 4.779261834083632, "color": [2, 0]}, {"songs": ["Invincible"], "artists": ["Amin\u00e9"], "centerDistance": 0.711608, "angle": 6.2163124534806435, "color": [3, 0]}, {"songs": ["151 Rum", "Lean Wit Me", "Like Woah"], "artists": ["Jid", "Juice WRLD", "Logic"], "centerDistance": 0.6071356666666667, "angle": 1.2924479253750523, "color": [4, 0]}]