[{"songs": ["Tag, You're It", "Bellyache", "Off to the Races", "my boy", "Million Dollar Man", "New Americana", "Dangerous Woman", "Young God", "I Did Something Bad", "No Tears Left To Cry", "Tennis Court", "In the Dark", "Hey Hey Hey", "True Disaster", "Bad Liar", "Body Heat", "Ain't My Fault", "Blow Your Mind (Mwah)", "Old Ways", "Froot"], "artists": ["Melanie Martinez", "Billie Eilish", "Lana Del Rey", "Billie Eilish", "Lana Del Rey", "Halsey", "Ariana Grande", "Halsey", "Taylor Swift", "Ariana Grande", "Lorde", "Camila Cabello", "Katy Perry", "Tove Lo", "Selena Gomez", "Selena Gomez", "Zara Larsson", "Dua Lipa", "Demi Lovato", "Marina & the Diamonds"], "centerDistance": 0.8147191499999998, "angle": 3.607647893188461, "color": [0, 0]}, {"songs": ["Alphabet Boy", "Green Light", "Bigger Than Me", "Confident", "My My My!", "IDGAF", "What I Need (feat. Kehlani)", "Bigger Wow"], "artists": ["Melanie Martinez", "Lorde", "Katy Perry", "Demi Lovato", "Troye Sivan", "Dua Lipa", "Hayley Kiyoko", "Avril Lavigne"], "centerDistance": 0.7770767374999998, "angle": 4.8185572990304575, "color": [1, 0]}, {"songs": ["Sad", "Pillow"], "artists": ["Bebe Rexha", "Bebe Rexha"], "centerDistance": 0.8836545, "angle": 6.177016988533818, "color": [2, 0]}, {"songs": ["More Than That", "Expectations"], "artists": ["Lauren Jauregui", "Lauren Jauregui"], "centerDistance": 0.9021682, "angle": 1.0955127175943709, "color": [3, 0]}, {"songs": ["Look What You Made Me Do", "Sweet but Psycho", "Me Beija Com Raiva", "Woman Like Me (feat. Nicki Minaj)"], "artists": ["Taylor Swift", "Ava Max", "J\u00e3o", "Little Mix"], "centerDistance": 0.8839860999999999, "angle": 2.4056118202861665, "color": [4, 0]}]