[{"songs": ["Everybody Bleeds the Same", "One", "Take you home", "Hell After This", "Haunted House", "Wish You Were Gay", "You And I", "What You Said", "Sou Mais Eu", "Good Vibes", "Devil in Paradise", "FOOLISH", "AFTER YOU", "COPYCAT", "Z\u00e9 do Caro\u00e7o", "Superstar", "Bad Idea", "Wonderland", "Love Me & Let Me Go", "Bloodline"], "artists": ["Kerli", "Kerli", "Dido", "Dido", "Florence + the Machine", "Billie Eilish", "L\u00e9on", "L\u00e9on", "Rouge", "Rouge", "Cruel Youth", "Meghan Trainor", "Meghan Trainor", "Billie Eilish", "Anitta", "Marina", "Ariana Grande", "Natalia Kills", "Ashley Tisdale", "Ariana Grande"], "centerDistance": 0.8685837685000001, "angle": 2.2813454588879614, "color": [0, 0]}, {"songs": ["Now That I Found You"], "artists": ["Carly Rae Jepsen"], "centerDistance": 0.99722706, "angle": 3.4448127851660733, "color": [1, 0]}, {"songs": ["Handmade Heaven", "Flux", "Swan Song (From The Motion Picture \"Alita: Battle Angel\")"], "artists": ["Marina", "Ellie Goulding", "Dua Lipa"], "centerDistance": 0.9965312399999999, "angle": 4.811972214480115, "color": [2, 0]}, {"songs": ["Pretty", "Terrified"], "artists": ["Terror Jr", "Terror Jr"], "centerDistance": 0.9984157499999999, "angle": 6.18360207308416, "color": [3, 0]}, {"songs": ["Dumb Blonde (feat. Nicki Minaj)", "Bigger Wow", "hope is a dangerous thing for a woman like me to have - but i have it"], "artists": ["Avril Lavigne", "Avril Lavigne", "Lana Del Rey"], "centerDistance": 0.9967557033333333, "angle": 1.0638840921826862, "color": [4, 0]}]