[{"songs": ["Vegas Lights", "This Is Gospel", "Centuries", "My Songs Know What You Did in the Dark (Light Em Up)", "Part II", "Last Hope", "SING", "Na Na Na (Na Na Na Na Na Na Na Na Na)", "Let It Go", "Pompeii", "I Bet My Life", "Snap Out of It", "Hear Me", "Girls", "All the Right Moves", "This Is War", "Supermassive Black Hole", "The City Is At War", "The Kill", "Apologize"], "artists": ["Panic! at the Disco", "Panic! at the Disco", "Fall Out Boy", "Fall Out Boy", "Paramore", "Paramore", "My Chemical Romance", "My Chemical Romance", "The Neighbourhood", "Bastille", "Imagine Dragons", "Arctic Monkeys", "Imagine Dragons", "The 1975", "OneRepublic", "30 Seconds to Mars", "Muse", "Cobra Starship", "30 Seconds to Mars", "OneRepublic"], "centerDistance": 0.78471505, "angle": 2.329371954566521, "color": [0, 0]}, {"songs": ["Female Robbery"], "artists": ["The Neighbourhood"], "centerDistance": 0.855191, "angle": 3.5967380302527676, "color": [1, 0]}, {"songs": ["Somebody Told Me", "Mr. Brightside"], "artists": ["The Killers", "The Killers"], "centerDistance": 0.9017849499999999, "angle": 4.864104105939015, "color": [2, 0]}, {"songs": ["Move Along", "It Ends Tonight"], "artists": ["The All-American Rejects", "The All-American Rejects"], "centerDistance": 0.92946285, "angle": 6.131470181625262, "color": [3, 0]}, {"songs": ["Bad Blood"], "artists": ["Bastille"], "centerDistance": 0.860609, "angle": 1.115650950131922, "color": [4, 0]}]