[{"songs": ["Look Back At It", "SAUCE!", "BUTTERFLY DOORS", "Racks On Racks", "ball w/o you", "out for the night", "R.I.P.", "Same Yung Nigga (feat. Playboi Carti)", "20 Min", "Heartless", "One Minute (feat. Kanye West & Travis Barker)", "Ps & Qs", "Chanel (Go Get It) [feat. Gunna & Lil Baby]", "1400 / 999 Freestyle (feat. Juice WRLD)", "Pt. 2", "Choppa Won't Miss (feat. Young Thug)", "KANGA (feat. Kanye West)", "Love Scars 3", "Get Dripped (feat. Playboi Carti)", "On The Run (feat. Offset)"], "artists": ["A Boogie Wit da Hoodie", "xxxtentacion", "LIL PUMP", "LIL PUMP", "21 Savage", "21 Savage", "Playboi Carti", "Gunna", "LIL UZI VERT", "Kanye West", "xxxtentacion", "LIL UZI VERT", "Young Thug", "Trippie Redd", "Kanye West", "Playboi Carti", "6ix9ine", "Trippie Redd", "Lil Yachty", "Young Thug"], "centerDistance": 0.3061139, "angle": 3.590512126403242, "color": [0, 0]}, {"songs": ["Space Cadet (feat. Gunna)", "10 Freaky Girls (with 21 Savage)"], "artists": ["Metro Boomin", "Metro Boomin"], "centerDistance": 0.39922450000000004, "angle": 4.824829762614139, "color": [1, 0]}, {"songs": ["MAMA (feat. Nicki Minaj, Kanye West)"], "artists": ["6ix9ine"], "centerDistance": 0.40594300000000005, "angle": 6.170744524950137, "color": [2, 0]}, {"songs": ["Yacht Club (feat. Juice WRLD)"], "artists": ["Lil Yachty"], "centerDistance": 0.472411, "angle": 1.1218768539814477, "color": [3, 0]}, {"songs": ["Psycho (feat. Ty Dolla $ign)"], "artists": ["Post Malone"], "centerDistance": 0.7453080000000001, "angle": 2.356194490192344, "color": [4, 0]}]