[{"songs": ["Hurts Like Hell (feat. Offset)", "Woman Like Me (feat. Nicki Minaj)", "Sweet but Psycho", "Without Me"], "artists": ["Madison Beer", "Little Mix", "Ava Max", "Halsey"], "centerDistance": 0.842182, "angle": 1.0333160676667346, "color": [0, 0]}, {"songs": ["prfct", "Diamonds Are Forever", "Thank U, Next", "Tyler Durden", "Forget You Not", "Voices in My Head", "bored", "7 Days", "In the Dark", "God is a Woman", "Easier Said", "Call It What You Want", "Wanna Be Missed", "Keep Talking (feat. Julia Michaels)", "King of My Heart", "outside", "Daddy Issues", "Falling to Pieces", "N\u00e3o Perco Meu Tempo", "Particular Taste"], "artists": ["Sabrina Carpenter", "Sabrina Carpenter", "Ariana Grande", "Madison Beer", "Little Mix", "Ashley Tisdale", "Bea Miller", "Alessia Cara", "Camila Cabello", "Ariana Grande", "Alessia Cara", "Taylor Swift", "Hayley Kiyoko", "Rita Ora", "Taylor Swift", "Bea Miller", "Demi Lovato", "Rita Ora", "Anitta", "Shawn Mendes"], "centerDistance": 0.7999064050000001, "angle": 2.10023159408674, "color": [1, 0]}, {"songs": ["Anxiety (feat. Selena Gomez)", "Into You"], "artists": ["Julia Michaels", "Julia Michaels"], "centerDistance": 0.894176, "angle": 3.281961238990392, "color": [2, 0]}, {"songs": ["My Way", "Feelings", "Tell Me It's Over", "Plum", "Bad Liar", "My My My!"], "artists": ["Ava Max", "Hayley Kiyoko", "Avril Lavigne", "Troye Sivan", "Selena Gomez", "Troye Sivan"], "centerDistance": 0.9151180833333333, "angle": 4.754766006878273, "color": [3, 0]}, {"songs": ["Mine", "Sad"], "artists": ["Bebe Rexha", "Bebe Rexha"], "centerDistance": 0.9149632, "angle": 6.240808280686004, "color": [4, 0]}]