[{"songs": ["From Finner", "King and Lionheart", "Ho Hey", "Stubborn Love", "I Will Wait", "Riptide", "Little Lion Man", "Tongue Tied", "What You Know", "It's Time", "Anna Sun", "On Top of the World", "Undercover Martyn", "My Body", "Cough Syrup", "Mykonos", "Home", "Colours", "Why'd You Only Call Me When You're High?", "Afraid"], "artists": ["Of Monsters and Men", "Of Monsters and Men", "The Lumineers", "The Lumineers", "Mumford & Sons", "Vance Joy", "Mumford & Sons", "Grouplove", "Two Door Cinema Club", "Imagine Dragons", "Walk the Moon", "Imagine Dragons", "Two Door Cinema Club", "Young the Giant", "Young the Giant", "Fleet Foxes", "Phillip Phillips", "Grouplove", "Arctic Monkeys", "The Neighbourhood"], "centerDistance": 0.74147535, "angle": 2.1743838049590116, "color": [0, 0]}, {"songs": ["Coming of Age", "Don't Stop (Color on the Walls)", "She Moves in Her Own Way"], "artists": ["Foster the People", "Foster the People", "The Kooks"], "centerDistance": 0.8686076666666667, "angle": 3.298555117957932, "color": [1, 0]}, {"songs": ["Diane Young", "Unbelievers"], "artists": ["Vampire Weekend", "Vampire Weekend"], "centerDistance": 0.8703784999999999, "angle": 4.74643088738042, "color": [2, 0]}, {"songs": ["Mr. Brightside", "Somebody Told Me"], "artists": ["The Killers", "The Killers"], "centerDistance": 0.8617874999999999, "angle": 6.249143400183856, "color": [3, 0]}, {"songs": ["Things We Lost in the Fire", "R U Mine?", "Crystalised", "My Number", "Reflektor", "Sex on Fire", "Shuffle"], "artists": ["Bastille", "Arctic Monkeys", "The xx", "Foals", "Arcade Fire", "Kings of Leon", "Bombay Bicycle Club"], "centerDistance": 0.8799308571428571, "angle": 1.0624407696076439, "color": [4, 0]}]