[{"songs": ["Helicopter", "Banquet"], "artists": ["Bloc Party", "Bloc Party"], "centerDistance": 0.8189095000000001, "angle": 1.1180890612537677, "color": [0, 0]}, {"songs": ["Chelsea Dagger", "Mardy Bum", "Can't Stand Me Now", "Henrietta", "Ruby", "Take Me Out", "Fire", "Munich", "No You Girls", "Reptilia", "Someday", "Standing Next to Me", "Calm Like You", "Apply Some Pressure", "Mr. Brightside", "Golden Skans", "When You Were Young"], "artists": ["The Fratellis", "Arctic Monkeys", "The Libertines", "The Fratellis", "Kaiser Chiefs", "Franz Ferdinand", "Kasabian", "Editors", "Franz Ferdinand", "The Strokes", "The Strokes", "The Last Shadow Puppets", "The Last Shadow Puppets", "Max\u00efmo Park", "The Killers", "Klaxons", "The Killers"], "centerDistance": 0.8448548823529412, "angle": 2.3031713379831205, "color": [1, 0]}, {"songs": ["She Moves in Her Own Way", "If You Wanna", "Shuffle", "I Predict a Riot", "Diane Young", "Death"], "artists": ["The Kooks", "The Vaccines", "Bombay Bicycle Club", "Kaiser Chiefs", "Vampire Weekend", "White Lies"], "centerDistance": 0.8366526666666667, "angle": 3.4347702877501587, "color": [2, 0]}, {"songs": ["Undercover Martyn", "Something Good Can Work"], "artists": ["Two Door Cinema Club", "Two Door Cinema Club"], "centerDistance": 0.8066025, "angle": 4.793794788244352, "color": [3, 0]}, {"songs": ["Lost In The Post", "Kill The Director", "Always Where I Need to Be", "Always Like This", "Don't Look Back into the Sun", "I Bet You Look Good on the Dancefloor", "I Found Out", "A-Punk", "My Number", "Take Her Back", "Nobody Move, Nobody Get Hurt", "Shoot the Runner", "Tongue Tied", "Post Break-Up Sex", "Colours", "Anna Sun", "Shake Me Down", "Toothpaste Kisses", "Delivery", "Rearrange"], "artists": ["The Wombats", "The Wombats", "The Kooks", "Bombay Bicycle Club", "The Libertines", "Arctic Monkeys", "The Pigeon Detectives", "Vampire Weekend", "Foals", "The Pigeon Detectives", "We Are Scientists", "Kasabian", "Grouplove", "The Vaccines", "Grouplove", "Walk the Moon", "Cage the Elephant", "The Maccabees", "Babyshambles", "Miles Kane"], "centerDistance": 0.7610854, "angle": 6.201779499319924, "color": [4, 0]}]