[{"songs": ["Mad Hatter", "Pity Party", "Born to Die", "Bellyache", "Wildest Dreams", "Gasoline", "Roman Holiday", "Dangerous Woman", "FOOLS", "Wild", "Touch It", "Sober", "COPYCAT", "Unconditionally", "Shivering Gold", "Legendary Lovers", "Lindo Demais", "Kiss It Better", "In the Dark", "Blue"], "artists": ["Melanie Martinez", "Melanie Martinez", "Lana Del Rey", "Billie Eilish", "Taylor Swift", "Halsey", "Halsey", "Ariana Grande", "Troye Sivan", "Troye Sivan", "Ariana Grande", "Selena Gomez", "Billie Eilish", "Katy Perry", "Tove Lo", "Katy Perry", "J\u00e3o", "Rihanna", "Camila Cabello", "Marina & the Diamonds"], "centerDistance": 0.7273444, "angle": 1.0995574287564276, "color": [0, 0]}, {"songs": ["High by the Beach"], "artists": ["Lana Del Rey"], "centerDistance": 0.776351, "angle": 2.356194490192345, "color": [1, 0]}, {"songs": ["Blank Space", "The Heart Wants What It Wants", "Sledgehammer"], "artists": ["Taylor Swift", "Selena Gomez", "Fifth Harmony"], "centerDistance": 0.8330303333333333, "angle": 3.612831551628262, "color": [2, 0]}, {"songs": ["Sleepover"], "artists": ["Hayley Kiyoko"], "centerDistance": 0.871073, "angle": 4.869468613064179, "color": [3, 0]}, {"songs": ["More Than That"], "artists": ["Lauren Jauregui"], "centerDistance": 0.861375, "angle": 6.126105674500097, "color": [4, 0]}]