[{"songs": ["R U Mine?", "Do I Wanna Know?"], "artists": ["Arctic Monkeys", "Arctic Monkeys"], "centerDistance": 0.99227559, "angle": 1.0995574287564276, "color": [0, 0]}, {"songs": ["Love It If We Made It"], "artists": ["The 1975"], "centerDistance": 0.99325916, "angle": 2.356194490192345, "color": [1, 0]}, {"songs": ["Morph", "Smithereens", "Homemade Dynamite", "Superposition", "Ribs", "Little Dark Age", "Rose-Colored Boy", "POOl", "Me and Michael", "Up in Flames", "Walls Could Talk", "Howl", "Eat That Up, It's Good for You", "On Hold", "Don't Take The Money", "Say Something Loving", "Alone", "This Must Be my Dream", "Nobody Can Save Me", "Girl That You Love"], "artists": ["Twenty One Pilots", "Twenty One Pilots", "Lorde", "Young the Giant", "Lorde", "MGMT", "Paramore", "Paramore", "MGMT", "Years & Years", "Halsey", "Years & Years", "Two Door Cinema Club", "The xx", "Bleachers", "The xx", "Halsey", "The 1975", "Linkin Park", "Panic! at the Disco"], "centerDistance": 0.8451980800000001, "angle": 3.612831551628262, "color": [2, 0]}, {"songs": ["Natural", "High Hopes"], "artists": ["Imagine Dragons", "Panic! at the Disco"], "centerDistance": 0.98868355, "angle": 4.869468613064179, "color": [3, 0]}, {"songs": ["Pumped Up Kicks", "when the party's over"], "artists": ["Foster the People", "Billie Eilish"], "centerDistance": 0.992742695, "angle": 6.126105674500097, "color": [4, 0]}]