[{"songs": ["Crying Out Your Name", "Sober", "Heroes", "Release Me", "Sting", "Radioactive", "Applause", "Not on Drugs", "Glassheart", "Phoenix", "Let There Be Love", "Into the Blue", "ARTPOP", "Talking Body", "Het", "Mirrors", "Your Body", "Crazy Kids", "C'mon", "Set Your Body Free"], "artists": ["Loreen", "Loreen", "M\u00e5ns Zelmerl\u00f6w", "Agnes", "Eric Saade", "Rita Ora", "Lady Gaga", "Tove Lo", "Leona Lewis", "Molly Sand\u00e9n", "Christina Aguilera", "Kylie Minogue", "Lady Gaga", "Tove Lo", "Timoteij", "Natalia Kills", "Christina Aguilera", "Ke$ha", "Ke$ha", "Danny Saucedo"], "centerDistance": 0.8004991450000001, "angle": 1.2024103611553052, "color": [0, 0]}, {"songs": ["Your Love"], "artists": ["Nicole Scherzinger"], "centerDistance": 0.891708, "angle": 2.356194490192345, "color": [1, 0]}, {"songs": ["Get Outta My Way"], "artists": ["Kylie Minogue"], "centerDistance": 0.8891249999999999, "angle": 3.509978619229384, "color": [2, 0]}, {"songs": ["Don't Hold Your Breath"], "artists": ["Nicole Scherzinger"], "centerDistance": 0.870827, "angle": 4.663762748266423, "color": [3, 0]}, {"songs": ["On the Metro"], "artists": ["Girls Aloud"], "centerDistance": 0.9067732, "angle": 0.048626232118266444, "color": [4, 0]}]