[{"songs": ["Bloom", "No Tears Left To Cry", "breathin", "In My Blood", "1999", "I Did Something Bad", "Party for One", "Imaturo", "Homemade Dynamite", "She Loves Control", "Lost In Japan", "Curious", "Always Remember Us This Way", "Bad Liar", "In the Dark", "Bad At Love", "Heart to Break", "Disco Tits", "Bellyache", "Shedontknowbutsheknows"], "artists": ["Troye Sivan", "Ariana Grande", "Ariana Grande", "Shawn Mendes", "Charli XCX", "Taylor Swift", "Carly Rae Jepsen", "J\u00e3o", "Lorde", "Camila Cabello", "Shawn Mendes", "Hayley Kiyoko", "Lady Gaga", "Selena Gomez", "Camila Cabello", "Halsey", "Kim Petras", "Tove Lo", "Billie Eilish", "Tove Lo"], "centerDistance": 0.7366019499999997, "angle": 4.863390036336093, "color": [0, 0]}, {"songs": ["Look What You Made Me Do", "Missing U", "IDGAF", "Hair Body Face", "Head Above Water", "Trigger Bang (feat. Giggs)"], "artists": ["Taylor Swift", "Robyn", "Dua Lipa", "Lady Gaga", "Avril Lavigne", "Lily Allen"], "centerDistance": 0.7966808333333334, "angle": 6.132184251228182, "color": [1, 0]}, {"songs": ["Without Me", "Girls (feat. Cardi B, Bebe Rexha & Charli XCX)", "Me Beija Com Raiva", "Want To", "Woman Like Me (feat. Nicki Minaj)", "Let You Love Me", "Growing Pains", "Give Yourself A Try"], "artists": ["Halsey", "Rita Ora", "J\u00e3o", "Dua Lipa", "Little Mix", "Rita Ora", "Alessia Cara", "The 1975"], "centerDistance": 0.8024815000000001, "angle": 1.0771073090150836, "color": [2, 0]}, {"songs": ["Seventeen", "Green Light", "What I Need (feat. Kehlani)", "you should see me in a crown", "Talia"], "artists": ["Troye Sivan", "Lorde", "Hayley Kiyoko", "Billie Eilish", "King Princess"], "centerDistance": 0.6660602, "angle": 2.179488438749466, "color": [3, 0]}, {"songs": ["Nostalgia", "Way Down"], "artists": ["M\u00d8", "M\u00d8"], "centerDistance": 0.841352, "angle": 3.327566753993315, "color": [4, 0]}]