[{"songs": ["Inhaler", "Bad Habit", "Carry Me", "What You Know", "Something Good Can Work", "Banquet", "We Exist", "Snap Out of It", "Why'd You Only Call Me When You're High?", "Fire", "Munich", "Electric Feel", "Kids", "Helicopter", "Golden Skans", "Take Me Out", "Ooh La", "Helena Beat", "Evil", "1901"], "artists": ["Foals", "Foals", "Bombay Bicycle Club", "Two Door Cinema Club", "Two Door Cinema Club", "Bloc Party", "Arcade Fire", "Arctic Monkeys", "Arctic Monkeys", "Kasabian", "Editors", "MGMT", "MGMT", "Bloc Party", "Klaxons", "Franz Ferdinand", "The Kooks", "Foster the People", "Interpol", "Phoenix"], "centerDistance": 0.724947, "angle": 3.6188694790230778, "color": [0, 0]}, {"songs": ["Islands", "Crystalised"], "artists": ["The xx", "The xx"], "centerDistance": 0.8145789999999999, "angle": 4.723972914611176, "color": [1, 0]}, {"songs": ["Shuffle", "Fitzpleasure", "Breezeblocks", "Coming of Age", "Reflektor", "If You Wanna", "Eez-Eh", "She Moves in Her Own Way"], "artists": ["Bombay Bicycle Club", "alt-J", "alt-J", "Foster the People", "Arcade Fire", "The Vaccines", "Kasabian", "The Kooks"], "centerDistance": 0.784637875, "angle": 6.2716013729531, "color": [2, 0]}, {"songs": ["Don't Swallow the Cap", "Sea of Love"], "artists": ["The National", "The National"], "centerDistance": 0.8155965, "angle": 1.0935195013616124, "color": [3, 0]}, {"songs": ["Diane Young", "Unbelievers"], "artists": ["Vampire Weekend", "Vampire Weekend"], "centerDistance": 0.788724, "angle": 2.5137660434349804, "color": [4, 0]}]