[{"songs": ["Adore You", "Crown"], "artists": ["Jessie Ware", "Kelly Rowland"], "centerDistance": 0.91985205, "angle": 1.0995574287564276, "color": [0, 0]}, {"songs": ["Shot Clock", "Best Part (feat. Daniel Caesar)"], "artists": ["Ella Mai", "H.E.R."], "centerDistance": 0.9406517, "angle": 2.356194490192345, "color": [1, 0]}, {"songs": ["Time (Is)", "Jerrod", "Footsteps (feat. Musiq Soulchild)", "Needy", "Butterfly", "Fake Smile", "shades", "Ivy", "Solo", "Tia Tamera (feat. Rico Nasty)", "Where Did I Go?", "Crazy, Classic, Life", "The One", "One Mo' Gen", "I Like That", "8th Grade", "Come Over", "Just a Stranger (feat. Steve Lacy)", "Come Together", "No Angel"], "artists": ["Solange", "Solange", "Kehlani", "Ariana Grande", "Kehlani", "Ariana Grande", "Dawn Richard", "Frank Ocean", "Frank Ocean", "Doja Cat", "Jorja Smith", "Janelle Mon\u00e1e", "Jorja Smith", "Mariah Carey", "Janelle Mon\u00e1e", "Mariah Carey", "The Internet", "Kali Uchis", "The Internet", "Beyonc\u00e9"], "centerDistance": 0.798089425, "angle": 3.612831551628262, "color": [2, 0]}, {"songs": ["dreams and converse"], "artists": ["Dawn Richard"], "centerDistance": 0.855475, "angle": 4.869468613064179, "color": [3, 0]}, {"songs": ["Talk"], "artists": ["Khalid"], "centerDistance": 0.9379691, "angle": 6.126105674500097, "color": [4, 0]}]