[{"songs": ["Look Alive (feat. Drake)", "Plug Walk", "Outside Today", "Taste (feat. Offset)", "Workin Me", "Plain Jane", "Ric Flair Drip (& Metro Boomin)", "Fr Fr (feat. Lil Skies)", "Leave Me", "Moonlight", "Roll in Peace (feat. XXXTENTACION)", "No Stylist", "Hopeless Romantic (feat. Swae Lee)", "Esskeetit", "Praise The Lord (Da Shine)", "SWISH", "SAD!", "Rap Saved Me", "BIGGEST ALLEY OOP", "Drip (feat. Migos)"], "artists": ["BlocBoy JB", "Rich The Kid", "YoungBoy Never Broke Again", "Tyga", "Quavo", "A$AP Ferg", "Offset", "Wiz Khalifa", "Rich The Kid", "xxxtentacion", "Kodak Black", "French Montana", "Wiz Khalifa", "LIL PUMP", "A$AP Rocky", "Tyga", "xxxtentacion", "21 Savage", "Quavo", "Cardi B"], "centerDistance": 0.5003837, "angle": 1.083145000928206, "color": [0, 0]}, {"songs": ["Psycho (feat. Ty Dolla $ign)", "Better Now"], "artists": ["Post Malone", "Post Malone"], "centerDistance": 0.611532, "angle": 2.283894864368039, "color": [1, 0]}, {"songs": ["Japan", "Pick It Up (Feat. A$AP Rocky)", "Transportin'"], "artists": ["Famous Dex", "Famous Dex", "Kodak Black"], "centerDistance": 0.530406, "angle": 3.585739611154195, "color": [2, 0]}, {"songs": ["a lot", "KIKA (feat. Tory Lanez)", "Space Cadet (feat. Gunna)", "Crushed Up", "Fine China", "Red Roses (feat. Landon Cube)"], "artists": ["21 Savage", "6ix9ine", "Metro Boomin", "Future", "Future", "lil skies"], "centerDistance": 0.604139, "angle": 4.829993842896316, "color": [3, 0]}, {"songs": ["Stir Fry", "Walk It Talk It", "Yes Indeed", "Nonstop", "God's Plan", "KOD", "HUMBLE.", "Yikes"], "artists": ["Migos", "Migos", "Lil Baby", "Drake", "Drake", "J. Cole", "Kendrick Lamar", "Kanye West"], "centerDistance": 0.36417999999999995, "angle": 6.165580444667959, "color": [4, 0]}]