[{"songs": ["Money Make Her Smile", "Show Me", "Break Free (feat. Zedd)", "Animals", "Let the Groove Get In", "Take Back the Night", "Sing", "Money on My Mind", "Billionaire (feat. Bruno Mars)", "Ring Off", "Lucky Strike", "Chains", "Piano", "This Moment", "Diamonds", "Some Nights", "What Now", "International Smile", "All of Me", "Army of Me"], "artists": ["Bruno Mars", "Bruno Mars", "Ariana Grande", "Maroon 5", "Justin Timberlake", "Justin Timberlake", "Ed Sheeran", "Sam Smith", "Travie McCoy", "Beyonc\u00e9", "Maroon 5", "Nick Jonas", "Ariana Grande", "Katy Perry", "Rihanna", "fun.", "Rihanna", "Katy Perry", "John Legend", "Christina Aguilera"], "centerDistance": 0.828039195, "angle": 1.0995574287564276, "color": [0, 0]}, {"songs": ["Ready or Not"], "artists": ["Bridgit Mendler"], "centerDistance": 0.944551, "angle": 2.356194490192345, "color": [1, 0]}, {"songs": ["Burn", "Die Young"], "artists": ["Ellie Goulding", "Ke$ha"], "centerDistance": 0.9435179, "angle": 3.612831551628262, "color": [2, 0]}, {"songs": ["Bang Bang"], "artists": ["Jessie J"], "centerDistance": 0.9407376, "angle": 4.869468613064179, "color": [3, 0]}, {"songs": ["XO"], "artists": ["Beyonc\u00e9"], "centerDistance": 0.9326805, "angle": 6.126105674500097, "color": [4, 0]}]