[{"songs": ["Change", "Deja Vu", "Tribe (with J. Cole)", "Off Deez (with J. Cole)", "Bitch, Don\u2019t Kill My Vibe", "OSOM (feat. J. Cole)", "DNA.", "Legendary (feat. J. Cole)", "NEVER", "Praise The Lord (Da Shine) [feat. Skepta]", "Plain Jane", "can't leave without it", "Roll in Peace (feat. XXXTENTACION)", "Boblo Boat (feat. J. Cole)", "Phoenix", "Waves", "Know Yourself", "How Did I Get Here (feat. J. Cole)", "Life", "Flexicution"], "artists": ["J. Cole", "J. Cole", "Bas", "Jid", "Kendrick Lamar", "Jay Rock", "Kendrick Lamar", "Joey Bada$$", "Jid", "A$AP Rocky", "A$AP Ferg", "21 Savage", "Kodak Black", "Royce da 5'9\"", "A$AP Rocky", "Joey Bada$$", "Drake", "Offset", "Saba", "Logic"], "centerDistance": 0.6836967, "angle": 3.59138641227975, "color": [0, 0]}, {"songs": ["44 More", "Yikes"], "artists": ["Logic", "Kanye West"], "centerDistance": 0.7850635, "angle": 4.781996910510573, "color": [1, 0]}, {"songs": ["Psycho (feat. Ty Dolla $ign)"], "artists": ["Post Malone"], "centerDistance": 0.80922, "angle": 6.213577377053702, "color": [2, 0]}, {"songs": ["Soho (feat. JID)"], "artists": ["Boogie"], "centerDistance": 0.8168150000000001, "angle": 1.1009575128185976, "color": [3, 0]}, {"songs": ["a lot", "REEL IT IN", "Space Cadet (feat. Gunna)", "10 Freaky Girls (with 21 Savage)"], "artists": ["21 Savage", "Amin\u00e9", "Metro Boomin", "Metro Boomin"], "centerDistance": 0.7473815, "angle": 2.420820969335269, "color": [4, 0]}]