[{"songs": ["Mine", "you should see me in a crown", "Cake", "High Five", "Want To", "Pretty"], "artists": ["Bebe Rexha", "Billie Eilish", "Melanie Martinez", "Sigrid", "Dua Lipa", "Terror Jr"], "centerDistance": 0.702674, "angle": 4.746940725652594, "color": [0, 0]}, {"songs": ["What I Need (feat. Kehlani)", "Talia"], "artists": ["Hayley Kiyoko", "King Princess"], "centerDistance": 0.7192875, "angle": 6.2486335619116815, "color": [1, 0]}, {"songs": ["Last Hurrah", "Anxiety (feat. Selena Gomez)", "Sweet but Psycho", "My Way", "Without Me", "Plum", "i'm so tired...", "Nostalgia"], "artists": ["Bebe Rexha", "Julia Michaels", "Ava Max", "Ava Max", "Halsey", "Troye Sivan", "Lauv", "M\u00d8"], "centerDistance": 0.7083164999999999, "angle": 1.366397237626372, "color": [2, 0]}, {"songs": ["Hurts Like Hell (feat. Offset)", "Faking It", "Fools", "Mona Lisa"], "artists": ["Madison Beer", "Sasha Sloan", "Madison Beer", "Sabrina Carpenter"], "centerDistance": 0.72152175, "angle": 2.6424844721591914, "color": [3, 0]}, {"songs": ["Spiraling Down", "Say It To My Face", "Burn Slow", "Sugarcoat", "Love Myself", "Safe", "Gloe", "Wanna Be Missed", "Colder", "LOST MY MIND", "Colors", "bury a friend", "Teddy Bear", "What A Time (feat. Niall Horan)", "On a Level", "Heart Attack (feat. Tove Lo)", "Ready Yet", "Schedules", "Repercussions", "My My My!"], "artists": ["Maty Noyes", "Maty Noyes", "Jaira burns", "Jaira burns", "olivia o'brien", "Daya", "Kiiara", "Hayley Kiyoko", "Nina Nesbitt", "Elley Duh\u00e9", "Halsey", "Billie Eilish", "Melanie Martinez", "Julia Michaels", "Tove Styrke", "Phoebe Ryan", "Sasha Sloan", "Sigrid", "Bea Miller", "Troye Sivan"], "centerDistance": 0.6156381999999999, "angle": 3.671858817343079, "color": [4, 0]}]