[{"songs": ["Juke Jam (feat. Justin Bieber & Towkio)", "Work Out", "DNA.", "Father Stretch My Hands, Pt. 1", "We Don't Care", "i", "IV. Sweatpants", "F**kin' Problems (feat. Drake, 2 Chainz & Kendrick Lamar)", "Who Dat Boy (Feat. A$AP Rocky)", "iSpy (feat. Lil Yachty)", "Lord Willin'", "Deja Vu", "X (with 2 Chainz & Saudi)", "Narcos", "Candy Paint", "M'$ (feat. Lil Wayne)", "V. 3005", "The Story of O.J.", "Soho (feat. JID)", "Dreams and Nightmares"], "artists": ["Chance the Rapper", "Chance the Rapper", "Kendrick Lamar", "Kanye West", "Kanye West", "Kendrick Lamar", "Childish Gambino", "A$AP Rocky", "Tyler, the Creator", "KYLE", "Logic", "J. Cole", "ScHoolboy Q", "Migos", "Post Malone", "A$AP Rocky", "Childish Gambino", "Jay-Z", "Boogie", "Meek Mill"], "centerDistance": 0.7529552, "angle": 1.160730779302141, "color": [0, 0]}, {"songs": ["Crew (feat. Brent Faiyaz & Shy Glizzy)", "Life", "God's Plan"], "artists": ["GoldLink", "Saba", "Drake"], "centerDistance": 0.7979223333333335, "angle": 2.301445083173436, "color": [1, 0]}, {"songs": ["What Would Meek Do? (feat. Kanye West)", "Hard Piano (feat. Rick Ross)"], "artists": ["Pusha T", "Pusha T"], "centerDistance": 0.8417410000000001, "angle": 3.422445859738332, "color": [2, 0]}, {"songs": ["KOD", "See You Again (feat. Kali Uchis)", "BagBak"], "artists": ["J. Cole", "Tyler, the Creator", "Vince Staples"], "centerDistance": 0.7984903333333334, "angle": 4.685607470784082, "color": [3, 0]}, {"songs": ["Kids See Ghosts (feat. Yasiin Bey)", "Like Woah"], "artists": ["Kids See Ghosts", "Logic"], "centerDistance": 0.8241725, "angle": 0.026781509600606768, "color": [4, 0]}]