[{"songs": ["Jeopardy", "65 Hunnid", "BPT", "The World Is Yours"], "artists": ["Run the Jewels", "Vince Staples", "YG", "Nas"], "centerDistance": 0.88870885, "angle": 1.0995574287564276, "color": [0, 0]}, {"songs": ["Man of the Year"], "artists": ["ScHoolboy Q"], "centerDistance": 0.787048, "angle": 2.356194490192345, "color": [1, 0]}, {"songs": ["These Walls (feat. Bilal, Anna Wise & Thundercat)", "All Day", "Ayo", "Microphone Preem (feat. Slaughterhouse)"], "artists": ["Kendrick Lamar", "Kanye West", "Chris Brown & Tyga", "PRhyme"], "centerDistance": 0.881163775, "angle": 3.612831551628262, "color": [2, 0]}, {"songs": ["Hello", "Fire Squad", "6 God", "Know Yourself", "All Your Fault (feat. Kanye West)", "i", "Dark Sky (Skyscrapers)", "Bounce", "Cadillactica", "Gang Related", "Like Me (feat. BJ the Chicago Kid)", "King of the South", "Belly of the Beast (feat. Chronixx)", "R.I.P. Kevin Miller", "Body of Work", "Break the Bank", "Cilvia Demo", "No Scratches (feat. Nikki Jean)", "U Looz", "YNO (feat. Big Sean)"], "artists": ["J. Cole", "J. Cole", "Drake", "Drake", "Big Sean", "Kendrick Lamar", "Big Sean", "Logic", "Big K.R.I.T.", "Logic", "Joey Bada$$", "Big K.R.I.T.", "Joey Bada$$", "Isaiah Rashad", "Lupe Fiasco", "ScHoolboy Q", "Isaiah Rashad", "Lupe Fiasco", "PRhyme", "Rae Sremmurd"], "centerDistance": 0.7184158, "angle": 4.869468613064179, "color": [3, 0]}, {"songs": ["3005"], "artists": ["Childish Gambino"], "centerDistance": 0.868811, "angle": 6.126105674500097, "color": [4, 0]}]