[{"songs": ["Way Down", "Want To", "you should see me in a crown", "Last Dance", "What I Need (feat. Kehlani)", "Heaven in Hiding"], "artists": ["M\u00d8", "Dua Lipa", "Billie Eilish", "Dua Lipa", "Hayley Kiyoko", "Halsey"], "centerDistance": 0.7275070833333334, "angle": 1.2260681475574966, "color": [0, 0]}, {"songs": ["Imaginary Friend", "Keep Talking (feat. Julia Michaels)", "Bloom", "Shedontknowbutsheknows", "1999", "Baby (feat. Marina & Luis Fonsi)", "Without Me", "Unlock It (feat. Kim Petras and Jay Park)", "Homemade Dynamite", "Bellyache", "Schedules", "Lady Wood", "All for You", "Goya Soda", "5 dollars", "Underdog", "Curious", "Body Talk", "Blacklight", "On My Mind"], "artists": ["M\u00d8", "Rita Ora", "Troye Sivan", "Tove Lo", "Charli XCX", "Clean Bandit", "Halsey", "Charli XCX", "Lorde", "Billie Eilish", "Sigrid", "Tove Lo", "Years & Years", "Christine and the Queens", "Christine and the Queens", "Banks", "Hayley Kiyoko", "Foxes", "The Ting Tings", "Ellie Goulding"], "centerDistance": 0.8484724449999999, "angle": 2.5379786042512285, "color": [1, 0]}, {"songs": ["Girl of the Year", "My My My!", "Girls (feat. Cardi B, Bebe Rexha & Charli XCX)", "Green Light", "Sucker Punch", "Mama (feat. Ellie Goulding)"], "artists": ["Allie X", "Troye Sivan", "Rita Ora", "Lorde", "Sigrid", "Clean Bandit"], "centerDistance": 0.8542390000000001, "angle": 3.6462768455512853, "color": [2, 0]}, {"songs": ["Sad", "Mine"], "artists": ["Bebe Rexha", "Bebe Rexha"], "centerDistance": 0.900462, "angle": 4.824212788606889, "color": [3, 0]}, {"songs": ["Missing U", "Baby Forgive Me"], "artists": ["Robyn", "Robyn"], "centerDistance": 0.807385, "angle": 6.171361498957387, "color": [4, 0]}]