[{"songs": ["Handmade Heaven", "Missing U", "Little Things", "Sway"], "artists": ["Marina", "Robyn", "Allie X", "Tove Styrke"], "centerDistance": 0.8868704, "angle": 4.802169459750489, "color": [0, 0]}, {"songs": ["No Drug Like Me", "Green Light", "you should see me in a crown", "IDGAF", "Lush Life"], "artists": ["Carly Rae Jepsen", "Lorde", "Billie Eilish", "Dua Lipa", "Zara Larsson"], "centerDistance": 0.75293208, "angle": 6.193404827813786, "color": [1, 0]}, {"songs": ["Pretty", "Terrified"], "artists": ["Terror Jr", "Terror Jr"], "centerDistance": 0.9179371000000001, "angle": 1.0903347119995317, "color": [2, 0]}, {"songs": ["Only Want You", "Bigger Than Me"], "artists": ["Rita Ora", "Katy Perry"], "centerDistance": 0.91331265, "angle": 2.270449903364863, "color": [3, 0]}, {"songs": ["Party for One", "Language", "The One", "Dancing with Our Hands Tied", "Dancing on My Own", "First Time High", "Perfect Places", "1999", "Girls Night Out", "This Is Why We Can\u2019t Have Nice Things", "Science", "cycles", "Stranger", "Back To You", "How to Be a Heartbreaker", "Everything Is Embarrassing", "Hey Hey Hey", "Applause", "What I Need (feat. Kehlani)", "All for You"], "artists": ["Carly Rae Jepsen", "Betty Who", "Betty Who", "Taylor Swift", "Robyn", "Rita Ora", "Lorde", "Charli XCX", "Charli XCX", "Taylor Swift", "Allie X", "Tove Lo", "Tove Lo", "Selena Gomez", "Marina", "Sky Ferreira", "Katy Perry", "Lady Gaga", "Hayley Kiyoko", "Years & Years"], "centerDistance": 0.9064649250000001, "angle": 3.471981412182778, "color": [4, 0]}]