[{"songs": ["Medicina", "Sapequinha", "Look What You Made Me Do", "Hair Body Face"], "artists": ["Anitta", "Lexa", "Taylor Swift", "Lady Gaga"], "centerDistance": 0.355506, "angle": 2.378642998881345, "color": [0, 0]}, {"songs": ["Indecente", "No Hablo Espa\u00f1ol", "Vai Embora (feat. Ludmilla)", "Thank U, Next", "Jogando Sujo", "Hoje Eu Vou Parar Na Gaiola", "Tchurururu", "God is a Woman", "Imaturo", "Bumbum No Ar", "Rebola (Participa\u00e7\u00e3o Especial de Carlinhos Brown e Gloria Groove)", "Parado no Bail\u00e3o", "N\u00e3o Nega", "Agora \u00e9 Tudo Meu", "Sweet but Psycho", "Pesad\u00e3o (Participa\u00e7\u00e3o especial Marcelo Falc\u00e3o)", "Dona da Minha Vida", "Sapequinha", "Ao Som do 150", "O Beb\u00ea"], "artists": ["Anitta", "Pabllo Vittar", "Pabllo Vittar", "Ariana Grande", "Ludmilla", "MC Livinho", "Lia Clark", "Ariana Grande", "J\u00e3o", "Lia Clark", "IZA", "MC L da Vinte", "Mateus Carrilho", "Dennis Dj", "Ava Max", "IZA", "Rouge", "Lexa & MC Lan", "MC REBECCA", "Mc Kevinho"], "centerDistance": 0.41727515000000004, "angle": 3.6070258271415585, "color": [1, 0]}, {"songs": ["Woman Like Me (feat. Nicki Minaj)", "Think About Us", "Girls (feat. Cardi B, Bebe Rexha & Charli XCX)", "Consequences"], "artists": ["Little Mix", "Little Mix", "Rita Ora", "Camila Cabello"], "centerDistance": 0.5481385000000001, "angle": 4.7798085128185726, "color": [2, 0]}, {"songs": ["Me Beija Com Raiva", "IDGAF"], "artists": ["J\u00e3o", "Dua Lipa"], "centerDistance": 0.461496, "angle": 6.215765774745703, "color": [3, 0]}, {"songs": ["Provocar", "Coisa Boa", "Bumbum de Ouro"], "artists": ["Lexa", "Gloria Groove", "Gloria Groove"], "centerDistance": 0.17306000000000002, "angle": 1.1118669180173697, "color": [4, 0]}]