[{"songs": ["Remember", "Bird Call", "Chum", "Studio (feat. BJ the Chicago Kid)", "R.I.P. Kevin Miller", "Bounce", "6 God", "Cilvia Demo", "10 Bands", "Favorite Song (ft. Childish Gambino)", "Love Yourz", "Guilt Trip", "Blood on the Leaves", "Bitch, Don't Kill My Vibe", "Actin Crazy", "These Walls (feat. Bilal, Anna Wise & Thundercat)", "Let It Go", "Grindin'", "Dark Sky (Skyscrapers)", "Deeper"], "artists": ["Mac Miller", "Mac Miller", "Earl Sweatshirt", "ScHoolboy Q", "Isaiah Rashad", "Logic", "Drake", "Isaiah Rashad", "Drake", "Chance the Rapper", "J. Cole", "Kanye West", "Kanye West", "Kendrick Lamar", "Action Bronson", "Kendrick Lamar", "A$AP Ferg", "Clipse", "Big Sean", "Freddie Gibbs & Madlib"], "centerDistance": 0.8134332649999999, "angle": 1.1789401591971647, "color": [0, 0]}, {"songs": ["3005"], "artists": ["Childish Gambino"], "centerDistance": 0.9102304, "angle": 2.356194490192345, "color": [1, 0]}, {"songs": ["No Role Modelz"], "artists": ["J. Cole"], "centerDistance": 0.876971, "angle": 3.5334488211875246, "color": [2, 0]}, {"songs": ["Superstar (feat. Matthew Santos)"], "artists": ["Lupe Fiasco"], "centerDistance": 0.9705143, "angle": 4.710703152182704, "color": [3, 0]}, {"songs": ["Man of the Year"], "artists": ["ScHoolboy Q"], "centerDistance": 0.837885, "angle": 0.0016858282019853732, "color": [4, 0]}]