[{"songs": ["Give Me Something", "Coastal Love", "Losing You", "Better Off Without You", "All In The Value", "Eyes Wide", "The Woods", "Pink Medicine", "Lose it", "HiyHiy", "Be Lazy", "2 Heads", "Gong", "Show Me Love", "Inside Your Mind (feat. Carmody)", "Down for Whatever", "Pain Goes Away", "Halcyon Birds", "WE ARE THE HEARTS", "Pinata (Japanese Wallpaper Remix)"], "artists": ["Seafret", "Honne", "Aquilo", "Aquilo", "Honne", "Meadowlark", "Hollow Coves", "Bearson", "Oh Wonder", "Lostboycrow", "Skizzy Mars", "Coleman Hell", "Favela", "Sam Feldt", "Nick Leng", "Chelsea Lankes", "Refs", "Broken Back", "exgf", "Montgomery"], "centerDistance": 0.893825935, "angle": 1.0995574287564276, "color": [0, 0]}, {"songs": ["RIVA (Restart the game) Original Mix"], "artists": ["KLINGANDE Feat. Broken Back"], "centerDistance": 0.985886, "angle": 2.356194490192345, "color": [1, 0]}, {"songs": ["Young", "Coming Home", "Pressure", "All We Do", "Mine", "Still", "Too Young to Fall in Love"], "artists": ["Vallis Alps", "Leon Bridges", "Milk & Bone", "Oh Wonder", "Phoebe Ryan", "The Japanese House", "Chelsea Lankes"], "centerDistance": 0.9861506457142858, "angle": 3.612831551628262, "color": [2, 0]}, {"songs": ["The Love You're Given"], "artists": ["Jack Garratt"], "centerDistance": 0.9854417, "angle": 4.869468613064179, "color": [3, 0]}, {"songs": ["Weekend (Jai Wolf Remix)"], "artists": ["Mocki"], "centerDistance": 0.9861604, "angle": 6.126105674500097, "color": [4, 0]}]