[{"songs": ["Every Now and Then", "Something New", "All Fired Up", "Call My Name", "Beat of My Drum", "Gladiator", "Notorious", "Call My Name", "Promise This", "Live Life Now", "Into the Blue", "About a Girl", "Work Bitch", "Move", "Break Free (feat. Zedd)", "Braveheart", "Ugly Heart", "I Will Never Let You Down", "Some Girls", "Welcome to the Jungle"], "artists": ["Girls Aloud", "Girls Aloud", "The Saturdays", "Cheryl Cole", "Nicola Roberts", "Nicola Roberts", "The Saturdays", "Cheryl", "Cheryl Cole", "Cheryl", "Kylie Minogue", "Sugababes", "Britney Spears", "Little Mix", "Ariana Grande", "Neon Jungle", "G.R.L.", "Rita Ora", "Rachel Stevens", "Neon Jungle"], "centerDistance": 0.6544180500000001, "angle": 1.0995574287564276, "color": [0, 0]}, {"songs": ["Don't Hold Your Breath"], "artists": ["Nicole Scherzinger"], "centerDistance": 0.841778, "angle": 2.356194490192345, "color": [1, 0]}, {"songs": ["Spice Up Your Life"], "artists": ["Spice Girls"], "centerDistance": 0.825101, "angle": 3.612831551628262, "color": [2, 0]}, {"songs": ["Freak Like Me"], "artists": ["Sugababes"], "centerDistance": 0.800605, "angle": 4.869468613064179, "color": [3, 0]}, {"songs": ["Get Outta My Way"], "artists": ["Kylie Minogue"], "centerDistance": 0.761382, "angle": 6.126105674500097, "color": [4, 0]}]