[{"songs": ["Top (feat. Soulja Boy)", "Flexing So Hard", "BAD KID", "Stripper Name (feat. YG and 2 Chainz)", "Drop Out", "He Diddy!", "Money in the Way", "2 Dollar Bill (feat. Lil Wayne & E-40)", "Skrawberries (feat. BJ The Chicago Kid)", "20 Min", "SAUCE!", "Kung Fu", "Meet Again", "Rainy Days (feat. Eminem)", "Unicorn Purp (feat. Young Thug & Gunna)", "Gnarly (feat. Lil Pump)", "Silent Ride", "NEVER", "Walk", "Live Sheck Wes"], "artists": ["Higher Brothers", "Higher Brothers", "Night Lovell", "LIL PUMP", "LIL PUMP", "SKI MASK THE SLUMP GOD", "2 Chainz", "2 Chainz", "Jid", "LIL UZI VERT", "xxxtentacion", "YBN Cordae", "Maxo Kream", "Boogie", "Future", "Kodak Black", "Boogie", "Jid", "Comethazine", "Sheck Wes"], "centerDistance": 0.6474029499999999, "angle": 2.4076172215005522, "color": [0, 0]}, {"songs": ["Nuketown (feat. Juice WRLD)", "SUMO | ZUMO", "i"], "artists": ["SKI MASK THE SLUMP GOD", "Denzel Curry", "lil skies"], "centerDistance": 0.750193, "angle": 3.547233998955346, "color": [1, 0]}, {"songs": ["Leave Me Alone", "Mo Bamba"], "artists": ["Flipp Dinero", "Sheck Wes"], "centerDistance": 0.822288, "angle": 4.813404435025525, "color": [2, 0]}, {"songs": ["a lot", "all my friends", "Space Cadet (feat. Gunna)", "10 Freaky Girls (with 21 Savage)"], "artists": ["21 Savage", "21 Savage", "Metro Boomin", "Metro Boomin"], "centerDistance": 0.74146425, "angle": 6.182169852538751, "color": [3, 0]}, {"songs": ["Legacy (feat. Travis Scott & 21 Savage)", "Crushed Up", "MoshPit (feat. Juice WRLD)", "3 Headed Snake (feat. Young Thug)"], "artists": ["Offset", "Future", "Kodak Black", "Gunna"], "centerDistance": 0.7487300000000001, "angle": 1.262824371250499, "color": [4, 0]}]