[{"songs": ["Break Free (feat. Zedd)", "Intro", "Bang Bang", "Anaconda", "Shake It Off", "Lips Are Movin", "Blank Space", "Jealous", "Chains", "Baby Don't Lie", "Shower", "L.A. LOVE (La La)", "Maps", "I Will Never Let You Down", "Animals", "Steal My Girl", "Stay with Me", "Do It", "Pretend (feat. A$AP Rocky)", "Yours"], "artists": ["Ariana Grande", "Ariana Grande", "Jessie J, Ariana Grande & Nicki Minaj", "Nicki Minaj", "Taylor Swift", "Meghan Trainor", "Taylor Swift", "Nick Jonas", "Nick Jonas", "Gwen Stefani", "Becky G", "Fergie", "Maroon 5", "Rita Ora", "Maroon 5", "One Direction", "Sam Smith", "Selena Gomez", "Tinashe", "Ella Henderson"], "centerDistance": 0.5886046500000001, "angle": 1.0995574287564276, "color": [0, 0]}, {"songs": ["Ghost"], "artists": ["Katy Perry"], "centerDistance": 0.7611600000000001, "angle": 2.356194490192345, "color": [1, 0]}, {"songs": ["The Heart Wants What It Wants"], "artists": ["Selena Gomez"], "centerDistance": 0.413906, "angle": 3.612831551628262, "color": [2, 0]}, {"songs": ["Can't Remember to Forget You (feat. Rihanna)"], "artists": ["Shakira"], "centerDistance": 0.787208, "angle": 4.869468613064179, "color": [3, 0]}, {"songs": ["Masterpiece", "Your Love", "Happy"], "artists": ["Jessie J", "Nicole Scherzinger", "Marina & the Diamonds"], "centerDistance": 0.728328, "angle": 6.126105674500097, "color": [4, 0]}]