[{"songs": ["Get Outta My Way", "Can't Get You Out of My Head"], "artists": ["Kylie Minogue", "Kylie Minogue"], "centerDistance": 0.773218, "angle": 4.782232378491933, "color": [0, 0]}, {"songs": ["Die Young"], "artists": ["Ke$ha"], "centerDistance": 0.7089030000000001, "angle": 6.213341909072343, "color": [1, 0]}, {"songs": ["S&M", "Applause", "Bad Romance", "Break Free (feat. Zedd)", "Toxic", "Till the World Ends", "Walking on Air", "This Is How We Do", "Starships", "Pound the Alarm", "Your Body", "Not Myself Tonight", "TiK ToK", "Girl Gone Wild", "We Can't Stop", "Neon Lights", "Slow Down", "Come & Get It", "Run the World (Girls)", "Call Me Maybe"], "artists": ["Rihanna", "Lady Gaga", "Lady Gaga", "Ariana Grande", "Britney Spears", "Britney Spears", "Katy Perry", "Katy Perry", "Nicki Minaj", "Nicki Minaj", "Christina Aguilera", "Christina Aguilera", "Ke$ha", "Madonna", "Miley Cyrus", "Demi Lovato", "Selena Gomez", "Selena Gomez", "Beyonc\u00e9", "Carly Rae Jepsen"], "centerDistance": 0.6544337, "angle": 1.0481952878672205, "color": [2, 0]}, {"songs": ["Burn", "When I Grow Up"], "artists": ["Ellie Goulding", "The Pussycat Dolls"], "centerDistance": 0.7555835, "angle": 2.179132278037155, "color": [3, 0]}, {"songs": ["Where Have You Been"], "artists": ["Rihanna"], "centerDistance": 0.18088499999999996, "angle": 3.377217686168466, "color": [4, 0]}]