[{"songs": ["I Can't Get Enough", "Party for One", "There You Are", "Eastside", "1999", "N\u00e3o Perco Meu Tempo", "Hair Body Face"], "artists": ["Benny Blanco", "Carly Rae Jepsen", "Zayn", "Benny Blanco", "Charli XCX", "Anitta", "Lady Gaga"], "centerDistance": 0.7149581428571429, "angle": 4.828862139096286, "color": [0, 0]}, {"songs": ["Only Want You", "Think About Us", "When I Die", "Last Dance", "Summer"], "artists": ["Rita Ora", "Little Mix", "Alma", "Dua Lipa", "Alma"], "centerDistance": 0.6136322, "angle": 6.16671214846799, "color": [1, 0]}, {"songs": ["Break Up with Your Girlfriend, I'm Bored", "Bloodline", "Falling to Pieces", "Mama (feat. Ellie Goulding)", "Dancing With a Stranger (with Normani)", "More Than That", "FOOLISH", "I'M DOWN", "Tell Me It's Over", "Dancing With a Stranger", "Hurts Like Hell (feat. Offset)", "Swan Song", "Satisfaction", "Baby (feat. Marina & Luis Fonsi)", "Ciao Adios", "2002", "Ghost", "Body Heat", "Love Myself", "I Got You"], "artists": ["Ariana Grande", "Ariana Grande", "Rita Ora", "Clean Bandit", "Sam Smith", "Lauren Jauregui", "Meghan Trainor", "Meghan Trainor", "Avril Lavigne", "Sam Smith", "Madison Beer", "Dua Lipa", "Zayn", "Clean Bandit", "Anne-Marie", "Anne-Marie", "Katy Perry", "Selena Gomez", "olivia o'brien", "Bebe Rexha"], "centerDistance": 0.6380451999999999, "angle": 1.0006763481681045, "color": [2, 0]}, {"songs": ["Someone New", "Closer"], "artists": ["Astrid S", "Astrid S"], "centerDistance": 0.589726, "angle": 2.2195647112596504, "color": [3, 0]}, {"songs": ["Last Hurrah", "Think About Us (feat. Ty Dolla $ign)", "Don't Call Me Up", "Favourite Thing", "Sweet but Psycho", "My Way", "Hurts Like Hell"], "artists": ["Bebe Rexha", "Little Mix", "Mabel", "Fleur East", "Ava Max", "Ava Max", "Madison Beer"], "centerDistance": 0.36193128571428573, "angle": 3.5285158828171355, "color": [4, 0]}]