[{"songs": ["Space Cadet (feat. Gunna)", "KIKA (feat. Tory Lanez)", "Life", "Murder On My Mind"], "artists": ["Metro Boomin", "6ix9ine", "Saba", "YNW Melly"], "centerDistance": 0.6789132499999999, "angle": 4.805723600223672, "color": [0, 0]}, {"songs": ["Calling My Spirit", "Shake It Up", "One Call", "DR. WHOEVER"], "artists": ["Kodak Black", "Trippie Redd", "Gunna", "Amin\u00e9"], "centerDistance": 0.69535275, "angle": 6.189850687340604, "color": [1, 0]}, {"songs": ["Ned Flanders (feat. A$AP Ferg)", "Unbothered", "If I'm Lyin, I'm Flyin", "Fine China", "Don't Come Out the House (feat. 21 Savage)", "can't leave without it", "Father's Day", "break da law", "Afterlife", "Splashin", "Early Morning Trappin (feat. Trippie Redd)", "Better Things", "Missing My Idols", "By Myself", "STOOPID (feat. Bobby Shmurda)", "Yes Indeed", "Drip Too Hard", "Pull Up (feat. NAV)", "I Love It (& Lil Pump)", "KOVERT"], "artists": ["MADEINTYO", "SKI MASK THE SLUMP GOD", "Kodak Black", "Future", "Metro Boomin", "21 Savage", "Gucci Mane", "21 Savage", "Future", "Rich The Kid", "Rich The Kid", "Jaden Smith", "Trippie Redd", "Gucci Mane", "6ix9ine", "Lil Baby", "Lil Baby", "A Boogie Wit da Hoodie", "Kanye West", "Smino"], "centerDistance": 0.61315035, "angle": 1.0912937878982918, "color": [2, 0]}, {"songs": ["Plastic", "I Love", "Yikes", "Nonstop", "I Fall Apart"], "artists": ["Jaden Smith", "JOYNER LUCAS", "Kanye West", "Drake", "Post Malone"], "centerDistance": 0.7150315999999999, "angle": 2.227081254605114, "color": [3, 0]}, {"songs": ["L.M.F."], "artists": ["Smino"], "centerDistance": 0.615788, "angle": 3.520852950227262, "color": [4, 0]}]