[{"songs": ["Don\u2019t Feel Like Crying", "Mine"], "artists": ["Sigrid", "Bebe Rexha"], "centerDistance": 0.9026141999999999, "angle": 3.470522976384088, "color": [0, 0]}, {"songs": ["The Knife"], "artists": ["Maggie Rogers"], "centerDistance": 0.0, "angle": 4.571138164207284, "color": [1, 0]}, {"songs": ["Past Life", "Sacred", "Homework (feat. lil Aaron)", "The Moments I'm Missing", "Handmade Heaven", "Learn To Live", "Red Bull & Hennessy", "Pressure To Party", "Body", "Wish You Were Gay", "WHEN I WAS OLDER (Music Inspired by the Film \"ROMA\")", "Schedules", "Peer Pressure (feat. Julia Michaels)", "Hold Out Your Hand", "Team", "U Owe Me", "Fire", "In Your Head", "The Good Side", "What I Need (feat. Kehlani)"], "artists": ["Maggie Rogers", "Nina Nesbitt", "Kim Petras", "Nina Nesbitt", "Marina", "Alice Merton", "Jenny Lewis", "Julia Jacklin", "Julia Jacklin", "Billie Eilish", "Billie Eilish", "Sigrid", "James Bay", "Brandi Carlile", "Lorde", "Stella Donnelly", "Sara Bareilles", "Nil\u00fcfer Yanya", "Troye Sivan", "Hayley Kiyoko"], "centerDistance": 0.88399021, "angle": 0.14125081617740598, "color": [2, 0]}, {"songs": ["Liability", "Plum", "Nostalgia"], "artists": ["Lorde", "Troye Sivan", "M\u00d8"], "centerDistance": 0.9510925666666666, "angle": 1.269292600737697, "color": [3, 0]}, {"songs": ["La Di Da", "Bad"], "artists": ["Lennon Stella", "Lennon Stella"], "centerDistance": 0.9595556000000001, "angle": 2.3699077885608926, "color": [4, 0]}]