[{"songs": ["Better Things", "Distant", "Sundress", "Don't Come Out the House (feat. 21 Savage)", "Splashin", "FeRRis WhEEL (feat. Trippie Redd)", "MoshPit (feat. Juice WRLD)", "can't leave without it", "Unbothered", "Take One", "Dark Things", "I Love", "Demons and Angels (feat. Juice WRLD)", "Splash Warning (feat. Future, Roddy Ricch and Young Thug)", "Pay You Back (feat. 21 Savage)", "Why DON'T You LOVE me?", "1400 / 999 Freestyle", "KOD", "Swervin (feat. 6ix9ine)", "Everybody Dies in Their Nightmares"], "artists": ["Jaden Smith", "Jaden Smith", "A$AP Rocky", "Metro Boomin", "Rich The Kid", "Tory Lanez", "Kodak Black", "21 Savage", "SKI MASK THE SLUMP GOD", "Kodak Black", "Vic Mensa", "JOYNER LUCAS", "A Boogie Wit da Hoodie", "Meek Mill", "Meek Mill", "Tory Lanez", "Trippie Redd", "J. Cole", "A Boogie Wit da Hoodie", "xxxtentacion"], "centerDistance": 0.73947035, "angle": 3.6658255808152327, "color": [0, 0]}, {"songs": ["L.M.F.", "Nonstop", "Sunflower - Spider-Man: Into the Spider-Verse", "Switch"], "artists": ["Smino", "Drake", "Post Malone", "6LACK"], "centerDistance": 0.860919, "angle": 4.792560980929486, "color": [1, 0]}, {"songs": ["Outstanding", "Hide (feat. Seezyn)", "Kids See Ghosts (feat. Yasiin Bey)", "Ned Flanders (feat. A$AP Ferg)", "Reborn"], "artists": ["MADEINTYO", "Juice WRLD", "Kids See Ghosts", "MADEINTYO", "Kids See Ghosts"], "centerDistance": 0.8543958, "angle": 6.20301330663479, "color": [2, 0]}, {"songs": ["Space Cadet (feat. Gunna)", "KIKA (feat. Tory Lanez)", "monster", "Father Stretch My Hands, Pt. 1", "Shake It Up", "What I Know Now (feat. Wiz Khalifa)", "Murder On My Mind"], "artists": ["Metro Boomin", "6ix9ine", "21 Savage", "Kanye West", "Trippie Redd", "They.", "YNW Melly"], "centerDistance": 0.8366445714285714, "angle": 1.1980000531081956, "color": [3, 0]}, {"songs": ["Crushed Up", "Jumpin on a Jet"], "artists": ["Future", "Future"], "centerDistance": 0.835608, "angle": 2.5015786654979006, "color": [4, 0]}]