[{"songs": ["Best Day of My Life", "It's Time", "Little Talks", "Burn", "Pumped Up Kicks", "Houdini", "Some Nights", "What You Know", "If I Lose Myself", "Take Me to Church", "I Lived", "Lights", "We Are Young (feat. Janelle Mon\u00e1e)", "Tennis Court", "Another Love", "Why'd You Only Call Me When You're High?", "Lego House", "Drunk", "Girls", "Undercover Martyn"], "artists": ["American Authors", "Imagine Dragons", "Of Monsters and Men", "Ellie Goulding", "Foster the People", "Foster the People", "fun.", "Two Door Cinema Club", "OneRepublic", "Hozier", "OneRepublic", "Ellie Goulding", "fun.", "Lorde", "Tom Odell", "Arctic Monkeys", "Ed Sheeran", "Ed Sheeran", "The 1975", "Two Door Cinema Club"], "centerDistance": 0.6988681, "angle": 3.5882814706327277, "color": [0, 0]}, {"songs": ["Things We Lost in the Fire", "Bad Blood"], "artists": ["Bastille", "Bastille"], "centerDistance": 0.038360000000000005, "angle": 4.726267626105078, "color": [1, 0]}, {"songs": ["Radioactive", "Royals", "Sweater Weather", "Chocolate", "Dog Days Are Over", "Afraid", "Diane Young"], "artists": ["Imagine Dragons", "Lorde", "The Neighbourhood", "The 1975", "Florence + the Machine", "The Neighbourhood", "Vampire Weekend"], "centerDistance": 0.7129807142857143, "angle": 6.269306661459198, "color": [2, 0]}, {"songs": ["Mr. Brightside", "Somebody Told Me"], "artists": ["The Killers", "The Killers"], "centerDistance": 0.732853, "angle": 1.327000736110393, "color": [3, 0]}, {"songs": ["R U Mine?", "Crystalised", "She Moves in Her Own Way"], "artists": ["Arctic Monkeys", "The xx", "The Kooks"], "centerDistance": 0.7982323333333333, "angle": 2.452504547834014, "color": [4, 0]}]