[{"songs": ["Nobody", "Fever"], "artists": ["Mitski", "Balthazar"], "centerDistance": 0.8993302999999999, "angle": 3.409630040704339, "color": [0, 0]}, {"songs": ["The System Only Dreams in Total Darkness", "Day I Die"], "artists": ["The National", "The National"], "centerDistance": 0.849691, "angle": 4.791163473368301, "color": [1, 0]}, {"songs": ["The Less I Know the Better", "When You Die", "Hunnybee"], "artists": ["Tame Impala", "MGMT", "Unknown Mortal Orchestra"], "centerDistance": 0.8512116666666666, "angle": 6.204410814195974, "color": [2, 0]}, {"songs": ["Strangest Thing"], "artists": ["The War on Drugs"], "centerDistance": 0.836202, "angle": 0.9389372568100818, "color": [3, 0]}, {"songs": ["Dust Bunnies", "Life Like This", "Darling", "NEED A LITTLE TIME", "Mourning Sound", "Avant Gardener", "Birch Tree", "UP ALL NIGHT", "Should Have Known Better", "Another Weekend", "No Woman", "HARMONY HALL", "No No No", "BLOODLESS", "Let It Happen", "Chamber of Reflection", "Mr. Tillman", "Still Beating", "LOSING ALL SENSE", "Total Entertainment Forever"], "artists": ["Kurt Vile", "Kurt Vile", "Real Estate", "Courtney Barnett", "Grizzly Bear", "Courtney Barnett", "Foals", "The War on Drugs", "Sufjan Stevens", "Ariel Pink", "Whitney", "Vampire Weekend", "Beirut", "Andrew Bird", "Tame Impala", "Mac DeMarco", "Father John Misty", "Mac DeMarco", "Grizzly Bear", "Father John Misty"], "centerDistance": 0.76961625, "angle": 1.9720354363758776, "color": [4, 0]}]