[{"songs": ["Bubblegum Bitch", "Homewrecker", "Video Games - remastered", "Sober", "Green Light", "1999", "Off to the Races", "Applause", "Break Free", "LoveGame", "Soap", "Wish You Were Gay", "Primadonna", "Dog Days Are Over", "Animal", "Paper Love", "IDGAF", "my boy", "After the Afterparty (feat. Lil Yachty)", "Not So Bad In LA"], "artists": ["Marina", "Marina", "Lana Del Rey", "Lorde", "Lorde", "Charli XCX", "Lana Del Rey", "Lady Gaga", "Ariana Grande", "Lady Gaga", "Melanie Martinez", "Billie Eilish", "Marina & the Diamonds", "Florence + the Machine", "Aurora", "Allie X", "Dua Lipa", "Billie Eilish", "Charli XCX", "Allie X"], "centerDistance": 0.8051343150000001, "angle": 1.1447606394524126, "color": [0, 0]}, {"songs": ["Conqueror", "Birdie", "Vou Morrer Sozinho"], "artists": ["Aurora", "Avril Lavigne", "J\u00e3o"], "centerDistance": 0.9227236666666667, "angle": 2.4016276847942435, "color": [1, 0]}, {"songs": ["Only Want You", "Bigger Than Me", "My Way", "Lucky Strike"], "artists": ["Rita Ora", "Katy Perry", "Ava Max", "Troye Sivan"], "centerDistance": 0.913735375, "angle": 3.5711067517581254, "color": [2, 0]}, {"songs": ["Play Date", "What I Need (feat. Kehlani)"], "artists": ["Melanie Martinez", "Hayley Kiyoko"], "centerDistance": 0.9122860500000001, "angle": 4.740585818722007, "color": [3, 0]}, {"songs": ["Now That I Found You"], "artists": ["Carly Rae Jepsen"], "centerDistance": 0.9188472, "angle": 6.254988468842269, "color": [4, 0]}]