[{"songs": ["Unfair"], "artists": ["6LACK"], "centerDistance": 0.858056, "angle": 1.7271661378045984, "color": [0, 0]}, {"songs": ["Stay Flo"], "artists": ["Solange"], "centerDistance": 0.9430739, "angle": 3.0324652731249113, "color": [1, 0]}, {"songs": ["Wasted Times"], "artists": ["The Weeknd"], "centerDistance": 0.04722000000000004, "angle": 4.337764408445224, "color": [2, 0]}, {"songs": ["Don't", "Loaded Gun", "Thinkin Bout You", "Pyramids", "Come and See Me (feat. Drake)", "Motion", "Needed Me", "Spoil My Night (feat. Swae Lee)", "Let Em' Know", "Boss", "7 rings", "Wednesday Night Interlude (feat. PARTYNEXTDOOR)", "Best Part (feat. H.E.R.)", "Sky Walker (feat. Travis Scott)", "Love On The Brain", "Summer", "Neu Roses (Transgressor's Song)", "Get Well Soon", "Sativa (feat. Swae Lee)", "Where Did I Go?"], "artists": ["Bryson Tiller", "6LACK", "Frank Ocean", "Frank Ocean", "PARTYNEXTDOOR", "Khalid", "Rihanna", "Post Malone", "Bryson Tiller", "The Carters", "Ariana Grande", "Drake", "Daniel Caesar", "Miguel", "Rihanna", "The Carters", "Daniel Caesar", "Ariana Grande", "Jhen\u00e9 Aiko", "Jorja Smith"], "centerDistance": 0.9143661999999999, "angle": 4.337764408445224, "color": [2, 1]}, {"songs": ["Try Me"], "artists": ["The Weeknd"], "centerDistance": 0.0, "angle": 0.3746245719394654, "color": [3, 0]}]