[{"songs": ["Lemme Freak", "Rap God", "iSpy (feat. Lil Yachty)", "White Iverson", "DNA.", "V. 3005", "Wet Dreamz", "Freaks And Geeks", "Tony Tone", "I Love It (& Lil Pump)", "Fashion Killa", "Juicy", "Winter Blues", "I'm Sorry", "Blockbuster Night Part 1", "BoomTrap Protocol", "Purple Pills", "Big Poppa", "Man's Not Hot", "Bounce Back"], "artists": ["Lil Dicky", "Eminem", "KYLE", "Post Malone", "Kendrick Lamar", "Childish Gambino", "J. Cole", "Childish Gambino", "A$AP Rocky", "Kanye West", "A$AP Rocky", "The Notorious B.I.G.", "JOYNER LUCAS", "JOYNER LUCAS", "Run the Jewels", "Logic", "D12", "The Notorious B.I.G.", "Big Shaq", "Big Sean"], "centerDistance": 0.7392215, "angle": 3.6612402924582454, "color": [0, 0]}, {"songs": ["The Ringer", "Lean Wit Me"], "artists": ["Eminem", "Juice WRLD"], "centerDistance": 0.7421065, "angle": 4.725813733010341, "color": [1, 0]}, {"songs": ["Overnight"], "artists": ["Logic"], "centerDistance": 0.767969, "angle": 6.269760554553935, "color": [2, 0]}, {"songs": ["Molly (feat. Brendon Urie of Panic at the Disco)", "I Fall Apart", "KOD", "God's Plan"], "artists": ["Lil Dicky", "Post Malone", "J. Cole", "Drake"], "centerDistance": 0.6100650000000001, "angle": 1.1694142217321621, "color": [3, 0]}, {"songs": ["HUMBLE.", "Freshman List"], "artists": ["Kendrick Lamar", "NAV"], "centerDistance": 0.7759100000000001, "angle": 2.5906193746420705, "color": [4, 0]}]