[{"songs": ["Agora \u00e9 Tudo Meu", "Hoje Eu Vou Parar Na Gaiola", "N\u00e3o Perco Meu Tempo", "Taca Raba", "Terremoto", "O Beb\u00ea", "Rebola (Participa\u00e7\u00e3o Especial de Carlinhos Brown e Gloria Groove)", "Vem Amor", "Ao Som do 150", "Clich\u00ea (Participa\u00e7\u00e3o especial de Felipe Ara\u00fajo)", "S\u00f3 Voc\u00ea", "Marmita", "Eu T\u00f4 Zen", "Boneca Safadinha", "Amor de Verdade", "Tum Tum", "Menina Braba", "Ta Tum Tum", "Vai Embora (feat. Ludmilla)", "Kikadinha"], "artists": ["Dennis Dj", "MC Livinho", "Anitta", "Lia Clark", "Lia Clark", "Mc Kevinho", "IZA", "Ludmilla", "MC REBECCA", "Ludmilla", "Dennis Dj", "Kaya Conky", "MC Kekel", "Kaya Conky", "MC Kekel", "Francinne", "Jerry Smith", "Mc Kevinho", "Pabllo Vittar", "Jerry Smith"], "centerDistance": 0.5265247499999999, "angle": 4.381186589447301, "color": [0, 0]}, {"songs": ["Coisa Boa"], "artists": ["Gloria Groove"], "centerDistance": 0.0, "angle": 0.33120239093738846, "color": [1, 0]}, {"songs": ["Bumbum de Ouro"], "artists": ["Gloria Groove"], "centerDistance": 0.350356, "angle": 0.9324977373901255, "color": [1, 1]}, {"songs": ["Terremoto"], "artists": ["Anitta"], "centerDistance": 0.19826999999999995, "angle": 0.9692327064914572, "color": [1, 2]}, {"songs": ["S\u00f3 Depois do Carnaval"], "artists": ["Lexa"], "centerDistance": 0.05742999999999998, "angle": 1.6370400622702759, "color": [1, 3]}]