[{"songs": ["Crush a Lot", "This Week", "Splashin", "can't leave without it", "Speed It Up", "She Gon Wink", "Father's Day", "On The Run (feat. Offset)", "LOSE IT (feat. Lil Baby)", "Dead Locs", "None To Me", "Freak Bitch", "Workin Me", "Outta Proportion", "High (Feat. Elton John)", "Welcome to the Rodeo", "Gmail", "Black & White", "One Dolla", "Live Sheck Wes"], "artists": ["Lil Baby", "Lil Baby", "Rich The Kid", "21 Savage", "Gunna", "Takeoff", "Gucci Mane", "Young Thug", "Quavo", "Blueface", "Takeoff", "Blueface", "Quavo", "Gucci Mane", "Young Thug", "lil skies", "Sheck Wes", "Juice WRLD", "Young Nudy", "Sheck Wes"], "centerDistance": 0.7018476499999999, "angle": 2.356194490192345, "color": [0, 0]}, {"songs": ["L.M.F."], "artists": ["Smino"], "centerDistance": 0.9308618, "angle": 3.4851405293454008, "color": [1, 0]}, {"songs": ["151 Rum"], "artists": ["Jid"], "centerDistance": 0.849743, "angle": 4.614086568498457, "color": [2, 0]}, {"songs": ["SUMO | ZUMO"], "artists": ["Denzel Curry"], "centerDistance": 0.9421092, "angle": 0.09830241188623301, "color": [3, 0]}, {"songs": ["One Call"], "artists": ["Gunna"], "centerDistance": 0.587086, "angle": 1.227248451039289, "color": [4, 0]}]