[{"songs": ["Modern Jesus", "Waves", "Tessellate", "Miracle Mile", "Tongue Tied", "Houdini", "Ways To Go", "Out Of My League", "Holding on for Life", "Best Friend", "Will Do", "Full Circle", "Afterlife", "All the Rage Back Home", "Entertainment", "Inhaler", "Float On", "Tap Out", "Undercover Martyn", "Got to Have Rock and Roll"], "artists": ["Portugal. The Man", "Portugal. The Man", "alt-J", "Cold War Kids", "Grouplove", "Foster the People", "Grouplove", "Fitz and the Tantrums", "Broken Bells", "Foster the People", "TV on the Radio", "Half Moon Run", "Arcade Fire", "Interpol", "Phoenix", "Foals", "Modest Mouse", "The Strokes", "Two Door Cinema Club", "Heartless Bastards"], "centerDistance": 0.807735435, "angle": 3.7309630885224823, "color": [0, 0]}, {"songs": ["R U Mine?", "She Moves in Her Own Way", "If You Wanna", "Let It Happen"], "artists": ["Arctic Monkeys", "The Kooks", "The Vaccines", "Tame Impala"], "centerDistance": 0.930148475, "angle": 4.790673032417882, "color": [1, 0]}, {"songs": ["Breezeblocks", "Mountain Sound"], "artists": ["alt-J", "Of Monsters and Men"], "centerDistance": 0.87668205, "angle": 6.204901255146394, "color": [2, 0]}, {"songs": ["My Number"], "artists": ["Foals"], "centerDistance": 0.866229, "angle": 1.3182780111481263, "color": [3, 0]}, {"songs": ["Diane Young", "Unbelievers"], "artists": ["Vampire Weekend", "Vampire Weekend"], "centerDistance": 0.8746185, "angle": 2.671253144627082, "color": [4, 0]}]