[{"songs": ["Electric Blue", "When You Die", "Humility (feat. George Benson)", "COLD COLD COLD", "HARMONY HALL", "Let It Happen", "Lonely Boy", "Mourning Sound", "Dear Life", "Tranz", "UP ALL NIGHT", "Dangerous", "I Promise", "All I Think About Now", "KNOCKED DOWN", "Los Ageless", "Identikit", "BLOODLESS", "Blue Moon", "Love Is to Die"], "artists": ["Arcade Fire", "MGMT", "Gorillaz", "Cage the Elephant", "Vampire Weekend", "Tame Impala", "The Black Keys", "Grizzly Bear", "Beck", "Gorillaz", "The War on Drugs", "The xx", "Radiohead", "Pixies", "The War on Drugs", "St. Vincent", "Radiohead", "Andrew Bird", "Beck", "Warpaint"], "centerDistance": 0.8071878499999998, "angle": 2.3069570291604116, "color": [0, 0]}, {"songs": ["The System Only Dreams in Total Darkness", "Day I Die"], "artists": ["The National", "The National"], "centerDistance": 0.7351825000000001, "angle": 3.261412616223849, "color": [1, 0]}, {"songs": ["Signs of Life", "Birch Tree", "Exits", "So Young"], "artists": ["Arcade Fire", "Foals", "Foals", "Portugal. The Man"], "centerDistance": 0.6206275, "angle": 4.666736069037482, "color": [2, 0]}, {"songs": ["Four Out of Five", "One Point Perspective"], "artists": ["Arctic Monkeys", "Arctic Monkeys"], "centerDistance": 0.7318865, "angle": 0.04565291134720795, "color": [3, 0]}, {"songs": ["The Less I Know the Better", "Doing It To Death", "List of Demands (Reparations)", "Hunnybee"], "artists": ["Tame Impala", "The Kills", "The Kills", "Unknown Mortal Orchestra"], "centerDistance": 0.84038725, "angle": 1.3686708263021945, "color": [4, 0]}]