[{"songs": ["Faded (feat. Lil Wayne)", "Hookah", "The Motto", "Headlines", "Trophies", "F**kin' Problems", "Swimming Pools (Drank)", "How We Do", "Guap", "Work Hard, Play Hard", "Studio", "Wild for the Night", "Drop It Like It's Hot", "Ayo", "Bugatti", "No Mediocre (feat. Iggy Azalea)", "Who Do You Love? (Feat. Drake)", "Bitch, Don\u2019t Kill My Vibe", "Hate it or love it", "Whatever You Like"], "artists": ["Tyga", "Tyga", "Drake", "Drake", "Young Money", "A$AP Rocky", "Kendrick Lamar", "The Game", "Big Sean", "Wiz Khalifa", "ScHoolboy Q", "A$AP Rocky", "Snoop Dogg", "Chris Brown & Tyga", "Ace Hood", "T.I.", "YG", "Kendrick Lamar", "The Game", "T.I."], "centerDistance": 0.5141738499999999, "angle": 2.3561944901923453, "color": [0, 0]}, {"songs": ["Man of the Year"], "artists": ["ScHoolboy Q"], "centerDistance": 0.636297, "angle": 3.537967196125558, "color": [1, 0]}, {"songs": ["Juicy"], "artists": ["The Notorious B.I.G."], "centerDistance": 0.6896, "angle": 4.719739902058771, "color": [2, 0]}, {"songs": ["In Da Club", "Hot In Herre"], "artists": ["50 Cent", "Nelly"], "centerDistance": 0.6302075, "angle": 6.2758343855055045, "color": [3, 0]}, {"songs": ["No Role Modelz"], "artists": ["J. Cole"], "centerDistance": 0.760214, "angle": 1.1744217842591311, "color": [4, 0]}]