[{"songs": ["Sweater Weather", "Afraid"], "artists": ["The Neighbourhood", "The Neighbourhood"], "centerDistance": 0.789045, "angle": 1.0836275558843118, "color": [0, 0]}, {"songs": ["Do I Wanna Know?", "R U Mine?"], "artists": ["Arctic Monkeys", "Arctic Monkeys"], "centerDistance": 0.745388, "angle": 2.453057362555251, "color": [1, 0]}, {"songs": ["Things We Lost in the Fire", "Bad Blood"], "artists": ["Bastille", "Bastille"], "centerDistance": 0.7369905, "angle": 3.5563755853471255, "color": [2, 0]}, {"songs": ["Demons", "Crystalised", "Mountain Sound", "Don't Stop (Color on the Walls)", "Islands", "She Moves in Her Own Way", "Crossfire"], "artists": ["Imagine Dragons", "The xx", "Of Monsters and Men", "Foster the People", "The xx", "The Kooks", "Brandon Flowers"], "centerDistance": 0.7458127571428571, "angle": 4.674730918105995, "color": [3, 0]}, {"songs": ["It's Time", "Little Talks", "Mr. Brightside", "Somebody Told Me", "Sex on Fire", "Use Somebody", "Some Nights", "Chasing Cars", "What You Know", "Undercover Martyn", "Ruby", "Call It What You Want", "Breezeblocks", "Carry On", "Club Foot", "Tongue Tied", "Run", "Fire", "Nine in the Afternoon", "Cough Syrup"], "artists": ["Imagine Dragons", "Of Monsters and Men", "The Killers", "The Killers", "Kings of Leon", "Kings of Leon", "fun.", "Snow Patrol", "Two Door Cinema Club", "Two Door Cinema Club", "Kaiser Chiefs", "Foster the People", "alt-J", "fun.", "Kasabian", "Grouplove", "Snow Patrol", "Kasabian", "Panic! at the Disco", "Young the Giant"], "centerDistance": 0.7865125, "angle": 0.0376580622786955, "color": [4, 0]}]