[{"songs": ["KOD", "Crew (feat. Brent Faiyaz & Shy Glizzy)"], "artists": ["J. Cole", "GoldLink"], "centerDistance": 0.879405, "angle": 4.860824982955823, "color": [0, 0]}, {"songs": ["502 Come Up", "Sorry Not Sorry", "Keep In Touch (Feat. Bryson Tiller)", "Shooters", "Loaded Gun", "Come and See Me (feat. Drake)", "Break from Toronto", "10 Bands", "Ex Calling", "Now & Forever", "Jersey", "Get You Good", "Myself", "Unicorn Purp (feat. Young Thug & Gunna)", "With That (feat. Duke)", "Dreamcatcher (feat. Swae Lee & Travis Scott)", "Unfazed (feat. The Weeknd)", "Fell In Luv (feat. Bryson Tiller)", "Space Cadet (feat. Gunna)", "Slide on Me"], "artists": ["Bryson Tiller", "Bryson Tiller", "Tory Lanez", "Tory Lanez", "6LACK", "PARTYNEXTDOOR", "PARTYNEXTDOOR", "Drake", "6LACK", "Drake", "Future", "Roy Woods", "NAV", "Future", "Young Thug", "Metro Boomin", "LIL UZI VERT", "Playboi Carti", "Metro Boomin", "Frank Ocean"], "centerDistance": 0.7514168999999999, "angle": 6.134749304608453, "color": [1, 0]}, {"songs": ["Wasted Times", "Try Me"], "artists": ["The Weeknd", "The Weeknd"], "centerDistance": 0.8222585, "angle": 1.1038792438106064, "color": [2, 0]}, {"songs": ["Wanted You (feat. Lil Uzi Vert)", "a lot"], "artists": ["NAV", "21 Savage"], "centerDistance": 0.868635, "angle": 2.356194490192344, "color": [3, 0]}, {"songs": ["Neighbors"], "artists": ["J. Cole"], "centerDistance": 0.877047, "angle": 3.608509736574085, "color": [4, 0]}]