[{"songs": ["Woman Like Me (feat. Nicki Minaj)", "IDGAF", "Girls (feat. Cardi B, Bebe Rexha & Charli XCX)", "Sweet but Psycho", "Let You Love Me", "Hurts Like Hell (feat. Offset)", "1999", "Party for One"], "artists": ["Little Mix", "Dua Lipa", "Rita Ora", "Ava Max", "Rita Ora", "Madison Beer", "Charli XCX", "Carly Rae Jepsen"], "centerDistance": 0.7759212499999999, "angle": 4.748905813785203, "color": [0, 0]}, {"songs": ["Look What You Made Me Do", "Bad Liar", "More Than That", "My My My!", "Confident", "Green Light", "The Cure"], "artists": ["Taylor Swift", "Selena Gomez", "Lauren Jauregui", "Troye Sivan", "Demi Lovato", "Lorde", "Lady Gaga"], "centerDistance": 0.7808505714285713, "angle": 6.246668473779073, "color": [1, 0]}, {"songs": ["N\u00e3o Perco Meu Tempo", "Sapequinha"], "artists": ["Anitta", "Lexa"], "centerDistance": 0.826253, "angle": 1.1233992676739808, "color": [2, 0]}, {"songs": ["In the Dark", "She Loves Control", "God is a Woman", "No Tears Left To Cry", "Expectations", "I Did Something Bad", "BED (feat. Ariana Grande)", "Lost In Japan", "New Rules", "Because I Had You", "That's My Girl", "Miss Movin' On", "Told You So", "Body Heat", "Dead", "I Got You", "Wolves", "Then", "Roulette", "Thumbs"], "artists": ["Camila Cabello", "Camila Cabello", "Ariana Grande", "Ariana Grande", "Lauren Jauregui", "Taylor Swift", "Nicki Minaj", "Shawn Mendes", "Dua Lipa", "Shawn Mendes", "Fifth Harmony", "Fifth Harmony", "Little Mix", "Selena Gomez", "Madison Beer", "Bebe Rexha", "Selena Gomez & Marshmello", "Anne-Marie", "Katy Perry", "Sabrina Carpenter"], "centerDistance": 0.675797, "angle": 2.402010080478327, "color": [3, 0]}, {"songs": ["What I Need (feat. Kehlani)", "Sad", "Mona Lisa", "Ciao Adios", "Eyes Closed"], "artists": ["Hayley Kiyoko", "Bebe Rexha", "Sabrina Carpenter", "Anne-Marie", "Halsey"], "centerDistance": 0.8398106000000001, "angle": 3.572328706832778, "color": [4, 0]}]