[{"songs": ["How Did I Get Here (feat. J. Cole)", "Clout (feat. Cardi B)", "1.5", "Startender (feat. Offset and Tyga)", "Pray For The Drip (feat. Offset)", "Of Course We Ghetto Flowers (feat. Playboi Carti & Offset)", "Lost It (feat. Quavo & Offset)", "Ric Flair Drip", "Balenciaga Challenge (feat. Offset)", "Disrespectful", "Dubai Shit", "Taste (feat. Offset)", "Who Want The Smoke? (feat. Cardi B & Offset)", "Who Want The Smoke?", "One Call", "Speed It Up", "Crushed Up", "MIDDLE CHILD", "Whip (feat. Travis Scott)", "High Top Versace (feat. Young Thug)"], "artists": ["Offset", "Offset", "21 Savage", "A Boogie Wit da Hoodie", "Tee Grizzley", "LIL UZI VERT", "Rich The Kid", "Offset & Metro Boomin", "6LACK", "21 Savage", "Huncho Jack", "Tyga", "Lil Yachty", "Lil Yachty", "Gunna", "Gunna", "Future", "J. Cole", "2 Chainz", "2 Chainz"], "centerDistance": 0.7652184849999999, "angle": 1.0995574287564276, "color": [0, 0]}, {"songs": ["Bleed It"], "artists": ["Blueface"], "centerDistance": 0.9853188, "angle": 2.356194490192345, "color": [1, 0]}, {"songs": ["Pure Cocaine", "i", "Keanu Reeves"], "artists": ["Lil Baby", "lil skies", "Logic"], "centerDistance": 0.9808855333333333, "angle": 3.612831551628262, "color": [2, 0]}, {"songs": ["First Off (feat. Travis Scott)", "Going Bad (feat. Drake)"], "artists": ["Future", "Meek Mill"], "centerDistance": 0.97317805, "angle": 4.869468613064179, "color": [3, 0]}, {"songs": ["Thotiana"], "artists": ["Blueface"], "centerDistance": 0.9820961, "angle": 6.126105674500097, "color": [4, 0]}]