[{"songs": ["Yacht Club (feat. Juice WRLD)"], "artists": ["Lil Yachty"], "centerDistance": 0.833306, "angle": 4.763203581962164, "color": [0, 0]}, {"songs": ["a lot", "Crushed Up"], "artists": ["21 Savage", "Future"], "centerDistance": 0.763614, "angle": 6.232370705602113, "color": [1, 0]}, {"songs": ["Faucet Failure"], "artists": ["SKI MASK THE SLUMP GOD"], "centerDistance": 0.777095, "angle": 1.3732776539445695, "color": [2, 0]}, {"songs": ["Legacy (feat. Travis Scott & 21 Savage)", "Red Room"], "artists": ["Offset", "Offset"], "centerDistance": 0.795806, "angle": 2.4939896436189812, "color": [3, 0]}, {"songs": ["Ghostface Killers (feat. Travis Scott)", "Don't Come Out the House (feat. 21 Savage)", "Overdue (feat. Travis Scott)", "Praise The Lord (Da Shine) [feat. Skepta]", "Walk It Talk It (feat. Drake)", "New Choppa (feat. A$AP Rocky)", "F**k Love (feat. Trippie Redd)", "I Get the Bag (feat. Migos)", "wokeuplikethis* (feat. lil uzi vert)", "4 AM (feat. Travis Scott)", "1.5", "Taste (feat. Offset)", "Portland (feat. Quavo & Travis Scott)", "Dark Knight Dummo (feat. Travis Scott)", "Narcos", "Roll in Peace (feat. XXXTENTACION)", "Bounce Out With That", "Plain Jane", "Met Gala (feat. Offset)", "1400 / 999 Freestyle (feat. Juice WRLD)"], "artists": ["21 Savage, Offset & Metro Boomin", "Metro Boomin", "Metro Boomin", "A$AP Rocky", "Migos", "Playboi Carti", "xxxtentacion", "Gucci Mane", "Playboi Carti", "2 Chainz", "21 Savage", "Tyga", "Drake", "Trippie Redd", "Migos", "Kodak Black", "YBN Nahmir", "A$AP Ferg", "Gucci Mane", "Trippie Redd"], "centerDistance": 0.6655835999999999, "angle": 3.614701633293393, "color": [4, 0]}]