[{"songs": ["Kream (feat. Tyga)", "Chun-Li"], "artists": ["Iggy Azalea", "Nicki Minaj"], "centerDistance": 0.5493669999999999, "angle": 4.598504156827587, "color": [0, 0]}, {"songs": ["BED (feat. Ariana Grande)", "Backin' It Up (feat. Cardi B)", "Apeshit", "Hey Iggy", "In My Feelings", "MotorSport", "Twerk (feat. Cardi B)", "No Limit (feat. A$AP Rocky & Cardi B)", "7 rings", "Break Up with Your Girlfriend, I'm Bored", "Heard About Us", "Nice For What", "Ball For Me (feat. Nicki Minaj)", "Like I Do (feat. GoldLink)", "Accelerate (feat. Ty Dolla $ign & 2 Chainz)", "Faded Love (feat. Future)", "All The Stars (with SZA)", "HUMBLE.", "Phresh Out the Runway", "Hi Bich"], "artists": ["Nicki Minaj", "Pardison Fontaine", "The Carters", "Iggy Azalea", "Drake", "Migos", "City Girls", "G-Eazy", "Ariana Grande", "Ariana Grande", "The Carters", "Drake", "Post Malone", "Christina Aguilera", "Christina Aguilera", "Tinashe", "Kendrick Lamar", "Kendrick Lamar", "Rihanna", "Bhad Bhabie"], "centerDistance": 0.73590165, "angle": 0.11388482355710305, "color": [1, 0]}, {"songs": ["Crushed Up", "Jumpin on a Jet"], "artists": ["Future", "Future"], "centerDistance": 0.9111173, "angle": 1.2165172997186797, "color": [2, 0]}, {"songs": ["I Do (feat. SZA)", "Be Careful"], "artists": ["Cardi B", "Cardi B"], "centerDistance": 0.0035614999999999952, "angle": 2.346457925695251, "color": [3, 0]}, {"songs": ["Psycho (feat. Ty Dolla $ign)", "Rule the World (feat. Ariana Grande)", "Yikes", "24/7 (feat. Ella Mai)", "KOD", "Act Up", "Switch"], "artists": ["Post Malone", "2 Chainz", "Kanye West", "Meek Mill", "J. Cole", "City Girls", "6LACK"], "centerDistance": 0.8730941714285715, "angle": 3.4356234090145232, "color": [4, 0]}]