[{"songs": ["151 Rum", "Yikes", "Home", "Life"], "artists": ["Jid", "Kanye West", "Vince Staples", "Saba"], "centerDistance": 0.6986697499999999, "angle": 4.84543788039602, "color": [0, 0]}, {"songs": ["Murder On My Mind", "MoshPit (feat. Juice WRLD)", "Calling My Spirit"], "artists": ["YNW Melly", "Kodak Black", "Kodak Black"], "centerDistance": 0.20687566666666668, "angle": 6.150136407168255, "color": [1, 0]}, {"songs": ["1400 / 999 Freestyle", "Fine China"], "artists": ["Trippie Redd", "Future"], "centerDistance": 0.33497550000000004, "angle": 1.1690738846731543, "color": [2, 0]}, {"songs": ["Black & White", "Demons and Angels (feat. Juice WRLD)", "I'll Be Fine", "Bad Girls (feat. Gucci Mane)", "Name in the Sand", "Speed It Up", "Splashin", "Locationships", "Love Drugs and Sex", "Virtual (Blue Balenciagas)", "Space Cadet (feat. Gunna)", "Money in the Way", "SAD!", "Statute Of Limitations", "Jocelyn Flores", "Girls Have Fun (feat. G-Eazy & Rich The Kid)", "Candy Paint", "Praise The Lord (Da Shine) (feat. Skepta)", "Only Child", "Excuse Me"], "artists": ["Juice WRLD", "A Boogie Wit da Hoodie", "Juice WRLD", "lil skies", "lil skies", "Gunna", "Rich The Kid", "YBN Cordae", "A Boogie Wit da Hoodie", "YNW Melly", "Metro Boomin", "2 Chainz", "xxxtentacion", "2 Chainz", "xxxtentacion", "Tyga", "Post Malone", "A$AP Rocky", "Tierra Whack", "A$AP Rocky"], "centerDistance": 0.44816189999999995, "angle": 2.3619142671181095, "color": [3, 0]}, {"songs": ["One Call", "Crushed Up", "Wanted You (feat. Lil Uzi Vert)", "Sunflower - Spider-Man: Into the Spider-Verse", "SUMO | ZUMO", "10 Freaky Girls (feat. 21 Savage)"], "artists": ["Gunna", "Future", "NAV", "Post Malone", "Denzel Curry", "Metro Boomin"], "centerDistance": 0.5348613333333333, "angle": 3.552625663127687, "color": [4, 0]}]