[{"songs": ["Hurts Like Hell", "i'm so tired..."], "artists": ["Madison Beer", "Lauv"], "centerDistance": 0.303705, "angle": 2.2320888541104225, "color": [0, 0]}, {"songs": ["Want To", "Sweet but Psycho", "Without Me", "New Friends", "Look What You Made Me Do", "Girls (feat. Cardi B, Bebe Rexha & Charli XCX)"], "artists": ["Dua Lipa", "Ava Max", "Halsey", "Maty Noyes", "Taylor Swift", "Rita Ora"], "centerDistance": 0.3906088333333333, "angle": 3.54833285650278, "color": [1, 0]}, {"songs": ["Say It To My Face", "Sit Still, Look Pretty", "2 Souls on Fire (feat. Quavo)", "Low Key In Love", "Alien", "2002", "Burn Slow", "you should see me in a crown", "Colder", "Call It What You Want", "Youth", "Your Song", "New Rules", "L*** Is A Bad Word", "Back to Me", "Colors", "Most Girls", "Clearly", "Hair Too Long", "Capital Letters"], "artists": ["Maty Noyes", "Daya", "Bebe Rexha", "Jaira burns", "Sabrina Carpenter", "Anne-Marie", "Jaira burns", "Billie Eilish", "Nina Nesbitt", "Taylor Swift", "Shawn Mendes", "Rita Ora", "Dua Lipa", "Kiiara", "Daya", "Halsey", "Hailee Steinfeld", "Grace VanderWaal", "The Vamps", "Hailee Steinfeld"], "centerDistance": 0.3728908, "angle": 4.825676631569262, "color": [2, 0]}, {"songs": ["Connection", "Start Again (feat. Logic)"], "artists": ["OneRepublic", "OneRepublic"], "centerDistance": 0.2504925, "angle": 6.169897655995014, "color": [3, 0]}, {"songs": ["Faking It", "Sad", "What I Need (feat. Kehlani)", "Home with You", "All The Ways", "Repercussions", "Into You"], "artists": ["Sasha Sloan", "Bebe Rexha", "Hayley Kiyoko", "Madison Beer", "Meghan Trainor", "Bea Miller", "Julia Michaels"], "centerDistance": 0.3284775714285715, "angle": 1.2161690236272253, "color": [4, 0]}]