[{"songs": ["Hey Iggy", "Bust Down Barbiana", "Barbie Goin Bad", "Twerk (feat. Cardi B)", "Bartier Cardi (feat. 21 Savage)", "Opulence", "Apeshit", "Cuz I Love You", "Goodnight Gotham", "Bestie (feat. Kodak Black)", "Phresh Out the Runway", "Act Up", "Accelerate", "Bad Boy", "PetSmart", "Sunflower - Spider-Man: Into the Spider-Verse", "Dangled", "Drunk in Love", "Daddy", "Volcano"], "artists": ["Iggy Azalea", "Nicki Minaj", "Nicki Minaj", "City Girls", "Cardi B", "Brooke Candy", "The Carters", "Lizzo", "Rihanna", "Bhad Bhabie", "Rihanna", "City Girls", "Christina Aguilera", "Tommy Genesis", "CupcakKe", "Post Malone", "CupcakKe", "Beyonc\u00e9", "Tommy Genesis", "Brooke Candy"], "centerDistance": 0.4903613, "angle": 3.5530550028006833, "color": [0, 0]}, {"songs": ["Dumb Blonde (feat. Nicki Minaj)", "Birdie"], "artists": ["Avril Lavigne", "Avril Lavigne"], "centerDistance": 0.9496319, "angle": 4.669767913122327, "color": [1, 0]}, {"songs": ["S\u00f3 Depois do Carnaval", "Terremoto"], "artists": ["Lexa", "Anitta"], "centerDistance": 0.9512088999999999, "angle": 0.04262106726236148, "color": [2, 0]}, {"songs": ["Kream (feat. Tyga)", "I Do (feat. SZA)"], "artists": ["Iggy Azalea", "Cardi B"], "centerDistance": 0.14575349999999998, "angle": 1.1593339775840068, "color": [3, 0]}, {"songs": ["7 rings", "Swan Song (From The Motion Picture \"Alita: Battle Angel\")"], "artists": ["Ariana Grande", "Dua Lipa"], "centerDistance": 0.94021465, "angle": 2.4363420924790393, "color": [4, 0]}]