[{"songs": ["Me Beija Com Raiva", "Woman Like Me (feat. Nicki Minaj)", "Think About Us", "Swish Swish"], "artists": ["J\u00e3o", "Little Mix", "Little Mix", "Katy Perry"], "centerDistance": 0.67931375, "angle": 0.9130770984902057, "color": [0, 0]}, {"songs": ["Agora \u00e9 Tudo Meu", "S\u00f3 Voc\u00ea", "Joga Bunda", "Jogando Sujo", "Vai malandra (feat. Tropkillaz & DJ Yuri Martins)", "Kikadinha", "Ouvi Dizer", "Rebola (Participa\u00e7\u00e3o Especial de Carlinhos Brown e Gloria Groove)", "Favela", "Pesad\u00e3o (Participa\u00e7\u00e3o especial Marcelo Falc\u00e3o)", "No Hablo Espa\u00f1ol", "Meu Abrigo", "Vou Falar Pra Tu", "Favela chegou - Ao vivo", "Vai Embora (feat. Ludmilla)", "Tu Ja Sabe o Que Eu Fa\u00e7o L\u00e1 No Meu Barraco", "Oh Quem Voltou", "Posso Ser", "Pac Pac", "Balancinho"], "artists": ["Dennis Dj", "Dennis Dj", "Aretuza Lovi", "Ludmilla", "Anitta", "Jerry Smith", "Melim", "IZA", "Alok", "IZA", "Pabllo Vittar", "Melim", "Jerry Smith", "Ludmilla", "Pabllo Vittar", "MC Nego da Marcone", "Dani Russo", "Lexa", "PANKADON", "Claudia Leitte"], "centerDistance": 0.4391302500000001, "angle": 2.222994254287901, "color": [1, 0]}, {"songs": ["N\u00e3o Perco Meu Tempo"], "artists": ["Anitta"], "centerDistance": 0.258725, "angle": 3.5329114100855956, "color": [2, 0]}, {"songs": ["IDGAF"], "artists": ["Dua Lipa"], "centerDistance": 0.727093, "angle": 4.84282856588329, "color": [3, 0]}, {"songs": ["Vou Morrer Sozinho"], "artists": ["J\u00e3o"], "centerDistance": 0.5312600000000001, "angle": 6.1527457216809855, "color": [4, 0]}]