[{"songs": ["Think About Us", "Good Form", "Motivate"], "artists": ["Little Mix", "Nicki Minaj", "Little Mix"], "centerDistance": 0.8678523333333333, "angle": 4.83796682889008, "color": [0, 0]}, {"songs": ["Expectations", "More Than That"], "artists": ["Lauren Jauregui", "Lauren Jauregui"], "centerDistance": 0.851126, "angle": 6.157607458674196, "color": [1, 0]}, {"songs": ["Engano Seu", "Toda Sua", "Jogando Sujo", "Vai Embora (feat. Ludmilla)", "Sapequinha", "Solta a Batida", "God is a Woman", "Joga Bunda", "everytime", "Relaxa", "Tenho Voc\u00ea", "N\u00e3o Esque\u00e7o", "Ai, Amor", "Like I Do", "Seu Direito", "Tem Caf\u00e9", "Te Ligo Depois", "Games", "Vai malandra (feat. Tropkillaz & DJ Yuri Martins)", "Girass\u00f3is de Van Gogh"], "artists": ["IZA", "IZA", "Ludmilla", "Pabllo Vittar", "Lexa", "Ludmilla", "Ariana Grande", "Aretuza Lovi", "Ariana Grande", "Clau", "Davi", "Niara", "ANAVIT\u00d3RIA", "Christina Aguilera", "Davi", "GAAB", "Rouge", "Demi Lovato", "Anitta", "Baco Exu do Blues"], "centerDistance": 0.7262100000000001, "angle": 1.1131018503735337, "color": [2, 0]}, {"songs": ["Angel", "Lonely"], "artists": ["Fifth Harmony", "Demi Lovato"], "centerDistance": 0.863865, "angle": 2.3517815492524576, "color": [3, 0]}, {"songs": ["Formation", "Sorry"], "artists": ["Beyonc\u00e9", "Beyonc\u00e9"], "centerDistance": 0.8623704999999999, "angle": 3.59046124813138, "color": [4, 0]}]