[{"songs": ["Sunflower (Spider-Man: Into the Spider-Verse)", "Unbothered", "44 More", "Wasted (feat. Lil Uzi Vert)", "Off Deez (with J. Cole)", "Hard Work Pays Off", "KOD", "SIRENS | Z1RENZ [FEAT. J.I.D | J.1.D]", "King's Dead (with Kendrick Lamar, Future & James Blake)", "All Girls Are The Same", "a lot", "Opps (with Yugen Blakrok)", "He Diddy!", "I Love", "Fuck Love (Feat. Trippie Redd)", "Multi Millionaire (feat. Lil Uzi Vert)", "Look Back At It", "Look at Me!", "Leave Me Alone", "Splashin"], "artists": ["Post Malone", "SKI MASK THE SLUMP GOD", "Logic", "Juice WRLD", "Jid", "Future", "J. Cole", "Denzel Curry", "Jay Rock", "Juice WRLD", "21 Savage", "Vince Staples", "SKI MASK THE SLUMP GOD", "JOYNER LUCAS", "xxxtentacion", "LIL PUMP", "A Boogie Wit da Hoodie", "xxxtentacion", "Flipp Dinero", "Rich The Kid"], "centerDistance": 0.8236335999999997, "angle": 3.632052315756478, "color": [0, 0]}, {"songs": ["Fine China", "SUMO | ZUMO", "Plastic", "KIKA (feat. Tory Lanez)", "151 Rum", "Overnight"], "artists": ["Future", "Denzel Curry", "Jaden Smith", "6ix9ine", "Jid", "Logic"], "centerDistance": 0.8656548333333335, "angle": 4.82317939354313, "color": [1, 0]}, {"songs": ["Overdue (with Travis Scott)", "Space Cadet (feat. Gunna)", "wokeuplikethis*"], "artists": ["Metro Boomin", "Metro Boomin", "Playboi Carti"], "centerDistance": 0.8488706666666667, "angle": 6.172394894021146, "color": [2, 0]}, {"songs": ["Home", "Way Up", "Sunflower - Spider-Man: Into the Spider-Verse", "HUMBLE."], "artists": ["Vince Staples", "Jaden Smith", "Post Malone", "Kendrick Lamar"], "centerDistance": 0.34028824999999996, "angle": 1.0785274242029832, "color": [3, 0]}, {"songs": ["MoshPit (feat. Juice WRLD)", "Calling My Spirit", "1400 / 999 Freestyle"], "artists": ["Kodak Black", "Kodak Black", "Trippie Redd"], "centerDistance": 0.8518866666666667, "angle": 2.2773760342476415, "color": [4, 0]}]