[{"songs": ["Dusk Till Dawn", "Sorry Not Sorry", "Don't Go Breaking My Heart", "Younger Now"], "artists": ["Zayn", "Demi Lovato", "Backstreet Boys", "Miley Cyrus"], "centerDistance": 0.65600875, "angle": 3.603459003868089, "color": [0, 0]}, {"songs": ["Filthy"], "artists": ["Justin Timberlake"], "centerDistance": 0.0, "angle": 4.862296264780617, "color": [1, 0]}, {"songs": ["Shallow", "2002", "Growing Pains", "Beautiful Trauma", "Ciao Adios"], "artists": ["Lady Gaga", "Anne-Marie", "Alessia Cara", "P!nk", "Anne-Marie"], "centerDistance": 0.6154984000000001, "angle": 6.133278022783659, "color": [2, 0]}, {"songs": ["Too Good at Goodbyes", "My My My!", "Think About Us"], "artists": ["Sam Smith", "Troye Sivan", "Little Mix"], "centerDistance": 0.6892576666666667, "angle": 0.9336021190929316, "color": [3, 0]}, {"songs": ["Higher Higher", "Flames", "Attention", "Lost In Japan", "In My Blood", "Dancing With a Stranger", "No Tears Left To Cry", "How Long", "No Candle No Light", "God is a Woman", "All of Me", "Accelerate", "Meant to Be (feat. Florida Georgia Line)", "Sick Boy", "Blurred Lines", "Tell Me You Love Me", "Happy", "Treasure", "Dona da Minha Vida", "Be The One"], "artists": ["Justin Timberlake", "David Guetta", "Charlie Puth", "Shawn Mendes", "Shawn Mendes", "Sam Smith", "Ariana Grande", "Charlie Puth", "Zayn", "Ariana Grande", "John Legend", "Christina Aguilera", "Bebe Rexha", "The Chainsmokers", "Robin Thicke", "Demi Lovato", "Pharrell Williams", "Bruno Mars", "Rouge", "Dua Lipa"], "centerDistance": 0.5756051, "angle": 2.017111522581791, "color": [4, 0]}]