[{"songs": ["I Love You", "Nobody Like You", "Just a Little Bit of Your Heart", "My Everything", "Right Now", "Unconditionally", "You & I", "I Can't Fall In Love Without You", "Homesick", "Only You", "You Are in Love", "The Heart Wants What It Wants", "The One That Got Away", "Wrecking Ball", "King of My Heart", "Make You Mad", "Til It Happens To You", "Stay (feat. Mikky Ekko)", "Disk Me", "Everytime"], "artists": ["Little Mix", "Little Mix", "Ariana Grande", "Ariana Grande", "One Direction", "Katy Perry", "One Direction", "Zara Larsson", "Dua Lipa", "Zara Larsson", "Taylor Swift", "Selena Gomez", "Katy Perry", "Miley Cyrus", "Taylor Swift", "Fifth Harmony", "Lady Gaga", "Rihanna", "Pabllo Vittar", "Britney Spears"], "centerDistance": 0.7078941500000001, "angle": 3.5868327265636792, "color": [0, 0]}, {"songs": ["Sober", "Stone Cold", "Million Reasons"], "artists": ["Demi Lovato", "Demi Lovato", "Lady Gaga"], "centerDistance": 0.7117249999999999, "angle": 4.7301897994629325, "color": [1, 0]}, {"songs": ["Perfect"], "artists": ["Selena Gomez"], "centerDistance": 0.8530059999999999, "angle": 6.265384488101343, "color": [2, 0]}, {"songs": ["XO", "Jar of Hearts"], "artists": ["Beyonc\u00e9", "Christina Perri"], "centerDistance": 0.839646, "angle": 1.12555625382101, "color": [3, 0]}, {"songs": ["Too Good at Goodbyes", "when the party's over", "Flux", "Lay Me Down"], "artists": ["Sam Smith", "Billie Eilish", "Ellie Goulding", "Sam Smith"], "centerDistance": 0.8557454999999999, "angle": 2.443475653664425, "color": [4, 0]}]