[{"songs": ["Bad Blood", "Shuffle"], "artists": ["Bastille", "Bombay Bicycle Club"], "centerDistance": 0.8740355, "angle": 1.2241662879464714, "color": [0, 0]}, {"songs": ["Brand New Day", "Love Like This"], "artists": ["Kodaline", "Kodaline"], "centerDistance": 0.9102276, "angle": 2.5576537802900634, "color": [1, 0]}, {"songs": ["The City", "Talk!", "One for the Road", "Laura Palmer", "Why'd You Only Call Me When You're High?", "Change Your Ticket", "What You Know", "Anna Sun", "Kathleen", "Drunk", "Cocoon", "Seaside", "Sleep Alone", "Forever", "Teenage Icon", "Step", "Lego House", "Car Radio", "Tongue Tied", "Always Like This"], "artists": ["The 1975", "The 1975", "Arctic Monkeys", "Bastille", "Arctic Monkeys", "One Direction", "Two Door Cinema Club", "Walk the Moon", "Catfish and The Bottlemen", "Ed Sheeran", "Catfish and The Bottlemen", "The Kooks", "Two Door Cinema Club", "HAIM", "The Vaccines", "Vampire Weekend", "Ed Sheeran", "Twenty One Pilots", "Grouplove", "Bombay Bicycle Club"], "centerDistance": 0.7892395299999999, "angle": 3.6787171420603024, "color": [2, 0]}, {"songs": ["She Moves in Her Own Way", "Diane Young", "If You Wanna", "Coming of Age", "Crystalised", "Let's Dance to Joy Division", "Stuck on the Puzzle"], "artists": ["The Kooks", "Vampire Weekend", "The Vaccines", "Foster the People", "The xx", "The Wombats", "Alex Turner"], "centerDistance": 0.8902555142857143, "angle": 4.799780503830542, "color": [3, 0]}, {"songs": ["Afraid", "Female Robbery"], "artists": ["The Neighbourhood", "The Neighbourhood"], "centerDistance": 0.841599, "angle": 6.195793783733735, "color": [4, 0]}]