[{"songs": ["Missing My Idols", "Me Likey", "Wasted (feat. Lil Uzi Vert)", "No Rest", "Carry On", "Nephew (feat. Lil Pump)", "Noticed", "Sold Out Dates (feat. Lil Baby)", "Yacht Club (feat. Juice WRLD)", "Swervin (feat. 6ix9ine)", "HOPE", "asmr", "Sauce It Up", "20 Min", "Ridin (feat. Landon Cube & YBN Nahmir)", "If I'm Lyin, I'm Flyin", "Kung Fu", "Plug Walk", "Dreamcatcher (feat. Swae Lee & Travis Scott)", "Demons and Angels (feat. Juice WRLD)"], "artists": ["Trippie Redd", "Trippie Redd", "Juice WRLD", "lil skies", "xxxtentacion", "smokepurpp", "lil Mosey", "Gunna", "Lil Yachty", "A Boogie Wit da Hoodie", "xxxtentacion", "21 Savage", "LIL UZI VERT", "LIL UZI VERT", "Yung Bans", "Kodak Black", "YBN Cordae", "Rich The Kid", "Metro Boomin", "A Boogie Wit da Hoodie"], "centerDistance": 0.6352548, "angle": 3.572904586576249, "color": [0, 0]}, {"songs": ["Lean Wit Me", "I Know You (feat. Yung Pinch)", "CATCH ME OUTSIDE", "Freshman List", "DR. WHOEVER"], "artists": ["Juice WRLD", "lil skies", "SKI MASK THE SLUMP GOD", "NAV", "Amin\u00e9"], "centerDistance": 0.7117686, "angle": 4.761770781994474, "color": [1, 0]}, {"songs": ["Space Cadet (feat. Gunna)", "monster", "MoshPit (feat. Juice WRLD)", "Fine China", "KIKA (feat. Tory Lanez)"], "artists": ["Metro Boomin", "21 Savage", "Kodak Black", "Future", "6ix9ine"], "centerDistance": 0.7205708, "angle": 6.233803505569802, "color": [2, 0]}, {"songs": ["Leave Me Alone", "Mo Bamba", "Ned Flanders (feat. A$AP Ferg)"], "artists": ["Flipp Dinero", "Sheck Wes", "MADEINTYO"], "centerDistance": 0.658763, "angle": 0.9516650930393711, "color": [3, 0]}, {"songs": ["Sin (feat. Jaden Smith)", "Nonstop", "Yikes"], "artists": ["Young Thug", "Drake", "Kanye West"], "centerDistance": 0.7455696666666668, "angle": 2.3840383911580254, "color": [4, 0]}]