[{"songs": ["Diggin' My Grave", "Look What I Found", "Thank U, Next", "No Tears Left To Cry", "...Ready For It?", "Expectations", "Dark Horse", "Bloom", "Too Good at Goodbyes", "Swan Song (From The Motion Picture \"Alita: Battle Angel\")", "I Kissed a Girl", "Told You So", "She Loves Control", "A Million Dreams", "Bad At Love", "The Climb", "Dona da Minha Vida", "I Got You", "I Have Questions", "Thunderclouds (with Sia, Diplo & Labrinth)"], "artists": ["Lady Gaga", "Lady Gaga", "Ariana Grande", "Ariana Grande", "Taylor Swift", "Lauren Jauregui", "Katy Perry", "Troye Sivan", "Sam Smith", "Dua Lipa", "Katy Perry", "Little Mix", "Camila Cabello", "P!nk", "Halsey", "Miley Cyrus", "Rouge", "Bebe Rexha", "Camila Cabello", "Sia"], "centerDistance": 0.66136535, "angle": 3.6981147679241126, "color": [0, 0]}, {"songs": ["Look What You Made Me Do", "Younger Now"], "artists": ["Taylor Swift", "Miley Cyrus"], "centerDistance": 0.7124655, "angle": 4.7285222155805275, "color": [1, 0]}, {"songs": ["Sweet but Psycho", "Let You Love Me", "IDGAF", "Bigger Wow"], "artists": ["Ava Max", "Rita Ora", "Dua Lipa", "Avril Lavigne"], "centerDistance": 0.62407625, "angle": 6.267052071983748, "color": [2, 0]}, {"songs": ["My My My!"], "artists": ["Troye Sivan"], "centerDistance": 0.693999, "angle": 1.316183453576878, "color": [3, 0]}, {"songs": ["Say Something", "Girls (feat. Cardi B, Bebe Rexha & Charli XCX)", "you should see me in a crown", "What I Need (feat. Kehlani)"], "artists": ["Justin Timberlake", "Rita Ora", "Billie Eilish", "Hayley Kiyoko"], "centerDistance": 0.809656175, "angle": 2.6500932708489735, "color": [4, 0]}]