[{"songs": ["Are You Satisfied?"], "artists": ["Marina & the Diamonds"], "centerDistance": 0.008075000000000054, "angle": 4.672208091845344, "color": [0, 0]}, {"songs": ["Mowgli's Road", "Just Desserts", "SuperLove", "Buzzcut Season", "Never Let Me Go", "Boys Don't Cry", "Shake It Out", "No Rest for the Wicked", "Never Wanna Know", "I Follow Rivers", "Crave", "Echo", "If I Could Change Your Mind", "Daddy's Girl", "One More (feat. M\u00d8)", "In Her Arms", "Anything Could Happen", "LDN", "The Fear", "Under the Sheets"], "artists": ["Marina & the Diamonds", "Marina And The Diamonds & Charli XCX", "Charli XCX", "Lorde", "Florence + the Machine", "Natalia Kills", "Florence + the Machine", "Lykke Li", "M\u00d8", "Lykke Li", "Tove Lo", "Foxes", "HAIM", "Natalia Kills", "Elliphant", "Foxes", "Ellie Goulding", "Lily Allen", "Lily Allen", "Ellie Goulding"], "centerDistance": 0.848113835, "angle": 0.04018088853934643, "color": [1, 0]}, {"songs": ["Ain\u2019t Your Right"], "artists": ["Sky Ferreira"], "centerDistance": 0.880944, "angle": 1.1395031203274186, "color": [2, 0]}, {"songs": ["Team"], "artists": ["Lorde"], "centerDistance": 0.871478, "angle": 2.238825352115491, "color": [3, 0]}, {"songs": ["Off to the Races", "National Anthem"], "artists": ["Lana Del Rey", "Lana Del Rey"], "centerDistance": 0.8464325, "angle": 3.572885860057271, "color": [4, 0]}]