[{"songs": ["Fell In Luv (feat. Bryson Tiller)", "wokeuplikethis* (feat. lil uzi vert)", "The Way Life Goes (Feat. Oh Wonder)", "XO TOUR Llif3", "Praise The Lord (Da Shine) [feat. Skepta]", "Wasted (feat. Lil Uzi Vert)", "Buck Shots", "Love Scars", "gun smoke", "Halftime", "out for the night", "How You Feel", "I don't wanna do this anymore", "YuNg BrAtZ", "SaintLaurentYSL (feat. Lil Baby)", "U Said", "Cry Alone", "friday the 13th", "SMARTWATER", "rockstar (feat. 21 Savage)"], "artists": ["Playboi Carti", "Playboi Carti", "LIL UZI VERT", "LIL UZI VERT", "A$AP Rocky", "Juice WRLD", "A$AP Rocky", "Trippie Redd", "21 Savage", "Young Thug", "21 Savage", "Trippie Redd", "xxxtentacion", "xxxtentacion", "Lil Yachty", "LIL PEEP", "LIL PEEP", "Yung Lean", "Bladee", "Post Malone"], "centerDistance": 0.6927188799999999, "angle": 1.1398464047555423, "color": [0, 0]}, {"songs": ["Nuketown (feat. Juice WRLD)"], "artists": ["SKI MASK THE SLUMP GOD"], "centerDistance": 0.9813447, "angle": 2.356194490192345, "color": [1, 0]}, {"songs": ["Reborn", "Cudi Montage"], "artists": ["Kids See Ghosts", "Kids See Ghosts"], "centerDistance": 0.9820633, "angle": 3.5725425756291473, "color": [2, 0]}, {"songs": ["Yacht Club (feat. Juice WRLD)", "What Would Meek Do? (feat. Kanye West)"], "artists": ["Lil Yachty", "Pusha T"], "centerDistance": 0.83970475, "angle": 4.78889066106595, "color": [3, 0]}, {"songs": ["Psycho (feat. Ty Dolla $ign)", "ZEZE (feat. Travis Scott & Offset)"], "artists": ["Post Malone", "Kodak Black"], "centerDistance": 0.9284822500000001, "angle": 6.206683626498326, "color": [4, 0]}]