[{"songs": ["Start Again (feat. Logic)", "Connection"], "artists": ["OneRepublic", "OneRepublic"], "centerDistance": 0.52395, "angle": 2.3049841326906537, "color": [0, 0]}, {"songs": ["New", "Most Girls", "Safe", "2002", "Love Myself", "Fight Song", "Symphony (feat. Zara Larsson)", "New Rules", "Closer (feat. Halsey)", "Curious", "Bad At Love", "Stand By You", "I Like Me Better", "Never Forget You", "Paris", "Lips Are Movin", "Ain't My Fault", "Rockabye (feat. Sean Paul & Anne-Marie)", "Classic", "Issues"], "artists": ["Daya", "Hailee Steinfeld", "Daya", "Anne-Marie", "Hailee Steinfeld", "Rachel Platten", "Clean Bandit", "Dua Lipa", "The Chainsmokers", "Hayley Kiyoko", "Halsey", "Rachel Platten", "Lauv", "Zara Larsson", "The Chainsmokers", "Meghan Trainor", "Zara Larsson", "Clean Bandit", "MKTO", "Julia Michaels"], "centerDistance": 0.43582105000000004, "angle": 3.6100620351082995, "color": [1, 0]}, {"songs": ["Wolves", "Bad Liar"], "artists": ["Selena Gomez", "Selena Gomez"], "centerDistance": 0.628701, "angle": 4.815120255837684, "color": [2, 0]}, {"songs": ["Without Me", "IDGAF", "Sweet but Psycho", "Hurts Like Hell (feat. Offset)", "On My Mind", "i'm so tired..."], "artists": ["Halsey", "Dua Lipa", "Ava Max", "Madison Beer", "Ellie Goulding", "Lauv"], "centerDistance": 0.5442431666666667, "angle": 6.180454031726592, "color": [3, 0]}, {"songs": ["Confident", "There's Nothing Holdin' Me Back", "Toothbrush", "Ciao Adios", "Eastside", "What I Need (feat. Kehlani)", "Say You Won't Let Go", "you should see me in a crown"], "artists": ["Demi Lovato", "Shawn Mendes", "DNCE", "Anne-Marie", "Benny Blanco", "Hayley Kiyoko", "James Arthur", "Billie Eilish"], "centerDistance": 0.5563635, "angle": 1.1070120308798526, "color": [4, 0]}]