[{"songs": ["Pretty Girl", "This Side of Paradise", "Roman Holiday", "TALK ME DOWN", "Drive", "when the party's over", "Bellyache", "Tag, You're It", "Blank Space", "Wildest Dreams", "Better Off", "Shivering Gold", "Gimmie Love", "Money Power Glory", "Hey You Got Drugs?", "Lindo Demais", "so sad so sexy", "Your Type", "The Heart Wants What It Wants", "More Than That"], "artists": ["Hayley Kiyoko", "Hayley Kiyoko", "Halsey", "Troye Sivan", "Halsey", "Billie Eilish", "Billie Eilish", "Melanie Martinez", "Taylor Swift", "Taylor Swift", "Ariana Grande", "Tove Lo", "Carly Rae Jepsen", "Lana Del Rey", "Tove Lo", "J\u00e3o", "Lykke Li", "Carly Rae Jepsen", "Selena Gomez", "Lauren Jauregui"], "centerDistance": 0.7057567, "angle": 1.1281421822635673, "color": [0, 0]}, {"songs": ["Mrs. Potato Head", "High by the Beach"], "artists": ["Melanie Martinez", "Lana Del Rey"], "centerDistance": 0.7847299999999999, "angle": 2.409784556566702, "color": [1, 0]}, {"songs": ["Seventeen", "Sue Me", "it's not u it's me"], "artists": ["Troye Sivan", "Sabrina Carpenter", "Bea Miller"], "centerDistance": 0.7905993333333333, "angle": 3.6235694891828025, "color": [2, 0]}, {"songs": ["Talia", "Older", "Consequences"], "artists": ["King Princess", "Sasha Sloan", "Camila Cabello"], "centerDistance": 0.7677849999999999, "angle": 4.837354421798903, "color": [3, 0]}, {"songs": ["breathin", "Perfect"], "artists": ["Ariana Grande", "Selena Gomez"], "centerDistance": 0.7837195, "angle": 6.158219865765373, "color": [4, 0]}]