[{"songs": ["ATTENTION", "WANTED U", "Midsummer Madness", "Ivy", "Solo", "Sober", "Switch", "Television / So Far So Good", "Peach Jam", "Ghost Town (feat. PARTYNEXTDOOR)", "Happiness", "Come Together", "La Di Da", "Don't", "Come and See Me (feat. Drake)", "im closing my eyes (feat. shiloh)", "Fear.", "GOD.", "Things I Imagined", "Do Re mi"], "artists": ["Joji", "Joji", "88Rising", "Frank Ocean", "Frank Ocean", "Childish Gambino", "6LACK", "Rex Orange County", "88Rising", "Kanye West", "Rex Orange County", "The Internet", "The Internet", "Bryson Tiller", "PARTYNEXTDOOR", "potsu", "Kendrick Lamar", "Kendrick Lamar", "Solange", "Blackbear"], "centerDistance": 0.80849148, "angle": 1.0995574287564276, "color": [0, 0]}, {"songs": ["Father Stretch My Hands, Pt. 1"], "artists": ["Kanye West"], "centerDistance": 0.9473319, "angle": 2.356194490192345, "color": [1, 0]}, {"songs": ["Stay Flo"], "artists": ["Solange"], "centerDistance": 0.9476315, "angle": 3.612831551628262, "color": [2, 0]}, {"songs": ["Unfair"], "artists": ["6LACK"], "centerDistance": 0.9237957, "angle": 4.869468613064179, "color": [3, 0]}, {"songs": ["Call Out My Name", "Wasted Times"], "artists": ["The Weeknd", "The Weeknd"], "centerDistance": 0.878922, "angle": 6.126105674500097, "color": [4, 0]}]