[{"songs": ["sex money feelings die", "Milk and Cookies", "when the party's over", "Hunger", "you should see me in a crown", "Fetish (feat. Gucci Mane)"], "artists": ["Lykke Li", "Melanie Martinez", "Billie Eilish", "Florence + the Machine", "Billie Eilish", "Selena Gomez"], "centerDistance": 0.9600318783333334, "angle": 4.766588396884968, "color": [0, 0]}, {"songs": ["7 rings", "Steady (feat. Tory Lanez)", "Like I Do (feat. GoldLink)"], "artists": ["Ariana Grande", "Bebe Rexha", "Christina Aguilera"], "centerDistance": 0.9133653, "angle": 6.228985890679308, "color": [1, 0]}, {"songs": ["Needed Me"], "artists": ["Rihanna"], "centerDistance": 0.99316965, "angle": 1.1460629721039455, "color": [2, 0]}, {"songs": ["Liability (Reprise)", "Sober", "Cherry", "White Mustang", "Sweetener", "Deep End", "5 In the Morning", "TROPHY", "Slow Disco", "Sugarboy", "All Is Soft Inside", "Romantics (feat. Daye Jack)", "Soft Universe", "Primadonna", "Rendezvous", "Dark Horse", "Judas", "DKLA", "Lucky Escape", "Falling Into Me"], "artists": ["Lorde", "Lorde", "Lana Del Rey", "Lana Del Rey", "Ariana Grande", "Lykke Li", "Charli XCX", "Charli XCX", "St. Vincent", "St. Vincent", "Aurora", "Tove Lo", "Aurora", "Marina", "Years & Years", "Katy Perry", "Banks", "Troye Sivan", "Years & Years", "Let's Eat Grandma"], "centerDistance": 0.7989486900000001, "angle": 2.3660636196765203, "color": [3, 0]}, {"songs": ["Delicate"], "artists": ["Taylor Swift"], "centerDistance": 0.9885873, "angle": 3.5663260082807433, "color": [4, 0]}]