[{"songs": ["You Don't Do It For Me Anymore", "Twice", "Come See About Me", "The Heart Wants What It Wants", "One Last Time", "Just a Little Bit of Your Heart", "2 Souls on Fire (feat. Quavo)", "Million Reasons", "Unconditionally", "Wrecking Ball", "Grand Piano", "Miss You More", "Monster In Me", "A Little More", "Drive", "Homesick", "Til It Happens To You", "when the party's over", "I Can't Fall In Love Without You", "Beautiful"], "artists": ["Demi Lovato", "Christina Aguilera", "Nicki Minaj", "Selena Gomez", "Ariana Grande", "Ariana Grande", "Bebe Rexha", "Lady Gaga", "Katy Perry", "Miley Cyrus", "Nicki Minaj", "Katy Perry", "Little Mix", "Alessia Cara", "Miley Cyrus", "Dua Lipa", "Lady Gaga", "Billie Eilish", "Zara Larsson", "Christina Aguilera"], "centerDistance": 0.5914119499999999, "angle": 3.5603184504238, "color": [0, 0]}, {"songs": ["Stone Cold", "Perfect"], "artists": ["Demi Lovato", "Selena Gomez"], "centerDistance": 0.307289, "angle": 4.745766331562262, "color": [1, 0]}, {"songs": ["Secret Love Song, Pt. II"], "artists": ["Little Mix"], "centerDistance": 0.679412, "angle": 6.249807956002014, "color": [2, 0]}, {"songs": ["The Moment I Knew"], "artists": ["Taylor Swift"], "centerDistance": 0.771307, "angle": 1.1519181602228992, "color": [3, 0]}, {"songs": ["Flux"], "artists": ["Ellie Goulding"], "centerDistance": 0.839811, "angle": 2.3372136716233705, "color": [4, 0]}]