[{"songs": ["Liso, Sensual", "Antes Que Ver el Sol", "Libertad (feat. Anah\u00ed)", "SACRILEGIO", "Eclipse de Luna", "Don't Wanna Dance Alone", "Rooting for My Baby", "Piano", "Pound the Alarm"], "artists": ["RBD", "Dulce Mar\u00eda", "Christian Ch\u00e1vez", "Christian Ch\u00e1vez", "Maite Perroni", "Fifth Harmony", "Miley Cyrus", "Ariana Grande", "Nicki Minaj"], "centerDistance": 0.7875617777777778, "angle": 1.0995574287564276, "color": [0, 0]}, {"songs": ["Midnight Memories"], "artists": ["One Direction"], "centerDistance": 0.899421, "angle": 2.356194490192345, "color": [1, 0]}, {"songs": ["Nuestro Amor", "Dopamina", "Vacaciones", "Hair", "Crank It Up", "On My Way", "Somos", "Sippin' on Sunshine", "Born to Make You Happy", "It Takes Two", "Made in the USA", "Heart Attack", "Nobody Does It Like You", "Birthday", "Bl\u00e1 Bl\u00e1 Bl\u00e1", "Ring Off", "Break Free (feat. Zedd)", "En el Amor Hay Que Perdonar", "Can't Be Tamed", "MANiCURE"], "artists": ["RBD", "Belinda", "Dulce Mar\u00eda", "Ashley Tisdale", "Ashley Tisdale", "Lea Michele", "Christopher von Uckermann", "Avril Lavigne", "Britney Spears", "Katy Perry", "Demi Lovato", "Demi Lovato", "Selena Gomez", "Selena Gomez", "Anitta", "Beyonc\u00e9", "Ariana Grande", "Belinda", "Miley Cyrus", "Lady Gaga"], "centerDistance": 0.8415068399999999, "angle": 3.612831551628262, "color": [2, 0]}, {"songs": ["Ready or Not"], "artists": ["Bridgit Mendler"], "centerDistance": 0.9216823, "angle": 4.869468613064179, "color": [3, 0]}, {"songs": ["Para Qu\u00e9"], "artists": ["Anah\u00ed"], "centerDistance": 0.647527, "angle": 6.126105674500097, "color": [4, 0]}]