[{"songs": ["When I Die", "Last Hurrah", "Love Myself", "Homework (feat. lil Aaron)", "Into You", "Only Want You (feat. 6LACK)", "Bones (feat. OneRepublic)", "Such A Boy", "If U Think About Me\u2026", "No Drug Like Me", "Sweet but Psycho", "Happy", "Bad Idea", "Bloodline", "Leaning on Myself", "Hurts Like Hell (feat. Offset)", "STFU", "Only Want You", "Wish You Were Gay", "My Way"], "artists": ["Alma", "Bebe Rexha", "olivia o'brien", "Kim Petras", "Julia Michaels", "Rita Ora", "Galantis", "Astrid S", "Kim Petras", "Carly Rae Jepsen", "Ava Max", "Julia Michaels", "Ariana Grande", "Ariana Grande", "Anna of the North", "Madison Beer", "Julie Bergan", "Rita Ora", "Billie Eilish", "Ava Max"], "centerDistance": 0.626561, "angle": 1.3342849910127086, "color": [0, 0]}, {"songs": ["Burning", "The Knife"], "artists": ["Maggie Rogers", "Maggie Rogers"], "centerDistance": 0.8203910000000001, "angle": 2.393877577216317, "color": [1, 0]}, {"songs": ["Closer"], "artists": ["Astrid S"], "centerDistance": 0.0, "angle": 3.425675940246058, "color": [2, 0]}, {"songs": ["Don\u2019t Feel Like Crying", "Sight Of You"], "artists": ["Sigrid", "Sigrid"], "centerDistance": 0.4349715, "angle": 4.544610706832023, "color": [3, 0]}, {"songs": ["Pretty", "Terrified"], "artists": ["Terror Jr", "Terror Jr"], "centerDistance": 0.636532, "angle": 0.16777827355266606, "color": [4, 0]}]