[{"songs": ["sauce"], "artists": ["Dawn Richard"], "centerDistance": 0.865537, "angle": 3.5912523732833197, "color": [0, 0]}, {"songs": ["Adore You", "Sorry"], "artists": ["Jessie Ware", "Beyonc\u00e9"], "centerDistance": 0.8996262500000001, "angle": 4.8263102563742954, "color": [1, 0]}, {"songs": ["Talk"], "artists": ["Khalid"], "centerDistance": 0.9233454, "angle": 6.1692640311899805, "color": [2, 0]}, {"songs": ["Dreams", "Time (Is)", "Needy", "Footsteps (feat. Musiq Soulchild)", "Fake Smile", "Nunya (feat. Dom Kennedy)", "shades", "Ivy", "Solo", "Tia Tamera (feat. Rico Nasty)", "Crazy, Classic, Life", "I Like That", "Where Did I Go?", "The One", "One Mo' Gen", "8th Grade", "Rocket", "Just a Stranger (feat. Steve Lacy)", "Come Over", "Boss"], "artists": ["Solange", "Solange", "Ariana Grande", "Kehlani", "Ariana Grande", "Kehlani", "Dawn Richard", "Frank Ocean", "Frank Ocean", "Doja Cat", "Janelle Mon\u00e1e", "Janelle Mon\u00e1e", "Jorja Smith", "Jorja Smith", "Mariah Carey", "Mariah Carey", "Beyonc\u00e9", "Kali Uchis", "The Internet", "The Carters"], "centerDistance": 0.7926501450000001, "angle": 1.12113660710137, "color": [3, 0]}, {"songs": ["Shot Clock", "Best Part (feat. Daniel Caesar)"], "artists": ["Ella Mai", "H.E.R."], "centerDistance": 0.9358248499999999, "angle": 2.3561944901923457, "color": [4, 0]}]