[{"songs": ["Summer Bummer (feat. A$AP Rocky & Playboi Carti)", "Sober II (Melodrama)"], "artists": ["Lana Del Rey", "Lorde"], "centerDistance": 0.92038395, "angle": 2.3653557778786216, "color": [0, 0]}, {"songs": ["Like I Do (feat. GoldLink)", "Accelerate (feat. Ty Dolla $ign & 2 Chainz)"], "artists": ["Christina Aguilera", "Christina Aguilera"], "centerDistance": 0.855818, "angle": 3.540109519639315, "color": [1, 0]}, {"songs": ["Mine", "Sad"], "artists": ["Bebe Rexha", "Bebe Rexha"], "centerDistance": 0.022521500000000028, "angle": 4.714863261400008, "color": [2, 0]}, {"songs": ["God is a Woman", "5 In the Morning", "Sweetener", "Strangers (feat. Lauren Jauregui)", "Fetish (feat. Gucci Mane)", "Witness", "Sugarcoat", "Alarm", "Now or Never", "Zooted (feat. French Montana & Farruko)", "Romantics (feat. Daye Jack)", "Call It What You Want", "King of My Heart", "Tsunami", "you should see me in a crown", "Perfectly Wrong", "Hurts Like Hell (feat. Offset)", "Deep End", "More Than That", "What I Need (feat. Kehlani)"], "artists": ["Ariana Grande", "Charli XCX", "Ariana Grande", "Halsey", "Selena Gomez", "Katy Perry", "Jaira burns", "Anne-Marie", "Halsey", "Becky G", "Tove Lo", "Taylor Swift", "Taylor Swift", "Katy Perry", "Billie Eilish", "Shawn Mendes", "Madison Beer", "Lykke Li", "Lauren Jauregui", "Hayley Kiyoko"], "centerDistance": 0.88284086, "angle": 6.280711026164268, "color": [3, 0]}, {"songs": ["Angel", "OMG (feat. Quavo)", "Motivate", "Strip (feat. Sharaya J)"], "artists": ["Fifth Harmony", "Camila Cabello", "Little Mix", "Little Mix"], "centerDistance": 0.89062525, "angle": 1.1722794607453757, "color": [4, 0]}]