[{"songs": ["Look Alive (feat. Drake)", "Nice For What", "Bank Account", "Plug Walk", "Ric Flair Drip (& Metro Boomin)", "Workin Me", "Plain Jane", "SAD!", "Drip (feat. Migos)", "DNA.", "Moonlight", "All Mine", "King's Dead (with Kendrick Lamar, Future & James Blake)", "Roll in Peace (feat. XXXTENTACION)", "Bartier Cardi (feat. 21 Savage)", "Praise The Lord (Da Shine)", "Esskeetit", "Powerglide (feat. Juicy J) - From SR3MM", "Candy Paint", "Mask Off"], "artists": ["BlocBoy JB", "Drake", "21 Savage", "Rich The Kid", "Offset", "Quavo", "A$AP Ferg", "xxxtentacion", "Cardi B", "Kendrick Lamar", "xxxtentacion", "Kanye West", "Jay Rock", "Kodak Black", "Cardi B", "A$AP Rocky", "LIL PUMP", "Rae Sremmurd", "Post Malone", "Future"], "centerDistance": 0.5842459, "angle": 1.0983395776807106, "color": [0, 0]}, {"songs": ["God's Plan", "HUMBLE.", "KOD", "Yikes", "Psycho (feat. Ty Dolla $ign)", "Crew (feat. Brent Faiyaz & Shy Glizzy)", "Icon"], "artists": ["Drake", "Kendrick Lamar", "J. Cole", "Kanye West", "Post Malone", "GoldLink", "Jaden Smith"], "centerDistance": 0.6087014285714286, "angle": 2.2947912604422624, "color": [1, 0]}, {"songs": ["a lot", "KIKA (feat. Tory Lanez)", "Fine China", "Space Cadet (feat. Gunna)"], "artists": ["21 Savage", "6ix9ine", "Future", "Metro Boomin"], "centerDistance": 0.67873225, "angle": 3.636607036852612, "color": [2, 0]}, {"songs": ["Narcos", "Walk It Talk It", "Yes Indeed"], "artists": ["Migos", "Migos", "Lil Baby"], "centerDistance": 0.2699063333333333, "angle": 4.81050108546553, "color": [3, 0]}, {"songs": ["Japan", "Pick It Up (Feat. A$AP Rocky)", "Transportin'"], "artists": ["Famous Dex", "Famous Dex", "Kodak Black"], "centerDistance": 0.587561, "angle": 6.185073202098746, "color": [4, 0]}]