[{"songs": ["Burned", "Escape My Mind", "Dead End", "Heart Attack (feat. Tove Lo)", "Tim McGraw - Recorded At Spotify Studios NYC", "Bend & Break", "No Such Thing", "Middle Finger", "Afterlife", "Open Up", "Last December", "Hurt", "That Feeling When", "Learn To Live", "Fall", "Like I Remember You", "Halfway There", "Come Home To Me", "I Know (feat. Fiona Apple) - RISE Recording", "Focus - Demo"], "artists": ["Grace VanderWaal", "Grace VanderWaal", "Anna Clendening", "Phoebe Ryan", "Maggie Rogers", "Anna Clendening", "Sara Bareilles", "Phoebe Ryan", "Ingrid Michaelson", "Matt Simons", "Nina Nesbitt", "Sasha Sloan", "Dagny", "Alice Merton", "Sasha Sloan", "Vera Blue", "Rozes", "L\u00e9on", "King Princess", "Sigrid"], "centerDistance": 0.6666052000000001, "angle": 3.492433362703082, "color": [0, 0]}, {"songs": ["Someone New", "You And I"], "artists": ["Astrid S", "L\u00e9on"], "centerDistance": 0.8002644999999999, "angle": 4.71657938523808, "color": [1, 0]}, {"songs": ["i'm so tired...", "Last Hurrah"], "artists": ["Lauv", "Bebe Rexha"], "centerDistance": 0.7874920000000001, "angle": 6.278994902326196, "color": [2, 0]}, {"songs": ["Into You"], "artists": ["Julia Michaels"], "centerDistance": 0.744731, "angle": 1.0441413176330858, "color": [3, 0]}, {"songs": ["New Friends"], "artists": ["Maty Noyes"], "centerDistance": 0.825829, "angle": 2.268287340168083, "color": [4, 0]}]