[{"songs": ["SUPER SAIYAN SUPERMAN | ZUPER ZA1YAN ZUPERMAN", "MAD I GOT IT | MAD 1 GOT 1T", "Off Deez (with J. Cole)", "The Games We Play", "1539 N. Calvert", "NEVER", "Hard Piano", "Tony Tone", "Distorted Records", "New Choppa", "HELL-O", "Shattered Dreams", "Unbothered", "DNA.", "Calligraphy", "infinity (888) - feat. Joey Bada$$", "COOLEST MONKEY IN THE JUNGLE", "Kung Fu", "Big Fish", "Red Water"], "artists": ["Denzel Curry", "Denzel Curry", "Jid", "Pusha T", "JPEGMAFIA", "J.I.D", "Pusha T", "A$AP Rocky", "A$AP Rocky", "Playboi Carti", "Flatbush ZOMBiES", "Earl Sweatshirt", "SKI MASK THE SLUMP GOD", "Kendrick Lamar", "Saba", "xxxtentacion", "SKI MASK THE SLUMP GOD", "YBN Cordae", "Vince Staples", "Earl Sweatshirt"], "centerDistance": 0.7703548999999998, "angle": 3.6544048631566235, "color": [0, 0]}, {"songs": ["Life", "KOD", "Carrollton", "HUMBLE.", "God's Plan"], "artists": ["Saba", "J. Cole", "$uicideboy$", "Kendrick Lamar", "Drake"], "centerDistance": 0.8682204600000001, "angle": 4.812964653169266, "color": [1, 0]}, {"songs": ["Yikes", "Ghost Town"], "artists": ["Kanye West", "Kanye West"], "centerDistance": 0.8186955, "angle": 6.18260963439501, "color": [2, 0]}, {"songs": ["Who Dat Boy", "OKRA"], "artists": ["Tyler, the Creator", "Tyler, the Creator"], "centerDistance": 0.8332545, "angle": 1.2300922289937084, "color": [3, 0]}, {"songs": ["151 Rum", "wokeuplikethis*", "monster", "Lean Wit Me", "DR. WHOEVER", "Icon", "Sin (feat. Jaden Smith)", "Space Cadet (feat. Gunna)", "Crushed Up"], "artists": ["Jid", "Playboi Carti", "21 Savage", "Juice WRLD", "Amin\u00e9", "Jaden Smith", "Young Thug", "Metro Boomin", "Future"], "centerDistance": 0.881873211111111, "angle": 2.4958450731439807, "color": [4, 0]}]