[{"songs": ["Ghost Town", "Feel the Love"], "artists": ["Kanye West", "Kids See Ghosts"], "centerDistance": 0.7619525, "angle": 3.580465406232258, "color": [0, 0]}, {"songs": ["monster", "Overdue (with Travis Scott)", "all my friends", "Space Cadet (feat. Gunna)", "Icon", "Crushed Up"], "artists": ["21 Savage", "Metro Boomin", "21 Savage", "Metro Boomin", "Jaden Smith", "Future"], "centerDistance": 0.723071, "angle": 4.806620095035855, "color": [1, 0]}, {"songs": ["Familia (with Anuel Aa, feat. Bantu) - Spider-Man: Into the Spider-Verse", "Hide (feat. Seezyn)", "All The Stars (with SZA)", "I Love It (& Lil Pump)", "Look Back At It", "LOVE. FEAT. ZACARI.", "Fine China", "KIKA (feat. Tory Lanez)", "whoa (mind in awe)", "SAD!", "Praise The Lord (Da Shine) (feat. Skepta)", "Leave Me Alone", "robbery", "TIC TOC (feat. Lil Baby)", "Let You Down", "Noticed", "Majesty (with Labrinth & feat. Eminem)", "Yes Indeed", "No Brainer", "1400 / 999 Freestyle"], "artists": ["Nicki Minaj", "Juice WRLD", "Kendrick Lamar", "Kanye West", "A Boogie Wit da Hoodie", "Kendrick Lamar", "Future", "6ix9ine", "xxxtentacion", "xxxtentacion", "A$AP Rocky", "Flipp Dinero", "Juice WRLD", "6ix9ine", "NF", "lil Mosey", "Nicki Minaj", "Lil Baby", "DJ Khaled", "Trippie Redd"], "centerDistance": 0.6206334499999999, "angle": 6.188954192528421, "color": [2, 0]}, {"songs": ["Save The Day (feat. Coi Leray & LouGotCash)", "Way Up", "Psycho (feat. Ty Dolla $ign)", "BLACK BALLOONS | 13LACK 13ALLOONZ [FEAT. TWELVE'LEN & GOLDLINK | TWELVE'LEN + GOLDL1NK]"], "artists": ["SKI MASK THE SLUMP GOD", "Jaden Smith", "Post Malone", "Denzel Curry"], "centerDistance": 0.48036025, "angle": 1.0939114220565873, "color": [3, 0]}, {"songs": ["I Fall Apart", "Home", "God's Plan", "Nonstop", "I Like It", "Walk It Talk It", "KOD", "Ring (feat. Kehlani)", "Stir Fry"], "artists": ["Post Malone", "Vince Staples", "Drake", "Drake", "Cardi B", "Migos", "J. Cole", "Cardi B", "Migos"], "centerDistance": 0.6958252222222222, "angle": 2.3519983257102766, "color": [4, 0]}]