[{"songs": ["Bloodline", "Blue", "Nasa", "Savages", "Aura", "Radioactive", "Homework (feat. lil Aaron)", "G.U.Y.", "Lady Wood", "Wasabi", "How to Be a Heartbreaker", "New Rules", "Shedontknowbutsheknows", "Witness", "Soul Survivor", "Walking on Air", "I Got You", "Get Outta My Way", "Blow Your Mind (Mwah)", "Gimme More"], "artists": ["Ariana Grande", "Marina", "Ariana Grande", "Marina", "Lady Gaga", "Marina & the Diamonds", "Kim Petras", "Lady Gaga", "Tove Lo", "Little Mix", "Marina & the Diamonds", "Dua Lipa", "Tove Lo", "Katy Perry", "Rita Ora", "Katy Perry", "Bebe Rexha", "Kylie Minogue", "Dua Lipa", "Britney Spears"], "centerDistance": 0.52196885, "angle": 1.0612400719546802, "color": [0, 0]}, {"songs": ["Love Me & Let Me Go", "Green Light", "Missing U"], "artists": ["Ashley Tisdale", "Lorde", "Robyn"], "centerDistance": 0.552763, "angle": 2.1717563139330283, "color": [1, 0]}, {"songs": ["Sweet but Psycho", "Look What You Made Me Do"], "artists": ["Ava Max", "Taylor Swift"], "centerDistance": 0.4729375, "angle": 3.437561964780499, "color": [2, 0]}, {"songs": ["1999", "Party for One"], "artists": ["Charli XCX", "Carly Rae Jepsen"], "centerDistance": 0.6251705000000001, "angle": 4.767400167226482, "color": [3, 0]}, {"songs": ["365", "Only Want You (feat. 6LACK)", "Hung Up", "Only Girl (In the World)", "All The Ways"], "artists": ["Zedd & Katy Perry", "Rita Ora", "Madonna", "Rihanna", "Meghan Trainor"], "centerDistance": 0.5597052, "angle": 6.228174120337794, "color": [4, 0]}]