[{"songs": ["Better", "Call Out My Name", "Expectations"], "artists": ["Khalid", "The Weeknd", "Lauren Jauregui"], "centerDistance": 0.47538966666666665, "angle": 2.4043978770676357, "color": [0, 0]}, {"songs": ["Best Part (feat. Daniel Caesar)", "Hard Place"], "artists": ["H.E.R.", "H.E.R."], "centerDistance": 0.5874975, "angle": 3.675438990740229, "color": [1, 0]}, {"songs": ["Stay Flo", "Out of Love"], "artists": ["Solange", "Alessia Cara"], "centerDistance": 0.676751, "angle": 4.850073330662241, "color": [2, 0]}, {"songs": ["Preach", "Adore You", "Crown"], "artists": ["John Legend", "Jessie Ware", "Kelly Rowland"], "centerDistance": 0.5470069999999999, "angle": 6.145500956902035, "color": [3, 0]}, {"songs": ["Nasa", "What A Time (feat. Niall Horan)", "Motion", "Fake Smile", "BIG PLANS", "Dancing With a Stranger", "Butterfly", "Fire On Fire - From \"Watership Down\"", "Nunya (feat. Dom Kennedy)", "Anxiety (feat. Selena Gomez)", "Shot Clock", "FOOLISH", "Things I Imagined", "Done For Me (feat. Kehlani)", "Dona de Mim", "Love On The Brain", "Waves", "8th Grade", "Blind", "One Mo' Gen"], "artists": ["Ariana Grande", "Julia Michaels", "Khalid", "Ariana Grande", "why don't we", "Sam Smith", "Kehlani", "Sam Smith", "Kehlani", "Julia Michaels", "Ella Mai", "Meghan Trainor", "Solange", "Charlie Puth", "IZA", "Rihanna", "Normani", "Mariah Carey", "PRETTYMUCH", "Mariah Carey"], "centerDistance": 0.55294425, "angle": 1.1333567633950423, "color": [4, 0]}]