[{"songs": ["Tennis Court", "Glory and Gore", "Born to Die", "Welcome to New York", "This Is How We Do", "Applause", "Out of the Woods", "If I Could Change Your Mind", "Roar", "Cool Kids", "Anything Could Happen", "Venus", "Elastic Heart", "Don't Save Me", "I Blame Myself", "I Follow Rivers", "Houdini", "No Rest for the Wicked", "Burn the Pages", "The Mother We Share"], "artists": ["Lorde", "Lorde", "Lana Del Rey", "Taylor Swift", "Katy Perry", "Lady Gaga", "Taylor Swift", "HAIM", "Katy Perry", "Echosmith", "Ellie Goulding", "Lady Gaga", "Sia", "HAIM", "Sky Ferreira", "Lykke Li", "Foster the People", "Lykke Li", "Sia", "CHVRCHES"], "centerDistance": 0.7239805500000001, "angle": 1.2842994723346521, "color": [0, 0]}, {"songs": ["National Anthem", "Are You Satisfied?"], "artists": ["Lana Del Rey", "Marina & the Diamonds"], "centerDistance": 0.8009, "angle": 2.545146248988461, "color": [1, 0]}, {"songs": ["Burn"], "artists": ["Ellie Goulding"], "centerDistance": 0.726905, "angle": 3.80599302564227, "color": [2, 0]}, {"songs": ["Pompeii"], "artists": ["Bastille"], "centerDistance": 0.732092, "angle": 4.688936284703846, "color": [3, 0]}, {"songs": ["Pumped Up Kicks"], "artists": ["Foster the People"], "centerDistance": 0.820205, "angle": 0.023452695680843405, "color": [4, 0]}]