[{"songs": ["Gorilla"], "artists": ["Bruno Mars"], "centerDistance": 0.9064059, "angle": 1.0995574287564276, "color": [0, 0]}, {"songs": ["Get Outta My Way", "Ready or Not"], "artists": ["Kylie Minogue", "Bridgit Mendler"], "centerDistance": 0.8564895, "angle": 2.356194490192345, "color": [1, 0]}, {"songs": ["It's My Party"], "artists": ["Jessie J"], "centerDistance": 0.92274, "angle": 3.612831551628262, "color": [2, 0]}, {"songs": ["Firework", "Last Friday Night (T.G.I.F.)", "Break Free (feat. Zedd)", "TiK ToK", "C'mon", "Sugar", "Come & Get It", "Heart Attack", "Domino", "Radar", "Passenger", "Since U Been Gone", "Just Dance (feat. Colby O'Donis)", "Mr. Know It All", "Love You Like a Love Song", "Lights", "This Kiss", "Fighter", "Rebel Heart", "#GETITRIGHT"], "artists": ["Katy Perry", "Katy Perry", "Ariana Grande", "Ke$ha", "Ke$ha", "Maroon 5", "Selena Gomez", "Demi Lovato", "Jessie J", "Britney Spears", "Britney Spears", "Kelly Clarkson", "Lady Gaga", "Kelly Clarkson", "Selena Gomez & the Scene", "Ellie Goulding", "Carly Rae Jepsen", "Christina Aguilera", "Madonna", "Miley Cyrus"], "centerDistance": 0.7181782499999999, "angle": 4.869468613064179, "color": [3, 0]}, {"songs": ["Burn", "Don't Hold Your Breath"], "artists": ["Ellie Goulding", "Nicole Scherzinger"], "centerDistance": 0.8472532, "angle": 6.126105674500097, "color": [4, 0]}]