[{"songs": ["idontwannabeyouanymore", "National Anthem", "Wish You Were Gay", "Off to the Races", "Alphabet Boy"], "artists": ["Billie Eilish", "Lana Del Rey", "Billie Eilish", "Lana Del Rey", "Melanie Martinez"], "centerDistance": 0.9451783, "angle": 4.753971493491282, "color": [0, 0]}, {"songs": ["sex money feelings die", "better alone"], "artists": ["Lykke Li", "Lykke Li"], "centerDistance": 0.95082115, "angle": 6.241602794072994, "color": [1, 0]}, {"songs": ["Plum", "What a Heavenly Way to Die", "Blur"], "artists": ["Troye Sivan", "Troye Sivan", "M\u00d8"], "centerDistance": 0.9260769666666667, "angle": 1.1232832230321197, "color": [2, 0]}, {"songs": ["Sincerity Is Scary", "Golden Days", "Scary Love"], "artists": ["The 1975", "Panic! at the Disco", "The Neighbourhood"], "centerDistance": 0.9038429333333333, "angle": 2.288148959170833, "color": [3, 0]}, {"songs": ["Smithereens", "Legend", "Birds", "Burn Out", "TOlD YOU SO", "Victorious", "HarD TiMEs", "Team", "Buzzcut Season", "Pumped Up Kicks", "You Get Me So High", "Houdini", "What You Know", "Superposition", "Little Dark Age", "I Want You", "Shut Up and Dance", "Sober Up", "The Village", "The Other"], "artists": ["Twenty One Pilots", "Twenty One Pilots", "Imagine Dragons", "Imagine Dragons", "Paramore", "Panic! at the Disco", "Paramore", "Lorde", "Lorde", "Foster the People", "The Neighbourhood", "Foster the People", "Two Door Cinema Club", "Young the Giant", "MGMT", "M\u00d8", "Walk the Moon", "AJR", "Wrabel", "Lauv"], "centerDistance": 0.8390834, "angle": 3.4530146953095446, "color": [4, 0]}]