[{"songs": ["Past Life", "Sacred", "Homework (feat. lil Aaron)", "Learn To Live", "Handmade Heaven", "Body", "Pressure To Party", "Red Bull & Hennessy", "Wish You Were Gay", "Schedules", "WHEN I WAS OLDER (Music Inspired by the Film \"ROMA\")", "Hold Out Your Hand", "Peer Pressure (feat. Julia Michaels)", "Buzzcut Season", "Fire", "U Owe Me", "In Your Head", "Like I Remember You", "sex money feelings die", "The Good Side"], "artists": ["Maggie Rogers", "Nina Nesbitt", "Kim Petras", "Alice Merton", "Marina", "Julia Jacklin", "Julia Jacklin", "Jenny Lewis", "Billie Eilish", "Sigrid", "Billie Eilish", "Brandi Carlile", "James Bay", "Lorde", "Sara Bareilles", "Stella Donnelly", "Nil\u00fcfer Yanya", "Vera Blue", "Lykke Li", "Troye Sivan"], "centerDistance": 0.8869430599999999, "angle": 3.479234299315036, "color": [0, 0]}, {"songs": ["Overnight"], "artists": ["Maggie Rogers"], "centerDistance": 0.0, "angle": 4.598925857448389, "color": [1, 0]}, {"songs": ["Is It Really Me You're Missing", "Plum", "Nostalgia"], "artists": ["Nina Nesbitt", "Troye Sivan", "M\u00d8"], "centerDistance": 0.9349816333333334, "angle": 0.11346312293630056, "color": [2, 0]}, {"songs": ["La Di Da", "Bad"], "artists": ["Lennon Stella", "Lennon Stella"], "centerDistance": 0.9609432, "angle": 1.2331546810696539, "color": [3, 0]}, {"songs": ["Don\u2019t Feel Like Crying", "Liability", "Mine"], "artists": ["Sigrid", "Lorde", "Bebe Rexha"], "centerDistance": 0.9176288333333334, "angle": 2.352846239203007, "color": [4, 0]}]