[{"songs": ["Negativ Ed", "Boys Latin", "On Blue Mountain", "Crystallized", "Colours to Life", "Sun Structures", "Plastic Raincoats in the Pig Parade", "An Ocean in Between the Waves", "Intro", "Desire Lines", "Mr. Face", "Red Eyes"], "artists": ["Ariel Pink", "Panda Bear", "Foxygen", "Melody's Echo Chamber", "Temples", "Temples", "Ariel Pink", "The War on Drugs", "Warpaint", "Deerhunter", "Ty Segall", "The War on Drugs"], "centerDistance": 0.963533575, "angle": 1.5707963267948966, "color": [0, 0]}, {"songs": ["Stage or Screen", "Extreme Wealth and Casual Cruelty", "Poor Queen", "Grand Inquisitor", "Younger Than Yesterday", "Lonely Steel Sheet Flyer"], "artists": ["Unknown Mortal Orchestra", "Unknown Mortal Orchestra", "Thee Oh Sees", "Surfer Blood", "Real Estate", "King Gizzard & The Lizard Wizard"], "centerDistance": 0.6269883333333334, "angle": 3.141592653589793, "color": [1, 0]}, {"songs": ["Let It Happen"], "artists": ["Tame Impala"], "centerDistance": 0.884829, "angle": 4.71238898038469, "color": [2, 0]}, {"songs": ["Eventually"], "artists": ["Tame Impala"], "centerDistance": 0.9159231, "angle": 4.71238898038469, "color": [2, 1]}, {"songs": ["Turned Out Light", "Turn Around", "John My Beloved", "I've Been Loved", "Yeah Right", "Island", "Sleep Won't Ever Come", "Fine Without You", "Goodbye Weekend", "Brother", "Ghost Mouth", "Kinski Assassin", "Eyesore", "Under Cover", "Lust For Life", "Basement Scene", "Pool Swimmers", "God Is In The Rhythm", "La Dispute", "It's Working"], "artists": ["Thee Oh Sees", "Mikal Cronin", "Sufjan Stevens", "Mikal Cronin", "Toro y Moi", "Surfer Blood", "Best Coast", "Best Coast", "Mac DeMarco", "Mac DeMarco", "Girls", "Ariel Pink's Haunted Graffiti", "Women", "Ducktails", "Girls", "Deerhunter", "Real Estate", "King Gizzard & The Lizard Wizard", "The Brian Jonestown Massacre", "MGMT"], "centerDistance": 0.941875985, "angle": 0.0, "color": [3, 0]}]