[{"songs": ["Burn", "Pompeii"], "artists": ["Ellie Goulding", "Bastille"], "centerDistance": 0.8854155, "angle": 1.0995574287564276, "color": [0, 0]}, {"songs": ["Off to the Races", "National Anthem"], "artists": ["Lana Del Rey", "Lana Del Rey"], "centerDistance": 0.827406, "angle": 2.356194490192345, "color": [1, 0]}, {"songs": ["Million Dollar Bills", "Biting Down", "Clean", "Welcome to New York", "Anything Could Happen", "I Blame Myself", "If I Could Change Your Mind", "Mother & Father", "You (Ha Ha Ha)", "Oh No!", "My Song 5", "Nuclear Seasons", "Not on Drugs", "Burn the Pages", "I Follow Rivers", "Houdini", "Applause", "The Silence", "Venus", "Never Wanna Know"], "artists": ["Lorde", "Lorde", "Taylor Swift", "Taylor Swift", "Ellie Goulding", "Sky Ferreira", "HAIM", "BROODS", "Charli XCX", "Marina & the Diamonds", "HAIM", "Charli XCX", "Tove Lo", "Sia", "Lykke Li", "Foster the People", "Lady Gaga", "Bastille", "Lady Gaga", "M\u00d8"], "centerDistance": 0.7976995300000002, "angle": 3.612831551628262, "color": [2, 0]}, {"songs": ["Ghost"], "artists": ["Katy Perry"], "centerDistance": 0.9204887, "angle": 4.869468613064179, "color": [3, 0]}, {"songs": ["Shampain", "Ain\u2019t Your Right"], "artists": ["Marina & the Diamonds", "Sky Ferreira"], "centerDistance": 0.9043910500000001, "angle": 6.126105674500097, "color": [4, 0]}]