[{"songs": ["The Less I Know the Better", "Hunnybee"], "artists": ["Tame Impala", "Unknown Mortal Orchestra"], "centerDistance": 0.538869, "angle": 3.4275536755364957, "color": [0, 0]}, {"songs": ["Put Your Money on Me", "Signs of Life"], "artists": ["Arcade Fire", "Arcade Fire"], "centerDistance": 0.90919445, "angle": 4.786461039162313, "color": [1, 0]}, {"songs": ["The System Only Dreams in Total Darkness", "Day I Die"], "artists": ["The National", "The National"], "centerDistance": 0.92252895, "angle": 6.209113248401963, "color": [2, 0]}, {"songs": ["Four Out of Five", "Exits", "Nobody", "Birch Tree", "Fever", "Doing It To Death", "Cocoon", "Dreams"], "artists": ["Arctic Monkeys", "Foals", "Mitski", "Foals", "Balthazar", "The Kills", "Milky Chance", "Beck"], "centerDistance": 0.9097202, "angle": 0.9563584340433255, "color": [3, 0]}, {"songs": ["Let It Happen", "AMERICAN SPORTS", "When You Die", "HARMONY HALL", "Like Acid Rain", "Keep in the Dark", "COLD COLD COLD", "The Guesser", "I AM EVERYONE ELSE", "Keep It Healthy", "Purple Yellow Red and Blue", "Windowpane", "Breathe (In The Air)", "Disco//Very", "Paracetamol", "UP ALL NIGHT", "Another Weekend", "THE CASTLE IN THE AIR", "CRY BABY", "SLEEP DRIFTER"], "artists": ["Tame Impala", "Arctic Monkeys", "MGMT", "Vampire Weekend", "Unknown Mortal Orchestra", "Temples", "Cage the Elephant", "Temples", "Declan Mckenna", "Warpaint", "Portugal. The Man", "Mild High Club", "Pink Floyd", "Warpaint", "Declan Mckenna", "The War on Drugs", "Ariel Pink", "King Gizzard & The Lizard Wizard", "Cage the Elephant", "King Gizzard & The Lizard Wizard"], "centerDistance": 0.857360005, "angle": 1.995040320273585, "color": [4, 0]}]