[{"songs": ["Treat You Better", "Mercy", "New Rules", "Perfect", "No Tears Left To Cry", "Love Yourself", "Slow Hands", "cRYINg In THE clUB", "Galway Girl", "Girls Like You (feat. Cardi B)", "Sorry", "Cake By The Ocean", "PILLOWTALK", "She Loves Control", "Gorgeous", "Sucker", "Most Girls", "Tell Me You Love Me", "Shout Out To My Ex", "Rude"], "artists": ["Shawn Mendes", "Shawn Mendes", "Dua Lipa", "Ed Sheeran", "Ariana Grande", "Justin Bieber", "Niall Horan", "Camila Cabello", "Ed Sheeran", "Maroon 5", "Justin Bieber", "DNCE", "Zayn", "Camila Cabello", "Taylor Swift", "Jonas Brothers", "Hailee Steinfeld", "Demi Lovato", "Little Mix", "Magic!"], "centerDistance": 0.6599870499999999, "angle": 1.0292821609691378, "color": [0, 0]}, {"songs": ["Look What You Made Me Do", "Toothbrush", "Younger Now"], "artists": ["Taylor Swift", "DNCE", "Miley Cyrus"], "centerDistance": 0.7816770000000001, "angle": 2.1896140042583943, "color": [1, 0]}, {"songs": ["Sorry Not Sorry", "Too Good at Goodbyes", "Say You Won't Let Go", "Wolves", "Bad Liar", "Want You Back", "My My My!"], "artists": ["Demi Lovato", "Sam Smith", "James Arthur", "Selena Gomez", "Selena Gomez", "5 Seconds of Summer", "Troye Sivan"], "centerDistance": 0.7179332857142858, "angle": 3.4997047920516797, "color": [2, 0]}, {"songs": ["IDGAF", "Can't Stop The Feeling! (Original Song From Dreamworks Animation's \"Trolls\")", "The Cure", "Say Something"], "artists": ["Dua Lipa", "Justin Timberlake", "Lady Gaga", "Justin Timberlake"], "centerDistance": 0.76389075, "angle": 4.821260578843282, "color": [3, 0]}, {"songs": ["What Lovers Do (feat. SZA)", "Ciao Adios", "Let You Love Me"], "artists": ["Maroon 5", "Anne-Marie", "Rita Ora"], "centerDistance": 0.7681913333333333, "angle": 6.174313708720994, "color": [4, 0]}]