[{"songs": ["Hurts Like Hell (feat. Offset)", "Sue Me"], "artists": ["Madison Beer", "Sabrina Carpenter"], "centerDistance": 0.7368905, "angle": 3.508304916027396, "color": [0, 0]}, {"songs": ["Look What You Made Me Do", "N\u00e3o Perco Meu Tempo", "Sapequinha", "Ciao Adios", "Say You Won't Let Go"], "artists": ["Taylor Swift", "Anitta", "Lexa", "Anne-Marie", "James Arthur"], "centerDistance": 0.7971414000000001, "angle": 4.772879893812286, "color": [1, 0]}, {"songs": ["Break Up with Your Girlfriend, I'm Bored", "Bloodline", "Dancing With a Stranger (with Normani)", "Favourite Thing", "Flux", "Thursday (feat. H.E.R.)", "Without Me", "FOOLISH", "I'M DOWN", "That's My Girl", "Work from Home (feat. Ty Dolla $ign)", "BED (feat. Ariana Grande)", "Love Myself", "IDGAF", "Colder", "Call It What You Want", "Capital Letters", "thank u, next - Recorded At Spotify Studios NYC", "Satisfaction", "Tell Me You Love Me"], "artists": ["Ariana Grande", "Ariana Grande", "Sam Smith", "Fleur East", "Ellie Goulding", "Jess Glynne", "Halsey", "Meghan Trainor", "Meghan Trainor", "Fifth Harmony", "Fifth Harmony", "Nicki Minaj", "olivia o'brien", "Dua Lipa", "Nina Nesbitt", "Taylor Swift", "Hailee Steinfeld", "Anitta", "Zayn", "Demi Lovato"], "centerDistance": 0.6724321999999998, "angle": 6.22269439375199, "color": [2, 0]}, {"songs": ["Think About Us", "Only Want You (feat. 6LACK)", "Strip (feat. Sharaya J)", "Only Want You", "No Drug Like Me"], "artists": ["Little Mix", "Rita Ora", "Little Mix", "Rita Ora", "Carly Rae Jepsen"], "centerDistance": 0.39272080000000004, "angle": 1.2504390661674476, "color": [3, 0]}, {"songs": ["Tell Me It's Over", "There You Are", "Bigger Wow", "Someone New"], "artists": ["Avril Lavigne", "Zayn", "Avril Lavigne", "Astrid S"], "centerDistance": 0.7504900000000001, "angle": 2.3943646459971504, "color": [4, 0]}]