[{"songs": ["Me Now", "Story: No Title", "The Glory (feat. Denzel Curry)", "New Phone, Who Dis?", "Please Forgive (feat. Denzel Curry, IDK, Zombie Juice & ZillaKami)", "Park", "NEVER", "AA", "infinity (888) - feat. Joey Bada$$", "Big Fish", "RING THE ALARM (feat. Nyck Caution, Kirk Knight & Meechy Darko)", "Hardknock (feat. CJ Fly)", "Kung Fu", "Aftershock", "20 Min", "Plain Jane", "Tony Tone", "Praise The Lord (Da Shine) [feat. Skepta]", "Unbothered", "can't leave without it"], "artists": ["Denzel Curry", "Denzel Curry", "Flatbush ZOMBiES", "Flatbush ZOMBiES", "Powers Pleasant", "Isaiah Rashad", "Jid", "Isaiah Rashad", "xxxtentacion", "Vince Staples", "Joey Bada$$", "Joey Bada$$", "YBN Cordae", "Pouya", "LIL UZI VERT", "A$AP Ferg", "A$AP Rocky", "A$AP Rocky", "SKI MASK THE SLUMP GOD", "21 Savage"], "centerDistance": 0.71910955, "angle": 1.0393318114838674, "color": [0, 0]}, {"songs": ["Life", "Soho (feat. JID)"], "artists": ["Saba", "Boogie"], "centerDistance": 0.7954605, "angle": 2.1422506889138644, "color": [1, 0]}, {"songs": ["monster", "Murder On My Mind", "Lean Wit Me", "Space Cadet (feat. Gunna)", "Shake It Up"], "artists": ["21 Savage", "YNW Melly", "Juice WRLD", "Metro Boomin", "Trippie Redd"], "centerDistance": 0.8361544000000001, "angle": 3.5148866682951065, "color": [2, 0]}, {"songs": ["Who Dat Boy", "Yikes", "KOD"], "artists": ["Tyler, the Creator", "Kanye West", "J. Cole"], "centerDistance": 0.8431519999999999, "angle": 4.775976046330818, "color": [3, 0]}, {"songs": ["151 Rum", "Carrollton"], "artists": ["Jid", "$uicideboy$"], "centerDistance": 0.808512, "angle": 6.219598241233457, "color": [4, 0]}]