[{"songs": ["Splashin", "can't leave without it", "Girls Have Fun (feat. G-Eazy & Rich The Kid)", "Identity Theft", "Love Drugs and Sex", "Skeezers", "Bestie (feat. Kodak Black)", "Plug Walk", "All Mine", "Black & White", "The Games We Play", "Yikes", "OG Beeper", "Tony Tone", "KOD", "KOODA", "Bitch, Don\u2019t Kill My Vibe", "E. Coli (feat. Earl Sweatshirt)", "Bickenhead", "Diplomatic Immunity"], "artists": ["Rich The Kid", "21 Savage", "Tyga", "Kodak Black", "A Boogie Wit da Hoodie", "A Boogie Wit da Hoodie", "Bhad Bhabie", "Rich The Kid", "Kanye West", "Juice WRLD", "Pusha T", "Kanye West", "A$AP Rocky", "A$AP Rocky", "J. Cole", "6ix9ine", "Kendrick Lamar", "The Alchemist", "Cardi B", "Drake"], "centerDistance": 0.5892003499999999, "angle": 1.071468442578266, "color": [0, 0]}, {"songs": ["Calling My Spirit", "Lean Wit Me", "BagBak", "a lot", "Crushed Up"], "artists": ["Kodak Black", "Juice WRLD", "Vince Staples", "21 Savage", "Future"], "centerDistance": 0.70262186, "angle": 2.2531432536486182, "color": [1, 0]}, {"songs": ["Narcos", "Stir Fry", "Pure Cocaine"], "artists": ["Migos", "Migos", "Lil Baby"], "centerDistance": 0.7562886000000001, "angle": 3.48967763690956, "color": [2, 0]}, {"songs": ["SUMO | ZUMO", "Way Up", "Going Bad (feat. Drake)"], "artists": ["Denzel Curry", "Jaden Smith", "Meek Mill"], "centerDistance": 0.8691396, "angle": 4.81766867715428, "color": [3, 0]}, {"songs": ["God's Plan", "HUMBLE.", "L.M.F.", "I Like It"], "artists": ["Drake", "Kendrick Lamar", "Smino", "Cardi B"], "centerDistance": 0.79545225, "angle": 6.177905610409997, "color": [4, 0]}]