[{"songs": ["Wasted Times", "Call Out My Name"], "artists": ["The Weeknd", "The Weeknd"], "centerDistance": 0.8979067000000001, "angle": 1.2329631180586107, "color": [0, 0]}, {"songs": ["Like I Do (feat. GoldLink)", "Accelerate (feat. Ty Dolla $ign & 2 Chainz)"], "artists": ["Christina Aguilera", "Christina Aguilera"], "centerDistance": 0.718288, "angle": 2.591100644574345, "color": [1, 0]}, {"songs": ["No Contest", "Tokyo Snow Trip", "lEvEL uP", "everytime", "Sweetener", "Dose", "GTFO", "The Distance (feat. Ty Dolla $ign)", "Distraction", "Too Much (feat. Timbaland)", "I Like That", "Nights Like This (feat. Ty Dolla $ign)", "KELLY", "Boo'd Up", "Good Bad", "Needed Me", "Yeah, I Said It", "Mooo!", "Go To Town", "Entertainer"], "artists": ["Tinashe", "Iggy Azalea", "Ciara", "Ariana Grande", "Ariana Grande", "Ciara", "Mariah Carey", "Mariah Carey", "Kehlani", "Zayn", "Janelle Mon\u00e1e", "Kehlani", "Kelly Rowland", "Ella Mai", "Ella Mai", "Rihanna", "Rihanna", "Doja Cat", "Doja Cat", "Zayn"], "centerDistance": 0.76376355, "angle": 3.7330803311567364, "color": [2, 0]}, {"songs": ["Good Form", "Hard White"], "artists": ["Nicki Minaj", "Nicki Minaj"], "centerDistance": 0.6596725, "angle": 4.814453537237127, "color": [3, 0]}, {"songs": ["Like I Used To", "Sorry", "Formation"], "artists": ["Tinashe", "Beyonc\u00e9", "Beyonc\u00e9"], "centerDistance": 0.560671, "angle": 6.181120750327148, "color": [4, 0]}]