[{"songs": ["I Don\u2019t Know Why", "Gold", "Stressed Out", "High Hopes", "Pumped Up Kicks", "Shut Up and Dance", "Car Radio", "Emperor's New Clothes", "Summertime Sadness", "What You Know", "Born to Die", "Cool Kids", "Perfect Places", "Houdini", "Quarter Past Midnight", "I Follow Rivers", "lovely", "Some Nights", "COPYCAT", "Say Something"], "artists": ["Imagine Dragons", "Imagine Dragons", "Twenty One Pilots", "Panic! at the Disco", "Foster the People", "Walk the Moon", "Twenty One Pilots", "Panic! at the Disco", "Lana Del Rey", "Two Door Cinema Club", "Lana Del Rey", "Echosmith", "Lorde", "Foster the People", "Bastille", "Lykke Li", "Billie Eilish", "fun.", "Billie Eilish", "A Great Big World"], "centerDistance": 0.6496818, "angle": 1.205559243047098, "color": [0, 0]}, {"songs": ["Team", "sex money feelings die"], "artists": ["Lorde", "Lykke Li"], "centerDistance": 0.7863685, "angle": 2.3642305418857874, "color": [1, 0]}, {"songs": ["Scary Love"], "artists": ["The Neighbourhood"], "centerDistance": 0.828441, "angle": 3.5229018407244768, "color": [2, 0]}, {"songs": ["What a Heavenly Way to Die", "Plum"], "artists": ["Troye Sivan", "Troye Sivan"], "centerDistance": 0.8759239999999999, "angle": 4.681573139563167, "color": [3, 0]}, {"songs": ["Sincerity Is Scary"], "artists": ["The 1975"], "centerDistance": 0.8729750000000001, "angle": 0.03081584082152311, "color": [4, 0]}]