[{"songs": ["Audio", "Mountains (with Sia, Diplo & Labrinth)", "Video Games - remastered", "come out and play", "Bored", "Dog Days Are Over", "Royals", "Blue Jeans", "You've Got the Love", "Somebody That I Used To Know - feat. Kimbra", "Somebody That I Used To Know", "Torn", "Lie", "White Flag", "Shaken", "Rewrite The Stars (with James Arthur & Anne-Marie)", "Kiss and Make Up", "Wolves", "Shallow", "It Ain't Me (with Selena Gomez)"], "artists": ["Sia", "Sia", "Lana Del Rey", "Billie Eilish", "Billie Eilish", "Florence + the Machine", "Lorde", "Lana Del Rey", "Florence + the Machine", "Gotye", "Gotye", "Natalie Imbruglia", "Halsey", "Dido", "LP", "James Arthur", "Dua Lipa", "Selena Gomez", "Lady Gaga", "Kygo"], "centerDistance": 0.8577104125, "angle": 3.6981705459596803, "color": [0, 0]}, {"songs": ["Back To You - From 13 Reasons Why \u2013 Season 2 Soundtrack"], "artists": ["Selena Gomez"], "centerDistance": 0.9894576, "angle": 4.712579635705409, "color": [1, 0]}, {"songs": ["Zero - From the Original Motion Picture \"Ralph Breaks The Internet\"", "Bad Liar", "Ruin My Life"], "artists": ["Imagine Dragons", "Imagine Dragons", "Zara Larsson"], "centerDistance": 0.9927068933333333, "angle": 6.282994651858867, "color": [2, 0]}, {"songs": ["Close to Me (with Diplo) (feat. Swae Lee)", "Solo (feat. Demi Lovato)"], "artists": ["Ellie Goulding", "Clean Bandit"], "centerDistance": 0.989650605, "angle": 1.3923487652455488, "color": [3, 0]}, {"songs": ["Let Me Go (with Alesso, Florida Georgia Line & watt)", "I'm a Mess"], "artists": ["Hailee Steinfeld", "Bebe Rexha"], "centerDistance": 0.99165929, "angle": 2.6171106547223157, "color": [4, 0]}]