[{"songs": ["I'll Never Love Again - Film Version", "Look What You Made Me Do", "Green Light", "Bad Liar"], "artists": ["Lady Gaga", "Taylor Swift", "Lorde", "Selena Gomez"], "centerDistance": 0.2688235, "angle": 2.349086237019626, "color": [0, 0]}, {"songs": ["Without Me", "Thank U, Next", "The Greatest", "Fire Meet Gasoline", "No Tears Left To Cry", "I Did Something Bad", "Your Song", "Strangers", "Do What U Want", "chAiNEd tO the RhyTHM", "Homemade Dynamite - Remix", "Plum", "Waving Through A Window - from Dear Evan Hansen", "Bellyache", "Bloom", "New Rules", "Rockabye (feat. Sean Paul & Anne-Marie)", "Dollhouse", "Shanti / Ashtangi", "Teddy Bear"], "artists": ["Halsey", "Ariana Grande", "Sia", "Sia", "Ariana Grande", "Taylor Swift", "Rita Ora", "Halsey", "Lady Gaga", "Katy Perry", "Lorde", "Troye Sivan", "Katy Perry", "Billie Eilish", "Troye Sivan", "Dua Lipa", "Clean Bandit", "Melanie Martinez", "Madonna", "Melanie Martinez"], "centerDistance": 0.3117225, "angle": 3.5778194400515275, "color": [1, 0]}, {"songs": ["Woman Like Me (feat. Nicki Minaj)", "IDGAF", "Girls (feat. Cardi B, Bebe Rexha & Charli XCX)", "Party for One", "Think About Us", "Confident"], "artists": ["Little Mix", "Dua Lipa", "Rita Ora", "Carly Rae Jepsen", "Little Mix", "Demi Lovato"], "centerDistance": 0.3013498333333334, "angle": 4.713145933282172, "color": [2, 0]}, {"songs": ["Nostalgia", "Way Down"], "artists": ["M\u00d8", "M\u00d8"], "centerDistance": 0.4444175, "angle": 6.2824283542821036, "color": [3, 0]}, {"songs": ["you should see me in a crown", "What I Need (feat. Kehlani)"], "artists": ["Billie Eilish", "Hayley Kiyoko"], "centerDistance": 0.3363785, "angle": 1.0769430359542778, "color": [4, 0]}]