[{"songs": ["Got Love", "This Time Around", "OctaHate", "Stay Low", "One More (feat. M\u00d8)", "Mother & Father", "Superstar", "Let Go for Tonight", "Forget", "On My Side", "Buzzcut Season", "Echo", "Better Than That", "Cool Kids", "No Rest for the Wicked", "If I Could Change Your Mind", "A Night to Remember", "Just Like a Dream", "L.A.", "Never Wanna Know"], "artists": ["Tove Lo", "Tove Lo", "Ryn Weaver", "Ryn Weaver", "Elliphant", "BROODS", "BROODS", "Foxes", "Marina & the Diamonds", "Leighton Meester", "Lorde", "Foxes", "Marina & the Diamonds", "Echosmith", "Lykke Li", "HAIM", "Betty Who", "Lykke Li", "Leighton Meester", "M\u00d8"], "centerDistance": 0.80919992, "angle": 1.0995574287564276, "color": [0, 0]}, {"songs": ["Ain\u2019t Your Right"], "artists": ["Sky Ferreira"], "centerDistance": 0.9491513, "angle": 2.356194490192345, "color": [1, 0]}, {"songs": ["Team"], "artists": ["Lorde"], "centerDistance": 0.9053831999999999, "angle": 3.612831551628262, "color": [2, 0]}, {"songs": ["Rollercoaster"], "artists": ["Bleachers"], "centerDistance": 0.9510811, "angle": 4.869468613064179, "color": [3, 0]}, {"songs": ["National Anthem", "Off to the Races"], "artists": ["Lana Del Rey", "Lana Del Rey"], "centerDistance": 0.9144670500000001, "angle": 6.126105674500097, "color": [4, 0]}]