[{"songs": ["I Like It Like That", "Downtown Girl", "Keep Your Head Up", "Hey, Soul Sister", "Brokenhearted", "Not Over You", "What Makes You Beautiful", "Glad You Came", "Call Me Maybe", "Fireflies", "When the Sun Goes Down", "Faster Ride", "We All Want the Same Thing", "I Really Like You", "Made in the USA", "Can't Help", "God Only Knows", "Gypsy Woman", "Do It Up", "You and I"], "artists": ["Hot Chelle Rae", "Hot Chelle Rae", "Andy Grammer", "Train", "Karmin", "Gavin DeGraw", "One Direction", "The Wanted", "Carly Rae Jepsen", "Owl City", "Selena Gomez & the Scene", "Cartel", "Rixton", "Carly Rae Jepsen", "Demi Lovato", "Parachute", "MKTO", "Anarbor", "Mitchel Musso", "Anarbor"], "centerDistance": 0.5985379, "angle": 1.3335732402174063, "color": [0, 0]}, {"songs": ["Everybody Talks"], "artists": ["Neon Trees"], "centerDistance": 0.496401, "angle": 2.7462208426273094, "color": [1, 0]}, {"songs": ["Midnight Memories"], "artists": ["One Direction"], "centerDistance": 0.7300420000000001, "angle": 3.966030746127441, "color": [2, 0]}, {"songs": ["Hall of Fame"], "artists": ["The Script"], "centerDistance": 0.71766, "angle": 4.791463342577186, "color": [2, 1]}, {"songs": ["Drive By"], "artists": ["Train"], "centerDistance": 0.514623, "angle": 6.2041109449870895, "color": [3, 0]}]