[{"songs": ["All Night", "Eastside"], "artists": ["The Vamps", "Benny Blanco"], "centerDistance": 0.800392, "angle": 2.19865556986458, "color": [0, 0]}, {"songs": ["Body Moves", "Cake By The Ocean", "Sucker", "Most Girls", "Can't Stop The Feeling! (Original Song From Dreamworks Animation's \"Trolls\")", "New Rules", "I Got You", "IDGAF", "Champagne Problems", "Closer (feat. Halsey)", "Stand By You", "Rock Bottom", "Feels (feat. Pharrell Williams, Katy Perry & Big Sean)", "Done For Me (feat. Kehlani)", "No", "That's My Girl", "Wherever I Go", "One Call Away", "Paris", "Die Young"], "artists": ["DNCE", "DNCE", "Jonas Brothers", "Hailee Steinfeld", "Justin Timberlake", "Dua Lipa", "Bebe Rexha", "Dua Lipa", "Nick Jonas", "The Chainsmokers", "Rachel Platten", "Hailee Steinfeld", "Calvin Harris", "Charlie Puth", "Meghan Trainor", "Fifth Harmony", "OneRepublic", "Charlie Puth", "The Chainsmokers", "Ke$ha"], "centerDistance": 0.7150058499999998, "angle": 3.655647203456803, "color": [1, 0]}, {"songs": ["There's Nothing Holdin' Me Back", "Levels"], "artists": ["Shawn Mendes", "Nick Jonas"], "centerDistance": 0.728873, "angle": 4.755046140114025, "color": [2, 0]}, {"songs": ["What Lovers Do (feat. SZA)", "Ciao Adios"], "artists": ["Maroon 5", "Anne-Marie"], "centerDistance": 0.752239, "angle": 6.240528147450251, "color": [3, 0]}, {"songs": ["Filthy"], "artists": ["Justin Timberlake"], "centerDistance": 0.811659, "angle": 1.083132243732929, "color": [4, 0]}]