[{"songs": ["Colder"], "artists": ["Nina Nesbitt"], "centerDistance": 0.9826466, "angle": 2.5644120110600137, "color": [0, 0]}, {"songs": ["Let Me Down Slowly", "Swan Song (From The Motion Picture \"Alita: Battle Angel\")"], "artists": ["Alec Benjamin", "Dua Lipa"], "centerDistance": 0.9672752499999999, "angle": 3.70428569450948, "color": [1, 0]}, {"songs": ["when the party's over", "7 rings", "Let Me Down Slowly (feat. Alessia Cara)"], "artists": ["Billie Eilish", "Ariana Grande", "Alec Benjamin"], "centerDistance": 0.9762464, "angle": 4.885008857219216, "color": [2, 0]}, {"songs": ["Melt", "Ghost Of Mine", "Arrival", "Discovery", "In the Mood", "Hit Me Hard", "Wasted Time", "Russian Soul", "Just Thought You Should Know", "Taste", "La Di Da", "Hope", "Without Me", "Sweet but Psycho", "bury a friend", "Just a Little Longer", "100 Bad Days", "Only Want You", "Ruin My Life", "Favela"], "artists": ["Shaed", "Kailee Morgue", "Exes", "Kailee Morgue", "Skott", "Cloves", "Cloves", "Skott", "Betty Who", "Betty Who", "Lennon Stella", "The Chainsmokers", "Halsey", "Ava Max", "Billie Eilish", "Shy Martin", "AJR", "Rita Ora", "Zara Larsson", "Ina Wroldsen"], "centerDistance": 0.8356608949999998, "angle": 6.11056543034506, "color": [3, 0]}, {"songs": ["i'm so tired...", "Hurts Like Hell"], "artists": ["Lauv", "Madison Beer"], "centerDistance": 0.96677955, "angle": 1.044729361675648, "color": [4, 0]}]