[{"songs": ["Party for One", "1999"], "artists": ["Carly Rae Jepsen", "Charli XCX"], "centerDistance": 0.870701, "angle": 3.5517183298933714, "color": [0, 0]}, {"songs": ["Green Light", "Look What You Made Me Do", "Want To", "Sad", "The Cure", "Bad Liar", "Younger Now"], "artists": ["Lorde", "Taylor Swift", "Dua Lipa", "Bebe Rexha", "Lady Gaga", "Selena Gomez", "Miley Cyrus"], "centerDistance": 0.897577457142857, "angle": 4.713737124476485, "color": [1, 0]}, {"songs": ["Come On Then", "Your Choice (feat. Burna Boy)", "Last Piece", "sex money feelings die", "No Tears Left To Cry", "God is a Woman", "Bloom", "Twice", "Homemade Dynamite", "Girls (feat. Cardi B, Bebe Rexha & Charli XCX)", "Deserve", "Shedontknowbutsheknows", "Handmade Heaven", "True Disaster", "Call It What You Want", "I Blame Myself", "Hey Hey Hey", "Sanctify", "Be The One", "Anywhere"], "artists": ["Lily Allen", "Lily Allen", "Lykke Li", "Lykke Li", "Ariana Grande", "Ariana Grande", "Troye Sivan", "Christina Aguilera", "Lorde", "Rita Ora", "Christina Aguilera", "Tove Lo", "Marina", "Tove Lo", "Taylor Swift", "Sky Ferreira", "Katy Perry", "Years & Years", "Dua Lipa", "Rita Ora"], "centerDistance": 0.7731006499999997, "angle": 6.281837163087792, "color": [2, 0]}, {"songs": ["What I Need (feat. Kehlani)", "Heaven in Hiding"], "artists": ["Hayley Kiyoko", "Halsey"], "centerDistance": 0.90529755, "angle": 1.186641507627547, "color": [3, 0]}, {"songs": ["My My My!", "Strip (feat. Sharaya J)", "Woman Like Me (feat. Nicki Minaj)", "Growing Pains", "Beautiful Trauma"], "artists": ["Troye Sivan", "Little Mix", "Little Mix", "Alessia Cara", "P!nk"], "centerDistance": 0.8895541399999999, "angle": 2.3741259483909793, "color": [4, 0]}]