[{"songs": ["Girls Need Love", "Who Hurt You?"], "artists": ["Summer Walker", "Daniel Caesar"], "centerDistance": 0.9828266, "angle": 4.7844125543497995, "color": [0, 0]}, {"songs": ["Good Form", "Love Lies", "The Weekend"], "artists": ["Nicki Minaj", "Khalid & Normani", "SZA"], "centerDistance": 0.9871392, "angle": 6.2111617332144755, "color": [1, 0]}, {"songs": ["Better", "Saturday Nights"], "artists": ["Khalid", "Khalid"], "centerDistance": 0.9817476, "angle": 1.0960407465580975, "color": [2, 0]}, {"songs": ["Like I Used To"], "artists": ["Tinashe"], "centerDistance": 0.9898566, "angle": 2.3254980158219993, "color": [3, 0]}, {"songs": ["Close", "Good Bad", "Run Run", "Empress", "Could've Been (feat. Bryson Tiller)", "Medicine", "You", "Focus", "breathin", "Thank U, Next", "In My Feelings", "Karma", "Nights Like This (feat. Ty Dolla $ign)", "A No No", "CPR", "Gonna Love Me", "Let You Love Me", "GTFO", "Broken Clocks", "Barbie Dreams"], "artists": ["Ella Mai", "Ella Mai", "RAY BLK", "RAY BLK", "H.E.R.", "Queen Naija", "Jacquees", "H.E.R.", "Ariana Grande", "Ariana Grande", "Drake", "Queen Naija", "Kehlani", "Mariah Carey", "Summer Walker", "Teyana Taylor", "Rita Ora", "Mariah Carey", "SZA", "Nicki Minaj"], "centerDistance": 0.8846126700000001, "angle": 3.5549552850858994, "color": [4, 0]}]