[{"songs": ["Overdose", "Outlaws", "More Than Words (feat. Kamille)", "The Cure", "Anywhere", "No Tears Left To Cry", "Blazed (feat. Pharrell Williams)", "Let Me", "Barbie Dreams", "In My Blood", "Sleep talking", "Love Made Me Do It", "The Distance (feat. Ty Dolla $ign)", "Tell Me You Love Me", "Bad At Love", "Why did you do that?", "Ain't My Fault", "LUsT FoR lifE (feAt. ThE weeKnD)", "So Good (feat. Ty Dolla $ign)", "Say It to My Face"], "artists": ["Alessia Cara", "Alessia Cara", "Little Mix", "Little Mix", "Rita Ora", "Ariana Grande", "Ariana Grande", "Zayn", "Nicki Minaj", "Shawn Mendes", "Charlotte Lawrence", "Cheryl", "Mariah Carey", "Demi Lovato", "Halsey", "Lady Gaga", "Zara Larsson", "Lana Del Rey", "Zara Larsson", "Madison Beer"], "centerDistance": 0.49575565, "angle": 1.1833472757428023, "color": [0, 0]}, {"songs": ["Sorry", "Don't Say You Love Me"], "artists": ["Halsey", "Fifth Harmony"], "centerDistance": 0.5703739999999999, "angle": 2.356194490192344, "color": [1, 0]}, {"songs": ["What I Need (feat. Kehlani)"], "artists": ["Hayley Kiyoko"], "centerDistance": 0.657108, "angle": 3.529041704641886, "color": [2, 0]}, {"songs": ["Hair Body Face"], "artists": ["Lady Gaga"], "centerDistance": 0.682843, "angle": 4.701888919091428, "color": [3, 0]}, {"songs": ["Sorry Not Sorry", "Formation"], "artists": ["Demi Lovato", "Beyonc\u00e9"], "centerDistance": 0.600063, "angle": 0.010500061293261531, "color": [4, 0]}]