[{"songs": ["Unfair", "Throw a Fit"], "artists": ["6LACK", "Tinashe"], "centerDistance": 0.92000275, "angle": 3.4876775679517165, "color": [0, 0]}, {"songs": ["Don't", "Loaded Gun", "Needed Me", "Pyramids", "Thinkin Bout You", "Let Em' Know", "Come and See Me (feat. Drake)", "Motion", "Love On The Brain", "Spoil My Night (feat. Swae Lee)", "Boss", "Summer", "7 rings", "Sky Walker (feat. Travis Scott)", "Best Part (feat. H.E.R.)", "Get Well Soon", "Sorry", "Nuh Time / Tek Time", "Where Did I Go?", "Teenage Fantasy"], "artists": ["Bryson Tiller", "6LACK", "Rihanna", "Frank Ocean", "Frank Ocean", "Bryson Tiller", "PARTYNEXTDOOR", "Khalid", "Rihanna", "Post Malone", "The Carters", "The Carters", "Ariana Grande", "Miguel", "Daniel Caesar", "Ariana Grande", "Beyonc\u00e9", "DVSN", "Jorja Smith", "Jorja Smith"], "centerDistance": 0.9088737549999999, "angle": 3.604595590587734, "color": [0, 1]}, {"songs": ["Privilege"], "artists": ["The Weeknd"], "centerDistance": 0.030397000000000007, "angle": 4.842609383853485, "color": [1, 0]}, {"songs": ["Wasted Times"], "artists": ["The Weeknd"], "centerDistance": 0.0, "angle": 6.1529649037107905, "color": [2, 0]}, {"songs": ["Stay Flo"], "artists": ["Solange"], "centerDistance": 0.9444976, "angle": 1.1526005754138646, "color": [3, 0]}]