[{"songs": ["If You Wanna", "Coming of Age", "She Moves in Her Own Way", "Let's Dance to Joy Division", "Mountain Sound"], "artists": ["The Vaccines", "Foster the People", "The Kooks", "The Wombats", "Of Monsters and Men"], "centerDistance": 0.8606344, "angle": 3.8188246905507692, "color": [0, 0]}, {"songs": ["Don't Swallow the Cap", "Sea of Love"], "artists": ["The National", "The National"], "centerDistance": 0.8544255000000001, "angle": 4.906995091004143, "color": [1, 0]}, {"songs": ["Shuffle", "Chocolate", "Come a Little Closer", "Things We Lost in the Fire", "Bad Blood"], "artists": ["Bombay Bicycle Club", "The 1975", "Cage the Elephant", "Bastille", "Bastille"], "centerDistance": 0.8720285999999999, "angle": 6.088579196560133, "color": [2, 0]}, {"songs": ["Obvious Bicycle", "Tongue Tied", "Anna Sun", "Someday", "Afterlife", "Next Year", "My Number", "What You Know", "Red Eyes", "Under Cover of Darkness", "Fluorescent Adolescent", "Why'd You Only Call Me When You're High?", "Float On", "I Would Do Anything for You", "Forever", "Holland, 1945", "Always Like This", "Miracle Mile", "Colours", "Australia"], "artists": ["Vampire Weekend", "Grouplove", "Walk the Moon", "The Strokes", "Arcade Fire", "Two Door Cinema Club", "Foals", "Two Door Cinema Club", "The War on Drugs", "The Strokes", "Arctic Monkeys", "Arctic Monkeys", "Modest Mouse", "Foster the People", "HAIM", "Neutral Milk Hotel", "Bombay Bicycle Club", "Cold War Kids", "Grouplove", "The Shins"], "centerDistance": 0.8106365999999999, "angle": 0.9063158840911854, "color": [3, 0]}, {"songs": ["Diane Young", "Reflektor"], "artists": ["Vampire Weekend", "Arcade Fire"], "centerDistance": 0.44035, "angle": 2.0247887289115436, "color": [4, 0]}]