[{"songs": ["Privacy", "Tempo", "Greatest Love", "Type a Way (feat. Chris Brown & OG Parker)", "KELLY", "Don't", "Butterfly", "Shootin Shots (feat. Ty Dolla $ign & Tory Lanez)", "Dangerous (feat. Jeremih and PnB Rock)", "Crown", "Let Me Love You", "Say My Name", "Why DON'T You LOVE me?", "Make Love", "Apple Berry Nana", "Sex With Me", "Grind With Me", "Gonna Love Me", "Preach", "Adorn"], "artists": ["Chris Brown", "Chris Brown", "Ciara", "Eric Bellinger", "Kelly Rowland", "Bryson Tiller", "Kehlani", "Trey Songz", "Meek Mill", "Kelly Rowland", "Mario", "Destiny's Child", "Tory Lanez", "Chris Brown & Tyga", "Eric Bellinger", "Rihanna", "Pretty Ricky", "Teyana Taylor", "John Legend", "Miguel"], "centerDistance": 0.8045776300000002, "angle": 1.3587433838052654, "color": [0, 0]}, {"songs": ["Needed Me", "Sorry"], "artists": ["Rihanna", "Beyonc\u00e9"], "centerDistance": 0.9091472, "angle": 2.467120041481926, "color": [1, 0]}, {"songs": ["sauce"], "artists": ["Dawn Richard"], "centerDistance": 0.9299476, "angle": 3.576505574362187, "color": [2, 0]}, {"songs": ["Nights Like This (feat. Ty Dolla $ign)"], "artists": ["Kehlani"], "centerDistance": 0.688267, "angle": 4.6858911072424485, "color": [3, 0]}, {"songs": ["Chi Chi (feat. Chris Brown)"], "artists": ["Trey Songz"], "centerDistance": 0.659753, "angle": 0.02649787314224117, "color": [4, 0]}]