[{"songs": ["No Hablo Espa\u00f1ol", "Jacuzzi", "Mala M\u00eda - Remix", "Downtown", "Wasabi", "Machika", "Pesad\u00e3o (Participa\u00e7\u00e3o especial Marcelo Falc\u00e3o)", "Solo Tu", "Te Lo Dije", "Sin Pijama", "Clandestino", "Mala M\u00eda", "LOKO!", "Toxic", "Reggaeton", "I'm a Slave 4 U", "Toda Sua", "Chantaje (feat. Maluma)", "Love Me Harder", "Partition"], "artists": ["Pabllo Vittar", "Greeicy", "Maluma", "Anitta & J Balvin", "Little Mix", "J Balvin", "IZA", "Rouge", "Natti Natasha", "Becky G", "Shakira", "Maluma", "Wanessa", "Britney Spears", "J Balvin", "Britney Spears", "IZA", "Shakira", "Ariana Grande", "Beyonc\u00e9"], "centerDistance": 0.7661461, "angle": 3.4033920413889427, "color": [0, 0]}, {"songs": ["Hands to Myself"], "artists": ["Selena Gomez"], "centerDistance": 0.839158, "angle": 4.799655442984406, "color": [1, 0]}, {"songs": ["Lonely"], "artists": ["Demi Lovato"], "centerDistance": 0.892557, "angle": 6.19591884457987, "color": [2, 0]}, {"songs": ["N\u00e3o Perco Meu Tempo", "Sapequinha"], "artists": ["Anitta", "Lexa"], "centerDistance": 0.27283, "angle": 1.3089969389957474, "color": [3, 1]}, {"songs": ["Medicina"], "artists": ["Anitta"], "centerDistance": 0.43779599999999996, "angle": 2.0071286397934784, "color": [3, 0]}]