[{"songs": ["Imaturo", "Lindo Demais", "Sapequinha", "Rebola (Participa\u00e7\u00e3o Especial de Carlinhos Brown e Gloria Groove)", "A Cor \u00c9 Rosa", "Engano Seu", "Back To You", "Bang", "Eu Te Avisei", "Break Free", "you should see me in a crown", "Duas da Tarde", "Applause", "Strangers (feat. Lauren Jauregui)", "Revival", "Hey Hey Hey", "Perfect Places", "Vai malandra (feat. Tropkillaz  DJ Yuri Martins)", "Say Goodbye", "Inside Out"], "artists": ["J\u00e3o", "J\u00e3o", "Lexa", "IZA", "Silva", "IZA", "Selena Gomez", "Anitta", "Alice Caymmi", "Ariana Grande", "Billie Eilish", "Silva", "Lady Gaga", "Halsey", "Selena Gomez", "Katy Perry", "Lorde", "Anitta", "Jaloo", "Camila Cabello"], "centerDistance": 0.7680273499999999, "angle": 3.7022788703735436, "color": [0, 0]}, {"songs": ["Only Want You", "Bigger Than Me"], "artists": ["Rita Ora", "Katy Perry"], "centerDistance": 0.9071064499999999, "angle": 4.774905145867622, "color": [1, 0]}, {"songs": ["Lush Life", "Handmade Heaven", "My Way", "Dire\u00e7\u00e3o"], "artists": ["Zara Larsson", "Marina", "Ava Max", "Manu Gavassi"], "centerDistance": 0.9291995, "angle": 6.2206691416966535, "color": [2, 0]}, {"songs": ["Lucky Strike", "Plum", "What I Need (feat. Kehlani)", "Heaven in Hiding"], "artists": ["Troye Sivan", "Troye Sivan", "Hayley Kiyoko", "Halsey"], "centerDistance": 0.866378675, "angle": 1.2325621001015206, "color": [3, 0]}, {"songs": ["Sad", "Mine"], "artists": ["Bebe Rexha", "Bebe Rexha"], "centerDistance": 0.9006352500000001, "angle": 2.6223262356299593, "color": [4, 0]}]