[{"songs": ["V12", "Let It Eat (feat. Ugly God)", "Armed And Dangerous", "R.I.P.", "Nephew (feat. Lil Pump)", "Kung Fu", "Magnolia", "Kamikaze", "Noticed", "Get Dripped (feat. Playboi Carti)", "All Girls Are The Same", "Taking A Walk", "Audi.", "Live Sheck Wes", "gun smoke", "Splashin", "Plug Walk", "Multi Millionaire (feat. Lil Uzi Vert)", "Gmail", "Roll in Peace (feat. XXXTENTACION)"], "artists": ["Comethazine", "Comethazine", "Juice WRLD", "Playboi Carti", "smokepurpp", "YBN Cordae", "Playboi Carti", "lil Mosey", "lil Mosey", "Lil Yachty", "Juice WRLD", "Trippie Redd", "smokepurpp", "Sheck Wes", "21 Savage", "Rich The Kid", "Rich The Kid", "LIL PUMP", "Sheck Wes", "Kodak Black"], "centerDistance": 0.60102875, "angle": 1.1260884664247657, "color": [0, 0]}, {"songs": ["Nuketown (feat. Juice WRLD)", "Faucet Failure"], "artists": ["SKI MASK THE SLUMP GOD", "SKI MASK THE SLUMP GOD"], "centerDistance": 0.48890049999999996, "angle": 2.211597615699482, "color": [1, 0]}, {"songs": ["Nowadays (feat. Landon Cube)", "Red Roses (feat. Landon Cube)"], "artists": ["lil skies", "lil skies"], "centerDistance": 0.722772, "angle": 3.7184847722490213, "color": [2, 0]}, {"songs": ["Leave Me Alone", "Topanga", "Yacht Club (feat. Juice WRLD)"], "artists": ["Flipp Dinero", "Trippie Redd", "Lil Yachty"], "centerDistance": 0.6497566666666666, "angle": 4.67180966323464, "color": [3, 0]}, {"songs": ["Space Cadet (feat. Gunna)", "10 Freaky Girls (with 21 Savage)"], "artists": ["Metro Boomin", "Metro Boomin"], "centerDistance": 0.7101975, "angle": 0.040579317150049476, "color": [4, 0]}]