[{"songs": ["Don't", "Ivy", "Come and See Me (feat. Drake)", "Right My Wrongs", "Better Now", "everytime", "Spoil My Night (feat. Swae Lee)", "R.E.M", "Thought I Knew You (feat. The Weeknd)", "Motion", "Boss", "Slow dancing in the dark", "The One", "Suncity (feat. Empress Of)", "Sky Walker (feat. Travis Scott)", "Could've Been (feat. Bryson Tiller)", "Teenage Fantasy", "Friends", "Sativa (feat. Swae Lee)", "Now & Forever"], "artists": ["Bryson Tiller", "Frank Ocean", "PARTYNEXTDOOR", "Bryson Tiller", "Post Malone", "Ariana Grande", "Post Malone", "Ariana Grande", "Nicki Minaj", "Khalid", "The Carters", "Joji", "Jorja Smith", "Khalid", "Miguel", "H.E.R.", "Jorja Smith", "The Carters", "Jhen\u00e9 Aiko", "Drake"], "centerDistance": 0.8934256600000001, "angle": 1.1821340435286976, "color": [0, 0]}, {"songs": ["Nights Like This (feat. Ty Dolla $ign)", "Stay Flo"], "artists": ["Kehlani", "Solange"], "centerDistance": 0.91815795, "angle": 2.310128670134703, "color": [1, 0]}, {"songs": ["Try Me", "Privilege"], "artists": ["The Weeknd", "The Weeknd"], "centerDistance": 0.03809050000000003, "angle": 3.555501233190972, "color": [2, 0]}, {"songs": ["Pretty Little Fears (feat. J. Cole)", "Switch"], "artists": ["6LACK", "6LACK"], "centerDistance": 0.8445855, "angle": 4.683495859796977, "color": [3, 0]}, {"songs": ["Needed Me", "Pink + White", "Sorry", "Shot Clock"], "artists": ["Rihanna", "Frank Ocean", "Beyonc\u00e9", "Ella Mai"], "centerDistance": 0.8991889, "angle": 0.028893120587713206, "color": [4, 0]}]