[{"songs": ["Wrecking Ball", "Adore You", "Break Free (feat. Zedd)", "Applause", "This Is How We Do", "Birthday", "Come & Get It", "Neon Lights", "23 (feat. Miley Cyrus, Wiz Khalifa & Juicy J)", "Starships", "ARTPOP", "Work Bitch", "Gimme More", "TiK ToK", "I Will Never Let You Down", "Pound the Alarm", "Domino", "The Way (feat. Mac Miller)", "Undercover", "Without the Love"], "artists": ["Miley Cyrus", "Miley Cyrus", "Ariana Grande", "Lady Gaga", "Katy Perry", "Katy Perry", "Selena Gomez", "Demi Lovato", "Mike Will Made-It", "Nicki Minaj", "Lady Gaga", "Britney Spears", "Britney Spears", "Ke$ha", "Rita Ora", "Nicki Minaj", "Jessie J", "Ariana Grande", "Selena Gomez", "Demi Lovato"], "centerDistance": 0.62366695, "angle": 2.292919606852715, "color": [0, 0]}, {"songs": ["Bang Bang", "Get Outta My Way"], "artists": ["Jessie J", "Kylie Minogue"], "centerDistance": 0.83302, "angle": 3.3717445906206676, "color": [1, 0]}, {"songs": ["Burn", "When I Grow Up", "Don't Hold Your Breath"], "artists": ["Ellie Goulding", "The Pussycat Dolls", "Nicole Scherzinger"], "centerDistance": 0.8176640000000001, "angle": 4.78364204418553, "color": [2, 0]}, {"songs": ["Where Have You Been", "Only Girl (In the World)"], "artists": ["Rihanna", "Rihanna"], "centerDistance": 0.7012229999999999, "angle": 6.2119322433787465, "color": [3, 0]}, {"songs": ["Die Young", "Hung Up"], "artists": ["Ke$ha", "Madonna"], "centerDistance": 0.7378315, "angle": 1.2140946230847627, "color": [4, 0]}]