[{"songs": ["Fight Night", "On My Level (feat. Too $hort)", "Started from the Bottom", "About The Money (feat. Young Thug)", "Break the Bank", "Worst Behavior", "Wet Dreamz", "Up Like Trump", "No Mediocre (feat. Iggy Azalea)", "Long Live A$AP", "Dark Sky (Skyscrapers)", "Black Skinhead", "Blood on the Leaves", "Tom Ford", "Multiply (feat. Juicy J)", "Niggas in Paris", "Let It Go", "Rap God", "Guap", "I Mean It (feat. Remo)"], "artists": ["Migos", "Wiz Khalifa", "Drake", "T.I.", "ScHoolboy Q", "Drake", "J. Cole", "Rae Sremmurd", "T.I.", "A$AP Rocky", "Big Sean", "Kanye West", "Kanye West", "Jay-Z", "A$AP Rocky", "Jay-Z & Kanye West", "A$AP Ferg", "Eminem", "Big Sean", "G-Eazy"], "centerDistance": 0.44900025, "angle": 2.356194490192345, "color": [0, 0]}, {"songs": ["Apparently", "3005"], "artists": ["J. Cole", "Childish Gambino"], "centerDistance": 0.437797, "angle": 3.4973394640318887, "color": [1, 0]}, {"songs": ["Backseat Freestyle"], "artists": ["Kendrick Lamar"], "centerDistance": 0.572072, "angle": 4.6384844378714325, "color": [2, 0]}, {"songs": ["Man of the Year"], "artists": ["ScHoolboy Q"], "centerDistance": 0.0, "angle": 0.07390454251325718, "color": [3, 0]}, {"songs": ["Rack City"], "artists": ["Tyga"], "centerDistance": 0.33240000000000003, "angle": 1.215049516352801, "color": [4, 0]}]