[{"songs": ["Power", "Reverse (Ft. G-Eazy)", "Yuso (feat. Lil Wayne & Saweetie)", "No Budget (feat. Rich The Kid)", "ICONIC (ft. Jaden Smith)", "Swap Meet", "Getting Loose (feat. Problem)", "Bedtime Stories (feat. The Weeknd) - From SR3MM", "KMT", "Who's Stopping Me (& Metro Boomin)", "Perplexing Pegasus - From SR3MM", "BACK ON MY SH*T", "Ordinary Day (ft. Hailee Steinfeld)", "Em Calls Paul - Skit", "No Hands (feat. Roscoe Dash and Wale)", "M'$", "End of Discussion (Feat. Lil Wayne)", "Wala Cam", "BedRock", "Believe Me"], "artists": ["G-Eazy", "Vic Mensa", "Kid Ink", "Kid Ink", "Logic", "Tyga", "Wiz Khalifa", "Rae Sremmurd", "Drake", "Big Sean", "Rae Sremmurd", "Jaden Smith", "Logic", "Eminem", "Waka Flocka Flame", "A$AP Rocky", "Rich The Kid", "Chance the Rapper", "Young Money", "Lil' Wayne"], "centerDistance": 0.6102698, "angle": 1.0995574287564276, "color": [0, 0]}, {"songs": ["Winter Wars"], "artists": ["Wale"], "centerDistance": 0.75693, "angle": 2.356194490192345, "color": [1, 0]}, {"songs": ["Sip A Lil (feat. Gucci Mane)"], "artists": ["Tyga"], "centerDistance": 0.71099, "angle": 3.612831551628262, "color": [2, 0]}, {"songs": ["Lord Knows (feat. Tory Lanez)"], "artists": ["Meek Mill"], "centerDistance": 0.753337, "angle": 4.869468613064179, "color": [3, 0]}, {"songs": ["Endless Summer Freestyle", "Pull Up N Wreck (& Metro Boomin)", "Used To", "Buss It (feat. Chris Brown)", "Bae", "In Some Trouble (feat. Ty Dolla $ign)", "Gin and Drugs (feat. Problem)", "Comfortable", "Fuck With You (feat. Tory Lanez)", "No New Friends - SFTB Remix"], "artists": ["G-Eazy", "Big Sean", "Drake", "Sage the Gemini", "O.T. Genasis", "Vic Mensa", "Wiz Khalifa", "K Camp", "Kodak Black", "DJ Khaled"], "centerDistance": 0.6531908, "angle": 6.126105674500097, "color": [4, 0]}]