[{"songs": ["Sad", "Mine"], "artists": ["Bebe Rexha", "Bebe Rexha"], "centerDistance": 0.8927005, "angle": 2.4369926238649464, "color": [0, 0]}, {"songs": ["Mariners Apartment Complex", "Lindo Demais", "Sky Full of Song", "Mercy (feat. What So Not & Two Feet)", "If It's Over (feat. Charli XCX)", "Love", "TOOTIMETOOTIMETOOTIME", "COPYCAT", "Buzzcut Season", "Masochist", "Give Yourself A Try", "What I Need (feat. Kehlani)", "Wanna Be Missed", "Strangers (feat. Lauren Jauregui)", "Walls Could Talk", "Nico And The Niners", "Handmade Heaven", "Trigger Bang (feat. Giggs)", "Girls Like You (feat. Cardi B)", "If You See Her"], "artists": ["Lana Del Rey", "J\u00e3o", "Florence + the Machine", "M\u00d8", "M\u00d8", "Lana Del Rey", "The 1975", "Billie Eilish", "Lorde", "Christina Aguilera", "The 1975", "Hayley Kiyoko", "Hayley Kiyoko", "Halsey", "Halsey", "Twenty One Pilots", "Marina", "Lily Allen", "Maroon 5", "Lany"], "centerDistance": 0.8913477649999999, "angle": 3.6112377477118143, "color": [1, 0]}, {"songs": ["Crush Culture", "1950", "Holy", "The Hype", "Birdie", "I Fell In Love With the Devil", "Thunder"], "artists": ["Conan Gray", "King Princess", "King Princess", "Twenty One Pilots", "Avril Lavigne", "Avril Lavigne", "Imagine Dragons"], "centerDistance": 0.9225614285714284, "angle": 4.803131787512552, "color": [2, 0]}, {"songs": ["sex money feelings die", "better alone"], "artists": ["Lykke Li", "Lykke Li"], "centerDistance": 0.8810374999999999, "angle": 6.192442500051724, "color": [3, 0]}, {"songs": ["Plum", "Seventeen", "Me Beija Com Raiva", "Green Light", "Hunger", "idontwannabeyouanymore", "High Five", "Bigger Than Me", "Don\u2019t Feel Like Crying", "Alphabet Boy"], "artists": ["Troye Sivan", "Troye Sivan", "J\u00e3o", "Lorde", "Florence + the Machine", "Billie Eilish", "Sigrid", "Katy Perry", "Sigrid", "Melanie Martinez"], "centerDistance": 0.72505723, "angle": 1.2627475000180786, "color": [4, 0]}]