[{"songs": ["My My My!", "Filthy"], "artists": ["Troye Sivan", "Justin Timberlake"], "centerDistance": 0.7539385000000001, "angle": 2.3679259284405867, "color": [0, 0]}, {"songs": ["Don't Wanna Know (feat. Kendrick Lamar)", "Whiskey (feat. A$AP Rocky)", "Don't Let Me Down (feat. Daya)", "Closer (feat. Halsey)", "No Tears Left To Cry", "Cake By The Ocean", "Sorry", "Last Friday Night (T.G.I.F.)", "Swish Swish (Feat. Nicki Minaj)", "Lost In Japan", "Sucker", "I Got You", "Can't Stop The Feeling! (Original Song From Dreamworks Animation's \"Trolls\")", "Bad Liar", "Touch", "TiK ToK", "Glad You Came", "Most Girls", "Break Free (feat. Zedd)", "Adventure Of A Lifetime"], "artists": ["Maroon 5", "Maroon 5", "The Chainsmokers", "The Chainsmokers", "Ariana Grande", "DNCE", "Justin Bieber", "Katy Perry", "Katy Perry", "Shawn Mendes", "Jonas Brothers", "Bebe Rexha", "Justin Timberlake", "Selena Gomez", "Little Mix", "Ke$ha", "The Wanted", "Hailee Steinfeld", "Ariana Grande", "Coldplay"], "centerDistance": 0.6621661999999999, "angle": 3.5335051441547924, "color": [1, 0]}, {"songs": ["Connection", "Start Again (feat. Logic)"], "artists": ["OneRepublic", "OneRepublic"], "centerDistance": 0.7390275, "angle": 4.699084359868998, "color": [2, 0]}, {"songs": ["There's Nothing Holdin' Me Back"], "artists": ["Shawn Mendes"], "centerDistance": 0.560324, "angle": 0.013304620515691923, "color": [3, 0]}, {"songs": ["Look What You Made Me Do", "Toothbrush", "Younger Now", "Levels", "Confident"], "artists": ["Taylor Swift", "DNCE", "Miley Cyrus", "Nick Jonas", "Demi Lovato"], "centerDistance": 0.7781963999999999, "angle": 1.1919120979135425, "color": [4, 0]}]