[{"songs": ["I Hate This Part", "Buttons", "I'm a Slave 4 U", "Poison", "Papi", "Don't Stop the Music", "Your Body", "Break Free (feat. Zedd)", "Disturbia", "Hollaback Girl", "Pound the Alarm", "Domino", "Starships", "We R Who We R", "Partition", "Lose My Breath", "Neon Lights", "Braveheart", "Girl Gone Wild", "Move"], "artists": ["The Pussycat Dolls", "The Pussycat Dolls", "Britney Spears", "Nicole Scherzinger", "Jennifer Lopez", "Rihanna", "Christina Aguilera", "Ariana Grande", "Rihanna", "Gwen Stefani", "Nicki Minaj", "Jessie J", "Nicki Minaj", "Ke$ha", "Beyonc\u00e9", "Destiny's Child", "Demi Lovato", "Neon Jungle", "Madonna", "Little Mix"], "centerDistance": 0.6317782000000002, "angle": 3.6672663658420177, "color": [0, 0]}, {"songs": ["Poker Face", "LoveGame", "London Bridge"], "artists": ["Lady Gaga", "Lady Gaga", "Fergie"], "centerDistance": 0.7285086666666668, "angle": 4.7803729442365235, "color": [1, 0]}, {"songs": ["Toxic", "Not Myself Tonight", "Naughty Girl", "She Wolf", "TiK ToK", "SexyBack"], "artists": ["Britney Spears", "Christina Aguilera", "Beyonc\u00e9", "Shakira", "Ke$ha", "Justin Timberlake"], "centerDistance": 0.7124860000000001, "angle": 6.215201343327752, "color": [2, 0]}, {"songs": ["Don't Hold Your Breath", "Who Owns My Heart"], "artists": ["Nicole Scherzinger", "Miley Cyrus"], "centerDistance": 0.6909529999999999, "angle": 1.2052960620758748, "color": [3, 0]}, {"songs": ["Get Right", "Bootylicious", "With Love"], "artists": ["Jennifer Lopez", "Destiny's Child", "Hilary Duff"], "centerDistance": 0.7610359999999999, "angle": 2.5365257741202605, "color": [4, 0]}]