[{"songs": ["Last Hurrah", "Only Want You (feat. 6LACK)", "Sweet but Psycho", "My Way", "All The Ways", "Green Light", "Missing U", "Eyes Closed", "Plum", "My My My!"], "artists": ["Bebe Rexha", "Rita Ora", "Ava Max", "Ava Max", "Meghan Trainor", "Lorde", "Robyn", "Halsey", "Troye Sivan", "Troye Sivan"], "centerDistance": 0.6891662000000001, "angle": 4.829560714579101, "color": [0, 0]}, {"songs": ["Love Myself", "If U Think About Me\u2026", "Homework (feat. lil Aaron)", "Unlock It (feat. Kim Petras and Jay Park)", "Dancing With a Stranger", "Good Vibes", "Party for One", "1999", "Falling to Pieces", "Shedontknowbutsheknows", "I Can't Get Enough", "Swine", "Hurts Like Hell (feat. Offset)", "I Got You", "watch", "Hotter Than Hell", "Hey Hey Hey", "Sick Boy", "Someone Else", "Who Do You Love (with 5 Seconds of Summer)"], "artists": ["olivia o'brien", "Kim Petras", "Kim Petras", "Charli XCX", "Sam Smith", "Alma", "Carly Rae Jepsen", "Charli XCX", "Rita Ora", "Tove Lo", "Benny Blanco", "Lady Gaga", "Madison Beer", "Bebe Rexha", "Billie Eilish", "Dua Lipa", "Katy Perry", "The Chainsmokers", "Miley Cyrus", "The Chainsmokers"], "centerDistance": 0.7018085999999999, "angle": 6.166013572985176, "color": [1, 0]}, {"songs": ["Pretty", "Terrified"], "artists": ["Terror Jr", "Terror Jr"], "centerDistance": 0.5610145, "angle": 1.0749276019113454, "color": [2, 0]}, {"songs": ["Someone New", "Closer"], "artists": ["Astrid S", "Astrid S"], "centerDistance": 0.321705, "angle": 2.2682215578150036, "color": [3, 0]}, {"songs": ["Summer", "Don\u2019t Feel Like Crying", "Sucker Punch", "Hair Body Face", "you should see me in a crown", "Last Dance", "Ciao Adios"], "artists": ["Alma", "Sigrid", "Sigrid", "Lady Gaga", "Billie Eilish", "Dua Lipa", "Anne-Marie"], "centerDistance": 0.6005828571428571, "angle": 3.5847198637423183, "color": [4, 0]}]