[{"songs": ["Ultraviolence", "The Heart Wants What It Wants", "Sad Girl", "Talia", "Thru These Tears", "Sleepover", "Happy", "Say Something", "hate u love u", "Breathe Me", "Jar of Hearts", "Golden Days", "Lay Me Down", "Without Me", "Thank U, Next", "Sweet but Psycho", "Ruin My Life", "Better", "Expectations", "Saturday Nights"], "artists": ["Lana Del Rey", "Selena Gomez", "Lana Del Rey", "King Princess", "Lany", "Hayley Kiyoko", "Marina & the Diamonds", "A Great Big World", "olivia o'brien", "Sia", "Christina Perri", "Panic! at the Disco", "Sam Smith", "Halsey", "Ariana Grande", "Ava Max", "Zara Larsson", "Khalid", "Lauren Jauregui", "Khalid"], "centerDistance": 0.8804830149999999, "angle": 4.8075191117956395, "color": [0, 0]}, {"songs": ["Million Reasons", "Anxiety (with Selena Gomez)", "Miss You More", "Baby (feat. Marina and The Diamonds & Luis Fonsi)"], "artists": ["Lady Gaga", "Julia Michaels", "Katy Perry", "Clean Bandit"], "centerDistance": 0.8758583, "angle": 6.188055175768636, "color": [1, 0]}, {"songs": ["Six Feet Under", "Seventeen", "Consequences", "One Last Time", "Perfect", "I'll Never Love Again - Extended Version", "Sadderdaze", "Happy Birthday, Johnny", "Sad Beautiful Tragic", "The Moment I Knew", "Family Man", "Secret Love Song, Pt. II", "idontwannabeyouanymore", "Liability", "Sorry"], "artists": ["Billie Eilish", "Troye Sivan", "Camila Cabello", "Ariana Grande", "Selena Gomez", "Lady Gaga", "The Neighbourhood", "St. Vincent", "Taylor Swift", "Taylor Swift", "Lily Allen", "Little Mix", "Billie Eilish", "Lorde", "Halsey"], "centerDistance": 0.7844989600000001, "angle": 1.1013142871683224, "color": [2, 0]}, {"songs": ["Older", "The Only"], "artists": ["Sasha Sloan", "Sasha Sloan"], "centerDistance": 0.834762, "angle": 2.4390130849386473, "color": [3, 0]}, {"songs": ["Stone Cold", "Sober"], "artists": ["Demi Lovato", "Demi Lovato"], "centerDistance": 0.691757, "angle": 3.623266098367143, "color": [4, 0]}]