[{"songs": ["Better When You're Gone", "This Feeling", "Tie Me Down (with Elley Duh\u00e9)", "Different World (feat. CORSAK)", "Pray (feat. Conor Maynard)", "Play", "High On Life (feat. Bonn)", "All Falls Down (feat. Juliander)", "Clarity", "Polaroid", "Burn Out (feat. Dewain Whitmore)", "Without You (feat. Sandro Cavazza)", "Rise", "Wolves", "This Is How We Party (with Icona Pop)", "Just For A Moment (feat. Iselin)", "REMEDY", "San Francisco (with Sofia Carson)", "She Wolf (Falling to Pieces) (feat. Sia)", "Distance"], "artists": ["David Guetta", "The Chainsmokers", "Gryffin", "Alan Walker", "Alok", "Jax Jones", "Martin Garrix", "Alan Walker", "Zedd", "Jonas Blue", "Martin Garrix", "Avicii", "Jonas Blue", "Selena Gomez", "R3hab", "Gryffin", "Alesso", "Galantis", "David Guetta", "Nicky Romero"], "centerDistance": 0.6756591, "angle": 3.6031893352145654, "color": [0, 0]}, {"songs": ["All Night", "FRIENDS"], "artists": ["Steve Aoki", "Marshmello"], "centerDistance": 0.754947, "angle": 4.86625454092628, "color": [1, 0]}, {"songs": ["you should see me in a crown", "Toothbrush"], "artists": ["Billie Eilish", "DNCE"], "centerDistance": 0.8199380000000001, "angle": 6.129319746637996, "color": [2, 0]}, {"songs": ["One Kiss (with Dua Lipa)"], "artists": ["Calvin Harris"], "centerDistance": 0.657265, "angle": 1.1091996451701238, "color": [3, 0]}, {"songs": ["Bones (feat. OneRepublic)", "Hope"], "artists": ["Galantis", "The Chainsmokers"], "centerDistance": 0.03070600000000001, "angle": 2.294048274952935, "color": [4, 0]}]