[{"songs": ["Green Lights", "Intro 2", "Midnight", "Yuck", "Everybody Dies in Their Nightmares", "GOKU", "Foreplay", "Lucid Dreams", "Two Tone Rebel", "I'm Upset", "Rainy Days (feat. Eminem)", "Carry On", "Way Up", "6 God", "Flamingo", "Otherside", "Congratulations", "No Role Modelz", "Swervin (feat. 6ix9ine)", "Been On"], "artists": ["NF", "NF", "Logic", "Logic", "xxxtentacion", "Jaden Smith", "Jalen Santoy", "Juice WRLD", "E-dubble", "Drake", "Boogie", "xxxtentacion", "Jaden Smith", "Drake", "Token", "Post Malone", "Post Malone", "J. Cole", "A Boogie Wit da Hoodie", "G-Eazy"], "centerDistance": 0.8086594, "angle": 2.6439003150133047, "color": [0, 0]}, {"songs": ["MIDDLE CHILD"], "artists": ["J. Cole"], "centerDistance": 0.877312, "angle": 3.9082116622652627, "color": [1, 0]}, {"songs": ["Black Beatles", "679 (Feat. Remy Boyz)"], "artists": ["Rae Sremmurd", "Fetty Wap"], "centerDistance": 0.8881468, "angle": 4.8162739343987315, "color": [2, 0]}, {"songs": ["The Ringer", "Kamikaze"], "artists": ["Eminem", "Eminem"], "centerDistance": 0.7704765, "angle": 6.179300353165544, "color": [3, 0]}, {"songs": ["Lean Wit Me", "Dat $tick", "At My Best (feat. Hailee Steinfeld)"], "artists": ["Juice WRLD", "Rich Brian", "Machine Gun Kelly"], "centerDistance": 0.8974424333333334, "angle": 1.1327095676670513, "color": [4, 0]}]