[{"songs": ["Dance to This (feat. Ariana Grande)", "My My My!"], "artists": ["Troye Sivan", "Troye Sivan"], "centerDistance": 0.5994189999999999, "angle": 4.793292754471314, "color": [0, 0]}, {"songs": ["Better", "Head Above Water", "Think About Us", "Want To", "Last Hurrah", "you should see me in a crown", "Green Light"], "artists": ["Khalid", "Avril Lavigne", "Little Mix", "Dua Lipa", "Bebe Rexha", "Billie Eilish", "Lorde"], "centerDistance": 0.5240887142857142, "angle": 6.202281533092961, "color": [1, 0]}, {"songs": ["Thank U, Next", "breathin", "Bad At Love", "Always Remember Us This Way", "Dancing With a Stranger (with Normani)", "Colors", "Saturday Nights", "Girls Like You (feat. Cardi B)", "Call It What You Want", "IDGAF", "Hurts Like Hell (feat. Offset)", "Dona de Mim", "Is That Alright?", "Monster In Me", "Falling to Pieces", "i'm so tired...", "Bellyache", "With You", "Bad Blood", "Kiss It Better"], "artists": ["Ariana Grande", "Ariana Grande", "Halsey", "Lady Gaga", "Sam Smith", "Halsey", "Khalid", "Maroon 5", "Taylor Swift", "Dua Lipa", "Madison Beer", "IZA", "Lady Gaga", "Little Mix", "Rita Ora", "Lauv", "Billie Eilish", "Mariah Carey", "Taylor Swift", "Rihanna"], "centerDistance": 0.52032465, "angle": 1.2242673610721466, "color": [2, 0]}, {"songs": ["Tell Me It's Over", "Needed Me", "A No No", "Growing Pains"], "artists": ["Avril Lavigne", "Rihanna", "Mariah Carey", "Alessia Cara"], "centerDistance": 0.6450375, "angle": 2.405735955131906, "color": [3, 0]}, {"songs": ["1999", "Party for One", "Voices in My Head"], "artists": ["Charli XCX", "Carly Rae Jepsen", "Ashley Tisdale"], "centerDistance": 0.59451, "angle": 3.6073581184195866, "color": [4, 0]}]