[{"songs": ["Lookin", "New Choppa", "Telephone Calls", "20 Min", "Pick Up The Phone", "Money Longer", "Life Goes On", "Get Dripped (feat. Playboi Carti)", "Yes Indeed", "Ned Flanders (feat. A$AP Ferg)", "66", "4 AM", "Yamborghini High", "Praise The Lord (Da Shine)", "Dubai Shit", "Ric Flair Drip (& Metro Boomin)", "Wasted (feat. Lil Uzi Vert)", "out for the night - part 2", "Wyclef Jean", "Noticed"], "artists": ["Playboi Carti", "Playboi Carti", "A$AP Mob", "LIL UZI VERT", "Young Thug", "LIL UZI VERT", "Lil Baby", "Lil Yachty", "Lil Baby", "MADEINTYO", "Lil Yachty", "2 Chainz", "A$AP Mob", "A$AP Rocky", "Huncho Jack", "Offset", "Juice WRLD", "21 Savage", "Young Thug", "lil Mosey"], "centerDistance": 0.6445259000000001, "angle": 1.1331190785142269, "color": [0, 0]}, {"songs": ["Pick It Up (Feat. A$AP Rocky)", "Japan"], "artists": ["Famous Dex", "Famous Dex"], "centerDistance": 0.733579, "angle": 2.293215744211232, "color": [1, 0]}, {"songs": ["Nowadays (feat. Landon Cube)", "Red Roses (feat. Landon Cube)"], "artists": ["lil skies", "lil skies"], "centerDistance": 0.7921745, "angle": 3.465646794912482, "color": [2, 0]}, {"songs": ["10 Freaky Girls (with 21 Savage)", "Overdue (with Travis Scott)"], "artists": ["Metro Boomin", "Metro Boomin"], "centerDistance": 0.7004185, "angle": 4.744753243408361, "color": [3, 0]}, {"songs": ["Fine China", "a lot", "Praise The Lord (Da Shine) (feat. Skepta)", "Nuketown (feat. Juice WRLD)", "Walk", "BLACK BALLOONS | 13LACK 13ALLOONZ [FEAT. TWELVE'LEN & GOLDLINK | TWELVE'LEN + GOLDL1NK]"], "artists": ["Future", "21 Savage", "A$AP Rocky", "SKI MASK THE SLUMP GOD", "Comethazine", "Denzel Curry"], "centerDistance": 0.7578600000000001, "angle": 6.250821044155915, "color": [4, 0]}]