[{"songs": ["It Ain't Me", "Bad Liar", "Come & Get It", "Havana (feat. Young Thug)", "No Tears Left To Cry", "A Year Without Rain", "Break Free (feat. Zedd)", "Love You Like a Love Song", "She Loves Control", "Swish Swish (Feat. Nicki Minaj)", "New Rules", "Closer (feat. Halsey)", "Stay", "I Got You", "Bad At Love", "No Promises (feat. Demi Lovato)", "Hey Hey Hey", "Ferrari", "Symphony (feat. Zara Larsson)", "Just Dance (feat. Colby O'Donis)"], "artists": ["Kygo & Selena Gomez", "Selena Gomez", "Selena Gomez", "Camila Cabello", "Ariana Grande", "Selena Gomez & the Scene", "Ariana Grande", "Selena Gomez & the Scene", "Camila Cabello", "Katy Perry", "Dua Lipa", "The Chainsmokers", "Zedd & Alessia Cara", "Bebe Rexha", "Halsey", "Cheat Codes", "Katy Perry", "Bebe Rexha", "Clean Bandit", "Lady Gaga"], "centerDistance": 0.53552595, "angle": 1.0681391149920598, "color": [0, 0]}, {"songs": ["Green Light", "Confident", "Younger Now"], "artists": ["Lorde", "Demi Lovato", "Miley Cyrus"], "centerDistance": 0.7236656666666668, "angle": 2.2152343156073853, "color": [1, 0]}, {"songs": ["Friends", "IDGAF", "Woman Like Me (feat. Nicki Minaj)", "Girls Like You (feat. Cardi B)", "Sweet but Psycho", "365", "Girls (feat. Cardi B, Bebe Rexha & Charli XCX)", "There's Nothing Holdin' Me Back", "What Lovers Do (feat. SZA)", "Hurts Like Hell (feat. Offset)", "The Cure", "N\u00e3o Perco Meu Tempo"], "artists": ["Marshmello & Anne-Marie", "Dua Lipa", "Little Mix", "Maroon 5", "Ava Max", "Zedd & Katy Perry", "Rita Ora", "Shawn Mendes", "Maroon 5", "Madison Beer", "Lady Gaga", "Anitta"], "centerDistance": 0.6467159166666666, "angle": 3.530178621760892, "color": [2, 0]}, {"songs": ["Party for One", "Voices in My Head"], "artists": ["Carly Rae Jepsen", "Ashley Tisdale"], "centerDistance": 0.743791, "angle": 4.771238354428285, "color": [3, 0]}, {"songs": ["I Can't Get Enough", "Anxiety (feat. Selena Gomez)"], "artists": ["benny blanco, Tainy, Selena Gomez & J Balvin", "Julia Michaels"], "centerDistance": 0.5452490000000001, "angle": 6.22433593313599, "color": [4, 0]}]