[{"songs": ["Back To You - From 13 Reasons Why \u2013 Season 2 Soundtrack", "There's Nothing Holdin' Me Back", "Confident", "Ciao Adios"], "artists": ["Selena Gomez", "Shawn Mendes", "Demi Lovato", "Anne-Marie"], "centerDistance": 0.5241292500000001, "angle": 1.3532439874177884, "color": [0, 0]}, {"songs": ["Look What You Made Me Do", "Swish Swish", "Green Light", "Younger Now"], "artists": ["Taylor Swift", "Katy Perry", "Lorde", "Miley Cyrus"], "centerDistance": 0.67481525, "angle": 2.6218244760912146, "color": [1, 0]}, {"songs": ["Bad Liar", "Havana", "No Tears Left To Cry", "New Rules", "Love You Like a Love Song", "Break Free", "I Did Something Bad", "cRYINg In THE clUB", "1999", "chAiNEd tO the RhyTHM", "Only You", "Only You (with Little Mix)", "Starving", "A Year Without Rain", "Work B**ch", "Capital Letters", "Shout Out To My Ex", "Don't Let Me Down", "Right Now", "I Got You"], "artists": ["Selena Gomez", "Camila Cabello", "Ariana Grande", "Dua Lipa", "Selena Gomez & the Scene", "Ariana Grande", "Taylor Swift", "Camila Cabello", "Charli XCX", "Katy Perry", "Cheat Codes", "Cheat Codes", "Hailee Steinfeld", "Selena Gomez & the Scene", "Britney Spears", "Hailee Steinfeld", "Little Mix", "The Chainsmokers", "Nick Jonas", "Bebe Rexha"], "centerDistance": 0.5959352499999999, "angle": 3.7018960687958495, "color": [2, 0]}, {"songs": ["Sapequinha", "N\u00e3o Perco Meu Tempo"], "artists": ["Lexa", "Anitta"], "centerDistance": 0.7149865, "angle": 4.796277600098662, "color": [3, 0]}, {"songs": ["IDGAF", "Woman Like Me (feat. Nicki Minaj)", "Girls (feat. Cardi B, Bebe Rexha & Charli XCX)"], "artists": ["Dua Lipa", "Little Mix", "Rita Ora"], "centerDistance": 0.6314540000000001, "angle": 6.199296687465615, "color": [4, 0]}]