[{"songs": ["Swervin (feat. 6ix9ine)", "KIKA (feat. Tory Lanez)", "Moonlight", "Sundress", "No Role Modelz", "10 Freaky Girls (with 21 Savage)", "Girls Have Fun (feat. G-Eazy & Rich The Kid)", "I Love It (& Lil Pump)", "Everybody Dies in Their Nightmares", "Familia (with Anuel Aa, feat. Bantu) - Spider-Man: Into the Spider-Verse", "Apeshit", "I Love", "IV. Sweatpants", "Chun-Li", "Narcos", "Backseat Freestyle", "Champion (feat. Travis Scott)", "BLEACH", "Spendin' (feat. Gucci Mane)", "OKRA"], "artists": ["A Boogie Wit da Hoodie", "6ix9ine", "xxxtentacion", "A$AP Rocky", "J. Cole", "Metro Boomin", "Tyga", "Kanye West", "xxxtentacion", "Nicki Minaj", "The Carters", "JOYNER LUCAS", "Childish Gambino", "Nicki Minaj", "Migos", "Kendrick Lamar", "NAV", "BROCKHAMPTON", "iLoveMakonnen", "Tyler, the Creator"], "centerDistance": 0.6647264500000001, "angle": 1.1237969535788723, "color": [0, 0]}, {"songs": ["Crushed Up", "Jumpin on a Jet"], "artists": ["Future", "Future"], "centerDistance": 0.3609335, "angle": 2.2438916831337687, "color": [1, 0]}, {"songs": ["6 Summers", "Saviers Road"], "artists": ["Anderson .Paak", "Anderson .Paak"], "centerDistance": 0.85106, "angle": 3.4168423250472975, "color": [2, 0]}, {"songs": ["Better Now", "Sunflower - Spider-Man: Into the Spider-Verse", "all my friends", "Nonstop", "God's Plan", "HUMBLE.", "Lean Wit Me", "Switch", "Yikes", "Be Careful", "Plastic", "i", "I Do (feat. SZA)", "Cudi Montage", "Been A While", "Scared Of Love", "New Orleans", "Spice Girl"], "artists": ["Post Malone", "Post Malone", "21 Savage", "Drake", "Drake", "Kendrick Lamar", "Juice WRLD", "6LACK", "Kanye West", "Cardi B", "Jaden Smith", "lil skies", "Cardi B", "Kids See Ghosts", "6LACK", "Juice WRLD", "BROCKHAMPTON", "Amin\u00e9"], "centerDistance": 0.6162072777777777, "angle": 4.795784323571068, "color": [3, 0]}, {"songs": ["Way Up", "Invincible"], "artists": ["Jaden Smith", "Amin\u00e9"], "centerDistance": 0.6661469999999999, "angle": 6.199789963993209, "color": [4, 0]}]