[{"songs": ["Drip Too Hard", "Look Alive (feat. Drake)", "Life Goes On", "Nonstop", "Praise The Lord (Da Shine)", "No Stylist", "Plug Walk", "Fr Fr (feat. Lil Skies)", "Hopeless Romantic (feat. Swae Lee)", "Ric Flair Drip (& Metro Boomin)", "Mo Bamba", "Lost It (feat. Quavo & Offset)", "Chanel (Go Get It) [feat. Gunna & Lil Baby]", "Outside Today", "Sold Out Dates (feat. Lil Baby)", "Taste (feat. Offset)", "Noticed", "ZEZE (feat. Travis Scott  Offset)", "Who Want The Smoke?", "God's Plan"], "artists": ["Lil Baby", "BlocBoy JB", "Lil Baby", "Drake", "A$AP Rocky", "French Montana", "Rich The Kid", "Wiz Khalifa", "Wiz Khalifa", "Offset", "Sheck Wes", "Rich The Kid", "Young Thug", "YoungBoy Never Broke Again", "Gunna", "Tyga", "lil Mosey", "Kodak Black", "Lil Yachty", "Drake"], "centerDistance": 0.4226897, "angle": 2.487065664774288, "color": [0, 0]}, {"songs": ["Walk It Talk It", "Narcos"], "artists": ["Migos", "Migos"], "centerDistance": 0.4517255, "angle": 3.6693141267047835, "color": [1, 0]}, {"songs": ["Pick It Up (Feat. A$AP Rocky)", "Japan"], "artists": ["Famous Dex", "Famous Dex"], "centerDistance": 0.5803695, "angle": 4.798968655443652, "color": [2, 0]}, {"songs": ["Space Cadet (feat. Gunna)", "10 Freaky Girls (with 21 Savage)", "wokeuplikethis*"], "artists": ["Metro Boomin", "Metro Boomin", "Playboi Carti"], "centerDistance": 0.5504713333333333, "angle": 6.196605632120624, "color": [3, 0]}, {"songs": ["Fine China", "1400 / 999 Freestyle", "KIKA (feat. Tory Lanez)"], "artists": ["Future", "Trippie Redd", "6ix9ine"], "centerDistance": 0.5291603333333333, "angle": 1.292338145412824, "color": [4, 0]}]