[{"songs": ["Nonstop", "KOD", "God's Plan", "HUMBLE.", "Life"], "artists": ["Drake", "J. Cole", "Drake", "Kendrick Lamar", "Saba"], "centerDistance": 0.7780018, "angle": 4.7466609855683535, "color": [0, 0]}, {"songs": ["I Thought About Killing You", "All Mine", "The Games We Play", "What Would Meek Do? (feat. Kanye West)", "Distorted Records", "Tony Tone", "DNA.", "I Love It", "SUMO | ZUMO", "CLOUT COBAIN l CLOUT CO13A1N", "SAD!", "OKRA", "1999 WILDFIRE", "Moonlight", "Lean Wit Me", "4:44", "Shattered Dreams", "Otis (feat. Otis Redding)", "What's the Use?", "Solo Dolo (Nightmare)"], "artists": ["Kanye West", "Kanye West", "Pusha T", "Pusha T", "A$AP Rocky", "A$AP Rocky", "Kendrick Lamar", "Kanye West & Lil Pump", "Denzel Curry", "Denzel Curry", "xxxtentacion", "Tyler, the Creator", "BROCKHAMPTON", "xxxtentacion", "Juice WRLD", "Jay-Z", "Earl Sweatshirt", "Jay-Z & Kanye West", "Mac Miller", "Kid Cudi"], "centerDistance": 0.7041816500000001, "angle": 6.248913301995922, "color": [1, 0]}, {"songs": ["The Ringer", "Kamikaze"], "artists": ["Eminem", "Eminem"], "centerDistance": 0.8490085, "angle": 1.0551760550745222, "color": [2, 0]}, {"songs": ["Crushed Up", "Jumpin on a Jet"], "artists": ["Future", "Future"], "centerDistance": 0.869278, "angle": 2.1879632435493868, "color": [3, 0]}, {"songs": ["Reborn", "Cudi Montage"], "artists": ["Kids See Ghosts", "Kids See Ghosts"], "centerDistance": 0.42952799999999997, "angle": 3.679311787405826, "color": [4, 0]}]