[{"songs": ["#1Nite (One Night)", "Hot Mess", "We R Who We R", "What Lovers Do (feat. SZA)", "Dinosaur", "The Sweet Escape (Album Version)", "Sticky Dough (feat. Bam Bam)", "Rich Girl (album version)", "Can't Control the Kids", "Hair & Soul", "The Lucky Ones", "The Party Song", "Celebrate", "Can't Help", "Cold (feat. Future)", "Wake Up", "Let It Rock (feat. Lil Wayne)", "Run Dry (X Heart X Fingers)", "Qual \u00c9 o Andar?", "What Do You Want From Me"], "artists": ["Cobra Starship", "Cobra Starship", "Ke$ha", "Maroon 5", "Ke$ha", "Gwen Stefani", "Wanessa", "Gwen Stefani", "Kerli", "Wanessa", "Kerli", "Forever the Sickest Kids", "Mika", "Parachute", "Maroon 5", "Awolnation", "Kevin Rudolf", "Patrick Stump", "Mika", "Forever the Sickest Kids"], "centerDistance": 0.6186770500000001, "angle": 1.0995574287564276, "color": [0, 0]}, {"songs": ["Let It Rock"], "artists": ["Kevin Rudolf"], "centerDistance": 0.603162, "angle": 2.356194490192345, "color": [1, 0]}, {"songs": ["Candle (Sick And Tired)"], "artists": ["The White Tie Affair"], "centerDistance": 0.787902, "angle": 3.612831551628262, "color": [2, 0]}, {"songs": ["Shake It", "Wish We Were Older"], "artists": ["Metro Station", "Metro Station"], "centerDistance": 0.736551, "angle": 4.869468613064179, "color": [3, 0]}, {"songs": ["Give Yourself A Try"], "artists": ["The 1975"], "centerDistance": 0.799279, "angle": 6.126105674500097, "color": [4, 0]}]