[{"songs": ["My My My!", "What I Need (feat. Kehlani)", "Talia", "Don\u2019t Feel Like Crying"], "artists": ["Troye Sivan", "Hayley Kiyoko", "King Princess", "Sigrid"], "centerDistance": 0.787717, "angle": 1.425527490275722, "color": [0, 0]}, {"songs": ["COPYCAT", "Bellyache", "Thank U, Next", "No Tears Left To Cry", "Homemade Dynamite", "Bad At Love", "Bloom", "Not So Bad In LA", "Mariners Apartment Complex", "New Rules", "I Did Something Bad", "Dollhouse", "Cry Baby", "Back To You", "Sanctify", "Born to Die", "Handmade Heaven", "Say Amen (Saturday Night)", "Curious", "Bandito"], "artists": ["Billie Eilish", "Billie Eilish", "Ariana Grande", "Ariana Grande", "Lorde", "Halsey", "Troye Sivan", "Allie X", "Lana Del Rey", "Dua Lipa", "Taylor Swift", "Melanie Martinez", "Melanie Martinez", "Selena Gomez", "Years & Years", "Lana Del Rey", "Marina", "Panic! at the Disco", "Hayley Kiyoko", "Twenty One Pilots"], "centerDistance": 0.69451245, "angle": 2.571827641484066, "color": [1, 0]}, {"songs": ["Without Me", "Look What You Made Me Do", "Green Light", "IDGAF", "Vou Morrer Sozinho", "1999", "Party for One", "Sucker Punch", "Better", "Close Your Eyes"], "artists": ["Halsey", "Taylor Swift", "Lorde", "Dua Lipa", "J\u00e3o", "Charli XCX", "Carly Rae Jepsen", "Sigrid", "Khalid", "Kim Petras"], "centerDistance": 0.7807434000000001, "angle": 3.716676067645616, "color": [2, 0]}, {"songs": ["Way Down", "Nostalgia"], "artists": ["M\u00d8", "M\u00d8"], "centerDistance": 0.8062404999999999, "angle": 4.861524493807166, "color": [3, 0]}, {"songs": ["Sweet but Psycho", "Give Yourself A Try", "Hurts Like Hell (feat. Offset)", "Last Hurrah"], "artists": ["Ava Max", "The 1975", "Madison Beer", "Bebe Rexha"], "centerDistance": 0.7950347500000001, "angle": 6.134049793757109, "color": [4, 0]}]