[{"songs": ["The Heart Wants What It Wants"], "artists": ["Selena Gomez"], "centerDistance": 0.62464, "angle": 3.6465238487730156, "color": [0, 0]}, {"songs": ["Masterpiece"], "artists": ["Jessie J"], "centerDistance": 0.666925, "angle": 4.837031302703503, "color": [1, 0]}, {"songs": ["God of War", "Baby Don't Lie", "Break Free (feat. Zedd)", "Boomerang", "First Love", "Problem (feat. Iggy Azalea)", "I Will Never Let You Down", "Glow", "This Is How We Do", "Ugly Heart", "I Luh Ya Papi (feat. French Montana)", "Bang Bang", "Iggy SZN", "Break the Rules", "Into the Blue", "Sledgehammer", "Crazy Stupid Love (feat. Tinie Tempah)", "Jealous", "Braveheart", "On My Way"], "artists": ["Nicole Scherzinger", "Gwen Stefani", "Ariana Grande", "Nicole Scherzinger", "Jennifer Lopez", "Ariana Grande", "Rita Ora", "Ella Henderson", "Katy Perry", "G.R.L.", "Jennifer Lopez", "Jessie J, Ariana Grande & Nicki Minaj", "Iggy Azalea", "Charli XCX", "Kylie Minogue", "Fifth Harmony", "Cheryl", "Nick Jonas", "Neon Jungle", "Lea Michele"], "centerDistance": 0.6119562499999999, "angle": 6.158542984860773, "color": [2, 0]}, {"songs": ["XO"], "artists": ["Beyonc\u00e9"], "centerDistance": 0.7401409999999999, "angle": 1.1968693598384572, "color": [3, 0]}, {"songs": ["When I Grow Up"], "artists": ["The Pussycat Dolls"], "centerDistance": 0.769921, "angle": 2.5183810419957275, "color": [4, 0]}]