[{"songs": ["New Patek", "Wake Up in the Sky", "Bank Account", "Hopeless Romantic (feat. Swae Lee)", "You Was Right", "Lick", "Wild Wild West (feat. Gunna)", "Relay", "CLOUT COBAIN | CLOUT CO13A1N", "Tweakin'", "Passionfruit", "SWITCH IT UP | ZWITCH 1T UP", "Drugs You Should Try", "Raf", "Free Lunch", "Disrespectful", "D Rose", "Headstone", "Amazing (feat. Jacquees)", "KLINK"], "artists": ["LIL UZI VERT", "Gucci Mane", "21 Savage", "Wiz Khalifa", "LIL UZI VERT", "Offset", "Offset", "Vince Staples", "Denzel Curry", "Vince Staples", "Drake", "Denzel Curry", "Travi$ Scott", "A$AP Mob", "Isaiah Rashad", "21 Savage", "LIL PUMP", "Flatbush ZOMBiES", "Young Thug", "Smino"], "centerDistance": 0.6245359500000001, "angle": 3.222219070642986, "color": [0, 0]}, {"songs": ["Going Bad (feat. Drake)"], "artists": ["Meek Mill"], "centerDistance": 0.9314773, "angle": 4.5795479928096565, "color": [1, 0]}, {"songs": ["Space Cadet (feat. Gunna)", "10 Freaky Girls (with 21 Savage)"], "artists": ["Metro Boomin", "Metro Boomin"], "centerDistance": 0.94242745, "angle": 0.13284098757503315, "color": [2, 0]}, {"songs": ["MoshPit (feat. Juice WRLD)", "Gnarly (feat. Lil Pump)", "Topanga", "Sin (feat. Jaden Smith)", "Nonstop"], "artists": ["Kodak Black", "Kodak Black", "Trippie Redd", "Young Thug", "Drake"], "centerDistance": 0.9483079, "angle": 1.2443152932749477, "color": [3, 0]}, {"songs": ["Leave Me Alone"], "artists": ["Flipp Dinero"], "centerDistance": 0.9454361, "angle": 1.8648901484763165, "color": [3, 1]}]